Method,Top_K,Run_A,Run_B,Intersection,Kuncheva_Index
ANOVA,5,1,1,5,1.0
ANOVA,5,1,1,5,1.0
ANOVA,5,1,2,5,1.0
ANOVA,5,1,2,5,1.0
ANOVA,5,1,2,5,1.0
ANOVA,5,1,3,5,1.0
ANOVA,5,1,3,5,1.0
ANOVA,5,1,3,5,1.0
ANOVA,5,1,4,5,1.0
ANOVA,5,1,4,5,1.0
ANOVA,5,1,4,5,1.0
ANOVA,5,1,5,4,0.76
ANOVA,5,1,5,4,0.76
ANOVA,5,1,5,4,0.76
ANOVA,5,1,6,5,1.0
ANOVA,5,1,6,5,1.0
ANOVA,5,1,6,5,1.0
ANOVA,5,1,7,5,1.0
ANOVA,5,1,7,5,1.0
ANOVA,5,1,7,5,1.0
ANOVA,5,1,8,5,1.0
ANOVA,5,1,8,5,1.0
ANOVA,5,1,8,5,1.0
ANOVA,5,1,9,5,1.0
ANOVA,5,1,9,5,1.0
ANOVA,5,1,9,5,1.0
ANOVA,5,1,10,5,1.0
ANOVA,5,1,10,5,1.0
ANOVA,5,1,10,5,1.0
ANOVA,5,1,11,5,1.0
ANOVA,5,1,11,5,1.0
ANOVA,5,1,11,5,1.0
ANOVA,5,1,12,5,1.0
ANOVA,5,1,12,5,1.0
ANOVA,5,1,12,5,1.0
ANOVA,5,1,13,5,1.0
ANOVA,5,1,13,5,1.0
ANOVA,5,1,13,5,1.0
ANOVA,5,1,14,5,1.0
ANOVA,5,1,14,5,1.0
ANOVA,5,1,14,5,1.0
ANOVA,5,1,15,5,1.0
ANOVA,5,1,15,5,1.0
ANOVA,5,1,15,5,1.0
ANOVA,5,1,16,5,1.0
ANOVA,5,1,16,5,1.0
ANOVA,5,1,16,5,1.0
ANOVA,5,1,17,5,1.0
ANOVA,5,1,17,5,1.0
ANOVA,5,1,17,5,1.0
ANOVA,5,1,18,5,1.0
ANOVA,5,1,18,5,1.0
ANOVA,5,1,18,5,1.0
ANOVA,5,1,19,5,1.0
ANOVA,5,1,19,5,1.0
ANOVA,5,1,19,5,1.0
ANOVA,5,1,20,5,1.0
ANOVA,5,1,20,5,1.0
ANOVA,5,1,20,5,1.0
ANOVA,5,1,21,5,1.0
ANOVA,5,1,21,5,1.0
ANOVA,5,1,21,5,1.0
ANOVA,5,1,22,5,1.0
ANOVA,5,1,22,5,1.0
ANOVA,5,1,22,5,1.0
ANOVA,5,1,23,4,0.76
ANOVA,5,1,23,4,0.76
ANOVA,5,1,23,4,0.76
ANOVA,5,1,24,5,1.0
ANOVA,5,1,24,5,1.0
ANOVA,5,1,24,5,1.0
ANOVA,5,1,25,5,1.0
ANOVA,5,1,25,5,1.0
ANOVA,5,1,25,5,1.0
ANOVA,5,1,1,5,1.0
ANOVA,5,1,2,5,1.0
ANOVA,5,1,2,5,1.0
ANOVA,5,1,2,5,1.0
ANOVA,5,1,3,5,1.0
ANOVA,5,1,3,5,1.0
ANOVA,5,1,3,5,1.0
ANOVA,5,1,4,5,1.0
ANOVA,5,1,4,5,1.0
ANOVA,5,1,4,5,1.0
ANOVA,5,1,5,4,0.76
ANOVA,5,1,5,4,0.76
ANOVA,5,1,5,4,0.76
ANOVA,5,1,6,5,1.0
ANOVA,5,1,6,5,1.0
ANOVA,5,1,6,5,1.0
ANOVA,5,1,7,5,1.0
ANOVA,5,1,7,5,1.0
ANOVA,5,1,7,5,1.0
ANOVA,5,1,8,5,1.0
ANOVA,5,1,8,5,1.0
ANOVA,5,1,8,5,1.0
ANOVA,5,1,9,5,1.0
ANOVA,5,1,9,5,1.0
ANOVA,5,1,9,5,1.0
ANOVA,5,1,10,5,1.0
ANOVA,5,1,10,5,1.0
ANOVA,5,1,10,5,1.0
ANOVA,5,1,11,5,1.0
ANOVA,5,1,11,5,1.0
ANOVA,5,1,11,5,1.0
ANOVA,5,1,12,5,1.0
ANOVA,5,1,12,5,1.0
ANOVA,5,1,12,5,1.0
ANOVA,5,1,13,5,1.0
ANOVA,5,1,13,5,1.0
ANOVA,5,1,13,5,1.0
ANOVA,5,1,14,5,1.0
ANOVA,5,1,14,5,1.0
ANOVA,5,1,14,5,1.0
ANOVA,5,1,15,5,1.0
ANOVA,5,1,15,5,1.0
ANOVA,5,1,15,5,1.0
ANOVA,5,1,16,5,1.0
ANOVA,5,1,16,5,1.0
ANOVA,5,1,16,5,1.0
ANOVA,5,1,17,5,1.0
ANOVA,5,1,17,5,1.0
ANOVA,5,1,17,5,1.0
ANOVA,5,1,18,5,1.0
ANOVA,5,1,18,5,1.0
ANOVA,5,1,18,5,1.0
ANOVA,5,1,19,5,1.0
ANOVA,5,1,19,5,1.0
ANOVA,5,1,19,5,1.0
ANOVA,5,1,20,5,1.0
ANOVA,5,1,20,5,1.0
ANOVA,5,1,20,5,1.0
ANOVA,5,1,21,5,1.0
ANOVA,5,1,21,5,1.0
ANOVA,5,1,21,5,1.0
ANOVA,5,1,22,5,1.0
ANOVA,5,1,22,5,1.0
ANOVA,5,1,22,5,1.0
ANOVA,5,1,23,4,0.76
ANOVA,5,1,23,4,0.76
ANOVA,5,1,23,4,0.76
ANOVA,5,1,24,5,1.0
ANOVA,5,1,24,5,1.0
ANOVA,5,1,24,5,1.0
ANOVA,5,1,25,5,1.0
ANOVA,5,1,25,5,1.0
ANOVA,5,1,25,5,1.0
ANOVA,5,1,2,5,1.0
ANOVA,5,1,2,5,1.0
ANOVA,5,1,2,5,1.0
ANOVA,5,1,3,5,1.0
ANOVA,5,1,3,5,1.0
ANOVA,5,1,3,5,1.0
ANOVA,5,1,4,5,1.0
ANOVA,5,1,4,5,1.0
ANOVA,5,1,4,5,1.0
ANOVA,5,1,5,4,0.76
ANOVA,5,1,5,4,0.76
ANOVA,5,1,5,4,0.76
ANOVA,5,1,6,5,1.0
ANOVA,5,1,6,5,1.0
ANOVA,5,1,6,5,1.0
ANOVA,5,1,7,5,1.0
ANOVA,5,1,7,5,1.0
ANOVA,5,1,7,5,1.0
ANOVA,5,1,8,5,1.0
ANOVA,5,1,8,5,1.0
ANOVA,5,1,8,5,1.0
ANOVA,5,1,9,5,1.0
ANOVA,5,1,9,5,1.0
ANOVA,5,1,9,5,1.0
ANOVA,5,1,10,5,1.0
ANOVA,5,1,10,5,1.0
ANOVA,5,1,10,5,1.0
ANOVA,5,1,11,5,1.0
ANOVA,5,1,11,5,1.0
ANOVA,5,1,11,5,1.0
ANOVA,5,1,12,5,1.0
ANOVA,5,1,12,5,1.0
ANOVA,5,1,12,5,1.0
ANOVA,5,1,13,5,1.0
ANOVA,5,1,13,5,1.0
ANOVA,5,1,13,5,1.0
ANOVA,5,1,14,5,1.0
ANOVA,5,1,14,5,1.0
ANOVA,5,1,14,5,1.0
ANOVA,5,1,15,5,1.0
ANOVA,5,1,15,5,1.0
ANOVA,5,1,15,5,1.0
ANOVA,5,1,16,5,1.0
ANOVA,5,1,16,5,1.0
ANOVA,5,1,16,5,1.0
ANOVA,5,1,17,5,1.0
ANOVA,5,1,17,5,1.0
ANOVA,5,1,17,5,1.0
ANOVA,5,1,18,5,1.0
ANOVA,5,1,18,5,1.0
ANOVA,5,1,18,5,1.0
ANOVA,5,1,19,5,1.0
ANOVA,5,1,19,5,1.0
ANOVA,5,1,19,5,1.0
ANOVA,5,1,20,5,1.0
ANOVA,5,1,20,5,1.0
ANOVA,5,1,20,5,1.0
ANOVA,5,1,21,5,1.0
ANOVA,5,1,21,5,1.0
ANOVA,5,1,21,5,1.0
ANOVA,5,1,22,5,1.0
ANOVA,5,1,22,5,1.0
ANOVA,5,1,22,5,1.0
ANOVA,5,1,23,4,0.76
ANOVA,5,1,23,4,0.76
ANOVA,5,1,23,4,0.76
ANOVA,5,1,24,5,1.0
ANOVA,5,1,24,5,1.0
ANOVA,5,1,24,5,1.0
ANOVA,5,1,25,5,1.0
ANOVA,5,1,25,5,1.0
ANOVA,5,1,25,5,1.0
ANOVA,5,2,2,5,1.0
ANOVA,5,2,2,5,1.0
ANOVA,5,2,3,5,1.0
ANOVA,5,2,3,5,1.0
ANOVA,5,2,3,5,1.0
ANOVA,5,2,4,5,1.0
ANOVA,5,2,4,5,1.0
ANOVA,5,2,4,5,1.0
ANOVA,5,2,5,4,0.76
ANOVA,5,2,5,4,0.76
ANOVA,5,2,5,4,0.76
ANOVA,5,2,6,5,1.0
ANOVA,5,2,6,5,1.0
ANOVA,5,2,6,5,1.0
ANOVA,5,2,7,5,1.0
ANOVA,5,2,7,5,1.0
ANOVA,5,2,7,5,1.0
ANOVA,5,2,8,5,1.0
ANOVA,5,2,8,5,1.0
ANOVA,5,2,8,5,1.0
ANOVA,5,2,9,5,1.0
ANOVA,5,2,9,5,1.0
ANOVA,5,2,9,5,1.0
ANOVA,5,2,10,5,1.0
ANOVA,5,2,10,5,1.0
ANOVA,5,2,10,5,1.0
ANOVA,5,2,11,5,1.0
ANOVA,5,2,11,5,1.0
ANOVA,5,2,11,5,1.0
ANOVA,5,2,12,5,1.0
ANOVA,5,2,12,5,1.0
ANOVA,5,2,12,5,1.0
ANOVA,5,2,13,5,1.0
ANOVA,5,2,13,5,1.0
ANOVA,5,2,13,5,1.0
ANOVA,5,2,14,5,1.0
ANOVA,5,2,14,5,1.0
ANOVA,5,2,14,5,1.0
ANOVA,5,2,15,5,1.0
ANOVA,5,2,15,5,1.0
ANOVA,5,2,15,5,1.0
ANOVA,5,2,16,5,1.0
ANOVA,5,2,16,5,1.0
ANOVA,5,2,16,5,1.0
ANOVA,5,2,17,5,1.0
ANOVA,5,2,17,5,1.0
ANOVA,5,2,17,5,1.0
ANOVA,5,2,18,5,1.0
ANOVA,5,2,18,5,1.0
ANOVA,5,2,18,5,1.0
ANOVA,5,2,19,5,1.0
ANOVA,5,2,19,5,1.0
ANOVA,5,2,19,5,1.0
ANOVA,5,2,20,5,1.0
ANOVA,5,2,20,5,1.0
ANOVA,5,2,20,5,1.0
ANOVA,5,2,21,5,1.0
ANOVA,5,2,21,5,1.0
ANOVA,5,2,21,5,1.0
ANOVA,5,2,22,5,1.0
ANOVA,5,2,22,5,1.0
ANOVA,5,2,22,5,1.0
ANOVA,5,2,23,4,0.76
ANOVA,5,2,23,4,0.76
ANOVA,5,2,23,4,0.76
ANOVA,5,2,24,5,1.0
ANOVA,5,2,24,5,1.0
ANOVA,5,2,24,5,1.0
ANOVA,5,2,25,5,1.0
ANOVA,5,2,25,5,1.0
ANOVA,5,2,25,5,1.0
ANOVA,5,2,2,5,1.0
ANOVA,5,2,3,5,1.0
ANOVA,5,2,3,5,1.0
ANOVA,5,2,3,5,1.0
ANOVA,5,2,4,5,1.0
ANOVA,5,2,4,5,1.0
ANOVA,5,2,4,5,1.0
ANOVA,5,2,5,4,0.76
ANOVA,5,2,5,4,0.76
ANOVA,5,2,5,4,0.76
ANOVA,5,2,6,5,1.0
ANOVA,5,2,6,5,1.0
ANOVA,5,2,6,5,1.0
ANOVA,5,2,7,5,1.0
ANOVA,5,2,7,5,1.0
ANOVA,5,2,7,5,1.0
ANOVA,5,2,8,5,1.0
ANOVA,5,2,8,5,1.0
ANOVA,5,2,8,5,1.0
ANOVA,5,2,9,5,1.0
ANOVA,5,2,9,5,1.0
ANOVA,5,2,9,5,1.0
ANOVA,5,2,10,5,1.0
ANOVA,5,2,10,5,1.0
ANOVA,5,2,10,5,1.0
ANOVA,5,2,11,5,1.0
ANOVA,5,2,11,5,1.0
ANOVA,5,2,11,5,1.0
ANOVA,5,2,12,5,1.0
ANOVA,5,2,12,5,1.0
ANOVA,5,2,12,5,1.0
ANOVA,5,2,13,5,1.0
ANOVA,5,2,13,5,1.0
ANOVA,5,2,13,5,1.0
ANOVA,5,2,14,5,1.0
ANOVA,5,2,14,5,1.0
ANOVA,5,2,14,5,1.0
ANOVA,5,2,15,5,1.0
ANOVA,5,2,15,5,1.0
ANOVA,5,2,15,5,1.0
ANOVA,5,2,16,5,1.0
ANOVA,5,2,16,5,1.0
ANOVA,5,2,16,5,1.0
ANOVA,5,2,17,5,1.0
ANOVA,5,2,17,5,1.0
ANOVA,5,2,17,5,1.0
ANOVA,5,2,18,5,1.0
ANOVA,5,2,18,5,1.0
ANOVA,5,2,18,5,1.0
ANOVA,5,2,19,5,1.0
ANOVA,5,2,19,5,1.0
ANOVA,5,2,19,5,1.0
ANOVA,5,2,20,5,1.0
ANOVA,5,2,20,5,1.0
ANOVA,5,2,20,5,1.0
ANOVA,5,2,21,5,1.0
ANOVA,5,2,21,5,1.0
ANOVA,5,2,21,5,1.0
ANOVA,5,2,22,5,1.0
ANOVA,5,2,22,5,1.0
ANOVA,5,2,22,5,1.0
ANOVA,5,2,23,4,0.76
ANOVA,5,2,23,4,0.76
ANOVA,5,2,23,4,0.76
ANOVA,5,2,24,5,1.0
ANOVA,5,2,24,5,1.0
ANOVA,5,2,24,5,1.0
ANOVA,5,2,25,5,1.0
ANOVA,5,2,25,5,1.0
ANOVA,5,2,25,5,1.0
ANOVA,5,2,3,5,1.0
ANOVA,5,2,3,5,1.0
ANOVA,5,2,3,5,1.0
ANOVA,5,2,4,5,1.0
ANOVA,5,2,4,5,1.0
ANOVA,5,2,4,5,1.0
ANOVA,5,2,5,4,0.76
ANOVA,5,2,5,4,0.76
ANOVA,5,2,5,4,0.76
ANOVA,5,2,6,5,1.0
ANOVA,5,2,6,5,1.0
ANOVA,5,2,6,5,1.0
ANOVA,5,2,7,5,1.0
ANOVA,5,2,7,5,1.0
ANOVA,5,2,7,5,1.0
ANOVA,5,2,8,5,1.0
ANOVA,5,2,8,5,1.0
ANOVA,5,2,8,5,1.0
ANOVA,5,2,9,5,1.0
ANOVA,5,2,9,5,1.0
ANOVA,5,2,9,5,1.0
ANOVA,5,2,10,5,1.0
ANOVA,5,2,10,5,1.0
ANOVA,5,2,10,5,1.0
ANOVA,5,2,11,5,1.0
ANOVA,5,2,11,5,1.0
ANOVA,5,2,11,5,1.0
ANOVA,5,2,12,5,1.0
ANOVA,5,2,12,5,1.0
ANOVA,5,2,12,5,1.0
ANOVA,5,2,13,5,1.0
ANOVA,5,2,13,5,1.0
ANOVA,5,2,13,5,1.0
ANOVA,5,2,14,5,1.0
ANOVA,5,2,14,5,1.0
ANOVA,5,2,14,5,1.0
ANOVA,5,2,15,5,1.0
ANOVA,5,2,15,5,1.0
ANOVA,5,2,15,5,1.0
ANOVA,5,2,16,5,1.0
ANOVA,5,2,16,5,1.0
ANOVA,5,2,16,5,1.0
ANOVA,5,2,17,5,1.0
ANOVA,5,2,17,5,1.0
ANOVA,5,2,17,5,1.0
ANOVA,5,2,18,5,1.0
ANOVA,5,2,18,5,1.0
ANOVA,5,2,18,5,1.0
ANOVA,5,2,19,5,1.0
ANOVA,5,2,19,5,1.0
ANOVA,5,2,19,5,1.0
ANOVA,5,2,20,5,1.0
ANOVA,5,2,20,5,1.0
ANOVA,5,2,20,5,1.0
ANOVA,5,2,21,5,1.0
ANOVA,5,2,21,5,1.0
ANOVA,5,2,21,5,1.0
ANOVA,5,2,22,5,1.0
ANOVA,5,2,22,5,1.0
ANOVA,5,2,22,5,1.0
ANOVA,5,2,23,4,0.76
ANOVA,5,2,23,4,0.76
ANOVA,5,2,23,4,0.76
ANOVA,5,2,24,5,1.0
ANOVA,5,2,24,5,1.0
ANOVA,5,2,24,5,1.0
ANOVA,5,2,25,5,1.0
ANOVA,5,2,25,5,1.0
ANOVA,5,2,25,5,1.0
ANOVA,5,3,3,5,1.0
ANOVA,5,3,3,5,1.0
ANOVA,5,3,4,5,1.0
ANOVA,5,3,4,5,1.0
ANOVA,5,3,4,5,1.0
ANOVA,5,3,5,4,0.76
ANOVA,5,3,5,4,0.76
ANOVA,5,3,5,4,0.76
ANOVA,5,3,6,5,1.0
ANOVA,5,3,6,5,1.0
ANOVA,5,3,6,5,1.0
ANOVA,5,3,7,5,1.0
ANOVA,5,3,7,5,1.0
ANOVA,5,3,7,5,1.0
ANOVA,5,3,8,5,1.0
ANOVA,5,3,8,5,1.0
ANOVA,5,3,8,5,1.0
ANOVA,5,3,9,5,1.0
ANOVA,5,3,9,5,1.0
ANOVA,5,3,9,5,1.0
ANOVA,5,3,10,5,1.0
ANOVA,5,3,10,5,1.0
ANOVA,5,3,10,5,1.0
ANOVA,5,3,11,5,1.0
ANOVA,5,3,11,5,1.0
ANOVA,5,3,11,5,1.0
ANOVA,5,3,12,5,1.0
ANOVA,5,3,12,5,1.0
ANOVA,5,3,12,5,1.0
ANOVA,5,3,13,5,1.0
ANOVA,5,3,13,5,1.0
ANOVA,5,3,13,5,1.0
ANOVA,5,3,14,5,1.0
ANOVA,5,3,14,5,1.0
ANOVA,5,3,14,5,1.0
ANOVA,5,3,15,5,1.0
ANOVA,5,3,15,5,1.0
ANOVA,5,3,15,5,1.0
ANOVA,5,3,16,5,1.0
ANOVA,5,3,16,5,1.0
ANOVA,5,3,16,5,1.0
ANOVA,5,3,17,5,1.0
ANOVA,5,3,17,5,1.0
ANOVA,5,3,17,5,1.0
ANOVA,5,3,18,5,1.0
ANOVA,5,3,18,5,1.0
ANOVA,5,3,18,5,1.0
ANOVA,5,3,19,5,1.0
ANOVA,5,3,19,5,1.0
ANOVA,5,3,19,5,1.0
ANOVA,5,3,20,5,1.0
ANOVA,5,3,20,5,1.0
ANOVA,5,3,20,5,1.0
ANOVA,5,3,21,5,1.0
ANOVA,5,3,21,5,1.0
ANOVA,5,3,21,5,1.0
ANOVA,5,3,22,5,1.0
ANOVA,5,3,22,5,1.0
ANOVA,5,3,22,5,1.0
ANOVA,5,3,23,4,0.76
ANOVA,5,3,23,4,0.76
ANOVA,5,3,23,4,0.76
ANOVA,5,3,24,5,1.0
ANOVA,5,3,24,5,1.0
ANOVA,5,3,24,5,1.0
ANOVA,5,3,25,5,1.0
ANOVA,5,3,25,5,1.0
ANOVA,5,3,25,5,1.0
ANOVA,5,3,3,5,1.0
ANOVA,5,3,4,5,1.0
ANOVA,5,3,4,5,1.0
ANOVA,5,3,4,5,1.0
ANOVA,5,3,5,4,0.76
ANOVA,5,3,5,4,0.76
ANOVA,5,3,5,4,0.76
ANOVA,5,3,6,5,1.0
ANOVA,5,3,6,5,1.0
ANOVA,5,3,6,5,1.0
ANOVA,5,3,7,5,1.0
ANOVA,5,3,7,5,1.0
ANOVA,5,3,7,5,1.0
ANOVA,5,3,8,5,1.0
ANOVA,5,3,8,5,1.0
ANOVA,5,3,8,5,1.0
ANOVA,5,3,9,5,1.0
ANOVA,5,3,9,5,1.0
ANOVA,5,3,9,5,1.0
ANOVA,5,3,10,5,1.0
ANOVA,5,3,10,5,1.0
ANOVA,5,3,10,5,1.0
ANOVA,5,3,11,5,1.0
ANOVA,5,3,11,5,1.0
ANOVA,5,3,11,5,1.0
ANOVA,5,3,12,5,1.0
ANOVA,5,3,12,5,1.0
ANOVA,5,3,12,5,1.0
ANOVA,5,3,13,5,1.0
ANOVA,5,3,13,5,1.0
ANOVA,5,3,13,5,1.0
ANOVA,5,3,14,5,1.0
ANOVA,5,3,14,5,1.0
ANOVA,5,3,14,5,1.0
ANOVA,5,3,15,5,1.0
ANOVA,5,3,15,5,1.0
ANOVA,5,3,15,5,1.0
ANOVA,5,3,16,5,1.0
ANOVA,5,3,16,5,1.0
ANOVA,5,3,16,5,1.0
ANOVA,5,3,17,5,1.0
ANOVA,5,3,17,5,1.0
ANOVA,5,3,17,5,1.0
ANOVA,5,3,18,5,1.0
ANOVA,5,3,18,5,1.0
ANOVA,5,3,18,5,1.0
ANOVA,5,3,19,5,1.0
ANOVA,5,3,19,5,1.0
ANOVA,5,3,19,5,1.0
ANOVA,5,3,20,5,1.0
ANOVA,5,3,20,5,1.0
ANOVA,5,3,20,5,1.0
ANOVA,5,3,21,5,1.0
ANOVA,5,3,21,5,1.0
ANOVA,5,3,21,5,1.0
ANOVA,5,3,22,5,1.0
ANOVA,5,3,22,5,1.0
ANOVA,5,3,22,5,1.0
ANOVA,5,3,23,4,0.76
ANOVA,5,3,23,4,0.76
ANOVA,5,3,23,4,0.76
ANOVA,5,3,24,5,1.0
ANOVA,5,3,24,5,1.0
ANOVA,5,3,24,5,1.0
ANOVA,5,3,25,5,1.0
ANOVA,5,3,25,5,1.0
ANOVA,5,3,25,5,1.0
ANOVA,5,3,4,5,1.0
ANOVA,5,3,4,5,1.0
ANOVA,5,3,4,5,1.0
ANOVA,5,3,5,4,0.76
ANOVA,5,3,5,4,0.76
ANOVA,5,3,5,4,0.76
ANOVA,5,3,6,5,1.0
ANOVA,5,3,6,5,1.0
ANOVA,5,3,6,5,1.0
ANOVA,5,3,7,5,1.0
ANOVA,5,3,7,5,1.0
ANOVA,5,3,7,5,1.0
ANOVA,5,3,8,5,1.0
ANOVA,5,3,8,5,1.0
ANOVA,5,3,8,5,1.0
ANOVA,5,3,9,5,1.0
ANOVA,5,3,9,5,1.0
ANOVA,5,3,9,5,1.0
ANOVA,5,3,10,5,1.0
ANOVA,5,3,10,5,1.0
ANOVA,5,3,10,5,1.0
ANOVA,5,3,11,5,1.0
ANOVA,5,3,11,5,1.0
ANOVA,5,3,11,5,1.0
ANOVA,5,3,12,5,1.0
ANOVA,5,3,12,5,1.0
ANOVA,5,3,12,5,1.0
ANOVA,5,3,13,5,1.0
ANOVA,5,3,13,5,1.0
ANOVA,5,3,13,5,1.0
ANOVA,5,3,14,5,1.0
ANOVA,5,3,14,5,1.0
ANOVA,5,3,14,5,1.0
ANOVA,5,3,15,5,1.0
ANOVA,5,3,15,5,1.0
ANOVA,5,3,15,5,1.0
ANOVA,5,3,16,5,1.0
ANOVA,5,3,16,5,1.0
ANOVA,5,3,16,5,1.0
ANOVA,5,3,17,5,1.0
ANOVA,5,3,17,5,1.0
ANOVA,5,3,17,5,1.0
ANOVA,5,3,18,5,1.0
ANOVA,5,3,18,5,1.0
ANOVA,5,3,18,5,1.0
ANOVA,5,3,19,5,1.0
ANOVA,5,3,19,5,1.0
ANOVA,5,3,19,5,1.0
ANOVA,5,3,20,5,1.0
ANOVA,5,3,20,5,1.0
ANOVA,5,3,20,5,1.0
ANOVA,5,3,21,5,1.0
ANOVA,5,3,21,5,1.0
ANOVA,5,3,21,5,1.0
ANOVA,5,3,22,5,1.0
ANOVA,5,3,22,5,1.0
ANOVA,5,3,22,5,1.0
ANOVA,5,3,23,4,0.76
ANOVA,5,3,23,4,0.76
ANOVA,5,3,23,4,0.76
ANOVA,5,3,24,5,1.0
ANOVA,5,3,24,5,1.0
ANOVA,5,3,24,5,1.0
ANOVA,5,3,25,5,1.0
ANOVA,5,3,25,5,1.0
ANOVA,5,3,25,5,1.0
ANOVA,5,4,4,5,1.0
ANOVA,5,4,4,5,1.0
ANOVA,5,4,5,4,0.76
ANOVA,5,4,5,4,0.76
ANOVA,5,4,5,4,0.76
ANOVA,5,4,6,5,1.0
ANOVA,5,4,6,5,1.0
ANOVA,5,4,6,5,1.0
ANOVA,5,4,7,5,1.0
ANOVA,5,4,7,5,1.0
ANOVA,5,4,7,5,1.0
ANOVA,5,4,8,5,1.0
ANOVA,5,4,8,5,1.0
ANOVA,5,4,8,5,1.0
ANOVA,5,4,9,5,1.0
ANOVA,5,4,9,5,1.0
ANOVA,5,4,9,5,1.0
ANOVA,5,4,10,5,1.0
ANOVA,5,4,10,5,1.0
ANOVA,5,4,10,5,1.0
ANOVA,5,4,11,5,1.0
ANOVA,5,4,11,5,1.0
ANOVA,5,4,11,5,1.0
ANOVA,5,4,12,5,1.0
ANOVA,5,4,12,5,1.0
ANOVA,5,4,12,5,1.0
ANOVA,5,4,13,5,1.0
ANOVA,5,4,13,5,1.0
ANOVA,5,4,13,5,1.0
ANOVA,5,4,14,5,1.0
ANOVA,5,4,14,5,1.0
ANOVA,5,4,14,5,1.0
ANOVA,5,4,15,5,1.0
ANOVA,5,4,15,5,1.0
ANOVA,5,4,15,5,1.0
ANOVA,5,4,16,5,1.0
ANOVA,5,4,16,5,1.0
ANOVA,5,4,16,5,1.0
ANOVA,5,4,17,5,1.0
ANOVA,5,4,17,5,1.0
ANOVA,5,4,17,5,1.0
ANOVA,5,4,18,5,1.0
ANOVA,5,4,18,5,1.0
ANOVA,5,4,18,5,1.0
ANOVA,5,4,19,5,1.0
ANOVA,5,4,19,5,1.0
ANOVA,5,4,19,5,1.0
ANOVA,5,4,20,5,1.0
ANOVA,5,4,20,5,1.0
ANOVA,5,4,20,5,1.0
ANOVA,5,4,21,5,1.0
ANOVA,5,4,21,5,1.0
ANOVA,5,4,21,5,1.0
ANOVA,5,4,22,5,1.0
ANOVA,5,4,22,5,1.0
ANOVA,5,4,22,5,1.0
ANOVA,5,4,23,4,0.76
ANOVA,5,4,23,4,0.76
ANOVA,5,4,23,4,0.76
ANOVA,5,4,24,5,1.0
ANOVA,5,4,24,5,1.0
ANOVA,5,4,24,5,1.0
ANOVA,5,4,25,5,1.0
ANOVA,5,4,25,5,1.0
ANOVA,5,4,25,5,1.0
ANOVA,5,4,4,5,1.0
ANOVA,5,4,5,4,0.76
ANOVA,5,4,5,4,0.76
ANOVA,5,4,5,4,0.76
ANOVA,5,4,6,5,1.0
ANOVA,5,4,6,5,1.0
ANOVA,5,4,6,5,1.0
ANOVA,5,4,7,5,1.0
ANOVA,5,4,7,5,1.0
ANOVA,5,4,7,5,1.0
ANOVA,5,4,8,5,1.0
ANOVA,5,4,8,5,1.0
ANOVA,5,4,8,5,1.0
ANOVA,5,4,9,5,1.0
ANOVA,5,4,9,5,1.0
ANOVA,5,4,9,5,1.0
ANOVA,5,4,10,5,1.0
ANOVA,5,4,10,5,1.0
ANOVA,5,4,10,5,1.0
ANOVA,5,4,11,5,1.0
ANOVA,5,4,11,5,1.0
ANOVA,5,4,11,5,1.0
ANOVA,5,4,12,5,1.0
ANOVA,5,4,12,5,1.0
ANOVA,5,4,12,5,1.0
ANOVA,5,4,13,5,1.0
ANOVA,5,4,13,5,1.0
ANOVA,5,4,13,5,1.0
ANOVA,5,4,14,5,1.0
ANOVA,5,4,14,5,1.0
ANOVA,5,4,14,5,1.0
ANOVA,5,4,15,5,1.0
ANOVA,5,4,15,5,1.0
ANOVA,5,4,15,5,1.0
ANOVA,5,4,16,5,1.0
ANOVA,5,4,16,5,1.0
ANOVA,5,4,16,5,1.0
ANOVA,5,4,17,5,1.0
ANOVA,5,4,17,5,1.0
ANOVA,5,4,17,5,1.0
ANOVA,5,4,18,5,1.0
ANOVA,5,4,18,5,1.0
ANOVA,5,4,18,5,1.0
ANOVA,5,4,19,5,1.0
ANOVA,5,4,19,5,1.0
ANOVA,5,4,19,5,1.0
ANOVA,5,4,20,5,1.0
ANOVA,5,4,20,5,1.0
ANOVA,5,4,20,5,1.0
ANOVA,5,4,21,5,1.0
ANOVA,5,4,21,5,1.0
ANOVA,5,4,21,5,1.0
ANOVA,5,4,22,5,1.0
ANOVA,5,4,22,5,1.0
ANOVA,5,4,22,5,1.0
ANOVA,5,4,23,4,0.76
ANOVA,5,4,23,4,0.76
ANOVA,5,4,23,4,0.76
ANOVA,5,4,24,5,1.0
ANOVA,5,4,24,5,1.0
ANOVA,5,4,24,5,1.0
ANOVA,5,4,25,5,1.0
ANOVA,5,4,25,5,1.0
ANOVA,5,4,25,5,1.0
ANOVA,5,4,5,4,0.76
ANOVA,5,4,5,4,0.76
ANOVA,5,4,5,4,0.76
ANOVA,5,4,6,5,1.0
ANOVA,5,4,6,5,1.0
ANOVA,5,4,6,5,1.0
ANOVA,5,4,7,5,1.0
ANOVA,5,4,7,5,1.0
ANOVA,5,4,7,5,1.0
ANOVA,5,4,8,5,1.0
ANOVA,5,4,8,5,1.0
ANOVA,5,4,8,5,1.0
ANOVA,5,4,9,5,1.0
ANOVA,5,4,9,5,1.0
ANOVA,5,4,9,5,1.0
ANOVA,5,4,10,5,1.0
ANOVA,5,4,10,5,1.0
ANOVA,5,4,10,5,1.0
ANOVA,5,4,11,5,1.0
ANOVA,5,4,11,5,1.0
ANOVA,5,4,11,5,1.0
ANOVA,5,4,12,5,1.0
ANOVA,5,4,12,5,1.0
ANOVA,5,4,12,5,1.0
ANOVA,5,4,13,5,1.0
ANOVA,5,4,13,5,1.0
ANOVA,5,4,13,5,1.0
ANOVA,5,4,14,5,1.0
ANOVA,5,4,14,5,1.0
ANOVA,5,4,14,5,1.0
ANOVA,5,4,15,5,1.0
ANOVA,5,4,15,5,1.0
ANOVA,5,4,15,5,1.0
ANOVA,5,4,16,5,1.0
ANOVA,5,4,16,5,1.0
ANOVA,5,4,16,5,1.0
ANOVA,5,4,17,5,1.0
ANOVA,5,4,17,5,1.0
ANOVA,5,4,17,5,1.0
ANOVA,5,4,18,5,1.0
ANOVA,5,4,18,5,1.0
ANOVA,5,4,18,5,1.0
ANOVA,5,4,19,5,1.0
ANOVA,5,4,19,5,1.0
ANOVA,5,4,19,5,1.0
ANOVA,5,4,20,5,1.0
ANOVA,5,4,20,5,1.0
ANOVA,5,4,20,5,1.0
ANOVA,5,4,21,5,1.0
ANOVA,5,4,21,5,1.0
ANOVA,5,4,21,5,1.0
ANOVA,5,4,22,5,1.0
ANOVA,5,4,22,5,1.0
ANOVA,5,4,22,5,1.0
ANOVA,5,4,23,4,0.76
ANOVA,5,4,23,4,0.76
ANOVA,5,4,23,4,0.76
ANOVA,5,4,24,5,1.0
ANOVA,5,4,24,5,1.0
ANOVA,5,4,24,5,1.0
ANOVA,5,4,25,5,1.0
ANOVA,5,4,25,5,1.0
ANOVA,5,4,25,5,1.0
ANOVA,5,5,5,5,1.0
ANOVA,5,5,5,5,1.0
ANOVA,5,5,6,4,0.76
ANOVA,5,5,6,4,0.76
ANOVA,5,5,6,4,0.76
ANOVA,5,5,7,4,0.76
ANOVA,5,5,7,4,0.76
ANOVA,5,5,7,4,0.76
ANOVA,5,5,8,4,0.76
ANOVA,5,5,8,4,0.76
ANOVA,5,5,8,4,0.76
ANOVA,5,5,9,4,0.76
ANOVA,5,5,9,4,0.76
ANOVA,5,5,9,4,0.76
ANOVA,5,5,10,4,0.76
ANOVA,5,5,10,4,0.76
ANOVA,5,5,10,4,0.76
ANOVA,5,5,11,4,0.76
ANOVA,5,5,11,4,0.76
ANOVA,5,5,11,4,0.76
ANOVA,5,5,12,4,0.76
ANOVA,5,5,12,4,0.76
ANOVA,5,5,12,4,0.76
ANOVA,5,5,13,4,0.76
ANOVA,5,5,13,4,0.76
ANOVA,5,5,13,4,0.76
ANOVA,5,5,14,4,0.76
ANOVA,5,5,14,4,0.76
ANOVA,5,5,14,4,0.76
ANOVA,5,5,15,4,0.76
ANOVA,5,5,15,4,0.76
ANOVA,5,5,15,4,0.76
ANOVA,5,5,16,4,0.76
ANOVA,5,5,16,4,0.76
ANOVA,5,5,16,4,0.76
ANOVA,5,5,17,4,0.76
ANOVA,5,5,17,4,0.76
ANOVA,5,5,17,4,0.76
ANOVA,5,5,18,4,0.76
ANOVA,5,5,18,4,0.76
ANOVA,5,5,18,4,0.76
ANOVA,5,5,19,4,0.76
ANOVA,5,5,19,4,0.76
ANOVA,5,5,19,4,0.76
ANOVA,5,5,20,4,0.76
ANOVA,5,5,20,4,0.76
ANOVA,5,5,20,4,0.76
ANOVA,5,5,21,4,0.76
ANOVA,5,5,21,4,0.76
ANOVA,5,5,21,4,0.76
ANOVA,5,5,22,4,0.76
ANOVA,5,5,22,4,0.76
ANOVA,5,5,22,4,0.76
ANOVA,5,5,23,4,0.76
ANOVA,5,5,23,4,0.76
ANOVA,5,5,23,4,0.76
ANOVA,5,5,24,4,0.76
ANOVA,5,5,24,4,0.76
ANOVA,5,5,24,4,0.76
ANOVA,5,5,25,4,0.76
ANOVA,5,5,25,4,0.76
ANOVA,5,5,25,4,0.76
ANOVA,5,5,5,5,1.0
ANOVA,5,5,6,4,0.76
ANOVA,5,5,6,4,0.76
ANOVA,5,5,6,4,0.76
ANOVA,5,5,7,4,0.76
ANOVA,5,5,7,4,0.76
ANOVA,5,5,7,4,0.76
ANOVA,5,5,8,4,0.76
ANOVA,5,5,8,4,0.76
ANOVA,5,5,8,4,0.76
ANOVA,5,5,9,4,0.76
ANOVA,5,5,9,4,0.76
ANOVA,5,5,9,4,0.76
ANOVA,5,5,10,4,0.76
ANOVA,5,5,10,4,0.76
ANOVA,5,5,10,4,0.76
ANOVA,5,5,11,4,0.76
ANOVA,5,5,11,4,0.76
ANOVA,5,5,11,4,0.76
ANOVA,5,5,12,4,0.76
ANOVA,5,5,12,4,0.76
ANOVA,5,5,12,4,0.76
ANOVA,5,5,13,4,0.76
ANOVA,5,5,13,4,0.76
ANOVA,5,5,13,4,0.76
ANOVA,5,5,14,4,0.76
ANOVA,5,5,14,4,0.76
ANOVA,5,5,14,4,0.76
ANOVA,5,5,15,4,0.76
ANOVA,5,5,15,4,0.76
ANOVA,5,5,15,4,0.76
ANOVA,5,5,16,4,0.76
ANOVA,5,5,16,4,0.76
ANOVA,5,5,16,4,0.76
ANOVA,5,5,17,4,0.76
ANOVA,5,5,17,4,0.76
ANOVA,5,5,17,4,0.76
ANOVA,5,5,18,4,0.76
ANOVA,5,5,18,4,0.76
ANOVA,5,5,18,4,0.76
ANOVA,5,5,19,4,0.76
ANOVA,5,5,19,4,0.76
ANOVA,5,5,19,4,0.76
ANOVA,5,5,20,4,0.76
ANOVA,5,5,20,4,0.76
ANOVA,5,5,20,4,0.76
ANOVA,5,5,21,4,0.76
ANOVA,5,5,21,4,0.76
ANOVA,5,5,21,4,0.76
ANOVA,5,5,22,4,0.76
ANOVA,5,5,22,4,0.76
ANOVA,5,5,22,4,0.76
ANOVA,5,5,23,4,0.76
ANOVA,5,5,23,4,0.76
ANOVA,5,5,23,4,0.76
ANOVA,5,5,24,4,0.76
ANOVA,5,5,24,4,0.76
ANOVA,5,5,24,4,0.76
ANOVA,5,5,25,4,0.76
ANOVA,5,5,25,4,0.76
ANOVA,5,5,25,4,0.76
ANOVA,5,5,6,4,0.76
ANOVA,5,5,6,4,0.76
ANOVA,5,5,6,4,0.76
ANOVA,5,5,7,4,0.76
ANOVA,5,5,7,4,0.76
ANOVA,5,5,7,4,0.76
ANOVA,5,5,8,4,0.76
ANOVA,5,5,8,4,0.76
ANOVA,5,5,8,4,0.76
ANOVA,5,5,9,4,0.76
ANOVA,5,5,9,4,0.76
ANOVA,5,5,9,4,0.76
ANOVA,5,5,10,4,0.76
ANOVA,5,5,10,4,0.76
ANOVA,5,5,10,4,0.76
ANOVA,5,5,11,4,0.76
ANOVA,5,5,11,4,0.76
ANOVA,5,5,11,4,0.76
ANOVA,5,5,12,4,0.76
ANOVA,5,5,12,4,0.76
ANOVA,5,5,12,4,0.76
ANOVA,5,5,13,4,0.76
ANOVA,5,5,13,4,0.76
ANOVA,5,5,13,4,0.76
ANOVA,5,5,14,4,0.76
ANOVA,5,5,14,4,0.76
ANOVA,5,5,14,4,0.76
ANOVA,5,5,15,4,0.76
ANOVA,5,5,15,4,0.76
ANOVA,5,5,15,4,0.76
ANOVA,5,5,16,4,0.76
ANOVA,5,5,16,4,0.76
ANOVA,5,5,16,4,0.76
ANOVA,5,5,17,4,0.76
ANOVA,5,5,17,4,0.76
ANOVA,5,5,17,4,0.76
ANOVA,5,5,18,4,0.76
ANOVA,5,5,18,4,0.76
ANOVA,5,5,18,4,0.76
ANOVA,5,5,19,4,0.76
ANOVA,5,5,19,4,0.76
ANOVA,5,5,19,4,0.76
ANOVA,5,5,20,4,0.76
ANOVA,5,5,20,4,0.76
ANOVA,5,5,20,4,0.76
ANOVA,5,5,21,4,0.76
ANOVA,5,5,21,4,0.76
ANOVA,5,5,21,4,0.76
ANOVA,5,5,22,4,0.76
ANOVA,5,5,22,4,0.76
ANOVA,5,5,22,4,0.76
ANOVA,5,5,23,4,0.76
ANOVA,5,5,23,4,0.76
ANOVA,5,5,23,4,0.76
ANOVA,5,5,24,4,0.76
ANOVA,5,5,24,4,0.76
ANOVA,5,5,24,4,0.76
ANOVA,5,5,25,4,0.76
ANOVA,5,5,25,4,0.76
ANOVA,5,5,25,4,0.76
ANOVA,5,6,6,5,1.0
ANOVA,5,6,6,5,1.0
ANOVA,5,6,7,5,1.0
ANOVA,5,6,7,5,1.0
ANOVA,5,6,7,5,1.0
ANOVA,5,6,8,5,1.0
ANOVA,5,6,8,5,1.0
ANOVA,5,6,8,5,1.0
ANOVA,5,6,9,5,1.0
ANOVA,5,6,9,5,1.0
ANOVA,5,6,9,5,1.0
ANOVA,5,6,10,5,1.0
ANOVA,5,6,10,5,1.0
ANOVA,5,6,10,5,1.0
ANOVA,5,6,11,5,1.0
ANOVA,5,6,11,5,1.0
ANOVA,5,6,11,5,1.0
ANOVA,5,6,12,5,1.0
ANOVA,5,6,12,5,1.0
ANOVA,5,6,12,5,1.0
ANOVA,5,6,13,5,1.0
ANOVA,5,6,13,5,1.0
ANOVA,5,6,13,5,1.0
ANOVA,5,6,14,5,1.0
ANOVA,5,6,14,5,1.0
ANOVA,5,6,14,5,1.0
ANOVA,5,6,15,5,1.0
ANOVA,5,6,15,5,1.0
ANOVA,5,6,15,5,1.0
ANOVA,5,6,16,5,1.0
ANOVA,5,6,16,5,1.0
ANOVA,5,6,16,5,1.0
ANOVA,5,6,17,5,1.0
ANOVA,5,6,17,5,1.0
ANOVA,5,6,17,5,1.0
ANOVA,5,6,18,5,1.0
ANOVA,5,6,18,5,1.0
ANOVA,5,6,18,5,1.0
ANOVA,5,6,19,5,1.0
ANOVA,5,6,19,5,1.0
ANOVA,5,6,19,5,1.0
ANOVA,5,6,20,5,1.0
ANOVA,5,6,20,5,1.0
ANOVA,5,6,20,5,1.0
ANOVA,5,6,21,5,1.0
ANOVA,5,6,21,5,1.0
ANOVA,5,6,21,5,1.0
ANOVA,5,6,22,5,1.0
ANOVA,5,6,22,5,1.0
ANOVA,5,6,22,5,1.0
ANOVA,5,6,23,4,0.76
ANOVA,5,6,23,4,0.76
ANOVA,5,6,23,4,0.76
ANOVA,5,6,24,5,1.0
ANOVA,5,6,24,5,1.0
ANOVA,5,6,24,5,1.0
ANOVA,5,6,25,5,1.0
ANOVA,5,6,25,5,1.0
ANOVA,5,6,25,5,1.0
ANOVA,5,6,6,5,1.0
ANOVA,5,6,7,5,1.0
ANOVA,5,6,7,5,1.0
ANOVA,5,6,7,5,1.0
ANOVA,5,6,8,5,1.0
ANOVA,5,6,8,5,1.0
ANOVA,5,6,8,5,1.0
ANOVA,5,6,9,5,1.0
ANOVA,5,6,9,5,1.0
ANOVA,5,6,9,5,1.0
ANOVA,5,6,10,5,1.0
ANOVA,5,6,10,5,1.0
ANOVA,5,6,10,5,1.0
ANOVA,5,6,11,5,1.0
ANOVA,5,6,11,5,1.0
ANOVA,5,6,11,5,1.0
ANOVA,5,6,12,5,1.0
ANOVA,5,6,12,5,1.0
ANOVA,5,6,12,5,1.0
ANOVA,5,6,13,5,1.0
ANOVA,5,6,13,5,1.0
ANOVA,5,6,13,5,1.0
ANOVA,5,6,14,5,1.0
ANOVA,5,6,14,5,1.0
ANOVA,5,6,14,5,1.0
ANOVA,5,6,15,5,1.0
ANOVA,5,6,15,5,1.0
ANOVA,5,6,15,5,1.0
ANOVA,5,6,16,5,1.0
ANOVA,5,6,16,5,1.0
ANOVA,5,6,16,5,1.0
ANOVA,5,6,17,5,1.0
ANOVA,5,6,17,5,1.0
ANOVA,5,6,17,5,1.0
ANOVA,5,6,18,5,1.0
ANOVA,5,6,18,5,1.0
ANOVA,5,6,18,5,1.0
ANOVA,5,6,19,5,1.0
ANOVA,5,6,19,5,1.0
ANOVA,5,6,19,5,1.0
ANOVA,5,6,20,5,1.0
ANOVA,5,6,20,5,1.0
ANOVA,5,6,20,5,1.0
ANOVA,5,6,21,5,1.0
ANOVA,5,6,21,5,1.0
ANOVA,5,6,21,5,1.0
ANOVA,5,6,22,5,1.0
ANOVA,5,6,22,5,1.0
ANOVA,5,6,22,5,1.0
ANOVA,5,6,23,4,0.76
ANOVA,5,6,23,4,0.76
ANOVA,5,6,23,4,0.76
ANOVA,5,6,24,5,1.0
ANOVA,5,6,24,5,1.0
ANOVA,5,6,24,5,1.0
ANOVA,5,6,25,5,1.0
ANOVA,5,6,25,5,1.0
ANOVA,5,6,25,5,1.0
ANOVA,5,6,7,5,1.0
ANOVA,5,6,7,5,1.0
ANOVA,5,6,7,5,1.0
ANOVA,5,6,8,5,1.0
ANOVA,5,6,8,5,1.0
ANOVA,5,6,8,5,1.0
ANOVA,5,6,9,5,1.0
ANOVA,5,6,9,5,1.0
ANOVA,5,6,9,5,1.0
ANOVA,5,6,10,5,1.0
ANOVA,5,6,10,5,1.0
ANOVA,5,6,10,5,1.0
ANOVA,5,6,11,5,1.0
ANOVA,5,6,11,5,1.0
ANOVA,5,6,11,5,1.0
ANOVA,5,6,12,5,1.0
ANOVA,5,6,12,5,1.0
ANOVA,5,6,12,5,1.0
ANOVA,5,6,13,5,1.0
ANOVA,5,6,13,5,1.0
ANOVA,5,6,13,5,1.0
ANOVA,5,6,14,5,1.0
ANOVA,5,6,14,5,1.0
ANOVA,5,6,14,5,1.0
ANOVA,5,6,15,5,1.0
ANOVA,5,6,15,5,1.0
ANOVA,5,6,15,5,1.0
ANOVA,5,6,16,5,1.0
ANOVA,5,6,16,5,1.0
ANOVA,5,6,16,5,1.0
ANOVA,5,6,17,5,1.0
ANOVA,5,6,17,5,1.0
ANOVA,5,6,17,5,1.0
ANOVA,5,6,18,5,1.0
ANOVA,5,6,18,5,1.0
ANOVA,5,6,18,5,1.0
ANOVA,5,6,19,5,1.0
ANOVA,5,6,19,5,1.0
ANOVA,5,6,19,5,1.0
ANOVA,5,6,20,5,1.0
ANOVA,5,6,20,5,1.0
ANOVA,5,6,20,5,1.0
ANOVA,5,6,21,5,1.0
ANOVA,5,6,21,5,1.0
ANOVA,5,6,21,5,1.0
ANOVA,5,6,22,5,1.0
ANOVA,5,6,22,5,1.0
ANOVA,5,6,22,5,1.0
ANOVA,5,6,23,4,0.76
ANOVA,5,6,23,4,0.76
ANOVA,5,6,23,4,0.76
ANOVA,5,6,24,5,1.0
ANOVA,5,6,24,5,1.0
ANOVA,5,6,24,5,1.0
ANOVA,5,6,25,5,1.0
ANOVA,5,6,25,5,1.0
ANOVA,5,6,25,5,1.0
ANOVA,5,7,7,5,1.0
ANOVA,5,7,7,5,1.0
ANOVA,5,7,8,5,1.0
ANOVA,5,7,8,5,1.0
ANOVA,5,7,8,5,1.0
ANOVA,5,7,9,5,1.0
ANOVA,5,7,9,5,1.0
ANOVA,5,7,9,5,1.0
ANOVA,5,7,10,5,1.0
ANOVA,5,7,10,5,1.0
ANOVA,5,7,10,5,1.0
ANOVA,5,7,11,5,1.0
ANOVA,5,7,11,5,1.0
ANOVA,5,7,11,5,1.0
ANOVA,5,7,12,5,1.0
ANOVA,5,7,12,5,1.0
ANOVA,5,7,12,5,1.0
ANOVA,5,7,13,5,1.0
ANOVA,5,7,13,5,1.0
ANOVA,5,7,13,5,1.0
ANOVA,5,7,14,5,1.0
ANOVA,5,7,14,5,1.0
ANOVA,5,7,14,5,1.0
ANOVA,5,7,15,5,1.0
ANOVA,5,7,15,5,1.0
ANOVA,5,7,15,5,1.0
ANOVA,5,7,16,5,1.0
ANOVA,5,7,16,5,1.0
ANOVA,5,7,16,5,1.0
ANOVA,5,7,17,5,1.0
ANOVA,5,7,17,5,1.0
ANOVA,5,7,17,5,1.0
ANOVA,5,7,18,5,1.0
ANOVA,5,7,18,5,1.0
ANOVA,5,7,18,5,1.0
ANOVA,5,7,19,5,1.0
ANOVA,5,7,19,5,1.0
ANOVA,5,7,19,5,1.0
ANOVA,5,7,20,5,1.0
ANOVA,5,7,20,5,1.0
ANOVA,5,7,20,5,1.0
ANOVA,5,7,21,5,1.0
ANOVA,5,7,21,5,1.0
ANOVA,5,7,21,5,1.0
ANOVA,5,7,22,5,1.0
ANOVA,5,7,22,5,1.0
ANOVA,5,7,22,5,1.0
ANOVA,5,7,23,4,0.76
ANOVA,5,7,23,4,0.76
ANOVA,5,7,23,4,0.76
ANOVA,5,7,24,5,1.0
ANOVA,5,7,24,5,1.0
ANOVA,5,7,24,5,1.0
ANOVA,5,7,25,5,1.0
ANOVA,5,7,25,5,1.0
ANOVA,5,7,25,5,1.0
ANOVA,5,7,7,5,1.0
ANOVA,5,7,8,5,1.0
ANOVA,5,7,8,5,1.0
ANOVA,5,7,8,5,1.0
ANOVA,5,7,9,5,1.0
ANOVA,5,7,9,5,1.0
ANOVA,5,7,9,5,1.0
ANOVA,5,7,10,5,1.0
ANOVA,5,7,10,5,1.0
ANOVA,5,7,10,5,1.0
ANOVA,5,7,11,5,1.0
ANOVA,5,7,11,5,1.0
ANOVA,5,7,11,5,1.0
ANOVA,5,7,12,5,1.0
ANOVA,5,7,12,5,1.0
ANOVA,5,7,12,5,1.0
ANOVA,5,7,13,5,1.0
ANOVA,5,7,13,5,1.0
ANOVA,5,7,13,5,1.0
ANOVA,5,7,14,5,1.0
ANOVA,5,7,14,5,1.0
ANOVA,5,7,14,5,1.0
ANOVA,5,7,15,5,1.0
ANOVA,5,7,15,5,1.0
ANOVA,5,7,15,5,1.0
ANOVA,5,7,16,5,1.0
ANOVA,5,7,16,5,1.0
ANOVA,5,7,16,5,1.0
ANOVA,5,7,17,5,1.0
ANOVA,5,7,17,5,1.0
ANOVA,5,7,17,5,1.0
ANOVA,5,7,18,5,1.0
ANOVA,5,7,18,5,1.0
ANOVA,5,7,18,5,1.0
ANOVA,5,7,19,5,1.0
ANOVA,5,7,19,5,1.0
ANOVA,5,7,19,5,1.0
ANOVA,5,7,20,5,1.0
ANOVA,5,7,20,5,1.0
ANOVA,5,7,20,5,1.0
ANOVA,5,7,21,5,1.0
ANOVA,5,7,21,5,1.0
ANOVA,5,7,21,5,1.0
ANOVA,5,7,22,5,1.0
ANOVA,5,7,22,5,1.0
ANOVA,5,7,22,5,1.0
ANOVA,5,7,23,4,0.76
ANOVA,5,7,23,4,0.76
ANOVA,5,7,23,4,0.76
ANOVA,5,7,24,5,1.0
ANOVA,5,7,24,5,1.0
ANOVA,5,7,24,5,1.0
ANOVA,5,7,25,5,1.0
ANOVA,5,7,25,5,1.0
ANOVA,5,7,25,5,1.0
ANOVA,5,7,8,5,1.0
ANOVA,5,7,8,5,1.0
ANOVA,5,7,8,5,1.0
ANOVA,5,7,9,5,1.0
ANOVA,5,7,9,5,1.0
ANOVA,5,7,9,5,1.0
ANOVA,5,7,10,5,1.0
ANOVA,5,7,10,5,1.0
ANOVA,5,7,10,5,1.0
ANOVA,5,7,11,5,1.0
ANOVA,5,7,11,5,1.0
ANOVA,5,7,11,5,1.0
ANOVA,5,7,12,5,1.0
ANOVA,5,7,12,5,1.0
ANOVA,5,7,12,5,1.0
ANOVA,5,7,13,5,1.0
ANOVA,5,7,13,5,1.0
ANOVA,5,7,13,5,1.0
ANOVA,5,7,14,5,1.0
ANOVA,5,7,14,5,1.0
ANOVA,5,7,14,5,1.0
ANOVA,5,7,15,5,1.0
ANOVA,5,7,15,5,1.0
ANOVA,5,7,15,5,1.0
ANOVA,5,7,16,5,1.0
ANOVA,5,7,16,5,1.0
ANOVA,5,7,16,5,1.0
ANOVA,5,7,17,5,1.0
ANOVA,5,7,17,5,1.0
ANOVA,5,7,17,5,1.0
ANOVA,5,7,18,5,1.0
ANOVA,5,7,18,5,1.0
ANOVA,5,7,18,5,1.0
ANOVA,5,7,19,5,1.0
ANOVA,5,7,19,5,1.0
ANOVA,5,7,19,5,1.0
ANOVA,5,7,20,5,1.0
ANOVA,5,7,20,5,1.0
ANOVA,5,7,20,5,1.0
ANOVA,5,7,21,5,1.0
ANOVA,5,7,21,5,1.0
ANOVA,5,7,21,5,1.0
ANOVA,5,7,22,5,1.0
ANOVA,5,7,22,5,1.0
ANOVA,5,7,22,5,1.0
ANOVA,5,7,23,4,0.76
ANOVA,5,7,23,4,0.76
ANOVA,5,7,23,4,0.76
ANOVA,5,7,24,5,1.0
ANOVA,5,7,24,5,1.0
ANOVA,5,7,24,5,1.0
ANOVA,5,7,25,5,1.0
ANOVA,5,7,25,5,1.0
ANOVA,5,7,25,5,1.0
ANOVA,5,8,8,5,1.0
ANOVA,5,8,8,5,1.0
ANOVA,5,8,9,5,1.0
ANOVA,5,8,9,5,1.0
ANOVA,5,8,9,5,1.0
ANOVA,5,8,10,5,1.0
ANOVA,5,8,10,5,1.0
ANOVA,5,8,10,5,1.0
ANOVA,5,8,11,5,1.0
ANOVA,5,8,11,5,1.0
ANOVA,5,8,11,5,1.0
ANOVA,5,8,12,5,1.0
ANOVA,5,8,12,5,1.0
ANOVA,5,8,12,5,1.0
ANOVA,5,8,13,5,1.0
ANOVA,5,8,13,5,1.0
ANOVA,5,8,13,5,1.0
ANOVA,5,8,14,5,1.0
ANOVA,5,8,14,5,1.0
ANOVA,5,8,14,5,1.0
ANOVA,5,8,15,5,1.0
ANOVA,5,8,15,5,1.0
ANOVA,5,8,15,5,1.0
ANOVA,5,8,16,5,1.0
ANOVA,5,8,16,5,1.0
ANOVA,5,8,16,5,1.0
ANOVA,5,8,17,5,1.0
ANOVA,5,8,17,5,1.0
ANOVA,5,8,17,5,1.0
ANOVA,5,8,18,5,1.0
ANOVA,5,8,18,5,1.0
ANOVA,5,8,18,5,1.0
ANOVA,5,8,19,5,1.0
ANOVA,5,8,19,5,1.0
ANOVA,5,8,19,5,1.0
ANOVA,5,8,20,5,1.0
ANOVA,5,8,20,5,1.0
ANOVA,5,8,20,5,1.0
ANOVA,5,8,21,5,1.0
ANOVA,5,8,21,5,1.0
ANOVA,5,8,21,5,1.0
ANOVA,5,8,22,5,1.0
ANOVA,5,8,22,5,1.0
ANOVA,5,8,22,5,1.0
ANOVA,5,8,23,4,0.76
ANOVA,5,8,23,4,0.76
ANOVA,5,8,23,4,0.76
ANOVA,5,8,24,5,1.0
ANOVA,5,8,24,5,1.0
ANOVA,5,8,24,5,1.0
ANOVA,5,8,25,5,1.0
ANOVA,5,8,25,5,1.0
ANOVA,5,8,25,5,1.0
ANOVA,5,8,8,5,1.0
ANOVA,5,8,9,5,1.0
ANOVA,5,8,9,5,1.0
ANOVA,5,8,9,5,1.0
ANOVA,5,8,10,5,1.0
ANOVA,5,8,10,5,1.0
ANOVA,5,8,10,5,1.0
ANOVA,5,8,11,5,1.0
ANOVA,5,8,11,5,1.0
ANOVA,5,8,11,5,1.0
ANOVA,5,8,12,5,1.0
ANOVA,5,8,12,5,1.0
ANOVA,5,8,12,5,1.0
ANOVA,5,8,13,5,1.0
ANOVA,5,8,13,5,1.0
ANOVA,5,8,13,5,1.0
ANOVA,5,8,14,5,1.0
ANOVA,5,8,14,5,1.0
ANOVA,5,8,14,5,1.0
ANOVA,5,8,15,5,1.0
ANOVA,5,8,15,5,1.0
ANOVA,5,8,15,5,1.0
ANOVA,5,8,16,5,1.0
ANOVA,5,8,16,5,1.0
ANOVA,5,8,16,5,1.0
ANOVA,5,8,17,5,1.0
ANOVA,5,8,17,5,1.0
ANOVA,5,8,17,5,1.0
ANOVA,5,8,18,5,1.0
ANOVA,5,8,18,5,1.0
ANOVA,5,8,18,5,1.0
ANOVA,5,8,19,5,1.0
ANOVA,5,8,19,5,1.0
ANOVA,5,8,19,5,1.0
ANOVA,5,8,20,5,1.0
ANOVA,5,8,20,5,1.0
ANOVA,5,8,20,5,1.0
ANOVA,5,8,21,5,1.0
ANOVA,5,8,21,5,1.0
ANOVA,5,8,21,5,1.0
ANOVA,5,8,22,5,1.0
ANOVA,5,8,22,5,1.0
ANOVA,5,8,22,5,1.0
ANOVA,5,8,23,4,0.76
ANOVA,5,8,23,4,0.76
ANOVA,5,8,23,4,0.76
ANOVA,5,8,24,5,1.0
ANOVA,5,8,24,5,1.0
ANOVA,5,8,24,5,1.0
ANOVA,5,8,25,5,1.0
ANOVA,5,8,25,5,1.0
ANOVA,5,8,25,5,1.0
ANOVA,5,8,9,5,1.0
ANOVA,5,8,9,5,1.0
ANOVA,5,8,9,5,1.0
ANOVA,5,8,10,5,1.0
ANOVA,5,8,10,5,1.0
ANOVA,5,8,10,5,1.0
ANOVA,5,8,11,5,1.0
ANOVA,5,8,11,5,1.0
ANOVA,5,8,11,5,1.0
ANOVA,5,8,12,5,1.0
ANOVA,5,8,12,5,1.0
ANOVA,5,8,12,5,1.0
ANOVA,5,8,13,5,1.0
ANOVA,5,8,13,5,1.0
ANOVA,5,8,13,5,1.0
ANOVA,5,8,14,5,1.0
ANOVA,5,8,14,5,1.0
ANOVA,5,8,14,5,1.0
ANOVA,5,8,15,5,1.0
ANOVA,5,8,15,5,1.0
ANOVA,5,8,15,5,1.0
ANOVA,5,8,16,5,1.0
ANOVA,5,8,16,5,1.0
ANOVA,5,8,16,5,1.0
ANOVA,5,8,17,5,1.0
ANOVA,5,8,17,5,1.0
ANOVA,5,8,17,5,1.0
ANOVA,5,8,18,5,1.0
ANOVA,5,8,18,5,1.0
ANOVA,5,8,18,5,1.0
ANOVA,5,8,19,5,1.0
ANOVA,5,8,19,5,1.0
ANOVA,5,8,19,5,1.0
ANOVA,5,8,20,5,1.0
ANOVA,5,8,20,5,1.0
ANOVA,5,8,20,5,1.0
ANOVA,5,8,21,5,1.0
ANOVA,5,8,21,5,1.0
ANOVA,5,8,21,5,1.0
ANOVA,5,8,22,5,1.0
ANOVA,5,8,22,5,1.0
ANOVA,5,8,22,5,1.0
ANOVA,5,8,23,4,0.76
ANOVA,5,8,23,4,0.76
ANOVA,5,8,23,4,0.76
ANOVA,5,8,24,5,1.0
ANOVA,5,8,24,5,1.0
ANOVA,5,8,24,5,1.0
ANOVA,5,8,25,5,1.0
ANOVA,5,8,25,5,1.0
ANOVA,5,8,25,5,1.0
ANOVA,5,9,9,5,1.0
ANOVA,5,9,9,5,1.0
ANOVA,5,9,10,5,1.0
ANOVA,5,9,10,5,1.0
ANOVA,5,9,10,5,1.0
ANOVA,5,9,11,5,1.0
ANOVA,5,9,11,5,1.0
ANOVA,5,9,11,5,1.0
ANOVA,5,9,12,5,1.0
ANOVA,5,9,12,5,1.0
ANOVA,5,9,12,5,1.0
ANOVA,5,9,13,5,1.0
ANOVA,5,9,13,5,1.0
ANOVA,5,9,13,5,1.0
ANOVA,5,9,14,5,1.0
ANOVA,5,9,14,5,1.0
ANOVA,5,9,14,5,1.0
ANOVA,5,9,15,5,1.0
ANOVA,5,9,15,5,1.0
ANOVA,5,9,15,5,1.0
ANOVA,5,9,16,5,1.0
ANOVA,5,9,16,5,1.0
ANOVA,5,9,16,5,1.0
ANOVA,5,9,17,5,1.0
ANOVA,5,9,17,5,1.0
ANOVA,5,9,17,5,1.0
ANOVA,5,9,18,5,1.0
ANOVA,5,9,18,5,1.0
ANOVA,5,9,18,5,1.0
ANOVA,5,9,19,5,1.0
ANOVA,5,9,19,5,1.0
ANOVA,5,9,19,5,1.0
ANOVA,5,9,20,5,1.0
ANOVA,5,9,20,5,1.0
ANOVA,5,9,20,5,1.0
ANOVA,5,9,21,5,1.0
ANOVA,5,9,21,5,1.0
ANOVA,5,9,21,5,1.0
ANOVA,5,9,22,5,1.0
ANOVA,5,9,22,5,1.0
ANOVA,5,9,22,5,1.0
ANOVA,5,9,23,4,0.76
ANOVA,5,9,23,4,0.76
ANOVA,5,9,23,4,0.76
ANOVA,5,9,24,5,1.0
ANOVA,5,9,24,5,1.0
ANOVA,5,9,24,5,1.0
ANOVA,5,9,25,5,1.0
ANOVA,5,9,25,5,1.0
ANOVA,5,9,25,5,1.0
ANOVA,5,9,9,5,1.0
ANOVA,5,9,10,5,1.0
ANOVA,5,9,10,5,1.0
ANOVA,5,9,10,5,1.0
ANOVA,5,9,11,5,1.0
ANOVA,5,9,11,5,1.0
ANOVA,5,9,11,5,1.0
ANOVA,5,9,12,5,1.0
ANOVA,5,9,12,5,1.0
ANOVA,5,9,12,5,1.0
ANOVA,5,9,13,5,1.0
ANOVA,5,9,13,5,1.0
ANOVA,5,9,13,5,1.0
ANOVA,5,9,14,5,1.0
ANOVA,5,9,14,5,1.0
ANOVA,5,9,14,5,1.0
ANOVA,5,9,15,5,1.0
ANOVA,5,9,15,5,1.0
ANOVA,5,9,15,5,1.0
ANOVA,5,9,16,5,1.0
ANOVA,5,9,16,5,1.0
ANOVA,5,9,16,5,1.0
ANOVA,5,9,17,5,1.0
ANOVA,5,9,17,5,1.0
ANOVA,5,9,17,5,1.0
ANOVA,5,9,18,5,1.0
ANOVA,5,9,18,5,1.0
ANOVA,5,9,18,5,1.0
ANOVA,5,9,19,5,1.0
ANOVA,5,9,19,5,1.0
ANOVA,5,9,19,5,1.0
ANOVA,5,9,20,5,1.0
ANOVA,5,9,20,5,1.0
ANOVA,5,9,20,5,1.0
ANOVA,5,9,21,5,1.0
ANOVA,5,9,21,5,1.0
ANOVA,5,9,21,5,1.0
ANOVA,5,9,22,5,1.0
ANOVA,5,9,22,5,1.0
ANOVA,5,9,22,5,1.0
ANOVA,5,9,23,4,0.76
ANOVA,5,9,23,4,0.76
ANOVA,5,9,23,4,0.76
ANOVA,5,9,24,5,1.0
ANOVA,5,9,24,5,1.0
ANOVA,5,9,24,5,1.0
ANOVA,5,9,25,5,1.0
ANOVA,5,9,25,5,1.0
ANOVA,5,9,25,5,1.0
ANOVA,5,9,10,5,1.0
ANOVA,5,9,10,5,1.0
ANOVA,5,9,10,5,1.0
ANOVA,5,9,11,5,1.0
ANOVA,5,9,11,5,1.0
ANOVA,5,9,11,5,1.0
ANOVA,5,9,12,5,1.0
ANOVA,5,9,12,5,1.0
ANOVA,5,9,12,5,1.0
ANOVA,5,9,13,5,1.0
ANOVA,5,9,13,5,1.0
ANOVA,5,9,13,5,1.0
ANOVA,5,9,14,5,1.0
ANOVA,5,9,14,5,1.0
ANOVA,5,9,14,5,1.0
ANOVA,5,9,15,5,1.0
ANOVA,5,9,15,5,1.0
ANOVA,5,9,15,5,1.0
ANOVA,5,9,16,5,1.0
ANOVA,5,9,16,5,1.0
ANOVA,5,9,16,5,1.0
ANOVA,5,9,17,5,1.0
ANOVA,5,9,17,5,1.0
ANOVA,5,9,17,5,1.0
ANOVA,5,9,18,5,1.0
ANOVA,5,9,18,5,1.0
ANOVA,5,9,18,5,1.0
ANOVA,5,9,19,5,1.0
ANOVA,5,9,19,5,1.0
ANOVA,5,9,19,5,1.0
ANOVA,5,9,20,5,1.0
ANOVA,5,9,20,5,1.0
ANOVA,5,9,20,5,1.0
ANOVA,5,9,21,5,1.0
ANOVA,5,9,21,5,1.0
ANOVA,5,9,21,5,1.0
ANOVA,5,9,22,5,1.0
ANOVA,5,9,22,5,1.0
ANOVA,5,9,22,5,1.0
ANOVA,5,9,23,4,0.76
ANOVA,5,9,23,4,0.76
ANOVA,5,9,23,4,0.76
ANOVA,5,9,24,5,1.0
ANOVA,5,9,24,5,1.0
ANOVA,5,9,24,5,1.0
ANOVA,5,9,25,5,1.0
ANOVA,5,9,25,5,1.0
ANOVA,5,9,25,5,1.0
ANOVA,5,10,10,5,1.0
ANOVA,5,10,10,5,1.0
ANOVA,5,10,11,5,1.0
ANOVA,5,10,11,5,1.0
ANOVA,5,10,11,5,1.0
ANOVA,5,10,12,5,1.0
ANOVA,5,10,12,5,1.0
ANOVA,5,10,12,5,1.0
ANOVA,5,10,13,5,1.0
ANOVA,5,10,13,5,1.0
ANOVA,5,10,13,5,1.0
ANOVA,5,10,14,5,1.0
ANOVA,5,10,14,5,1.0
ANOVA,5,10,14,5,1.0
ANOVA,5,10,15,5,1.0
ANOVA,5,10,15,5,1.0
ANOVA,5,10,15,5,1.0
ANOVA,5,10,16,5,1.0
ANOVA,5,10,16,5,1.0
ANOVA,5,10,16,5,1.0
ANOVA,5,10,17,5,1.0
ANOVA,5,10,17,5,1.0
ANOVA,5,10,17,5,1.0
ANOVA,5,10,18,5,1.0
ANOVA,5,10,18,5,1.0
ANOVA,5,10,18,5,1.0
ANOVA,5,10,19,5,1.0
ANOVA,5,10,19,5,1.0
ANOVA,5,10,19,5,1.0
ANOVA,5,10,20,5,1.0
ANOVA,5,10,20,5,1.0
ANOVA,5,10,20,5,1.0
ANOVA,5,10,21,5,1.0
ANOVA,5,10,21,5,1.0
ANOVA,5,10,21,5,1.0
ANOVA,5,10,22,5,1.0
ANOVA,5,10,22,5,1.0
ANOVA,5,10,22,5,1.0
ANOVA,5,10,23,4,0.76
ANOVA,5,10,23,4,0.76
ANOVA,5,10,23,4,0.76
ANOVA,5,10,24,5,1.0
ANOVA,5,10,24,5,1.0
ANOVA,5,10,24,5,1.0
ANOVA,5,10,25,5,1.0
ANOVA,5,10,25,5,1.0
ANOVA,5,10,25,5,1.0
ANOVA,5,10,10,5,1.0
ANOVA,5,10,11,5,1.0
ANOVA,5,10,11,5,1.0
ANOVA,5,10,11,5,1.0
ANOVA,5,10,12,5,1.0
ANOVA,5,10,12,5,1.0
ANOVA,5,10,12,5,1.0
ANOVA,5,10,13,5,1.0
ANOVA,5,10,13,5,1.0
ANOVA,5,10,13,5,1.0
ANOVA,5,10,14,5,1.0
ANOVA,5,10,14,5,1.0
ANOVA,5,10,14,5,1.0
ANOVA,5,10,15,5,1.0
ANOVA,5,10,15,5,1.0
ANOVA,5,10,15,5,1.0
ANOVA,5,10,16,5,1.0
ANOVA,5,10,16,5,1.0
ANOVA,5,10,16,5,1.0
ANOVA,5,10,17,5,1.0
ANOVA,5,10,17,5,1.0
ANOVA,5,10,17,5,1.0
ANOVA,5,10,18,5,1.0
ANOVA,5,10,18,5,1.0
ANOVA,5,10,18,5,1.0
ANOVA,5,10,19,5,1.0
ANOVA,5,10,19,5,1.0
ANOVA,5,10,19,5,1.0
ANOVA,5,10,20,5,1.0
ANOVA,5,10,20,5,1.0
ANOVA,5,10,20,5,1.0
ANOVA,5,10,21,5,1.0
ANOVA,5,10,21,5,1.0
ANOVA,5,10,21,5,1.0
ANOVA,5,10,22,5,1.0
ANOVA,5,10,22,5,1.0
ANOVA,5,10,22,5,1.0
ANOVA,5,10,23,4,0.76
ANOVA,5,10,23,4,0.76
ANOVA,5,10,23,4,0.76
ANOVA,5,10,24,5,1.0
ANOVA,5,10,24,5,1.0
ANOVA,5,10,24,5,1.0
ANOVA,5,10,25,5,1.0
ANOVA,5,10,25,5,1.0
ANOVA,5,10,25,5,1.0
ANOVA,5,10,11,5,1.0
ANOVA,5,10,11,5,1.0
ANOVA,5,10,11,5,1.0
ANOVA,5,10,12,5,1.0
ANOVA,5,10,12,5,1.0
ANOVA,5,10,12,5,1.0
ANOVA,5,10,13,5,1.0
ANOVA,5,10,13,5,1.0
ANOVA,5,10,13,5,1.0
ANOVA,5,10,14,5,1.0
ANOVA,5,10,14,5,1.0
ANOVA,5,10,14,5,1.0
ANOVA,5,10,15,5,1.0
ANOVA,5,10,15,5,1.0
ANOVA,5,10,15,5,1.0
ANOVA,5,10,16,5,1.0
ANOVA,5,10,16,5,1.0
ANOVA,5,10,16,5,1.0
ANOVA,5,10,17,5,1.0
ANOVA,5,10,17,5,1.0
ANOVA,5,10,17,5,1.0
ANOVA,5,10,18,5,1.0
ANOVA,5,10,18,5,1.0
ANOVA,5,10,18,5,1.0
ANOVA,5,10,19,5,1.0
ANOVA,5,10,19,5,1.0
ANOVA,5,10,19,5,1.0
ANOVA,5,10,20,5,1.0
ANOVA,5,10,20,5,1.0
ANOVA,5,10,20,5,1.0
ANOVA,5,10,21,5,1.0
ANOVA,5,10,21,5,1.0
ANOVA,5,10,21,5,1.0
ANOVA,5,10,22,5,1.0
ANOVA,5,10,22,5,1.0
ANOVA,5,10,22,5,1.0
ANOVA,5,10,23,4,0.76
ANOVA,5,10,23,4,0.76
ANOVA,5,10,23,4,0.76
ANOVA,5,10,24,5,1.0
ANOVA,5,10,24,5,1.0
ANOVA,5,10,24,5,1.0
ANOVA,5,10,25,5,1.0
ANOVA,5,10,25,5,1.0
ANOVA,5,10,25,5,1.0
ANOVA,5,11,11,5,1.0
ANOVA,5,11,11,5,1.0
ANOVA,5,11,12,5,1.0
ANOVA,5,11,12,5,1.0
ANOVA,5,11,12,5,1.0
ANOVA,5,11,13,5,1.0
ANOVA,5,11,13,5,1.0
ANOVA,5,11,13,5,1.0
ANOVA,5,11,14,5,1.0
ANOVA,5,11,14,5,1.0
ANOVA,5,11,14,5,1.0
ANOVA,5,11,15,5,1.0
ANOVA,5,11,15,5,1.0
ANOVA,5,11,15,5,1.0
ANOVA,5,11,16,5,1.0
ANOVA,5,11,16,5,1.0
ANOVA,5,11,16,5,1.0
ANOVA,5,11,17,5,1.0
ANOVA,5,11,17,5,1.0
ANOVA,5,11,17,5,1.0
ANOVA,5,11,18,5,1.0
ANOVA,5,11,18,5,1.0
ANOVA,5,11,18,5,1.0
ANOVA,5,11,19,5,1.0
ANOVA,5,11,19,5,1.0
ANOVA,5,11,19,5,1.0
ANOVA,5,11,20,5,1.0
ANOVA,5,11,20,5,1.0
ANOVA,5,11,20,5,1.0
ANOVA,5,11,21,5,1.0
ANOVA,5,11,21,5,1.0
ANOVA,5,11,21,5,1.0
ANOVA,5,11,22,5,1.0
ANOVA,5,11,22,5,1.0
ANOVA,5,11,22,5,1.0
ANOVA,5,11,23,4,0.76
ANOVA,5,11,23,4,0.76
ANOVA,5,11,23,4,0.76
ANOVA,5,11,24,5,1.0
ANOVA,5,11,24,5,1.0
ANOVA,5,11,24,5,1.0
ANOVA,5,11,25,5,1.0
ANOVA,5,11,25,5,1.0
ANOVA,5,11,25,5,1.0
ANOVA,5,11,11,5,1.0
ANOVA,5,11,12,5,1.0
ANOVA,5,11,12,5,1.0
ANOVA,5,11,12,5,1.0
ANOVA,5,11,13,5,1.0
ANOVA,5,11,13,5,1.0
ANOVA,5,11,13,5,1.0
ANOVA,5,11,14,5,1.0
ANOVA,5,11,14,5,1.0
ANOVA,5,11,14,5,1.0
ANOVA,5,11,15,5,1.0
ANOVA,5,11,15,5,1.0
ANOVA,5,11,15,5,1.0
ANOVA,5,11,16,5,1.0
ANOVA,5,11,16,5,1.0
ANOVA,5,11,16,5,1.0
ANOVA,5,11,17,5,1.0
ANOVA,5,11,17,5,1.0
ANOVA,5,11,17,5,1.0
ANOVA,5,11,18,5,1.0
ANOVA,5,11,18,5,1.0
ANOVA,5,11,18,5,1.0
ANOVA,5,11,19,5,1.0
ANOVA,5,11,19,5,1.0
ANOVA,5,11,19,5,1.0
ANOVA,5,11,20,5,1.0
ANOVA,5,11,20,5,1.0
ANOVA,5,11,20,5,1.0
ANOVA,5,11,21,5,1.0
ANOVA,5,11,21,5,1.0
ANOVA,5,11,21,5,1.0
ANOVA,5,11,22,5,1.0
ANOVA,5,11,22,5,1.0
ANOVA,5,11,22,5,1.0
ANOVA,5,11,23,4,0.76
ANOVA,5,11,23,4,0.76
ANOVA,5,11,23,4,0.76
ANOVA,5,11,24,5,1.0
ANOVA,5,11,24,5,1.0
ANOVA,5,11,24,5,1.0
ANOVA,5,11,25,5,1.0
ANOVA,5,11,25,5,1.0
ANOVA,5,11,25,5,1.0
ANOVA,5,11,12,5,1.0
ANOVA,5,11,12,5,1.0
ANOVA,5,11,12,5,1.0
ANOVA,5,11,13,5,1.0
ANOVA,5,11,13,5,1.0
ANOVA,5,11,13,5,1.0
ANOVA,5,11,14,5,1.0
ANOVA,5,11,14,5,1.0
ANOVA,5,11,14,5,1.0
ANOVA,5,11,15,5,1.0
ANOVA,5,11,15,5,1.0
ANOVA,5,11,15,5,1.0
ANOVA,5,11,16,5,1.0
ANOVA,5,11,16,5,1.0
ANOVA,5,11,16,5,1.0
ANOVA,5,11,17,5,1.0
ANOVA,5,11,17,5,1.0
ANOVA,5,11,17,5,1.0
ANOVA,5,11,18,5,1.0
ANOVA,5,11,18,5,1.0
ANOVA,5,11,18,5,1.0
ANOVA,5,11,19,5,1.0
ANOVA,5,11,19,5,1.0
ANOVA,5,11,19,5,1.0
ANOVA,5,11,20,5,1.0
ANOVA,5,11,20,5,1.0
ANOVA,5,11,20,5,1.0
ANOVA,5,11,21,5,1.0
ANOVA,5,11,21,5,1.0
ANOVA,5,11,21,5,1.0
ANOVA,5,11,22,5,1.0
ANOVA,5,11,22,5,1.0
ANOVA,5,11,22,5,1.0
ANOVA,5,11,23,4,0.76
ANOVA,5,11,23,4,0.76
ANOVA,5,11,23,4,0.76
ANOVA,5,11,24,5,1.0
ANOVA,5,11,24,5,1.0
ANOVA,5,11,24,5,1.0
ANOVA,5,11,25,5,1.0
ANOVA,5,11,25,5,1.0
ANOVA,5,11,25,5,1.0
ANOVA,5,12,12,5,1.0
ANOVA,5,12,12,5,1.0
ANOVA,5,12,13,5,1.0
ANOVA,5,12,13,5,1.0
ANOVA,5,12,13,5,1.0
ANOVA,5,12,14,5,1.0
ANOVA,5,12,14,5,1.0
ANOVA,5,12,14,5,1.0
ANOVA,5,12,15,5,1.0
ANOVA,5,12,15,5,1.0
ANOVA,5,12,15,5,1.0
ANOVA,5,12,16,5,1.0
ANOVA,5,12,16,5,1.0
ANOVA,5,12,16,5,1.0
ANOVA,5,12,17,5,1.0
ANOVA,5,12,17,5,1.0
ANOVA,5,12,17,5,1.0
ANOVA,5,12,18,5,1.0
ANOVA,5,12,18,5,1.0
ANOVA,5,12,18,5,1.0
ANOVA,5,12,19,5,1.0
ANOVA,5,12,19,5,1.0
ANOVA,5,12,19,5,1.0
ANOVA,5,12,20,5,1.0
ANOVA,5,12,20,5,1.0
ANOVA,5,12,20,5,1.0
ANOVA,5,12,21,5,1.0
ANOVA,5,12,21,5,1.0
ANOVA,5,12,21,5,1.0
ANOVA,5,12,22,5,1.0
ANOVA,5,12,22,5,1.0
ANOVA,5,12,22,5,1.0
ANOVA,5,12,23,4,0.76
ANOVA,5,12,23,4,0.76
ANOVA,5,12,23,4,0.76
ANOVA,5,12,24,5,1.0
ANOVA,5,12,24,5,1.0
ANOVA,5,12,24,5,1.0
ANOVA,5,12,25,5,1.0
ANOVA,5,12,25,5,1.0
ANOVA,5,12,25,5,1.0
ANOVA,5,12,12,5,1.0
ANOVA,5,12,13,5,1.0
ANOVA,5,12,13,5,1.0
ANOVA,5,12,13,5,1.0
ANOVA,5,12,14,5,1.0
ANOVA,5,12,14,5,1.0
ANOVA,5,12,14,5,1.0
ANOVA,5,12,15,5,1.0
ANOVA,5,12,15,5,1.0
ANOVA,5,12,15,5,1.0
ANOVA,5,12,16,5,1.0
ANOVA,5,12,16,5,1.0
ANOVA,5,12,16,5,1.0
ANOVA,5,12,17,5,1.0
ANOVA,5,12,17,5,1.0
ANOVA,5,12,17,5,1.0
ANOVA,5,12,18,5,1.0
ANOVA,5,12,18,5,1.0
ANOVA,5,12,18,5,1.0
ANOVA,5,12,19,5,1.0
ANOVA,5,12,19,5,1.0
ANOVA,5,12,19,5,1.0
ANOVA,5,12,20,5,1.0
ANOVA,5,12,20,5,1.0
ANOVA,5,12,20,5,1.0
ANOVA,5,12,21,5,1.0
ANOVA,5,12,21,5,1.0
ANOVA,5,12,21,5,1.0
ANOVA,5,12,22,5,1.0
ANOVA,5,12,22,5,1.0
ANOVA,5,12,22,5,1.0
ANOVA,5,12,23,4,0.76
ANOVA,5,12,23,4,0.76
ANOVA,5,12,23,4,0.76
ANOVA,5,12,24,5,1.0
ANOVA,5,12,24,5,1.0
ANOVA,5,12,24,5,1.0
ANOVA,5,12,25,5,1.0
ANOVA,5,12,25,5,1.0
ANOVA,5,12,25,5,1.0
ANOVA,5,12,13,5,1.0
ANOVA,5,12,13,5,1.0
ANOVA,5,12,13,5,1.0
ANOVA,5,12,14,5,1.0
ANOVA,5,12,14,5,1.0
ANOVA,5,12,14,5,1.0
ANOVA,5,12,15,5,1.0
ANOVA,5,12,15,5,1.0
ANOVA,5,12,15,5,1.0
ANOVA,5,12,16,5,1.0
ANOVA,5,12,16,5,1.0
ANOVA,5,12,16,5,1.0
ANOVA,5,12,17,5,1.0
ANOVA,5,12,17,5,1.0
ANOVA,5,12,17,5,1.0
ANOVA,5,12,18,5,1.0
ANOVA,5,12,18,5,1.0
ANOVA,5,12,18,5,1.0
ANOVA,5,12,19,5,1.0
ANOVA,5,12,19,5,1.0
ANOVA,5,12,19,5,1.0
ANOVA,5,12,20,5,1.0
ANOVA,5,12,20,5,1.0
ANOVA,5,12,20,5,1.0
ANOVA,5,12,21,5,1.0
ANOVA,5,12,21,5,1.0
ANOVA,5,12,21,5,1.0
ANOVA,5,12,22,5,1.0
ANOVA,5,12,22,5,1.0
ANOVA,5,12,22,5,1.0
ANOVA,5,12,23,4,0.76
ANOVA,5,12,23,4,0.76
ANOVA,5,12,23,4,0.76
ANOVA,5,12,24,5,1.0
ANOVA,5,12,24,5,1.0
ANOVA,5,12,24,5,1.0
ANOVA,5,12,25,5,1.0
ANOVA,5,12,25,5,1.0
ANOVA,5,12,25,5,1.0
ANOVA,5,13,13,5,1.0
ANOVA,5,13,13,5,1.0
ANOVA,5,13,14,5,1.0
ANOVA,5,13,14,5,1.0
ANOVA,5,13,14,5,1.0
ANOVA,5,13,15,5,1.0
ANOVA,5,13,15,5,1.0
ANOVA,5,13,15,5,1.0
ANOVA,5,13,16,5,1.0
ANOVA,5,13,16,5,1.0
ANOVA,5,13,16,5,1.0
ANOVA,5,13,17,5,1.0
ANOVA,5,13,17,5,1.0
ANOVA,5,13,17,5,1.0
ANOVA,5,13,18,5,1.0
ANOVA,5,13,18,5,1.0
ANOVA,5,13,18,5,1.0
ANOVA,5,13,19,5,1.0
ANOVA,5,13,19,5,1.0
ANOVA,5,13,19,5,1.0
ANOVA,5,13,20,5,1.0
ANOVA,5,13,20,5,1.0
ANOVA,5,13,20,5,1.0
ANOVA,5,13,21,5,1.0
ANOVA,5,13,21,5,1.0
ANOVA,5,13,21,5,1.0
ANOVA,5,13,22,5,1.0
ANOVA,5,13,22,5,1.0
ANOVA,5,13,22,5,1.0
ANOVA,5,13,23,4,0.76
ANOVA,5,13,23,4,0.76
ANOVA,5,13,23,4,0.76
ANOVA,5,13,24,5,1.0
ANOVA,5,13,24,5,1.0
ANOVA,5,13,24,5,1.0
ANOVA,5,13,25,5,1.0
ANOVA,5,13,25,5,1.0
ANOVA,5,13,25,5,1.0
ANOVA,5,13,13,5,1.0
ANOVA,5,13,14,5,1.0
ANOVA,5,13,14,5,1.0
ANOVA,5,13,14,5,1.0
ANOVA,5,13,15,5,1.0
ANOVA,5,13,15,5,1.0
ANOVA,5,13,15,5,1.0
ANOVA,5,13,16,5,1.0
ANOVA,5,13,16,5,1.0
ANOVA,5,13,16,5,1.0
ANOVA,5,13,17,5,1.0
ANOVA,5,13,17,5,1.0
ANOVA,5,13,17,5,1.0
ANOVA,5,13,18,5,1.0
ANOVA,5,13,18,5,1.0
ANOVA,5,13,18,5,1.0
ANOVA,5,13,19,5,1.0
ANOVA,5,13,19,5,1.0
ANOVA,5,13,19,5,1.0
ANOVA,5,13,20,5,1.0
ANOVA,5,13,20,5,1.0
ANOVA,5,13,20,5,1.0
ANOVA,5,13,21,5,1.0
ANOVA,5,13,21,5,1.0
ANOVA,5,13,21,5,1.0
ANOVA,5,13,22,5,1.0
ANOVA,5,13,22,5,1.0
ANOVA,5,13,22,5,1.0
ANOVA,5,13,23,4,0.76
ANOVA,5,13,23,4,0.76
ANOVA,5,13,23,4,0.76
ANOVA,5,13,24,5,1.0
ANOVA,5,13,24,5,1.0
ANOVA,5,13,24,5,1.0
ANOVA,5,13,25,5,1.0
ANOVA,5,13,25,5,1.0
ANOVA,5,13,25,5,1.0
ANOVA,5,13,14,5,1.0
ANOVA,5,13,14,5,1.0
ANOVA,5,13,14,5,1.0
ANOVA,5,13,15,5,1.0
ANOVA,5,13,15,5,1.0
ANOVA,5,13,15,5,1.0
ANOVA,5,13,16,5,1.0
ANOVA,5,13,16,5,1.0
ANOVA,5,13,16,5,1.0
ANOVA,5,13,17,5,1.0
ANOVA,5,13,17,5,1.0
ANOVA,5,13,17,5,1.0
ANOVA,5,13,18,5,1.0
ANOVA,5,13,18,5,1.0
ANOVA,5,13,18,5,1.0
ANOVA,5,13,19,5,1.0
ANOVA,5,13,19,5,1.0
ANOVA,5,13,19,5,1.0
ANOVA,5,13,20,5,1.0
ANOVA,5,13,20,5,1.0
ANOVA,5,13,20,5,1.0
ANOVA,5,13,21,5,1.0
ANOVA,5,13,21,5,1.0
ANOVA,5,13,21,5,1.0
ANOVA,5,13,22,5,1.0
ANOVA,5,13,22,5,1.0
ANOVA,5,13,22,5,1.0
ANOVA,5,13,23,4,0.76
ANOVA,5,13,23,4,0.76
ANOVA,5,13,23,4,0.76
ANOVA,5,13,24,5,1.0
ANOVA,5,13,24,5,1.0
ANOVA,5,13,24,5,1.0
ANOVA,5,13,25,5,1.0
ANOVA,5,13,25,5,1.0
ANOVA,5,13,25,5,1.0
ANOVA,5,14,14,5,1.0
ANOVA,5,14,14,5,1.0
ANOVA,5,14,15,5,1.0
ANOVA,5,14,15,5,1.0
ANOVA,5,14,15,5,1.0
ANOVA,5,14,16,5,1.0
ANOVA,5,14,16,5,1.0
ANOVA,5,14,16,5,1.0
ANOVA,5,14,17,5,1.0
ANOVA,5,14,17,5,1.0
ANOVA,5,14,17,5,1.0
ANOVA,5,14,18,5,1.0
ANOVA,5,14,18,5,1.0
ANOVA,5,14,18,5,1.0
ANOVA,5,14,19,5,1.0
ANOVA,5,14,19,5,1.0
ANOVA,5,14,19,5,1.0
ANOVA,5,14,20,5,1.0
ANOVA,5,14,20,5,1.0
ANOVA,5,14,20,5,1.0
ANOVA,5,14,21,5,1.0
ANOVA,5,14,21,5,1.0
ANOVA,5,14,21,5,1.0
ANOVA,5,14,22,5,1.0
ANOVA,5,14,22,5,1.0
ANOVA,5,14,22,5,1.0
ANOVA,5,14,23,4,0.76
ANOVA,5,14,23,4,0.76
ANOVA,5,14,23,4,0.76
ANOVA,5,14,24,5,1.0
ANOVA,5,14,24,5,1.0
ANOVA,5,14,24,5,1.0
ANOVA,5,14,25,5,1.0
ANOVA,5,14,25,5,1.0
ANOVA,5,14,25,5,1.0
ANOVA,5,14,14,5,1.0
ANOVA,5,14,15,5,1.0
ANOVA,5,14,15,5,1.0
ANOVA,5,14,15,5,1.0
ANOVA,5,14,16,5,1.0
ANOVA,5,14,16,5,1.0
ANOVA,5,14,16,5,1.0
ANOVA,5,14,17,5,1.0
ANOVA,5,14,17,5,1.0
ANOVA,5,14,17,5,1.0
ANOVA,5,14,18,5,1.0
ANOVA,5,14,18,5,1.0
ANOVA,5,14,18,5,1.0
ANOVA,5,14,19,5,1.0
ANOVA,5,14,19,5,1.0
ANOVA,5,14,19,5,1.0
ANOVA,5,14,20,5,1.0
ANOVA,5,14,20,5,1.0
ANOVA,5,14,20,5,1.0
ANOVA,5,14,21,5,1.0
ANOVA,5,14,21,5,1.0
ANOVA,5,14,21,5,1.0
ANOVA,5,14,22,5,1.0
ANOVA,5,14,22,5,1.0
ANOVA,5,14,22,5,1.0
ANOVA,5,14,23,4,0.76
ANOVA,5,14,23,4,0.76
ANOVA,5,14,23,4,0.76
ANOVA,5,14,24,5,1.0
ANOVA,5,14,24,5,1.0
ANOVA,5,14,24,5,1.0
ANOVA,5,14,25,5,1.0
ANOVA,5,14,25,5,1.0
ANOVA,5,14,25,5,1.0
ANOVA,5,14,15,5,1.0
ANOVA,5,14,15,5,1.0
ANOVA,5,14,15,5,1.0
ANOVA,5,14,16,5,1.0
ANOVA,5,14,16,5,1.0
ANOVA,5,14,16,5,1.0
ANOVA,5,14,17,5,1.0
ANOVA,5,14,17,5,1.0
ANOVA,5,14,17,5,1.0
ANOVA,5,14,18,5,1.0
ANOVA,5,14,18,5,1.0
ANOVA,5,14,18,5,1.0
ANOVA,5,14,19,5,1.0
ANOVA,5,14,19,5,1.0
ANOVA,5,14,19,5,1.0
ANOVA,5,14,20,5,1.0
ANOVA,5,14,20,5,1.0
ANOVA,5,14,20,5,1.0
ANOVA,5,14,21,5,1.0
ANOVA,5,14,21,5,1.0
ANOVA,5,14,21,5,1.0
ANOVA,5,14,22,5,1.0
ANOVA,5,14,22,5,1.0
ANOVA,5,14,22,5,1.0
ANOVA,5,14,23,4,0.76
ANOVA,5,14,23,4,0.76
ANOVA,5,14,23,4,0.76
ANOVA,5,14,24,5,1.0
ANOVA,5,14,24,5,1.0
ANOVA,5,14,24,5,1.0
ANOVA,5,14,25,5,1.0
ANOVA,5,14,25,5,1.0
ANOVA,5,14,25,5,1.0
ANOVA,5,15,15,5,1.0
ANOVA,5,15,15,5,1.0
ANOVA,5,15,16,5,1.0
ANOVA,5,15,16,5,1.0
ANOVA,5,15,16,5,1.0
ANOVA,5,15,17,5,1.0
ANOVA,5,15,17,5,1.0
ANOVA,5,15,17,5,1.0
ANOVA,5,15,18,5,1.0
ANOVA,5,15,18,5,1.0
ANOVA,5,15,18,5,1.0
ANOVA,5,15,19,5,1.0
ANOVA,5,15,19,5,1.0
ANOVA,5,15,19,5,1.0
ANOVA,5,15,20,5,1.0
ANOVA,5,15,20,5,1.0
ANOVA,5,15,20,5,1.0
ANOVA,5,15,21,5,1.0
ANOVA,5,15,21,5,1.0
ANOVA,5,15,21,5,1.0
ANOVA,5,15,22,5,1.0
ANOVA,5,15,22,5,1.0
ANOVA,5,15,22,5,1.0
ANOVA,5,15,23,4,0.76
ANOVA,5,15,23,4,0.76
ANOVA,5,15,23,4,0.76
ANOVA,5,15,24,5,1.0
ANOVA,5,15,24,5,1.0
ANOVA,5,15,24,5,1.0
ANOVA,5,15,25,5,1.0
ANOVA,5,15,25,5,1.0
ANOVA,5,15,25,5,1.0
ANOVA,5,15,15,5,1.0
ANOVA,5,15,16,5,1.0
ANOVA,5,15,16,5,1.0
ANOVA,5,15,16,5,1.0
ANOVA,5,15,17,5,1.0
ANOVA,5,15,17,5,1.0
ANOVA,5,15,17,5,1.0
ANOVA,5,15,18,5,1.0
ANOVA,5,15,18,5,1.0
ANOVA,5,15,18,5,1.0
ANOVA,5,15,19,5,1.0
ANOVA,5,15,19,5,1.0
ANOVA,5,15,19,5,1.0
ANOVA,5,15,20,5,1.0
ANOVA,5,15,20,5,1.0
ANOVA,5,15,20,5,1.0
ANOVA,5,15,21,5,1.0
ANOVA,5,15,21,5,1.0
ANOVA,5,15,21,5,1.0
ANOVA,5,15,22,5,1.0
ANOVA,5,15,22,5,1.0
ANOVA,5,15,22,5,1.0
ANOVA,5,15,23,4,0.76
ANOVA,5,15,23,4,0.76
ANOVA,5,15,23,4,0.76
ANOVA,5,15,24,5,1.0
ANOVA,5,15,24,5,1.0
ANOVA,5,15,24,5,1.0
ANOVA,5,15,25,5,1.0
ANOVA,5,15,25,5,1.0
ANOVA,5,15,25,5,1.0
ANOVA,5,15,16,5,1.0
ANOVA,5,15,16,5,1.0
ANOVA,5,15,16,5,1.0
ANOVA,5,15,17,5,1.0
ANOVA,5,15,17,5,1.0
ANOVA,5,15,17,5,1.0
ANOVA,5,15,18,5,1.0
ANOVA,5,15,18,5,1.0
ANOVA,5,15,18,5,1.0
ANOVA,5,15,19,5,1.0
ANOVA,5,15,19,5,1.0
ANOVA,5,15,19,5,1.0
ANOVA,5,15,20,5,1.0
ANOVA,5,15,20,5,1.0
ANOVA,5,15,20,5,1.0
ANOVA,5,15,21,5,1.0
ANOVA,5,15,21,5,1.0
ANOVA,5,15,21,5,1.0
ANOVA,5,15,22,5,1.0
ANOVA,5,15,22,5,1.0
ANOVA,5,15,22,5,1.0
ANOVA,5,15,23,4,0.76
ANOVA,5,15,23,4,0.76
ANOVA,5,15,23,4,0.76
ANOVA,5,15,24,5,1.0
ANOVA,5,15,24,5,1.0
ANOVA,5,15,24,5,1.0
ANOVA,5,15,25,5,1.0
ANOVA,5,15,25,5,1.0
ANOVA,5,15,25,5,1.0
ANOVA,5,16,16,5,1.0
ANOVA,5,16,16,5,1.0
ANOVA,5,16,17,5,1.0
ANOVA,5,16,17,5,1.0
ANOVA,5,16,17,5,1.0
ANOVA,5,16,18,5,1.0
ANOVA,5,16,18,5,1.0
ANOVA,5,16,18,5,1.0
ANOVA,5,16,19,5,1.0
ANOVA,5,16,19,5,1.0
ANOVA,5,16,19,5,1.0
ANOVA,5,16,20,5,1.0
ANOVA,5,16,20,5,1.0
ANOVA,5,16,20,5,1.0
ANOVA,5,16,21,5,1.0
ANOVA,5,16,21,5,1.0
ANOVA,5,16,21,5,1.0
ANOVA,5,16,22,5,1.0
ANOVA,5,16,22,5,1.0
ANOVA,5,16,22,5,1.0
ANOVA,5,16,23,4,0.76
ANOVA,5,16,23,4,0.76
ANOVA,5,16,23,4,0.76
ANOVA,5,16,24,5,1.0
ANOVA,5,16,24,5,1.0
ANOVA,5,16,24,5,1.0
ANOVA,5,16,25,5,1.0
ANOVA,5,16,25,5,1.0
ANOVA,5,16,25,5,1.0
ANOVA,5,16,16,5,1.0
ANOVA,5,16,17,5,1.0
ANOVA,5,16,17,5,1.0
ANOVA,5,16,17,5,1.0
ANOVA,5,16,18,5,1.0
ANOVA,5,16,18,5,1.0
ANOVA,5,16,18,5,1.0
ANOVA,5,16,19,5,1.0
ANOVA,5,16,19,5,1.0
ANOVA,5,16,19,5,1.0
ANOVA,5,16,20,5,1.0
ANOVA,5,16,20,5,1.0
ANOVA,5,16,20,5,1.0
ANOVA,5,16,21,5,1.0
ANOVA,5,16,21,5,1.0
ANOVA,5,16,21,5,1.0
ANOVA,5,16,22,5,1.0
ANOVA,5,16,22,5,1.0
ANOVA,5,16,22,5,1.0
ANOVA,5,16,23,4,0.76
ANOVA,5,16,23,4,0.76
ANOVA,5,16,23,4,0.76
ANOVA,5,16,24,5,1.0
ANOVA,5,16,24,5,1.0
ANOVA,5,16,24,5,1.0
ANOVA,5,16,25,5,1.0
ANOVA,5,16,25,5,1.0
ANOVA,5,16,25,5,1.0
ANOVA,5,16,17,5,1.0
ANOVA,5,16,17,5,1.0
ANOVA,5,16,17,5,1.0
ANOVA,5,16,18,5,1.0
ANOVA,5,16,18,5,1.0
ANOVA,5,16,18,5,1.0
ANOVA,5,16,19,5,1.0
ANOVA,5,16,19,5,1.0
ANOVA,5,16,19,5,1.0
ANOVA,5,16,20,5,1.0
ANOVA,5,16,20,5,1.0
ANOVA,5,16,20,5,1.0
ANOVA,5,16,21,5,1.0
ANOVA,5,16,21,5,1.0
ANOVA,5,16,21,5,1.0
ANOVA,5,16,22,5,1.0
ANOVA,5,16,22,5,1.0
ANOVA,5,16,22,5,1.0
ANOVA,5,16,23,4,0.76
ANOVA,5,16,23,4,0.76
ANOVA,5,16,23,4,0.76
ANOVA,5,16,24,5,1.0
ANOVA,5,16,24,5,1.0
ANOVA,5,16,24,5,1.0
ANOVA,5,16,25,5,1.0
ANOVA,5,16,25,5,1.0
ANOVA,5,16,25,5,1.0
ANOVA,5,17,17,5,1.0
ANOVA,5,17,17,5,1.0
ANOVA,5,17,18,5,1.0
ANOVA,5,17,18,5,1.0
ANOVA,5,17,18,5,1.0
ANOVA,5,17,19,5,1.0
ANOVA,5,17,19,5,1.0
ANOVA,5,17,19,5,1.0
ANOVA,5,17,20,5,1.0
ANOVA,5,17,20,5,1.0
ANOVA,5,17,20,5,1.0
ANOVA,5,17,21,5,1.0
ANOVA,5,17,21,5,1.0
ANOVA,5,17,21,5,1.0
ANOVA,5,17,22,5,1.0
ANOVA,5,17,22,5,1.0
ANOVA,5,17,22,5,1.0
ANOVA,5,17,23,4,0.76
ANOVA,5,17,23,4,0.76
ANOVA,5,17,23,4,0.76
ANOVA,5,17,24,5,1.0
ANOVA,5,17,24,5,1.0
ANOVA,5,17,24,5,1.0
ANOVA,5,17,25,5,1.0
ANOVA,5,17,25,5,1.0
ANOVA,5,17,25,5,1.0
ANOVA,5,17,17,5,1.0
ANOVA,5,17,18,5,1.0
ANOVA,5,17,18,5,1.0
ANOVA,5,17,18,5,1.0
ANOVA,5,17,19,5,1.0
ANOVA,5,17,19,5,1.0
ANOVA,5,17,19,5,1.0
ANOVA,5,17,20,5,1.0
ANOVA,5,17,20,5,1.0
ANOVA,5,17,20,5,1.0
ANOVA,5,17,21,5,1.0
ANOVA,5,17,21,5,1.0
ANOVA,5,17,21,5,1.0
ANOVA,5,17,22,5,1.0
ANOVA,5,17,22,5,1.0
ANOVA,5,17,22,5,1.0
ANOVA,5,17,23,4,0.76
ANOVA,5,17,23,4,0.76
ANOVA,5,17,23,4,0.76
ANOVA,5,17,24,5,1.0
ANOVA,5,17,24,5,1.0
ANOVA,5,17,24,5,1.0
ANOVA,5,17,25,5,1.0
ANOVA,5,17,25,5,1.0
ANOVA,5,17,25,5,1.0
ANOVA,5,17,18,5,1.0
ANOVA,5,17,18,5,1.0
ANOVA,5,17,18,5,1.0
ANOVA,5,17,19,5,1.0
ANOVA,5,17,19,5,1.0
ANOVA,5,17,19,5,1.0
ANOVA,5,17,20,5,1.0
ANOVA,5,17,20,5,1.0
ANOVA,5,17,20,5,1.0
ANOVA,5,17,21,5,1.0
ANOVA,5,17,21,5,1.0
ANOVA,5,17,21,5,1.0
ANOVA,5,17,22,5,1.0
ANOVA,5,17,22,5,1.0
ANOVA,5,17,22,5,1.0
ANOVA,5,17,23,4,0.76
ANOVA,5,17,23,4,0.76
ANOVA,5,17,23,4,0.76
ANOVA,5,17,24,5,1.0
ANOVA,5,17,24,5,1.0
ANOVA,5,17,24,5,1.0
ANOVA,5,17,25,5,1.0
ANOVA,5,17,25,5,1.0
ANOVA,5,17,25,5,1.0
ANOVA,5,18,18,5,1.0
ANOVA,5,18,18,5,1.0
ANOVA,5,18,19,5,1.0
ANOVA,5,18,19,5,1.0
ANOVA,5,18,19,5,1.0
ANOVA,5,18,20,5,1.0
ANOVA,5,18,20,5,1.0
ANOVA,5,18,20,5,1.0
ANOVA,5,18,21,5,1.0
ANOVA,5,18,21,5,1.0
ANOVA,5,18,21,5,1.0
ANOVA,5,18,22,5,1.0
ANOVA,5,18,22,5,1.0
ANOVA,5,18,22,5,1.0
ANOVA,5,18,23,4,0.76
ANOVA,5,18,23,4,0.76
ANOVA,5,18,23,4,0.76
ANOVA,5,18,24,5,1.0
ANOVA,5,18,24,5,1.0
ANOVA,5,18,24,5,1.0
ANOVA,5,18,25,5,1.0
ANOVA,5,18,25,5,1.0
ANOVA,5,18,25,5,1.0
ANOVA,5,18,18,5,1.0
ANOVA,5,18,19,5,1.0
ANOVA,5,18,19,5,1.0
ANOVA,5,18,19,5,1.0
ANOVA,5,18,20,5,1.0
ANOVA,5,18,20,5,1.0
ANOVA,5,18,20,5,1.0
ANOVA,5,18,21,5,1.0
ANOVA,5,18,21,5,1.0
ANOVA,5,18,21,5,1.0
ANOVA,5,18,22,5,1.0
ANOVA,5,18,22,5,1.0
ANOVA,5,18,22,5,1.0
ANOVA,5,18,23,4,0.76
ANOVA,5,18,23,4,0.76
ANOVA,5,18,23,4,0.76
ANOVA,5,18,24,5,1.0
ANOVA,5,18,24,5,1.0
ANOVA,5,18,24,5,1.0
ANOVA,5,18,25,5,1.0
ANOVA,5,18,25,5,1.0
ANOVA,5,18,25,5,1.0
ANOVA,5,18,19,5,1.0
ANOVA,5,18,19,5,1.0
ANOVA,5,18,19,5,1.0
ANOVA,5,18,20,5,1.0
ANOVA,5,18,20,5,1.0
ANOVA,5,18,20,5,1.0
ANOVA,5,18,21,5,1.0
ANOVA,5,18,21,5,1.0
ANOVA,5,18,21,5,1.0
ANOVA,5,18,22,5,1.0
ANOVA,5,18,22,5,1.0
ANOVA,5,18,22,5,1.0
ANOVA,5,18,23,4,0.76
ANOVA,5,18,23,4,0.76
ANOVA,5,18,23,4,0.76
ANOVA,5,18,24,5,1.0
ANOVA,5,18,24,5,1.0
ANOVA,5,18,24,5,1.0
ANOVA,5,18,25,5,1.0
ANOVA,5,18,25,5,1.0
ANOVA,5,18,25,5,1.0
ANOVA,5,19,19,5,1.0
ANOVA,5,19,19,5,1.0
ANOVA,5,19,20,5,1.0
ANOVA,5,19,20,5,1.0
ANOVA,5,19,20,5,1.0
ANOVA,5,19,21,5,1.0
ANOVA,5,19,21,5,1.0
ANOVA,5,19,21,5,1.0
ANOVA,5,19,22,5,1.0
ANOVA,5,19,22,5,1.0
ANOVA,5,19,22,5,1.0
ANOVA,5,19,23,4,0.76
ANOVA,5,19,23,4,0.76
ANOVA,5,19,23,4,0.76
ANOVA,5,19,24,5,1.0
ANOVA,5,19,24,5,1.0
ANOVA,5,19,24,5,1.0
ANOVA,5,19,25,5,1.0
ANOVA,5,19,25,5,1.0
ANOVA,5,19,25,5,1.0
ANOVA,5,19,19,5,1.0
ANOVA,5,19,20,5,1.0
ANOVA,5,19,20,5,1.0
ANOVA,5,19,20,5,1.0
ANOVA,5,19,21,5,1.0
ANOVA,5,19,21,5,1.0
ANOVA,5,19,21,5,1.0
ANOVA,5,19,22,5,1.0
ANOVA,5,19,22,5,1.0
ANOVA,5,19,22,5,1.0
ANOVA,5,19,23,4,0.76
ANOVA,5,19,23,4,0.76
ANOVA,5,19,23,4,0.76
ANOVA,5,19,24,5,1.0
ANOVA,5,19,24,5,1.0
ANOVA,5,19,24,5,1.0
ANOVA,5,19,25,5,1.0
ANOVA,5,19,25,5,1.0
ANOVA,5,19,25,5,1.0
ANOVA,5,19,20,5,1.0
ANOVA,5,19,20,5,1.0
ANOVA,5,19,20,5,1.0
ANOVA,5,19,21,5,1.0
ANOVA,5,19,21,5,1.0
ANOVA,5,19,21,5,1.0
ANOVA,5,19,22,5,1.0
ANOVA,5,19,22,5,1.0
ANOVA,5,19,22,5,1.0
ANOVA,5,19,23,4,0.76
ANOVA,5,19,23,4,0.76
ANOVA,5,19,23,4,0.76
ANOVA,5,19,24,5,1.0
ANOVA,5,19,24,5,1.0
ANOVA,5,19,24,5,1.0
ANOVA,5,19,25,5,1.0
ANOVA,5,19,25,5,1.0
ANOVA,5,19,25,5,1.0
ANOVA,5,20,20,5,1.0
ANOVA,5,20,20,5,1.0
ANOVA,5,20,21,5,1.0
ANOVA,5,20,21,5,1.0
ANOVA,5,20,21,5,1.0
ANOVA,5,20,22,5,1.0
ANOVA,5,20,22,5,1.0
ANOVA,5,20,22,5,1.0
ANOVA,5,20,23,4,0.76
ANOVA,5,20,23,4,0.76
ANOVA,5,20,23,4,0.76
ANOVA,5,20,24,5,1.0
ANOVA,5,20,24,5,1.0
ANOVA,5,20,24,5,1.0
ANOVA,5,20,25,5,1.0
ANOVA,5,20,25,5,1.0
ANOVA,5,20,25,5,1.0
ANOVA,5,20,20,5,1.0
ANOVA,5,20,21,5,1.0
ANOVA,5,20,21,5,1.0
ANOVA,5,20,21,5,1.0
ANOVA,5,20,22,5,1.0
ANOVA,5,20,22,5,1.0
ANOVA,5,20,22,5,1.0
ANOVA,5,20,23,4,0.76
ANOVA,5,20,23,4,0.76
ANOVA,5,20,23,4,0.76
ANOVA,5,20,24,5,1.0
ANOVA,5,20,24,5,1.0
ANOVA,5,20,24,5,1.0
ANOVA,5,20,25,5,1.0
ANOVA,5,20,25,5,1.0
ANOVA,5,20,25,5,1.0
ANOVA,5,20,21,5,1.0
ANOVA,5,20,21,5,1.0
ANOVA,5,20,21,5,1.0
ANOVA,5,20,22,5,1.0
ANOVA,5,20,22,5,1.0
ANOVA,5,20,22,5,1.0
ANOVA,5,20,23,4,0.76
ANOVA,5,20,23,4,0.76
ANOVA,5,20,23,4,0.76
ANOVA,5,20,24,5,1.0
ANOVA,5,20,24,5,1.0
ANOVA,5,20,24,5,1.0
ANOVA,5,20,25,5,1.0
ANOVA,5,20,25,5,1.0
ANOVA,5,20,25,5,1.0
ANOVA,5,21,21,5,1.0
ANOVA,5,21,21,5,1.0
ANOVA,5,21,22,5,1.0
ANOVA,5,21,22,5,1.0
ANOVA,5,21,22,5,1.0
ANOVA,5,21,23,4,0.76
ANOVA,5,21,23,4,0.76
ANOVA,5,21,23,4,0.76
ANOVA,5,21,24,5,1.0
ANOVA,5,21,24,5,1.0
ANOVA,5,21,24,5,1.0
ANOVA,5,21,25,5,1.0
ANOVA,5,21,25,5,1.0
ANOVA,5,21,25,5,1.0
ANOVA,5,21,21,5,1.0
ANOVA,5,21,22,5,1.0
ANOVA,5,21,22,5,1.0
ANOVA,5,21,22,5,1.0
ANOVA,5,21,23,4,0.76
ANOVA,5,21,23,4,0.76
ANOVA,5,21,23,4,0.76
ANOVA,5,21,24,5,1.0
ANOVA,5,21,24,5,1.0
ANOVA,5,21,24,5,1.0
ANOVA,5,21,25,5,1.0
ANOVA,5,21,25,5,1.0
ANOVA,5,21,25,5,1.0
ANOVA,5,21,22,5,1.0
ANOVA,5,21,22,5,1.0
ANOVA,5,21,22,5,1.0
ANOVA,5,21,23,4,0.76
ANOVA,5,21,23,4,0.76
ANOVA,5,21,23,4,0.76
ANOVA,5,21,24,5,1.0
ANOVA,5,21,24,5,1.0
ANOVA,5,21,24,5,1.0
ANOVA,5,21,25,5,1.0
ANOVA,5,21,25,5,1.0
ANOVA,5,21,25,5,1.0
ANOVA,5,22,22,5,1.0
ANOVA,5,22,22,5,1.0
ANOVA,5,22,23,4,0.76
ANOVA,5,22,23,4,0.76
ANOVA,5,22,23,4,0.76
ANOVA,5,22,24,5,1.0
ANOVA,5,22,24,5,1.0
ANOVA,5,22,24,5,1.0
ANOVA,5,22,25,5,1.0
ANOVA,5,22,25,5,1.0
ANOVA,5,22,25,5,1.0
ANOVA,5,22,22,5,1.0
ANOVA,5,22,23,4,0.76
ANOVA,5,22,23,4,0.76
ANOVA,5,22,23,4,0.76
ANOVA,5,22,24,5,1.0
ANOVA,5,22,24,5,1.0
ANOVA,5,22,24,5,1.0
ANOVA,5,22,25,5,1.0
ANOVA,5,22,25,5,1.0
ANOVA,5,22,25,5,1.0
ANOVA,5,22,23,4,0.76
ANOVA,5,22,23,4,0.76
ANOVA,5,22,23,4,0.76
ANOVA,5,22,24,5,1.0
ANOVA,5,22,24,5,1.0
ANOVA,5,22,24,5,1.0
ANOVA,5,22,25,5,1.0
ANOVA,5,22,25,5,1.0
ANOVA,5,22,25,5,1.0
ANOVA,5,23,23,5,1.0
ANOVA,5,23,23,5,1.0
ANOVA,5,23,24,4,0.76
ANOVA,5,23,24,4,0.76
ANOVA,5,23,24,4,0.76
ANOVA,5,23,25,4,0.76
ANOVA,5,23,25,4,0.76
ANOVA,5,23,25,4,0.76
ANOVA,5,23,23,5,1.0
ANOVA,5,23,24,4,0.76
ANOVA,5,23,24,4,0.76
ANOVA,5,23,24,4,0.76
ANOVA,5,23,25,4,0.76
ANOVA,5,23,25,4,0.76
ANOVA,5,23,25,4,0.76
ANOVA,5,23,24,4,0.76
ANOVA,5,23,24,4,0.76
ANOVA,5,23,24,4,0.76
ANOVA,5,23,25,4,0.76
ANOVA,5,23,25,4,0.76
ANOVA,5,23,25,4,0.76
ANOVA,5,24,24,5,1.0
ANOVA,5,24,24,5,1.0
ANOVA,5,24,25,5,1.0
ANOVA,5,24,25,5,1.0
ANOVA,5,24,25,5,1.0
ANOVA,5,24,24,5,1.0
ANOVA,5,24,25,5,1.0
ANOVA,5,24,25,5,1.0
ANOVA,5,24,25,5,1.0
ANOVA,5,24,25,5,1.0
ANOVA,5,24,25,5,1.0
ANOVA,5,24,25,5,1.0
ANOVA,5,25,25,5,1.0
ANOVA,5,25,25,5,1.0
ANOVA,5,25,25,5,1.0
ANOVA,10,1,1,10,1.0
ANOVA,10,1,1,10,1.0
ANOVA,10,1,2,10,1.0
ANOVA,10,1,2,10,1.0
ANOVA,10,1,2,10,1.0
ANOVA,10,1,3,10,1.0
ANOVA,10,1,3,10,1.0
ANOVA,10,1,3,10,1.0
ANOVA,10,1,4,10,1.0
ANOVA,10,1,4,10,1.0
ANOVA,10,1,4,10,1.0
ANOVA,10,1,5,10,1.0
ANOVA,10,1,5,10,1.0
ANOVA,10,1,5,10,1.0
ANOVA,10,1,6,10,1.0
ANOVA,10,1,6,10,1.0
ANOVA,10,1,6,10,1.0
ANOVA,10,1,7,10,1.0
ANOVA,10,1,7,10,1.0
ANOVA,10,1,7,10,1.0
ANOVA,10,1,8,10,1.0
ANOVA,10,1,8,10,1.0
ANOVA,10,1,8,10,1.0
ANOVA,10,1,9,10,1.0
ANOVA,10,1,9,10,1.0
ANOVA,10,1,9,10,1.0
ANOVA,10,1,10,10,1.0
ANOVA,10,1,10,10,1.0
ANOVA,10,1,10,10,1.0
ANOVA,10,1,11,10,1.0
ANOVA,10,1,11,10,1.0
ANOVA,10,1,11,10,1.0
ANOVA,10,1,12,10,1.0
ANOVA,10,1,12,10,1.0
ANOVA,10,1,12,10,1.0
ANOVA,10,1,13,10,1.0
ANOVA,10,1,13,10,1.0
ANOVA,10,1,13,10,1.0
ANOVA,10,1,14,10,1.0
ANOVA,10,1,14,10,1.0
ANOVA,10,1,14,10,1.0
ANOVA,10,1,15,10,1.0
ANOVA,10,1,15,10,1.0
ANOVA,10,1,15,10,1.0
ANOVA,10,1,16,10,1.0
ANOVA,10,1,16,10,1.0
ANOVA,10,1,16,10,1.0
ANOVA,10,1,17,10,1.0
ANOVA,10,1,17,10,1.0
ANOVA,10,1,17,10,1.0
ANOVA,10,1,18,10,1.0
ANOVA,10,1,18,10,1.0
ANOVA,10,1,18,10,1.0
ANOVA,10,1,19,10,1.0
ANOVA,10,1,19,10,1.0
ANOVA,10,1,19,10,1.0
ANOVA,10,1,20,10,1.0
ANOVA,10,1,20,10,1.0
ANOVA,10,1,20,10,1.0
ANOVA,10,1,21,10,1.0
ANOVA,10,1,21,10,1.0
ANOVA,10,1,21,10,1.0
ANOVA,10,1,22,10,1.0
ANOVA,10,1,22,10,1.0
ANOVA,10,1,22,10,1.0
ANOVA,10,1,23,10,1.0
ANOVA,10,1,23,10,1.0
ANOVA,10,1,23,10,1.0
ANOVA,10,1,24,10,1.0
ANOVA,10,1,24,10,1.0
ANOVA,10,1,24,10,1.0
ANOVA,10,1,25,10,1.0
ANOVA,10,1,25,10,1.0
ANOVA,10,1,25,10,1.0
ANOVA,10,1,1,10,1.0
ANOVA,10,1,2,10,1.0
ANOVA,10,1,2,10,1.0
ANOVA,10,1,2,10,1.0
ANOVA,10,1,3,10,1.0
ANOVA,10,1,3,10,1.0
ANOVA,10,1,3,10,1.0
ANOVA,10,1,4,10,1.0
ANOVA,10,1,4,10,1.0
ANOVA,10,1,4,10,1.0
ANOVA,10,1,5,10,1.0
ANOVA,10,1,5,10,1.0
ANOVA,10,1,5,10,1.0
ANOVA,10,1,6,10,1.0
ANOVA,10,1,6,10,1.0
ANOVA,10,1,6,10,1.0
ANOVA,10,1,7,10,1.0
ANOVA,10,1,7,10,1.0
ANOVA,10,1,7,10,1.0
ANOVA,10,1,8,10,1.0
ANOVA,10,1,8,10,1.0
ANOVA,10,1,8,10,1.0
ANOVA,10,1,9,10,1.0
ANOVA,10,1,9,10,1.0
ANOVA,10,1,9,10,1.0
ANOVA,10,1,10,10,1.0
ANOVA,10,1,10,10,1.0
ANOVA,10,1,10,10,1.0
ANOVA,10,1,11,10,1.0
ANOVA,10,1,11,10,1.0
ANOVA,10,1,11,10,1.0
ANOVA,10,1,12,10,1.0
ANOVA,10,1,12,10,1.0
ANOVA,10,1,12,10,1.0
ANOVA,10,1,13,10,1.0
ANOVA,10,1,13,10,1.0
ANOVA,10,1,13,10,1.0
ANOVA,10,1,14,10,1.0
ANOVA,10,1,14,10,1.0
ANOVA,10,1,14,10,1.0
ANOVA,10,1,15,10,1.0
ANOVA,10,1,15,10,1.0
ANOVA,10,1,15,10,1.0
ANOVA,10,1,16,10,1.0
ANOVA,10,1,16,10,1.0
ANOVA,10,1,16,10,1.0
ANOVA,10,1,17,10,1.0
ANOVA,10,1,17,10,1.0
ANOVA,10,1,17,10,1.0
ANOVA,10,1,18,10,1.0
ANOVA,10,1,18,10,1.0
ANOVA,10,1,18,10,1.0
ANOVA,10,1,19,10,1.0
ANOVA,10,1,19,10,1.0
ANOVA,10,1,19,10,1.0
ANOVA,10,1,20,10,1.0
ANOVA,10,1,20,10,1.0
ANOVA,10,1,20,10,1.0
ANOVA,10,1,21,10,1.0
ANOVA,10,1,21,10,1.0
ANOVA,10,1,21,10,1.0
ANOVA,10,1,22,10,1.0
ANOVA,10,1,22,10,1.0
ANOVA,10,1,22,10,1.0
ANOVA,10,1,23,10,1.0
ANOVA,10,1,23,10,1.0
ANOVA,10,1,23,10,1.0
ANOVA,10,1,24,10,1.0
ANOVA,10,1,24,10,1.0
ANOVA,10,1,24,10,1.0
ANOVA,10,1,25,10,1.0
ANOVA,10,1,25,10,1.0
ANOVA,10,1,25,10,1.0
ANOVA,10,1,2,10,1.0
ANOVA,10,1,2,10,1.0
ANOVA,10,1,2,10,1.0
ANOVA,10,1,3,10,1.0
ANOVA,10,1,3,10,1.0
ANOVA,10,1,3,10,1.0
ANOVA,10,1,4,10,1.0
ANOVA,10,1,4,10,1.0
ANOVA,10,1,4,10,1.0
ANOVA,10,1,5,10,1.0
ANOVA,10,1,5,10,1.0
ANOVA,10,1,5,10,1.0
ANOVA,10,1,6,10,1.0
ANOVA,10,1,6,10,1.0
ANOVA,10,1,6,10,1.0
ANOVA,10,1,7,10,1.0
ANOVA,10,1,7,10,1.0
ANOVA,10,1,7,10,1.0
ANOVA,10,1,8,10,1.0
ANOVA,10,1,8,10,1.0
ANOVA,10,1,8,10,1.0
ANOVA,10,1,9,10,1.0
ANOVA,10,1,9,10,1.0
ANOVA,10,1,9,10,1.0
ANOVA,10,1,10,10,1.0
ANOVA,10,1,10,10,1.0
ANOVA,10,1,10,10,1.0
ANOVA,10,1,11,10,1.0
ANOVA,10,1,11,10,1.0
ANOVA,10,1,11,10,1.0
ANOVA,10,1,12,10,1.0
ANOVA,10,1,12,10,1.0
ANOVA,10,1,12,10,1.0
ANOVA,10,1,13,10,1.0
ANOVA,10,1,13,10,1.0
ANOVA,10,1,13,10,1.0
ANOVA,10,1,14,10,1.0
ANOVA,10,1,14,10,1.0
ANOVA,10,1,14,10,1.0
ANOVA,10,1,15,10,1.0
ANOVA,10,1,15,10,1.0
ANOVA,10,1,15,10,1.0
ANOVA,10,1,16,10,1.0
ANOVA,10,1,16,10,1.0
ANOVA,10,1,16,10,1.0
ANOVA,10,1,17,10,1.0
ANOVA,10,1,17,10,1.0
ANOVA,10,1,17,10,1.0
ANOVA,10,1,18,10,1.0
ANOVA,10,1,18,10,1.0
ANOVA,10,1,18,10,1.0
ANOVA,10,1,19,10,1.0
ANOVA,10,1,19,10,1.0
ANOVA,10,1,19,10,1.0
ANOVA,10,1,20,10,1.0
ANOVA,10,1,20,10,1.0
ANOVA,10,1,20,10,1.0
ANOVA,10,1,21,10,1.0
ANOVA,10,1,21,10,1.0
ANOVA,10,1,21,10,1.0
ANOVA,10,1,22,10,1.0
ANOVA,10,1,22,10,1.0
ANOVA,10,1,22,10,1.0
ANOVA,10,1,23,10,1.0
ANOVA,10,1,23,10,1.0
ANOVA,10,1,23,10,1.0
ANOVA,10,1,24,10,1.0
ANOVA,10,1,24,10,1.0
ANOVA,10,1,24,10,1.0
ANOVA,10,1,25,10,1.0
ANOVA,10,1,25,10,1.0
ANOVA,10,1,25,10,1.0
ANOVA,10,2,2,10,1.0
ANOVA,10,2,2,10,1.0
ANOVA,10,2,3,10,1.0
ANOVA,10,2,3,10,1.0
ANOVA,10,2,3,10,1.0
ANOVA,10,2,4,10,1.0
ANOVA,10,2,4,10,1.0
ANOVA,10,2,4,10,1.0
ANOVA,10,2,5,10,1.0
ANOVA,10,2,5,10,1.0
ANOVA,10,2,5,10,1.0
ANOVA,10,2,6,10,1.0
ANOVA,10,2,6,10,1.0
ANOVA,10,2,6,10,1.0
ANOVA,10,2,7,10,1.0
ANOVA,10,2,7,10,1.0
ANOVA,10,2,7,10,1.0
ANOVA,10,2,8,10,1.0
ANOVA,10,2,8,10,1.0
ANOVA,10,2,8,10,1.0
ANOVA,10,2,9,10,1.0
ANOVA,10,2,9,10,1.0
ANOVA,10,2,9,10,1.0
ANOVA,10,2,10,10,1.0
ANOVA,10,2,10,10,1.0
ANOVA,10,2,10,10,1.0
ANOVA,10,2,11,10,1.0
ANOVA,10,2,11,10,1.0
ANOVA,10,2,11,10,1.0
ANOVA,10,2,12,10,1.0
ANOVA,10,2,12,10,1.0
ANOVA,10,2,12,10,1.0
ANOVA,10,2,13,10,1.0
ANOVA,10,2,13,10,1.0
ANOVA,10,2,13,10,1.0
ANOVA,10,2,14,10,1.0
ANOVA,10,2,14,10,1.0
ANOVA,10,2,14,10,1.0
ANOVA,10,2,15,10,1.0
ANOVA,10,2,15,10,1.0
ANOVA,10,2,15,10,1.0
ANOVA,10,2,16,10,1.0
ANOVA,10,2,16,10,1.0
ANOVA,10,2,16,10,1.0
ANOVA,10,2,17,10,1.0
ANOVA,10,2,17,10,1.0
ANOVA,10,2,17,10,1.0
ANOVA,10,2,18,10,1.0
ANOVA,10,2,18,10,1.0
ANOVA,10,2,18,10,1.0
ANOVA,10,2,19,10,1.0
ANOVA,10,2,19,10,1.0
ANOVA,10,2,19,10,1.0
ANOVA,10,2,20,10,1.0
ANOVA,10,2,20,10,1.0
ANOVA,10,2,20,10,1.0
ANOVA,10,2,21,10,1.0
ANOVA,10,2,21,10,1.0
ANOVA,10,2,21,10,1.0
ANOVA,10,2,22,10,1.0
ANOVA,10,2,22,10,1.0
ANOVA,10,2,22,10,1.0
ANOVA,10,2,23,10,1.0
ANOVA,10,2,23,10,1.0
ANOVA,10,2,23,10,1.0
ANOVA,10,2,24,10,1.0
ANOVA,10,2,24,10,1.0
ANOVA,10,2,24,10,1.0
ANOVA,10,2,25,10,1.0
ANOVA,10,2,25,10,1.0
ANOVA,10,2,25,10,1.0
ANOVA,10,2,2,10,1.0
ANOVA,10,2,3,10,1.0
ANOVA,10,2,3,10,1.0
ANOVA,10,2,3,10,1.0
ANOVA,10,2,4,10,1.0
ANOVA,10,2,4,10,1.0
ANOVA,10,2,4,10,1.0
ANOVA,10,2,5,10,1.0
ANOVA,10,2,5,10,1.0
ANOVA,10,2,5,10,1.0
ANOVA,10,2,6,10,1.0
ANOVA,10,2,6,10,1.0
ANOVA,10,2,6,10,1.0
ANOVA,10,2,7,10,1.0
ANOVA,10,2,7,10,1.0
ANOVA,10,2,7,10,1.0
ANOVA,10,2,8,10,1.0
ANOVA,10,2,8,10,1.0
ANOVA,10,2,8,10,1.0
ANOVA,10,2,9,10,1.0
ANOVA,10,2,9,10,1.0
ANOVA,10,2,9,10,1.0
ANOVA,10,2,10,10,1.0
ANOVA,10,2,10,10,1.0
ANOVA,10,2,10,10,1.0
ANOVA,10,2,11,10,1.0
ANOVA,10,2,11,10,1.0
ANOVA,10,2,11,10,1.0
ANOVA,10,2,12,10,1.0
ANOVA,10,2,12,10,1.0
ANOVA,10,2,12,10,1.0
ANOVA,10,2,13,10,1.0
ANOVA,10,2,13,10,1.0
ANOVA,10,2,13,10,1.0
ANOVA,10,2,14,10,1.0
ANOVA,10,2,14,10,1.0
ANOVA,10,2,14,10,1.0
ANOVA,10,2,15,10,1.0
ANOVA,10,2,15,10,1.0
ANOVA,10,2,15,10,1.0
ANOVA,10,2,16,10,1.0
ANOVA,10,2,16,10,1.0
ANOVA,10,2,16,10,1.0
ANOVA,10,2,17,10,1.0
ANOVA,10,2,17,10,1.0
ANOVA,10,2,17,10,1.0
ANOVA,10,2,18,10,1.0
ANOVA,10,2,18,10,1.0
ANOVA,10,2,18,10,1.0
ANOVA,10,2,19,10,1.0
ANOVA,10,2,19,10,1.0
ANOVA,10,2,19,10,1.0
ANOVA,10,2,20,10,1.0
ANOVA,10,2,20,10,1.0
ANOVA,10,2,20,10,1.0
ANOVA,10,2,21,10,1.0
ANOVA,10,2,21,10,1.0
ANOVA,10,2,21,10,1.0
ANOVA,10,2,22,10,1.0
ANOVA,10,2,22,10,1.0
ANOVA,10,2,22,10,1.0
ANOVA,10,2,23,10,1.0
ANOVA,10,2,23,10,1.0
ANOVA,10,2,23,10,1.0
ANOVA,10,2,24,10,1.0
ANOVA,10,2,24,10,1.0
ANOVA,10,2,24,10,1.0
ANOVA,10,2,25,10,1.0
ANOVA,10,2,25,10,1.0
ANOVA,10,2,25,10,1.0
ANOVA,10,2,3,10,1.0
ANOVA,10,2,3,10,1.0
ANOVA,10,2,3,10,1.0
ANOVA,10,2,4,10,1.0
ANOVA,10,2,4,10,1.0
ANOVA,10,2,4,10,1.0
ANOVA,10,2,5,10,1.0
ANOVA,10,2,5,10,1.0
ANOVA,10,2,5,10,1.0
ANOVA,10,2,6,10,1.0
ANOVA,10,2,6,10,1.0
ANOVA,10,2,6,10,1.0
ANOVA,10,2,7,10,1.0
ANOVA,10,2,7,10,1.0
ANOVA,10,2,7,10,1.0
ANOVA,10,2,8,10,1.0
ANOVA,10,2,8,10,1.0
ANOVA,10,2,8,10,1.0
ANOVA,10,2,9,10,1.0
ANOVA,10,2,9,10,1.0
ANOVA,10,2,9,10,1.0
ANOVA,10,2,10,10,1.0
ANOVA,10,2,10,10,1.0
ANOVA,10,2,10,10,1.0
ANOVA,10,2,11,10,1.0
ANOVA,10,2,11,10,1.0
ANOVA,10,2,11,10,1.0
ANOVA,10,2,12,10,1.0
ANOVA,10,2,12,10,1.0
ANOVA,10,2,12,10,1.0
ANOVA,10,2,13,10,1.0
ANOVA,10,2,13,10,1.0
ANOVA,10,2,13,10,1.0
ANOVA,10,2,14,10,1.0
ANOVA,10,2,14,10,1.0
ANOVA,10,2,14,10,1.0
ANOVA,10,2,15,10,1.0
ANOVA,10,2,15,10,1.0
ANOVA,10,2,15,10,1.0
ANOVA,10,2,16,10,1.0
ANOVA,10,2,16,10,1.0
ANOVA,10,2,16,10,1.0
ANOVA,10,2,17,10,1.0
ANOVA,10,2,17,10,1.0
ANOVA,10,2,17,10,1.0
ANOVA,10,2,18,10,1.0
ANOVA,10,2,18,10,1.0
ANOVA,10,2,18,10,1.0
ANOVA,10,2,19,10,1.0
ANOVA,10,2,19,10,1.0
ANOVA,10,2,19,10,1.0
ANOVA,10,2,20,10,1.0
ANOVA,10,2,20,10,1.0
ANOVA,10,2,20,10,1.0
ANOVA,10,2,21,10,1.0
ANOVA,10,2,21,10,1.0
ANOVA,10,2,21,10,1.0
ANOVA,10,2,22,10,1.0
ANOVA,10,2,22,10,1.0
ANOVA,10,2,22,10,1.0
ANOVA,10,2,23,10,1.0
ANOVA,10,2,23,10,1.0
ANOVA,10,2,23,10,1.0
ANOVA,10,2,24,10,1.0
ANOVA,10,2,24,10,1.0
ANOVA,10,2,24,10,1.0
ANOVA,10,2,25,10,1.0
ANOVA,10,2,25,10,1.0
ANOVA,10,2,25,10,1.0
ANOVA,10,3,3,10,1.0
ANOVA,10,3,3,10,1.0
ANOVA,10,3,4,10,1.0
ANOVA,10,3,4,10,1.0
ANOVA,10,3,4,10,1.0
ANOVA,10,3,5,10,1.0
ANOVA,10,3,5,10,1.0
ANOVA,10,3,5,10,1.0
ANOVA,10,3,6,10,1.0
ANOVA,10,3,6,10,1.0
ANOVA,10,3,6,10,1.0
ANOVA,10,3,7,10,1.0
ANOVA,10,3,7,10,1.0
ANOVA,10,3,7,10,1.0
ANOVA,10,3,8,10,1.0
ANOVA,10,3,8,10,1.0
ANOVA,10,3,8,10,1.0
ANOVA,10,3,9,10,1.0
ANOVA,10,3,9,10,1.0
ANOVA,10,3,9,10,1.0
ANOVA,10,3,10,10,1.0
ANOVA,10,3,10,10,1.0
ANOVA,10,3,10,10,1.0
ANOVA,10,3,11,10,1.0
ANOVA,10,3,11,10,1.0
ANOVA,10,3,11,10,1.0
ANOVA,10,3,12,10,1.0
ANOVA,10,3,12,10,1.0
ANOVA,10,3,12,10,1.0
ANOVA,10,3,13,10,1.0
ANOVA,10,3,13,10,1.0
ANOVA,10,3,13,10,1.0
ANOVA,10,3,14,10,1.0
ANOVA,10,3,14,10,1.0
ANOVA,10,3,14,10,1.0
ANOVA,10,3,15,10,1.0
ANOVA,10,3,15,10,1.0
ANOVA,10,3,15,10,1.0
ANOVA,10,3,16,10,1.0
ANOVA,10,3,16,10,1.0
ANOVA,10,3,16,10,1.0
ANOVA,10,3,17,10,1.0
ANOVA,10,3,17,10,1.0
ANOVA,10,3,17,10,1.0
ANOVA,10,3,18,10,1.0
ANOVA,10,3,18,10,1.0
ANOVA,10,3,18,10,1.0
ANOVA,10,3,19,10,1.0
ANOVA,10,3,19,10,1.0
ANOVA,10,3,19,10,1.0
ANOVA,10,3,20,10,1.0
ANOVA,10,3,20,10,1.0
ANOVA,10,3,20,10,1.0
ANOVA,10,3,21,10,1.0
ANOVA,10,3,21,10,1.0
ANOVA,10,3,21,10,1.0
ANOVA,10,3,22,10,1.0
ANOVA,10,3,22,10,1.0
ANOVA,10,3,22,10,1.0
ANOVA,10,3,23,10,1.0
ANOVA,10,3,23,10,1.0
ANOVA,10,3,23,10,1.0
ANOVA,10,3,24,10,1.0
ANOVA,10,3,24,10,1.0
ANOVA,10,3,24,10,1.0
ANOVA,10,3,25,10,1.0
ANOVA,10,3,25,10,1.0
ANOVA,10,3,25,10,1.0
ANOVA,10,3,3,10,1.0
ANOVA,10,3,4,10,1.0
ANOVA,10,3,4,10,1.0
ANOVA,10,3,4,10,1.0
ANOVA,10,3,5,10,1.0
ANOVA,10,3,5,10,1.0
ANOVA,10,3,5,10,1.0
ANOVA,10,3,6,10,1.0
ANOVA,10,3,6,10,1.0
ANOVA,10,3,6,10,1.0
ANOVA,10,3,7,10,1.0
ANOVA,10,3,7,10,1.0
ANOVA,10,3,7,10,1.0
ANOVA,10,3,8,10,1.0
ANOVA,10,3,8,10,1.0
ANOVA,10,3,8,10,1.0
ANOVA,10,3,9,10,1.0
ANOVA,10,3,9,10,1.0
ANOVA,10,3,9,10,1.0
ANOVA,10,3,10,10,1.0
ANOVA,10,3,10,10,1.0
ANOVA,10,3,10,10,1.0
ANOVA,10,3,11,10,1.0
ANOVA,10,3,11,10,1.0
ANOVA,10,3,11,10,1.0
ANOVA,10,3,12,10,1.0
ANOVA,10,3,12,10,1.0
ANOVA,10,3,12,10,1.0
ANOVA,10,3,13,10,1.0
ANOVA,10,3,13,10,1.0
ANOVA,10,3,13,10,1.0
ANOVA,10,3,14,10,1.0
ANOVA,10,3,14,10,1.0
ANOVA,10,3,14,10,1.0
ANOVA,10,3,15,10,1.0
ANOVA,10,3,15,10,1.0
ANOVA,10,3,15,10,1.0
ANOVA,10,3,16,10,1.0
ANOVA,10,3,16,10,1.0
ANOVA,10,3,16,10,1.0
ANOVA,10,3,17,10,1.0
ANOVA,10,3,17,10,1.0
ANOVA,10,3,17,10,1.0
ANOVA,10,3,18,10,1.0
ANOVA,10,3,18,10,1.0
ANOVA,10,3,18,10,1.0
ANOVA,10,3,19,10,1.0
ANOVA,10,3,19,10,1.0
ANOVA,10,3,19,10,1.0
ANOVA,10,3,20,10,1.0
ANOVA,10,3,20,10,1.0
ANOVA,10,3,20,10,1.0
ANOVA,10,3,21,10,1.0
ANOVA,10,3,21,10,1.0
ANOVA,10,3,21,10,1.0
ANOVA,10,3,22,10,1.0
ANOVA,10,3,22,10,1.0
ANOVA,10,3,22,10,1.0
ANOVA,10,3,23,10,1.0
ANOVA,10,3,23,10,1.0
ANOVA,10,3,23,10,1.0
ANOVA,10,3,24,10,1.0
ANOVA,10,3,24,10,1.0
ANOVA,10,3,24,10,1.0
ANOVA,10,3,25,10,1.0
ANOVA,10,3,25,10,1.0
ANOVA,10,3,25,10,1.0
ANOVA,10,3,4,10,1.0
ANOVA,10,3,4,10,1.0
ANOVA,10,3,4,10,1.0
ANOVA,10,3,5,10,1.0
ANOVA,10,3,5,10,1.0
ANOVA,10,3,5,10,1.0
ANOVA,10,3,6,10,1.0
ANOVA,10,3,6,10,1.0
ANOVA,10,3,6,10,1.0
ANOVA,10,3,7,10,1.0
ANOVA,10,3,7,10,1.0
ANOVA,10,3,7,10,1.0
ANOVA,10,3,8,10,1.0
ANOVA,10,3,8,10,1.0
ANOVA,10,3,8,10,1.0
ANOVA,10,3,9,10,1.0
ANOVA,10,3,9,10,1.0
ANOVA,10,3,9,10,1.0
ANOVA,10,3,10,10,1.0
ANOVA,10,3,10,10,1.0
ANOVA,10,3,10,10,1.0
ANOVA,10,3,11,10,1.0
ANOVA,10,3,11,10,1.0
ANOVA,10,3,11,10,1.0
ANOVA,10,3,12,10,1.0
ANOVA,10,3,12,10,1.0
ANOVA,10,3,12,10,1.0
ANOVA,10,3,13,10,1.0
ANOVA,10,3,13,10,1.0
ANOVA,10,3,13,10,1.0
ANOVA,10,3,14,10,1.0
ANOVA,10,3,14,10,1.0
ANOVA,10,3,14,10,1.0
ANOVA,10,3,15,10,1.0
ANOVA,10,3,15,10,1.0
ANOVA,10,3,15,10,1.0
ANOVA,10,3,16,10,1.0
ANOVA,10,3,16,10,1.0
ANOVA,10,3,16,10,1.0
ANOVA,10,3,17,10,1.0
ANOVA,10,3,17,10,1.0
ANOVA,10,3,17,10,1.0
ANOVA,10,3,18,10,1.0
ANOVA,10,3,18,10,1.0
ANOVA,10,3,18,10,1.0
ANOVA,10,3,19,10,1.0
ANOVA,10,3,19,10,1.0
ANOVA,10,3,19,10,1.0
ANOVA,10,3,20,10,1.0
ANOVA,10,3,20,10,1.0
ANOVA,10,3,20,10,1.0
ANOVA,10,3,21,10,1.0
ANOVA,10,3,21,10,1.0
ANOVA,10,3,21,10,1.0
ANOVA,10,3,22,10,1.0
ANOVA,10,3,22,10,1.0
ANOVA,10,3,22,10,1.0
ANOVA,10,3,23,10,1.0
ANOVA,10,3,23,10,1.0
ANOVA,10,3,23,10,1.0
ANOVA,10,3,24,10,1.0
ANOVA,10,3,24,10,1.0
ANOVA,10,3,24,10,1.0
ANOVA,10,3,25,10,1.0
ANOVA,10,3,25,10,1.0
ANOVA,10,3,25,10,1.0
ANOVA,10,4,4,10,1.0
ANOVA,10,4,4,10,1.0
ANOVA,10,4,5,10,1.0
ANOVA,10,4,5,10,1.0
ANOVA,10,4,5,10,1.0
ANOVA,10,4,6,10,1.0
ANOVA,10,4,6,10,1.0
ANOVA,10,4,6,10,1.0
ANOVA,10,4,7,10,1.0
ANOVA,10,4,7,10,1.0
ANOVA,10,4,7,10,1.0
ANOVA,10,4,8,10,1.0
ANOVA,10,4,8,10,1.0
ANOVA,10,4,8,10,1.0
ANOVA,10,4,9,10,1.0
ANOVA,10,4,9,10,1.0
ANOVA,10,4,9,10,1.0
ANOVA,10,4,10,10,1.0
ANOVA,10,4,10,10,1.0
ANOVA,10,4,10,10,1.0
ANOVA,10,4,11,10,1.0
ANOVA,10,4,11,10,1.0
ANOVA,10,4,11,10,1.0
ANOVA,10,4,12,10,1.0
ANOVA,10,4,12,10,1.0
ANOVA,10,4,12,10,1.0
ANOVA,10,4,13,10,1.0
ANOVA,10,4,13,10,1.0
ANOVA,10,4,13,10,1.0
ANOVA,10,4,14,10,1.0
ANOVA,10,4,14,10,1.0
ANOVA,10,4,14,10,1.0
ANOVA,10,4,15,10,1.0
ANOVA,10,4,15,10,1.0
ANOVA,10,4,15,10,1.0
ANOVA,10,4,16,10,1.0
ANOVA,10,4,16,10,1.0
ANOVA,10,4,16,10,1.0
ANOVA,10,4,17,10,1.0
ANOVA,10,4,17,10,1.0
ANOVA,10,4,17,10,1.0
ANOVA,10,4,18,10,1.0
ANOVA,10,4,18,10,1.0
ANOVA,10,4,18,10,1.0
ANOVA,10,4,19,10,1.0
ANOVA,10,4,19,10,1.0
ANOVA,10,4,19,10,1.0
ANOVA,10,4,20,10,1.0
ANOVA,10,4,20,10,1.0
ANOVA,10,4,20,10,1.0
ANOVA,10,4,21,10,1.0
ANOVA,10,4,21,10,1.0
ANOVA,10,4,21,10,1.0
ANOVA,10,4,22,10,1.0
ANOVA,10,4,22,10,1.0
ANOVA,10,4,22,10,1.0
ANOVA,10,4,23,10,1.0
ANOVA,10,4,23,10,1.0
ANOVA,10,4,23,10,1.0
ANOVA,10,4,24,10,1.0
ANOVA,10,4,24,10,1.0
ANOVA,10,4,24,10,1.0
ANOVA,10,4,25,10,1.0
ANOVA,10,4,25,10,1.0
ANOVA,10,4,25,10,1.0
ANOVA,10,4,4,10,1.0
ANOVA,10,4,5,10,1.0
ANOVA,10,4,5,10,1.0
ANOVA,10,4,5,10,1.0
ANOVA,10,4,6,10,1.0
ANOVA,10,4,6,10,1.0
ANOVA,10,4,6,10,1.0
ANOVA,10,4,7,10,1.0
ANOVA,10,4,7,10,1.0
ANOVA,10,4,7,10,1.0
ANOVA,10,4,8,10,1.0
ANOVA,10,4,8,10,1.0
ANOVA,10,4,8,10,1.0
ANOVA,10,4,9,10,1.0
ANOVA,10,4,9,10,1.0
ANOVA,10,4,9,10,1.0
ANOVA,10,4,10,10,1.0
ANOVA,10,4,10,10,1.0
ANOVA,10,4,10,10,1.0
ANOVA,10,4,11,10,1.0
ANOVA,10,4,11,10,1.0
ANOVA,10,4,11,10,1.0
ANOVA,10,4,12,10,1.0
ANOVA,10,4,12,10,1.0
ANOVA,10,4,12,10,1.0
ANOVA,10,4,13,10,1.0
ANOVA,10,4,13,10,1.0
ANOVA,10,4,13,10,1.0
ANOVA,10,4,14,10,1.0
ANOVA,10,4,14,10,1.0
ANOVA,10,4,14,10,1.0
ANOVA,10,4,15,10,1.0
ANOVA,10,4,15,10,1.0
ANOVA,10,4,15,10,1.0
ANOVA,10,4,16,10,1.0
ANOVA,10,4,16,10,1.0
ANOVA,10,4,16,10,1.0
ANOVA,10,4,17,10,1.0
ANOVA,10,4,17,10,1.0
ANOVA,10,4,17,10,1.0
ANOVA,10,4,18,10,1.0
ANOVA,10,4,18,10,1.0
ANOVA,10,4,18,10,1.0
ANOVA,10,4,19,10,1.0
ANOVA,10,4,19,10,1.0
ANOVA,10,4,19,10,1.0
ANOVA,10,4,20,10,1.0
ANOVA,10,4,20,10,1.0
ANOVA,10,4,20,10,1.0
ANOVA,10,4,21,10,1.0
ANOVA,10,4,21,10,1.0
ANOVA,10,4,21,10,1.0
ANOVA,10,4,22,10,1.0
ANOVA,10,4,22,10,1.0
ANOVA,10,4,22,10,1.0
ANOVA,10,4,23,10,1.0
ANOVA,10,4,23,10,1.0
ANOVA,10,4,23,10,1.0
ANOVA,10,4,24,10,1.0
ANOVA,10,4,24,10,1.0
ANOVA,10,4,24,10,1.0
ANOVA,10,4,25,10,1.0
ANOVA,10,4,25,10,1.0
ANOVA,10,4,25,10,1.0
ANOVA,10,4,5,10,1.0
ANOVA,10,4,5,10,1.0
ANOVA,10,4,5,10,1.0
ANOVA,10,4,6,10,1.0
ANOVA,10,4,6,10,1.0
ANOVA,10,4,6,10,1.0
ANOVA,10,4,7,10,1.0
ANOVA,10,4,7,10,1.0
ANOVA,10,4,7,10,1.0
ANOVA,10,4,8,10,1.0
ANOVA,10,4,8,10,1.0
ANOVA,10,4,8,10,1.0
ANOVA,10,4,9,10,1.0
ANOVA,10,4,9,10,1.0
ANOVA,10,4,9,10,1.0
ANOVA,10,4,10,10,1.0
ANOVA,10,4,10,10,1.0
ANOVA,10,4,10,10,1.0
ANOVA,10,4,11,10,1.0
ANOVA,10,4,11,10,1.0
ANOVA,10,4,11,10,1.0
ANOVA,10,4,12,10,1.0
ANOVA,10,4,12,10,1.0
ANOVA,10,4,12,10,1.0
ANOVA,10,4,13,10,1.0
ANOVA,10,4,13,10,1.0
ANOVA,10,4,13,10,1.0
ANOVA,10,4,14,10,1.0
ANOVA,10,4,14,10,1.0
ANOVA,10,4,14,10,1.0
ANOVA,10,4,15,10,1.0
ANOVA,10,4,15,10,1.0
ANOVA,10,4,15,10,1.0
ANOVA,10,4,16,10,1.0
ANOVA,10,4,16,10,1.0
ANOVA,10,4,16,10,1.0
ANOVA,10,4,17,10,1.0
ANOVA,10,4,17,10,1.0
ANOVA,10,4,17,10,1.0
ANOVA,10,4,18,10,1.0
ANOVA,10,4,18,10,1.0
ANOVA,10,4,18,10,1.0
ANOVA,10,4,19,10,1.0
ANOVA,10,4,19,10,1.0
ANOVA,10,4,19,10,1.0
ANOVA,10,4,20,10,1.0
ANOVA,10,4,20,10,1.0
ANOVA,10,4,20,10,1.0
ANOVA,10,4,21,10,1.0
ANOVA,10,4,21,10,1.0
ANOVA,10,4,21,10,1.0
ANOVA,10,4,22,10,1.0
ANOVA,10,4,22,10,1.0
ANOVA,10,4,22,10,1.0
ANOVA,10,4,23,10,1.0
ANOVA,10,4,23,10,1.0
ANOVA,10,4,23,10,1.0
ANOVA,10,4,24,10,1.0
ANOVA,10,4,24,10,1.0
ANOVA,10,4,24,10,1.0
ANOVA,10,4,25,10,1.0
ANOVA,10,4,25,10,1.0
ANOVA,10,4,25,10,1.0
ANOVA,10,5,5,10,1.0
ANOVA,10,5,5,10,1.0
ANOVA,10,5,6,10,1.0
ANOVA,10,5,6,10,1.0
ANOVA,10,5,6,10,1.0
ANOVA,10,5,7,10,1.0
ANOVA,10,5,7,10,1.0
ANOVA,10,5,7,10,1.0
ANOVA,10,5,8,10,1.0
ANOVA,10,5,8,10,1.0
ANOVA,10,5,8,10,1.0
ANOVA,10,5,9,10,1.0
ANOVA,10,5,9,10,1.0
ANOVA,10,5,9,10,1.0
ANOVA,10,5,10,10,1.0
ANOVA,10,5,10,10,1.0
ANOVA,10,5,10,10,1.0
ANOVA,10,5,11,10,1.0
ANOVA,10,5,11,10,1.0
ANOVA,10,5,11,10,1.0
ANOVA,10,5,12,10,1.0
ANOVA,10,5,12,10,1.0
ANOVA,10,5,12,10,1.0
ANOVA,10,5,13,10,1.0
ANOVA,10,5,13,10,1.0
ANOVA,10,5,13,10,1.0
ANOVA,10,5,14,10,1.0
ANOVA,10,5,14,10,1.0
ANOVA,10,5,14,10,1.0
ANOVA,10,5,15,10,1.0
ANOVA,10,5,15,10,1.0
ANOVA,10,5,15,10,1.0
ANOVA,10,5,16,10,1.0
ANOVA,10,5,16,10,1.0
ANOVA,10,5,16,10,1.0
ANOVA,10,5,17,10,1.0
ANOVA,10,5,17,10,1.0
ANOVA,10,5,17,10,1.0
ANOVA,10,5,18,10,1.0
ANOVA,10,5,18,10,1.0
ANOVA,10,5,18,10,1.0
ANOVA,10,5,19,10,1.0
ANOVA,10,5,19,10,1.0
ANOVA,10,5,19,10,1.0
ANOVA,10,5,20,10,1.0
ANOVA,10,5,20,10,1.0
ANOVA,10,5,20,10,1.0
ANOVA,10,5,21,10,1.0
ANOVA,10,5,21,10,1.0
ANOVA,10,5,21,10,1.0
ANOVA,10,5,22,10,1.0
ANOVA,10,5,22,10,1.0
ANOVA,10,5,22,10,1.0
ANOVA,10,5,23,10,1.0
ANOVA,10,5,23,10,1.0
ANOVA,10,5,23,10,1.0
ANOVA,10,5,24,10,1.0
ANOVA,10,5,24,10,1.0
ANOVA,10,5,24,10,1.0
ANOVA,10,5,25,10,1.0
ANOVA,10,5,25,10,1.0
ANOVA,10,5,25,10,1.0
ANOVA,10,5,5,10,1.0
ANOVA,10,5,6,10,1.0
ANOVA,10,5,6,10,1.0
ANOVA,10,5,6,10,1.0
ANOVA,10,5,7,10,1.0
ANOVA,10,5,7,10,1.0
ANOVA,10,5,7,10,1.0
ANOVA,10,5,8,10,1.0
ANOVA,10,5,8,10,1.0
ANOVA,10,5,8,10,1.0
ANOVA,10,5,9,10,1.0
ANOVA,10,5,9,10,1.0
ANOVA,10,5,9,10,1.0
ANOVA,10,5,10,10,1.0
ANOVA,10,5,10,10,1.0
ANOVA,10,5,10,10,1.0
ANOVA,10,5,11,10,1.0
ANOVA,10,5,11,10,1.0
ANOVA,10,5,11,10,1.0
ANOVA,10,5,12,10,1.0
ANOVA,10,5,12,10,1.0
ANOVA,10,5,12,10,1.0
ANOVA,10,5,13,10,1.0
ANOVA,10,5,13,10,1.0
ANOVA,10,5,13,10,1.0
ANOVA,10,5,14,10,1.0
ANOVA,10,5,14,10,1.0
ANOVA,10,5,14,10,1.0
ANOVA,10,5,15,10,1.0
ANOVA,10,5,15,10,1.0
ANOVA,10,5,15,10,1.0
ANOVA,10,5,16,10,1.0
ANOVA,10,5,16,10,1.0
ANOVA,10,5,16,10,1.0
ANOVA,10,5,17,10,1.0
ANOVA,10,5,17,10,1.0
ANOVA,10,5,17,10,1.0
ANOVA,10,5,18,10,1.0
ANOVA,10,5,18,10,1.0
ANOVA,10,5,18,10,1.0
ANOVA,10,5,19,10,1.0
ANOVA,10,5,19,10,1.0
ANOVA,10,5,19,10,1.0
ANOVA,10,5,20,10,1.0
ANOVA,10,5,20,10,1.0
ANOVA,10,5,20,10,1.0
ANOVA,10,5,21,10,1.0
ANOVA,10,5,21,10,1.0
ANOVA,10,5,21,10,1.0
ANOVA,10,5,22,10,1.0
ANOVA,10,5,22,10,1.0
ANOVA,10,5,22,10,1.0
ANOVA,10,5,23,10,1.0
ANOVA,10,5,23,10,1.0
ANOVA,10,5,23,10,1.0
ANOVA,10,5,24,10,1.0
ANOVA,10,5,24,10,1.0
ANOVA,10,5,24,10,1.0
ANOVA,10,5,25,10,1.0
ANOVA,10,5,25,10,1.0
ANOVA,10,5,25,10,1.0
ANOVA,10,5,6,10,1.0
ANOVA,10,5,6,10,1.0
ANOVA,10,5,6,10,1.0
ANOVA,10,5,7,10,1.0
ANOVA,10,5,7,10,1.0
ANOVA,10,5,7,10,1.0
ANOVA,10,5,8,10,1.0
ANOVA,10,5,8,10,1.0
ANOVA,10,5,8,10,1.0
ANOVA,10,5,9,10,1.0
ANOVA,10,5,9,10,1.0
ANOVA,10,5,9,10,1.0
ANOVA,10,5,10,10,1.0
ANOVA,10,5,10,10,1.0
ANOVA,10,5,10,10,1.0
ANOVA,10,5,11,10,1.0
ANOVA,10,5,11,10,1.0
ANOVA,10,5,11,10,1.0
ANOVA,10,5,12,10,1.0
ANOVA,10,5,12,10,1.0
ANOVA,10,5,12,10,1.0
ANOVA,10,5,13,10,1.0
ANOVA,10,5,13,10,1.0
ANOVA,10,5,13,10,1.0
ANOVA,10,5,14,10,1.0
ANOVA,10,5,14,10,1.0
ANOVA,10,5,14,10,1.0
ANOVA,10,5,15,10,1.0
ANOVA,10,5,15,10,1.0
ANOVA,10,5,15,10,1.0
ANOVA,10,5,16,10,1.0
ANOVA,10,5,16,10,1.0
ANOVA,10,5,16,10,1.0
ANOVA,10,5,17,10,1.0
ANOVA,10,5,17,10,1.0
ANOVA,10,5,17,10,1.0
ANOVA,10,5,18,10,1.0
ANOVA,10,5,18,10,1.0
ANOVA,10,5,18,10,1.0
ANOVA,10,5,19,10,1.0
ANOVA,10,5,19,10,1.0
ANOVA,10,5,19,10,1.0
ANOVA,10,5,20,10,1.0
ANOVA,10,5,20,10,1.0
ANOVA,10,5,20,10,1.0
ANOVA,10,5,21,10,1.0
ANOVA,10,5,21,10,1.0
ANOVA,10,5,21,10,1.0
ANOVA,10,5,22,10,1.0
ANOVA,10,5,22,10,1.0
ANOVA,10,5,22,10,1.0
ANOVA,10,5,23,10,1.0
ANOVA,10,5,23,10,1.0
ANOVA,10,5,23,10,1.0
ANOVA,10,5,24,10,1.0
ANOVA,10,5,24,10,1.0
ANOVA,10,5,24,10,1.0
ANOVA,10,5,25,10,1.0
ANOVA,10,5,25,10,1.0
ANOVA,10,5,25,10,1.0
ANOVA,10,6,6,10,1.0
ANOVA,10,6,6,10,1.0
ANOVA,10,6,7,10,1.0
ANOVA,10,6,7,10,1.0
ANOVA,10,6,7,10,1.0
ANOVA,10,6,8,10,1.0
ANOVA,10,6,8,10,1.0
ANOVA,10,6,8,10,1.0
ANOVA,10,6,9,10,1.0
ANOVA,10,6,9,10,1.0
ANOVA,10,6,9,10,1.0
ANOVA,10,6,10,10,1.0
ANOVA,10,6,10,10,1.0
ANOVA,10,6,10,10,1.0
ANOVA,10,6,11,10,1.0
ANOVA,10,6,11,10,1.0
ANOVA,10,6,11,10,1.0
ANOVA,10,6,12,10,1.0
ANOVA,10,6,12,10,1.0
ANOVA,10,6,12,10,1.0
ANOVA,10,6,13,10,1.0
ANOVA,10,6,13,10,1.0
ANOVA,10,6,13,10,1.0
ANOVA,10,6,14,10,1.0
ANOVA,10,6,14,10,1.0
ANOVA,10,6,14,10,1.0
ANOVA,10,6,15,10,1.0
ANOVA,10,6,15,10,1.0
ANOVA,10,6,15,10,1.0
ANOVA,10,6,16,10,1.0
ANOVA,10,6,16,10,1.0
ANOVA,10,6,16,10,1.0
ANOVA,10,6,17,10,1.0
ANOVA,10,6,17,10,1.0
ANOVA,10,6,17,10,1.0
ANOVA,10,6,18,10,1.0
ANOVA,10,6,18,10,1.0
ANOVA,10,6,18,10,1.0
ANOVA,10,6,19,10,1.0
ANOVA,10,6,19,10,1.0
ANOVA,10,6,19,10,1.0
ANOVA,10,6,20,10,1.0
ANOVA,10,6,20,10,1.0
ANOVA,10,6,20,10,1.0
ANOVA,10,6,21,10,1.0
ANOVA,10,6,21,10,1.0
ANOVA,10,6,21,10,1.0
ANOVA,10,6,22,10,1.0
ANOVA,10,6,22,10,1.0
ANOVA,10,6,22,10,1.0
ANOVA,10,6,23,10,1.0
ANOVA,10,6,23,10,1.0
ANOVA,10,6,23,10,1.0
ANOVA,10,6,24,10,1.0
ANOVA,10,6,24,10,1.0
ANOVA,10,6,24,10,1.0
ANOVA,10,6,25,10,1.0
ANOVA,10,6,25,10,1.0
ANOVA,10,6,25,10,1.0
ANOVA,10,6,6,10,1.0
ANOVA,10,6,7,10,1.0
ANOVA,10,6,7,10,1.0
ANOVA,10,6,7,10,1.0
ANOVA,10,6,8,10,1.0
ANOVA,10,6,8,10,1.0
ANOVA,10,6,8,10,1.0
ANOVA,10,6,9,10,1.0
ANOVA,10,6,9,10,1.0
ANOVA,10,6,9,10,1.0
ANOVA,10,6,10,10,1.0
ANOVA,10,6,10,10,1.0
ANOVA,10,6,10,10,1.0
ANOVA,10,6,11,10,1.0
ANOVA,10,6,11,10,1.0
ANOVA,10,6,11,10,1.0
ANOVA,10,6,12,10,1.0
ANOVA,10,6,12,10,1.0
ANOVA,10,6,12,10,1.0
ANOVA,10,6,13,10,1.0
ANOVA,10,6,13,10,1.0
ANOVA,10,6,13,10,1.0
ANOVA,10,6,14,10,1.0
ANOVA,10,6,14,10,1.0
ANOVA,10,6,14,10,1.0
ANOVA,10,6,15,10,1.0
ANOVA,10,6,15,10,1.0
ANOVA,10,6,15,10,1.0
ANOVA,10,6,16,10,1.0
ANOVA,10,6,16,10,1.0
ANOVA,10,6,16,10,1.0
ANOVA,10,6,17,10,1.0
ANOVA,10,6,17,10,1.0
ANOVA,10,6,17,10,1.0
ANOVA,10,6,18,10,1.0
ANOVA,10,6,18,10,1.0
ANOVA,10,6,18,10,1.0
ANOVA,10,6,19,10,1.0
ANOVA,10,6,19,10,1.0
ANOVA,10,6,19,10,1.0
ANOVA,10,6,20,10,1.0
ANOVA,10,6,20,10,1.0
ANOVA,10,6,20,10,1.0
ANOVA,10,6,21,10,1.0
ANOVA,10,6,21,10,1.0
ANOVA,10,6,21,10,1.0
ANOVA,10,6,22,10,1.0
ANOVA,10,6,22,10,1.0
ANOVA,10,6,22,10,1.0
ANOVA,10,6,23,10,1.0
ANOVA,10,6,23,10,1.0
ANOVA,10,6,23,10,1.0
ANOVA,10,6,24,10,1.0
ANOVA,10,6,24,10,1.0
ANOVA,10,6,24,10,1.0
ANOVA,10,6,25,10,1.0
ANOVA,10,6,25,10,1.0
ANOVA,10,6,25,10,1.0
ANOVA,10,6,7,10,1.0
ANOVA,10,6,7,10,1.0
ANOVA,10,6,7,10,1.0
ANOVA,10,6,8,10,1.0
ANOVA,10,6,8,10,1.0
ANOVA,10,6,8,10,1.0
ANOVA,10,6,9,10,1.0
ANOVA,10,6,9,10,1.0
ANOVA,10,6,9,10,1.0
ANOVA,10,6,10,10,1.0
ANOVA,10,6,10,10,1.0
ANOVA,10,6,10,10,1.0
ANOVA,10,6,11,10,1.0
ANOVA,10,6,11,10,1.0
ANOVA,10,6,11,10,1.0
ANOVA,10,6,12,10,1.0
ANOVA,10,6,12,10,1.0
ANOVA,10,6,12,10,1.0
ANOVA,10,6,13,10,1.0
ANOVA,10,6,13,10,1.0
ANOVA,10,6,13,10,1.0
ANOVA,10,6,14,10,1.0
ANOVA,10,6,14,10,1.0
ANOVA,10,6,14,10,1.0
ANOVA,10,6,15,10,1.0
ANOVA,10,6,15,10,1.0
ANOVA,10,6,15,10,1.0
ANOVA,10,6,16,10,1.0
ANOVA,10,6,16,10,1.0
ANOVA,10,6,16,10,1.0
ANOVA,10,6,17,10,1.0
ANOVA,10,6,17,10,1.0
ANOVA,10,6,17,10,1.0
ANOVA,10,6,18,10,1.0
ANOVA,10,6,18,10,1.0
ANOVA,10,6,18,10,1.0
ANOVA,10,6,19,10,1.0
ANOVA,10,6,19,10,1.0
ANOVA,10,6,19,10,1.0
ANOVA,10,6,20,10,1.0
ANOVA,10,6,20,10,1.0
ANOVA,10,6,20,10,1.0
ANOVA,10,6,21,10,1.0
ANOVA,10,6,21,10,1.0
ANOVA,10,6,21,10,1.0
ANOVA,10,6,22,10,1.0
ANOVA,10,6,22,10,1.0
ANOVA,10,6,22,10,1.0
ANOVA,10,6,23,10,1.0
ANOVA,10,6,23,10,1.0
ANOVA,10,6,23,10,1.0
ANOVA,10,6,24,10,1.0
ANOVA,10,6,24,10,1.0
ANOVA,10,6,24,10,1.0
ANOVA,10,6,25,10,1.0
ANOVA,10,6,25,10,1.0
ANOVA,10,6,25,10,1.0
ANOVA,10,7,7,10,1.0
ANOVA,10,7,7,10,1.0
ANOVA,10,7,8,10,1.0
ANOVA,10,7,8,10,1.0
ANOVA,10,7,8,10,1.0
ANOVA,10,7,9,10,1.0
ANOVA,10,7,9,10,1.0
ANOVA,10,7,9,10,1.0
ANOVA,10,7,10,10,1.0
ANOVA,10,7,10,10,1.0
ANOVA,10,7,10,10,1.0
ANOVA,10,7,11,10,1.0
ANOVA,10,7,11,10,1.0
ANOVA,10,7,11,10,1.0
ANOVA,10,7,12,10,1.0
ANOVA,10,7,12,10,1.0
ANOVA,10,7,12,10,1.0
ANOVA,10,7,13,10,1.0
ANOVA,10,7,13,10,1.0
ANOVA,10,7,13,10,1.0
ANOVA,10,7,14,10,1.0
ANOVA,10,7,14,10,1.0
ANOVA,10,7,14,10,1.0
ANOVA,10,7,15,10,1.0
ANOVA,10,7,15,10,1.0
ANOVA,10,7,15,10,1.0
ANOVA,10,7,16,10,1.0
ANOVA,10,7,16,10,1.0
ANOVA,10,7,16,10,1.0
ANOVA,10,7,17,10,1.0
ANOVA,10,7,17,10,1.0
ANOVA,10,7,17,10,1.0
ANOVA,10,7,18,10,1.0
ANOVA,10,7,18,10,1.0
ANOVA,10,7,18,10,1.0
ANOVA,10,7,19,10,1.0
ANOVA,10,7,19,10,1.0
ANOVA,10,7,19,10,1.0
ANOVA,10,7,20,10,1.0
ANOVA,10,7,20,10,1.0
ANOVA,10,7,20,10,1.0
ANOVA,10,7,21,10,1.0
ANOVA,10,7,21,10,1.0
ANOVA,10,7,21,10,1.0
ANOVA,10,7,22,10,1.0
ANOVA,10,7,22,10,1.0
ANOVA,10,7,22,10,1.0
ANOVA,10,7,23,10,1.0
ANOVA,10,7,23,10,1.0
ANOVA,10,7,23,10,1.0
ANOVA,10,7,24,10,1.0
ANOVA,10,7,24,10,1.0
ANOVA,10,7,24,10,1.0
ANOVA,10,7,25,10,1.0
ANOVA,10,7,25,10,1.0
ANOVA,10,7,25,10,1.0
ANOVA,10,7,7,10,1.0
ANOVA,10,7,8,10,1.0
ANOVA,10,7,8,10,1.0
ANOVA,10,7,8,10,1.0
ANOVA,10,7,9,10,1.0
ANOVA,10,7,9,10,1.0
ANOVA,10,7,9,10,1.0
ANOVA,10,7,10,10,1.0
ANOVA,10,7,10,10,1.0
ANOVA,10,7,10,10,1.0
ANOVA,10,7,11,10,1.0
ANOVA,10,7,11,10,1.0
ANOVA,10,7,11,10,1.0
ANOVA,10,7,12,10,1.0
ANOVA,10,7,12,10,1.0
ANOVA,10,7,12,10,1.0
ANOVA,10,7,13,10,1.0
ANOVA,10,7,13,10,1.0
ANOVA,10,7,13,10,1.0
ANOVA,10,7,14,10,1.0
ANOVA,10,7,14,10,1.0
ANOVA,10,7,14,10,1.0
ANOVA,10,7,15,10,1.0
ANOVA,10,7,15,10,1.0
ANOVA,10,7,15,10,1.0
ANOVA,10,7,16,10,1.0
ANOVA,10,7,16,10,1.0
ANOVA,10,7,16,10,1.0
ANOVA,10,7,17,10,1.0
ANOVA,10,7,17,10,1.0
ANOVA,10,7,17,10,1.0
ANOVA,10,7,18,10,1.0
ANOVA,10,7,18,10,1.0
ANOVA,10,7,18,10,1.0
ANOVA,10,7,19,10,1.0
ANOVA,10,7,19,10,1.0
ANOVA,10,7,19,10,1.0
ANOVA,10,7,20,10,1.0
ANOVA,10,7,20,10,1.0
ANOVA,10,7,20,10,1.0
ANOVA,10,7,21,10,1.0
ANOVA,10,7,21,10,1.0
ANOVA,10,7,21,10,1.0
ANOVA,10,7,22,10,1.0
ANOVA,10,7,22,10,1.0
ANOVA,10,7,22,10,1.0
ANOVA,10,7,23,10,1.0
ANOVA,10,7,23,10,1.0
ANOVA,10,7,23,10,1.0
ANOVA,10,7,24,10,1.0
ANOVA,10,7,24,10,1.0
ANOVA,10,7,24,10,1.0
ANOVA,10,7,25,10,1.0
ANOVA,10,7,25,10,1.0
ANOVA,10,7,25,10,1.0
ANOVA,10,7,8,10,1.0
ANOVA,10,7,8,10,1.0
ANOVA,10,7,8,10,1.0
ANOVA,10,7,9,10,1.0
ANOVA,10,7,9,10,1.0
ANOVA,10,7,9,10,1.0
ANOVA,10,7,10,10,1.0
ANOVA,10,7,10,10,1.0
ANOVA,10,7,10,10,1.0
ANOVA,10,7,11,10,1.0
ANOVA,10,7,11,10,1.0
ANOVA,10,7,11,10,1.0
ANOVA,10,7,12,10,1.0
ANOVA,10,7,12,10,1.0
ANOVA,10,7,12,10,1.0
ANOVA,10,7,13,10,1.0
ANOVA,10,7,13,10,1.0
ANOVA,10,7,13,10,1.0
ANOVA,10,7,14,10,1.0
ANOVA,10,7,14,10,1.0
ANOVA,10,7,14,10,1.0
ANOVA,10,7,15,10,1.0
ANOVA,10,7,15,10,1.0
ANOVA,10,7,15,10,1.0
ANOVA,10,7,16,10,1.0
ANOVA,10,7,16,10,1.0
ANOVA,10,7,16,10,1.0
ANOVA,10,7,17,10,1.0
ANOVA,10,7,17,10,1.0
ANOVA,10,7,17,10,1.0
ANOVA,10,7,18,10,1.0
ANOVA,10,7,18,10,1.0
ANOVA,10,7,18,10,1.0
ANOVA,10,7,19,10,1.0
ANOVA,10,7,19,10,1.0
ANOVA,10,7,19,10,1.0
ANOVA,10,7,20,10,1.0
ANOVA,10,7,20,10,1.0
ANOVA,10,7,20,10,1.0
ANOVA,10,7,21,10,1.0
ANOVA,10,7,21,10,1.0
ANOVA,10,7,21,10,1.0
ANOVA,10,7,22,10,1.0
ANOVA,10,7,22,10,1.0
ANOVA,10,7,22,10,1.0
ANOVA,10,7,23,10,1.0
ANOVA,10,7,23,10,1.0
ANOVA,10,7,23,10,1.0
ANOVA,10,7,24,10,1.0
ANOVA,10,7,24,10,1.0
ANOVA,10,7,24,10,1.0
ANOVA,10,7,25,10,1.0
ANOVA,10,7,25,10,1.0
ANOVA,10,7,25,10,1.0
ANOVA,10,8,8,10,1.0
ANOVA,10,8,8,10,1.0
ANOVA,10,8,9,10,1.0
ANOVA,10,8,9,10,1.0
ANOVA,10,8,9,10,1.0
ANOVA,10,8,10,10,1.0
ANOVA,10,8,10,10,1.0
ANOVA,10,8,10,10,1.0
ANOVA,10,8,11,10,1.0
ANOVA,10,8,11,10,1.0
ANOVA,10,8,11,10,1.0
ANOVA,10,8,12,10,1.0
ANOVA,10,8,12,10,1.0
ANOVA,10,8,12,10,1.0
ANOVA,10,8,13,10,1.0
ANOVA,10,8,13,10,1.0
ANOVA,10,8,13,10,1.0
ANOVA,10,8,14,10,1.0
ANOVA,10,8,14,10,1.0
ANOVA,10,8,14,10,1.0
ANOVA,10,8,15,10,1.0
ANOVA,10,8,15,10,1.0
ANOVA,10,8,15,10,1.0
ANOVA,10,8,16,10,1.0
ANOVA,10,8,16,10,1.0
ANOVA,10,8,16,10,1.0
ANOVA,10,8,17,10,1.0
ANOVA,10,8,17,10,1.0
ANOVA,10,8,17,10,1.0
ANOVA,10,8,18,10,1.0
ANOVA,10,8,18,10,1.0
ANOVA,10,8,18,10,1.0
ANOVA,10,8,19,10,1.0
ANOVA,10,8,19,10,1.0
ANOVA,10,8,19,10,1.0
ANOVA,10,8,20,10,1.0
ANOVA,10,8,20,10,1.0
ANOVA,10,8,20,10,1.0
ANOVA,10,8,21,10,1.0
ANOVA,10,8,21,10,1.0
ANOVA,10,8,21,10,1.0
ANOVA,10,8,22,10,1.0
ANOVA,10,8,22,10,1.0
ANOVA,10,8,22,10,1.0
ANOVA,10,8,23,10,1.0
ANOVA,10,8,23,10,1.0
ANOVA,10,8,23,10,1.0
ANOVA,10,8,24,10,1.0
ANOVA,10,8,24,10,1.0
ANOVA,10,8,24,10,1.0
ANOVA,10,8,25,10,1.0
ANOVA,10,8,25,10,1.0
ANOVA,10,8,25,10,1.0
ANOVA,10,8,8,10,1.0
ANOVA,10,8,9,10,1.0
ANOVA,10,8,9,10,1.0
ANOVA,10,8,9,10,1.0
ANOVA,10,8,10,10,1.0
ANOVA,10,8,10,10,1.0
ANOVA,10,8,10,10,1.0
ANOVA,10,8,11,10,1.0
ANOVA,10,8,11,10,1.0
ANOVA,10,8,11,10,1.0
ANOVA,10,8,12,10,1.0
ANOVA,10,8,12,10,1.0
ANOVA,10,8,12,10,1.0
ANOVA,10,8,13,10,1.0
ANOVA,10,8,13,10,1.0
ANOVA,10,8,13,10,1.0
ANOVA,10,8,14,10,1.0
ANOVA,10,8,14,10,1.0
ANOVA,10,8,14,10,1.0
ANOVA,10,8,15,10,1.0
ANOVA,10,8,15,10,1.0
ANOVA,10,8,15,10,1.0
ANOVA,10,8,16,10,1.0
ANOVA,10,8,16,10,1.0
ANOVA,10,8,16,10,1.0
ANOVA,10,8,17,10,1.0
ANOVA,10,8,17,10,1.0
ANOVA,10,8,17,10,1.0
ANOVA,10,8,18,10,1.0
ANOVA,10,8,18,10,1.0
ANOVA,10,8,18,10,1.0
ANOVA,10,8,19,10,1.0
ANOVA,10,8,19,10,1.0
ANOVA,10,8,19,10,1.0
ANOVA,10,8,20,10,1.0
ANOVA,10,8,20,10,1.0
ANOVA,10,8,20,10,1.0
ANOVA,10,8,21,10,1.0
ANOVA,10,8,21,10,1.0
ANOVA,10,8,21,10,1.0
ANOVA,10,8,22,10,1.0
ANOVA,10,8,22,10,1.0
ANOVA,10,8,22,10,1.0
ANOVA,10,8,23,10,1.0
ANOVA,10,8,23,10,1.0
ANOVA,10,8,23,10,1.0
ANOVA,10,8,24,10,1.0
ANOVA,10,8,24,10,1.0
ANOVA,10,8,24,10,1.0
ANOVA,10,8,25,10,1.0
ANOVA,10,8,25,10,1.0
ANOVA,10,8,25,10,1.0
ANOVA,10,8,9,10,1.0
ANOVA,10,8,9,10,1.0
ANOVA,10,8,9,10,1.0
ANOVA,10,8,10,10,1.0
ANOVA,10,8,10,10,1.0
ANOVA,10,8,10,10,1.0
ANOVA,10,8,11,10,1.0
ANOVA,10,8,11,10,1.0
ANOVA,10,8,11,10,1.0
ANOVA,10,8,12,10,1.0
ANOVA,10,8,12,10,1.0
ANOVA,10,8,12,10,1.0
ANOVA,10,8,13,10,1.0
ANOVA,10,8,13,10,1.0
ANOVA,10,8,13,10,1.0
ANOVA,10,8,14,10,1.0
ANOVA,10,8,14,10,1.0
ANOVA,10,8,14,10,1.0
ANOVA,10,8,15,10,1.0
ANOVA,10,8,15,10,1.0
ANOVA,10,8,15,10,1.0
ANOVA,10,8,16,10,1.0
ANOVA,10,8,16,10,1.0
ANOVA,10,8,16,10,1.0
ANOVA,10,8,17,10,1.0
ANOVA,10,8,17,10,1.0
ANOVA,10,8,17,10,1.0
ANOVA,10,8,18,10,1.0
ANOVA,10,8,18,10,1.0
ANOVA,10,8,18,10,1.0
ANOVA,10,8,19,10,1.0
ANOVA,10,8,19,10,1.0
ANOVA,10,8,19,10,1.0
ANOVA,10,8,20,10,1.0
ANOVA,10,8,20,10,1.0
ANOVA,10,8,20,10,1.0
ANOVA,10,8,21,10,1.0
ANOVA,10,8,21,10,1.0
ANOVA,10,8,21,10,1.0
ANOVA,10,8,22,10,1.0
ANOVA,10,8,22,10,1.0
ANOVA,10,8,22,10,1.0
ANOVA,10,8,23,10,1.0
ANOVA,10,8,23,10,1.0
ANOVA,10,8,23,10,1.0
ANOVA,10,8,24,10,1.0
ANOVA,10,8,24,10,1.0
ANOVA,10,8,24,10,1.0
ANOVA,10,8,25,10,1.0
ANOVA,10,8,25,10,1.0
ANOVA,10,8,25,10,1.0
ANOVA,10,9,9,10,1.0
ANOVA,10,9,9,10,1.0
ANOVA,10,9,10,10,1.0
ANOVA,10,9,10,10,1.0
ANOVA,10,9,10,10,1.0
ANOVA,10,9,11,10,1.0
ANOVA,10,9,11,10,1.0
ANOVA,10,9,11,10,1.0
ANOVA,10,9,12,10,1.0
ANOVA,10,9,12,10,1.0
ANOVA,10,9,12,10,1.0
ANOVA,10,9,13,10,1.0
ANOVA,10,9,13,10,1.0
ANOVA,10,9,13,10,1.0
ANOVA,10,9,14,10,1.0
ANOVA,10,9,14,10,1.0
ANOVA,10,9,14,10,1.0
ANOVA,10,9,15,10,1.0
ANOVA,10,9,15,10,1.0
ANOVA,10,9,15,10,1.0
ANOVA,10,9,16,10,1.0
ANOVA,10,9,16,10,1.0
ANOVA,10,9,16,10,1.0
ANOVA,10,9,17,10,1.0
ANOVA,10,9,17,10,1.0
ANOVA,10,9,17,10,1.0
ANOVA,10,9,18,10,1.0
ANOVA,10,9,18,10,1.0
ANOVA,10,9,18,10,1.0
ANOVA,10,9,19,10,1.0
ANOVA,10,9,19,10,1.0
ANOVA,10,9,19,10,1.0
ANOVA,10,9,20,10,1.0
ANOVA,10,9,20,10,1.0
ANOVA,10,9,20,10,1.0
ANOVA,10,9,21,10,1.0
ANOVA,10,9,21,10,1.0
ANOVA,10,9,21,10,1.0
ANOVA,10,9,22,10,1.0
ANOVA,10,9,22,10,1.0
ANOVA,10,9,22,10,1.0
ANOVA,10,9,23,10,1.0
ANOVA,10,9,23,10,1.0
ANOVA,10,9,23,10,1.0
ANOVA,10,9,24,10,1.0
ANOVA,10,9,24,10,1.0
ANOVA,10,9,24,10,1.0
ANOVA,10,9,25,10,1.0
ANOVA,10,9,25,10,1.0
ANOVA,10,9,25,10,1.0
ANOVA,10,9,9,10,1.0
ANOVA,10,9,10,10,1.0
ANOVA,10,9,10,10,1.0
ANOVA,10,9,10,10,1.0
ANOVA,10,9,11,10,1.0
ANOVA,10,9,11,10,1.0
ANOVA,10,9,11,10,1.0
ANOVA,10,9,12,10,1.0
ANOVA,10,9,12,10,1.0
ANOVA,10,9,12,10,1.0
ANOVA,10,9,13,10,1.0
ANOVA,10,9,13,10,1.0
ANOVA,10,9,13,10,1.0
ANOVA,10,9,14,10,1.0
ANOVA,10,9,14,10,1.0
ANOVA,10,9,14,10,1.0
ANOVA,10,9,15,10,1.0
ANOVA,10,9,15,10,1.0
ANOVA,10,9,15,10,1.0
ANOVA,10,9,16,10,1.0
ANOVA,10,9,16,10,1.0
ANOVA,10,9,16,10,1.0
ANOVA,10,9,17,10,1.0
ANOVA,10,9,17,10,1.0
ANOVA,10,9,17,10,1.0
ANOVA,10,9,18,10,1.0
ANOVA,10,9,18,10,1.0
ANOVA,10,9,18,10,1.0
ANOVA,10,9,19,10,1.0
ANOVA,10,9,19,10,1.0
ANOVA,10,9,19,10,1.0
ANOVA,10,9,20,10,1.0
ANOVA,10,9,20,10,1.0
ANOVA,10,9,20,10,1.0
ANOVA,10,9,21,10,1.0
ANOVA,10,9,21,10,1.0
ANOVA,10,9,21,10,1.0
ANOVA,10,9,22,10,1.0
ANOVA,10,9,22,10,1.0
ANOVA,10,9,22,10,1.0
ANOVA,10,9,23,10,1.0
ANOVA,10,9,23,10,1.0
ANOVA,10,9,23,10,1.0
ANOVA,10,9,24,10,1.0
ANOVA,10,9,24,10,1.0
ANOVA,10,9,24,10,1.0
ANOVA,10,9,25,10,1.0
ANOVA,10,9,25,10,1.0
ANOVA,10,9,25,10,1.0
ANOVA,10,9,10,10,1.0
ANOVA,10,9,10,10,1.0
ANOVA,10,9,10,10,1.0
ANOVA,10,9,11,10,1.0
ANOVA,10,9,11,10,1.0
ANOVA,10,9,11,10,1.0
ANOVA,10,9,12,10,1.0
ANOVA,10,9,12,10,1.0
ANOVA,10,9,12,10,1.0
ANOVA,10,9,13,10,1.0
ANOVA,10,9,13,10,1.0
ANOVA,10,9,13,10,1.0
ANOVA,10,9,14,10,1.0
ANOVA,10,9,14,10,1.0
ANOVA,10,9,14,10,1.0
ANOVA,10,9,15,10,1.0
ANOVA,10,9,15,10,1.0
ANOVA,10,9,15,10,1.0
ANOVA,10,9,16,10,1.0
ANOVA,10,9,16,10,1.0
ANOVA,10,9,16,10,1.0
ANOVA,10,9,17,10,1.0
ANOVA,10,9,17,10,1.0
ANOVA,10,9,17,10,1.0
ANOVA,10,9,18,10,1.0
ANOVA,10,9,18,10,1.0
ANOVA,10,9,18,10,1.0
ANOVA,10,9,19,10,1.0
ANOVA,10,9,19,10,1.0
ANOVA,10,9,19,10,1.0
ANOVA,10,9,20,10,1.0
ANOVA,10,9,20,10,1.0
ANOVA,10,9,20,10,1.0
ANOVA,10,9,21,10,1.0
ANOVA,10,9,21,10,1.0
ANOVA,10,9,21,10,1.0
ANOVA,10,9,22,10,1.0
ANOVA,10,9,22,10,1.0
ANOVA,10,9,22,10,1.0
ANOVA,10,9,23,10,1.0
ANOVA,10,9,23,10,1.0
ANOVA,10,9,23,10,1.0
ANOVA,10,9,24,10,1.0
ANOVA,10,9,24,10,1.0
ANOVA,10,9,24,10,1.0
ANOVA,10,9,25,10,1.0
ANOVA,10,9,25,10,1.0
ANOVA,10,9,25,10,1.0
ANOVA,10,10,10,10,1.0
ANOVA,10,10,10,10,1.0
ANOVA,10,10,11,10,1.0
ANOVA,10,10,11,10,1.0
ANOVA,10,10,11,10,1.0
ANOVA,10,10,12,10,1.0
ANOVA,10,10,12,10,1.0
ANOVA,10,10,12,10,1.0
ANOVA,10,10,13,10,1.0
ANOVA,10,10,13,10,1.0
ANOVA,10,10,13,10,1.0
ANOVA,10,10,14,10,1.0
ANOVA,10,10,14,10,1.0
ANOVA,10,10,14,10,1.0
ANOVA,10,10,15,10,1.0
ANOVA,10,10,15,10,1.0
ANOVA,10,10,15,10,1.0
ANOVA,10,10,16,10,1.0
ANOVA,10,10,16,10,1.0
ANOVA,10,10,16,10,1.0
ANOVA,10,10,17,10,1.0
ANOVA,10,10,17,10,1.0
ANOVA,10,10,17,10,1.0
ANOVA,10,10,18,10,1.0
ANOVA,10,10,18,10,1.0
ANOVA,10,10,18,10,1.0
ANOVA,10,10,19,10,1.0
ANOVA,10,10,19,10,1.0
ANOVA,10,10,19,10,1.0
ANOVA,10,10,20,10,1.0
ANOVA,10,10,20,10,1.0
ANOVA,10,10,20,10,1.0
ANOVA,10,10,21,10,1.0
ANOVA,10,10,21,10,1.0
ANOVA,10,10,21,10,1.0
ANOVA,10,10,22,10,1.0
ANOVA,10,10,22,10,1.0
ANOVA,10,10,22,10,1.0
ANOVA,10,10,23,10,1.0
ANOVA,10,10,23,10,1.0
ANOVA,10,10,23,10,1.0
ANOVA,10,10,24,10,1.0
ANOVA,10,10,24,10,1.0
ANOVA,10,10,24,10,1.0
ANOVA,10,10,25,10,1.0
ANOVA,10,10,25,10,1.0
ANOVA,10,10,25,10,1.0
ANOVA,10,10,10,10,1.0
ANOVA,10,10,11,10,1.0
ANOVA,10,10,11,10,1.0
ANOVA,10,10,11,10,1.0
ANOVA,10,10,12,10,1.0
ANOVA,10,10,12,10,1.0
ANOVA,10,10,12,10,1.0
ANOVA,10,10,13,10,1.0
ANOVA,10,10,13,10,1.0
ANOVA,10,10,13,10,1.0
ANOVA,10,10,14,10,1.0
ANOVA,10,10,14,10,1.0
ANOVA,10,10,14,10,1.0
ANOVA,10,10,15,10,1.0
ANOVA,10,10,15,10,1.0
ANOVA,10,10,15,10,1.0
ANOVA,10,10,16,10,1.0
ANOVA,10,10,16,10,1.0
ANOVA,10,10,16,10,1.0
ANOVA,10,10,17,10,1.0
ANOVA,10,10,17,10,1.0
ANOVA,10,10,17,10,1.0
ANOVA,10,10,18,10,1.0
ANOVA,10,10,18,10,1.0
ANOVA,10,10,18,10,1.0
ANOVA,10,10,19,10,1.0
ANOVA,10,10,19,10,1.0
ANOVA,10,10,19,10,1.0
ANOVA,10,10,20,10,1.0
ANOVA,10,10,20,10,1.0
ANOVA,10,10,20,10,1.0
ANOVA,10,10,21,10,1.0
ANOVA,10,10,21,10,1.0
ANOVA,10,10,21,10,1.0
ANOVA,10,10,22,10,1.0
ANOVA,10,10,22,10,1.0
ANOVA,10,10,22,10,1.0
ANOVA,10,10,23,10,1.0
ANOVA,10,10,23,10,1.0
ANOVA,10,10,23,10,1.0
ANOVA,10,10,24,10,1.0
ANOVA,10,10,24,10,1.0
ANOVA,10,10,24,10,1.0
ANOVA,10,10,25,10,1.0
ANOVA,10,10,25,10,1.0
ANOVA,10,10,25,10,1.0
ANOVA,10,10,11,10,1.0
ANOVA,10,10,11,10,1.0
ANOVA,10,10,11,10,1.0
ANOVA,10,10,12,10,1.0
ANOVA,10,10,12,10,1.0
ANOVA,10,10,12,10,1.0
ANOVA,10,10,13,10,1.0
ANOVA,10,10,13,10,1.0
ANOVA,10,10,13,10,1.0
ANOVA,10,10,14,10,1.0
ANOVA,10,10,14,10,1.0
ANOVA,10,10,14,10,1.0
ANOVA,10,10,15,10,1.0
ANOVA,10,10,15,10,1.0
ANOVA,10,10,15,10,1.0
ANOVA,10,10,16,10,1.0
ANOVA,10,10,16,10,1.0
ANOVA,10,10,16,10,1.0
ANOVA,10,10,17,10,1.0
ANOVA,10,10,17,10,1.0
ANOVA,10,10,17,10,1.0
ANOVA,10,10,18,10,1.0
ANOVA,10,10,18,10,1.0
ANOVA,10,10,18,10,1.0
ANOVA,10,10,19,10,1.0
ANOVA,10,10,19,10,1.0
ANOVA,10,10,19,10,1.0
ANOVA,10,10,20,10,1.0
ANOVA,10,10,20,10,1.0
ANOVA,10,10,20,10,1.0
ANOVA,10,10,21,10,1.0
ANOVA,10,10,21,10,1.0
ANOVA,10,10,21,10,1.0
ANOVA,10,10,22,10,1.0
ANOVA,10,10,22,10,1.0
ANOVA,10,10,22,10,1.0
ANOVA,10,10,23,10,1.0
ANOVA,10,10,23,10,1.0
ANOVA,10,10,23,10,1.0
ANOVA,10,10,24,10,1.0
ANOVA,10,10,24,10,1.0
ANOVA,10,10,24,10,1.0
ANOVA,10,10,25,10,1.0
ANOVA,10,10,25,10,1.0
ANOVA,10,10,25,10,1.0
ANOVA,10,11,11,10,1.0
ANOVA,10,11,11,10,1.0
ANOVA,10,11,12,10,1.0
ANOVA,10,11,12,10,1.0
ANOVA,10,11,12,10,1.0
ANOVA,10,11,13,10,1.0
ANOVA,10,11,13,10,1.0
ANOVA,10,11,13,10,1.0
ANOVA,10,11,14,10,1.0
ANOVA,10,11,14,10,1.0
ANOVA,10,11,14,10,1.0
ANOVA,10,11,15,10,1.0
ANOVA,10,11,15,10,1.0
ANOVA,10,11,15,10,1.0
ANOVA,10,11,16,10,1.0
ANOVA,10,11,16,10,1.0
ANOVA,10,11,16,10,1.0
ANOVA,10,11,17,10,1.0
ANOVA,10,11,17,10,1.0
ANOVA,10,11,17,10,1.0
ANOVA,10,11,18,10,1.0
ANOVA,10,11,18,10,1.0
ANOVA,10,11,18,10,1.0
ANOVA,10,11,19,10,1.0
ANOVA,10,11,19,10,1.0
ANOVA,10,11,19,10,1.0
ANOVA,10,11,20,10,1.0
ANOVA,10,11,20,10,1.0
ANOVA,10,11,20,10,1.0
ANOVA,10,11,21,10,1.0
ANOVA,10,11,21,10,1.0
ANOVA,10,11,21,10,1.0
ANOVA,10,11,22,10,1.0
ANOVA,10,11,22,10,1.0
ANOVA,10,11,22,10,1.0
ANOVA,10,11,23,10,1.0
ANOVA,10,11,23,10,1.0
ANOVA,10,11,23,10,1.0
ANOVA,10,11,24,10,1.0
ANOVA,10,11,24,10,1.0
ANOVA,10,11,24,10,1.0
ANOVA,10,11,25,10,1.0
ANOVA,10,11,25,10,1.0
ANOVA,10,11,25,10,1.0
ANOVA,10,11,11,10,1.0
ANOVA,10,11,12,10,1.0
ANOVA,10,11,12,10,1.0
ANOVA,10,11,12,10,1.0
ANOVA,10,11,13,10,1.0
ANOVA,10,11,13,10,1.0
ANOVA,10,11,13,10,1.0
ANOVA,10,11,14,10,1.0
ANOVA,10,11,14,10,1.0
ANOVA,10,11,14,10,1.0
ANOVA,10,11,15,10,1.0
ANOVA,10,11,15,10,1.0
ANOVA,10,11,15,10,1.0
ANOVA,10,11,16,10,1.0
ANOVA,10,11,16,10,1.0
ANOVA,10,11,16,10,1.0
ANOVA,10,11,17,10,1.0
ANOVA,10,11,17,10,1.0
ANOVA,10,11,17,10,1.0
ANOVA,10,11,18,10,1.0
ANOVA,10,11,18,10,1.0
ANOVA,10,11,18,10,1.0
ANOVA,10,11,19,10,1.0
ANOVA,10,11,19,10,1.0
ANOVA,10,11,19,10,1.0
ANOVA,10,11,20,10,1.0
ANOVA,10,11,20,10,1.0
ANOVA,10,11,20,10,1.0
ANOVA,10,11,21,10,1.0
ANOVA,10,11,21,10,1.0
ANOVA,10,11,21,10,1.0
ANOVA,10,11,22,10,1.0
ANOVA,10,11,22,10,1.0
ANOVA,10,11,22,10,1.0
ANOVA,10,11,23,10,1.0
ANOVA,10,11,23,10,1.0
ANOVA,10,11,23,10,1.0
ANOVA,10,11,24,10,1.0
ANOVA,10,11,24,10,1.0
ANOVA,10,11,24,10,1.0
ANOVA,10,11,25,10,1.0
ANOVA,10,11,25,10,1.0
ANOVA,10,11,25,10,1.0
ANOVA,10,11,12,10,1.0
ANOVA,10,11,12,10,1.0
ANOVA,10,11,12,10,1.0
ANOVA,10,11,13,10,1.0
ANOVA,10,11,13,10,1.0
ANOVA,10,11,13,10,1.0
ANOVA,10,11,14,10,1.0
ANOVA,10,11,14,10,1.0
ANOVA,10,11,14,10,1.0
ANOVA,10,11,15,10,1.0
ANOVA,10,11,15,10,1.0
ANOVA,10,11,15,10,1.0
ANOVA,10,11,16,10,1.0
ANOVA,10,11,16,10,1.0
ANOVA,10,11,16,10,1.0
ANOVA,10,11,17,10,1.0
ANOVA,10,11,17,10,1.0
ANOVA,10,11,17,10,1.0
ANOVA,10,11,18,10,1.0
ANOVA,10,11,18,10,1.0
ANOVA,10,11,18,10,1.0
ANOVA,10,11,19,10,1.0
ANOVA,10,11,19,10,1.0
ANOVA,10,11,19,10,1.0
ANOVA,10,11,20,10,1.0
ANOVA,10,11,20,10,1.0
ANOVA,10,11,20,10,1.0
ANOVA,10,11,21,10,1.0
ANOVA,10,11,21,10,1.0
ANOVA,10,11,21,10,1.0
ANOVA,10,11,22,10,1.0
ANOVA,10,11,22,10,1.0
ANOVA,10,11,22,10,1.0
ANOVA,10,11,23,10,1.0
ANOVA,10,11,23,10,1.0
ANOVA,10,11,23,10,1.0
ANOVA,10,11,24,10,1.0
ANOVA,10,11,24,10,1.0
ANOVA,10,11,24,10,1.0
ANOVA,10,11,25,10,1.0
ANOVA,10,11,25,10,1.0
ANOVA,10,11,25,10,1.0
ANOVA,10,12,12,10,1.0
ANOVA,10,12,12,10,1.0
ANOVA,10,12,13,10,1.0
ANOVA,10,12,13,10,1.0
ANOVA,10,12,13,10,1.0
ANOVA,10,12,14,10,1.0
ANOVA,10,12,14,10,1.0
ANOVA,10,12,14,10,1.0
ANOVA,10,12,15,10,1.0
ANOVA,10,12,15,10,1.0
ANOVA,10,12,15,10,1.0
ANOVA,10,12,16,10,1.0
ANOVA,10,12,16,10,1.0
ANOVA,10,12,16,10,1.0
ANOVA,10,12,17,10,1.0
ANOVA,10,12,17,10,1.0
ANOVA,10,12,17,10,1.0
ANOVA,10,12,18,10,1.0
ANOVA,10,12,18,10,1.0
ANOVA,10,12,18,10,1.0
ANOVA,10,12,19,10,1.0
ANOVA,10,12,19,10,1.0
ANOVA,10,12,19,10,1.0
ANOVA,10,12,20,10,1.0
ANOVA,10,12,20,10,1.0
ANOVA,10,12,20,10,1.0
ANOVA,10,12,21,10,1.0
ANOVA,10,12,21,10,1.0
ANOVA,10,12,21,10,1.0
ANOVA,10,12,22,10,1.0
ANOVA,10,12,22,10,1.0
ANOVA,10,12,22,10,1.0
ANOVA,10,12,23,10,1.0
ANOVA,10,12,23,10,1.0
ANOVA,10,12,23,10,1.0
ANOVA,10,12,24,10,1.0
ANOVA,10,12,24,10,1.0
ANOVA,10,12,24,10,1.0
ANOVA,10,12,25,10,1.0
ANOVA,10,12,25,10,1.0
ANOVA,10,12,25,10,1.0
ANOVA,10,12,12,10,1.0
ANOVA,10,12,13,10,1.0
ANOVA,10,12,13,10,1.0
ANOVA,10,12,13,10,1.0
ANOVA,10,12,14,10,1.0
ANOVA,10,12,14,10,1.0
ANOVA,10,12,14,10,1.0
ANOVA,10,12,15,10,1.0
ANOVA,10,12,15,10,1.0
ANOVA,10,12,15,10,1.0
ANOVA,10,12,16,10,1.0
ANOVA,10,12,16,10,1.0
ANOVA,10,12,16,10,1.0
ANOVA,10,12,17,10,1.0
ANOVA,10,12,17,10,1.0
ANOVA,10,12,17,10,1.0
ANOVA,10,12,18,10,1.0
ANOVA,10,12,18,10,1.0
ANOVA,10,12,18,10,1.0
ANOVA,10,12,19,10,1.0
ANOVA,10,12,19,10,1.0
ANOVA,10,12,19,10,1.0
ANOVA,10,12,20,10,1.0
ANOVA,10,12,20,10,1.0
ANOVA,10,12,20,10,1.0
ANOVA,10,12,21,10,1.0
ANOVA,10,12,21,10,1.0
ANOVA,10,12,21,10,1.0
ANOVA,10,12,22,10,1.0
ANOVA,10,12,22,10,1.0
ANOVA,10,12,22,10,1.0
ANOVA,10,12,23,10,1.0
ANOVA,10,12,23,10,1.0
ANOVA,10,12,23,10,1.0
ANOVA,10,12,24,10,1.0
ANOVA,10,12,24,10,1.0
ANOVA,10,12,24,10,1.0
ANOVA,10,12,25,10,1.0
ANOVA,10,12,25,10,1.0
ANOVA,10,12,25,10,1.0
ANOVA,10,12,13,10,1.0
ANOVA,10,12,13,10,1.0
ANOVA,10,12,13,10,1.0
ANOVA,10,12,14,10,1.0
ANOVA,10,12,14,10,1.0
ANOVA,10,12,14,10,1.0
ANOVA,10,12,15,10,1.0
ANOVA,10,12,15,10,1.0
ANOVA,10,12,15,10,1.0
ANOVA,10,12,16,10,1.0
ANOVA,10,12,16,10,1.0
ANOVA,10,12,16,10,1.0
ANOVA,10,12,17,10,1.0
ANOVA,10,12,17,10,1.0
ANOVA,10,12,17,10,1.0
ANOVA,10,12,18,10,1.0
ANOVA,10,12,18,10,1.0
ANOVA,10,12,18,10,1.0
ANOVA,10,12,19,10,1.0
ANOVA,10,12,19,10,1.0
ANOVA,10,12,19,10,1.0
ANOVA,10,12,20,10,1.0
ANOVA,10,12,20,10,1.0
ANOVA,10,12,20,10,1.0
ANOVA,10,12,21,10,1.0
ANOVA,10,12,21,10,1.0
ANOVA,10,12,21,10,1.0
ANOVA,10,12,22,10,1.0
ANOVA,10,12,22,10,1.0
ANOVA,10,12,22,10,1.0
ANOVA,10,12,23,10,1.0
ANOVA,10,12,23,10,1.0
ANOVA,10,12,23,10,1.0
ANOVA,10,12,24,10,1.0
ANOVA,10,12,24,10,1.0
ANOVA,10,12,24,10,1.0
ANOVA,10,12,25,10,1.0
ANOVA,10,12,25,10,1.0
ANOVA,10,12,25,10,1.0
ANOVA,10,13,13,10,1.0
ANOVA,10,13,13,10,1.0
ANOVA,10,13,14,10,1.0
ANOVA,10,13,14,10,1.0
ANOVA,10,13,14,10,1.0
ANOVA,10,13,15,10,1.0
ANOVA,10,13,15,10,1.0
ANOVA,10,13,15,10,1.0
ANOVA,10,13,16,10,1.0
ANOVA,10,13,16,10,1.0
ANOVA,10,13,16,10,1.0
ANOVA,10,13,17,10,1.0
ANOVA,10,13,17,10,1.0
ANOVA,10,13,17,10,1.0
ANOVA,10,13,18,10,1.0
ANOVA,10,13,18,10,1.0
ANOVA,10,13,18,10,1.0
ANOVA,10,13,19,10,1.0
ANOVA,10,13,19,10,1.0
ANOVA,10,13,19,10,1.0
ANOVA,10,13,20,10,1.0
ANOVA,10,13,20,10,1.0
ANOVA,10,13,20,10,1.0
ANOVA,10,13,21,10,1.0
ANOVA,10,13,21,10,1.0
ANOVA,10,13,21,10,1.0
ANOVA,10,13,22,10,1.0
ANOVA,10,13,22,10,1.0
ANOVA,10,13,22,10,1.0
ANOVA,10,13,23,10,1.0
ANOVA,10,13,23,10,1.0
ANOVA,10,13,23,10,1.0
ANOVA,10,13,24,10,1.0
ANOVA,10,13,24,10,1.0
ANOVA,10,13,24,10,1.0
ANOVA,10,13,25,10,1.0
ANOVA,10,13,25,10,1.0
ANOVA,10,13,25,10,1.0
ANOVA,10,13,13,10,1.0
ANOVA,10,13,14,10,1.0
ANOVA,10,13,14,10,1.0
ANOVA,10,13,14,10,1.0
ANOVA,10,13,15,10,1.0
ANOVA,10,13,15,10,1.0
ANOVA,10,13,15,10,1.0
ANOVA,10,13,16,10,1.0
ANOVA,10,13,16,10,1.0
ANOVA,10,13,16,10,1.0
ANOVA,10,13,17,10,1.0
ANOVA,10,13,17,10,1.0
ANOVA,10,13,17,10,1.0
ANOVA,10,13,18,10,1.0
ANOVA,10,13,18,10,1.0
ANOVA,10,13,18,10,1.0
ANOVA,10,13,19,10,1.0
ANOVA,10,13,19,10,1.0
ANOVA,10,13,19,10,1.0
ANOVA,10,13,20,10,1.0
ANOVA,10,13,20,10,1.0
ANOVA,10,13,20,10,1.0
ANOVA,10,13,21,10,1.0
ANOVA,10,13,21,10,1.0
ANOVA,10,13,21,10,1.0
ANOVA,10,13,22,10,1.0
ANOVA,10,13,22,10,1.0
ANOVA,10,13,22,10,1.0
ANOVA,10,13,23,10,1.0
ANOVA,10,13,23,10,1.0
ANOVA,10,13,23,10,1.0
ANOVA,10,13,24,10,1.0
ANOVA,10,13,24,10,1.0
ANOVA,10,13,24,10,1.0
ANOVA,10,13,25,10,1.0
ANOVA,10,13,25,10,1.0
ANOVA,10,13,25,10,1.0
ANOVA,10,13,14,10,1.0
ANOVA,10,13,14,10,1.0
ANOVA,10,13,14,10,1.0
ANOVA,10,13,15,10,1.0
ANOVA,10,13,15,10,1.0
ANOVA,10,13,15,10,1.0
ANOVA,10,13,16,10,1.0
ANOVA,10,13,16,10,1.0
ANOVA,10,13,16,10,1.0
ANOVA,10,13,17,10,1.0
ANOVA,10,13,17,10,1.0
ANOVA,10,13,17,10,1.0
ANOVA,10,13,18,10,1.0
ANOVA,10,13,18,10,1.0
ANOVA,10,13,18,10,1.0
ANOVA,10,13,19,10,1.0
ANOVA,10,13,19,10,1.0
ANOVA,10,13,19,10,1.0
ANOVA,10,13,20,10,1.0
ANOVA,10,13,20,10,1.0
ANOVA,10,13,20,10,1.0
ANOVA,10,13,21,10,1.0
ANOVA,10,13,21,10,1.0
ANOVA,10,13,21,10,1.0
ANOVA,10,13,22,10,1.0
ANOVA,10,13,22,10,1.0
ANOVA,10,13,22,10,1.0
ANOVA,10,13,23,10,1.0
ANOVA,10,13,23,10,1.0
ANOVA,10,13,23,10,1.0
ANOVA,10,13,24,10,1.0
ANOVA,10,13,24,10,1.0
ANOVA,10,13,24,10,1.0
ANOVA,10,13,25,10,1.0
ANOVA,10,13,25,10,1.0
ANOVA,10,13,25,10,1.0
ANOVA,10,14,14,10,1.0
ANOVA,10,14,14,10,1.0
ANOVA,10,14,15,10,1.0
ANOVA,10,14,15,10,1.0
ANOVA,10,14,15,10,1.0
ANOVA,10,14,16,10,1.0
ANOVA,10,14,16,10,1.0
ANOVA,10,14,16,10,1.0
ANOVA,10,14,17,10,1.0
ANOVA,10,14,17,10,1.0
ANOVA,10,14,17,10,1.0
ANOVA,10,14,18,10,1.0
ANOVA,10,14,18,10,1.0
ANOVA,10,14,18,10,1.0
ANOVA,10,14,19,10,1.0
ANOVA,10,14,19,10,1.0
ANOVA,10,14,19,10,1.0
ANOVA,10,14,20,10,1.0
ANOVA,10,14,20,10,1.0
ANOVA,10,14,20,10,1.0
ANOVA,10,14,21,10,1.0
ANOVA,10,14,21,10,1.0
ANOVA,10,14,21,10,1.0
ANOVA,10,14,22,10,1.0
ANOVA,10,14,22,10,1.0
ANOVA,10,14,22,10,1.0
ANOVA,10,14,23,10,1.0
ANOVA,10,14,23,10,1.0
ANOVA,10,14,23,10,1.0
ANOVA,10,14,24,10,1.0
ANOVA,10,14,24,10,1.0
ANOVA,10,14,24,10,1.0
ANOVA,10,14,25,10,1.0
ANOVA,10,14,25,10,1.0
ANOVA,10,14,25,10,1.0
ANOVA,10,14,14,10,1.0
ANOVA,10,14,15,10,1.0
ANOVA,10,14,15,10,1.0
ANOVA,10,14,15,10,1.0
ANOVA,10,14,16,10,1.0
ANOVA,10,14,16,10,1.0
ANOVA,10,14,16,10,1.0
ANOVA,10,14,17,10,1.0
ANOVA,10,14,17,10,1.0
ANOVA,10,14,17,10,1.0
ANOVA,10,14,18,10,1.0
ANOVA,10,14,18,10,1.0
ANOVA,10,14,18,10,1.0
ANOVA,10,14,19,10,1.0
ANOVA,10,14,19,10,1.0
ANOVA,10,14,19,10,1.0
ANOVA,10,14,20,10,1.0
ANOVA,10,14,20,10,1.0
ANOVA,10,14,20,10,1.0
ANOVA,10,14,21,10,1.0
ANOVA,10,14,21,10,1.0
ANOVA,10,14,21,10,1.0
ANOVA,10,14,22,10,1.0
ANOVA,10,14,22,10,1.0
ANOVA,10,14,22,10,1.0
ANOVA,10,14,23,10,1.0
ANOVA,10,14,23,10,1.0
ANOVA,10,14,23,10,1.0
ANOVA,10,14,24,10,1.0
ANOVA,10,14,24,10,1.0
ANOVA,10,14,24,10,1.0
ANOVA,10,14,25,10,1.0
ANOVA,10,14,25,10,1.0
ANOVA,10,14,25,10,1.0
ANOVA,10,14,15,10,1.0
ANOVA,10,14,15,10,1.0
ANOVA,10,14,15,10,1.0
ANOVA,10,14,16,10,1.0
ANOVA,10,14,16,10,1.0
ANOVA,10,14,16,10,1.0
ANOVA,10,14,17,10,1.0
ANOVA,10,14,17,10,1.0
ANOVA,10,14,17,10,1.0
ANOVA,10,14,18,10,1.0
ANOVA,10,14,18,10,1.0
ANOVA,10,14,18,10,1.0
ANOVA,10,14,19,10,1.0
ANOVA,10,14,19,10,1.0
ANOVA,10,14,19,10,1.0
ANOVA,10,14,20,10,1.0
ANOVA,10,14,20,10,1.0
ANOVA,10,14,20,10,1.0
ANOVA,10,14,21,10,1.0
ANOVA,10,14,21,10,1.0
ANOVA,10,14,21,10,1.0
ANOVA,10,14,22,10,1.0
ANOVA,10,14,22,10,1.0
ANOVA,10,14,22,10,1.0
ANOVA,10,14,23,10,1.0
ANOVA,10,14,23,10,1.0
ANOVA,10,14,23,10,1.0
ANOVA,10,14,24,10,1.0
ANOVA,10,14,24,10,1.0
ANOVA,10,14,24,10,1.0
ANOVA,10,14,25,10,1.0
ANOVA,10,14,25,10,1.0
ANOVA,10,14,25,10,1.0
ANOVA,10,15,15,10,1.0
ANOVA,10,15,15,10,1.0
ANOVA,10,15,16,10,1.0
ANOVA,10,15,16,10,1.0
ANOVA,10,15,16,10,1.0
ANOVA,10,15,17,10,1.0
ANOVA,10,15,17,10,1.0
ANOVA,10,15,17,10,1.0
ANOVA,10,15,18,10,1.0
ANOVA,10,15,18,10,1.0
ANOVA,10,15,18,10,1.0
ANOVA,10,15,19,10,1.0
ANOVA,10,15,19,10,1.0
ANOVA,10,15,19,10,1.0
ANOVA,10,15,20,10,1.0
ANOVA,10,15,20,10,1.0
ANOVA,10,15,20,10,1.0
ANOVA,10,15,21,10,1.0
ANOVA,10,15,21,10,1.0
ANOVA,10,15,21,10,1.0
ANOVA,10,15,22,10,1.0
ANOVA,10,15,22,10,1.0
ANOVA,10,15,22,10,1.0
ANOVA,10,15,23,10,1.0
ANOVA,10,15,23,10,1.0
ANOVA,10,15,23,10,1.0
ANOVA,10,15,24,10,1.0
ANOVA,10,15,24,10,1.0
ANOVA,10,15,24,10,1.0
ANOVA,10,15,25,10,1.0
ANOVA,10,15,25,10,1.0
ANOVA,10,15,25,10,1.0
ANOVA,10,15,15,10,1.0
ANOVA,10,15,16,10,1.0
ANOVA,10,15,16,10,1.0
ANOVA,10,15,16,10,1.0
ANOVA,10,15,17,10,1.0
ANOVA,10,15,17,10,1.0
ANOVA,10,15,17,10,1.0
ANOVA,10,15,18,10,1.0
ANOVA,10,15,18,10,1.0
ANOVA,10,15,18,10,1.0
ANOVA,10,15,19,10,1.0
ANOVA,10,15,19,10,1.0
ANOVA,10,15,19,10,1.0
ANOVA,10,15,20,10,1.0
ANOVA,10,15,20,10,1.0
ANOVA,10,15,20,10,1.0
ANOVA,10,15,21,10,1.0
ANOVA,10,15,21,10,1.0
ANOVA,10,15,21,10,1.0
ANOVA,10,15,22,10,1.0
ANOVA,10,15,22,10,1.0
ANOVA,10,15,22,10,1.0
ANOVA,10,15,23,10,1.0
ANOVA,10,15,23,10,1.0
ANOVA,10,15,23,10,1.0
ANOVA,10,15,24,10,1.0
ANOVA,10,15,24,10,1.0
ANOVA,10,15,24,10,1.0
ANOVA,10,15,25,10,1.0
ANOVA,10,15,25,10,1.0
ANOVA,10,15,25,10,1.0
ANOVA,10,15,16,10,1.0
ANOVA,10,15,16,10,1.0
ANOVA,10,15,16,10,1.0
ANOVA,10,15,17,10,1.0
ANOVA,10,15,17,10,1.0
ANOVA,10,15,17,10,1.0
ANOVA,10,15,18,10,1.0
ANOVA,10,15,18,10,1.0
ANOVA,10,15,18,10,1.0
ANOVA,10,15,19,10,1.0
ANOVA,10,15,19,10,1.0
ANOVA,10,15,19,10,1.0
ANOVA,10,15,20,10,1.0
ANOVA,10,15,20,10,1.0
ANOVA,10,15,20,10,1.0
ANOVA,10,15,21,10,1.0
ANOVA,10,15,21,10,1.0
ANOVA,10,15,21,10,1.0
ANOVA,10,15,22,10,1.0
ANOVA,10,15,22,10,1.0
ANOVA,10,15,22,10,1.0
ANOVA,10,15,23,10,1.0
ANOVA,10,15,23,10,1.0
ANOVA,10,15,23,10,1.0
ANOVA,10,15,24,10,1.0
ANOVA,10,15,24,10,1.0
ANOVA,10,15,24,10,1.0
ANOVA,10,15,25,10,1.0
ANOVA,10,15,25,10,1.0
ANOVA,10,15,25,10,1.0
ANOVA,10,16,16,10,1.0
ANOVA,10,16,16,10,1.0
ANOVA,10,16,17,10,1.0
ANOVA,10,16,17,10,1.0
ANOVA,10,16,17,10,1.0
ANOVA,10,16,18,10,1.0
ANOVA,10,16,18,10,1.0
ANOVA,10,16,18,10,1.0
ANOVA,10,16,19,10,1.0
ANOVA,10,16,19,10,1.0
ANOVA,10,16,19,10,1.0
ANOVA,10,16,20,10,1.0
ANOVA,10,16,20,10,1.0
ANOVA,10,16,20,10,1.0
ANOVA,10,16,21,10,1.0
ANOVA,10,16,21,10,1.0
ANOVA,10,16,21,10,1.0
ANOVA,10,16,22,10,1.0
ANOVA,10,16,22,10,1.0
ANOVA,10,16,22,10,1.0
ANOVA,10,16,23,10,1.0
ANOVA,10,16,23,10,1.0
ANOVA,10,16,23,10,1.0
ANOVA,10,16,24,10,1.0
ANOVA,10,16,24,10,1.0
ANOVA,10,16,24,10,1.0
ANOVA,10,16,25,10,1.0
ANOVA,10,16,25,10,1.0
ANOVA,10,16,25,10,1.0
ANOVA,10,16,16,10,1.0
ANOVA,10,16,17,10,1.0
ANOVA,10,16,17,10,1.0
ANOVA,10,16,17,10,1.0
ANOVA,10,16,18,10,1.0
ANOVA,10,16,18,10,1.0
ANOVA,10,16,18,10,1.0
ANOVA,10,16,19,10,1.0
ANOVA,10,16,19,10,1.0
ANOVA,10,16,19,10,1.0
ANOVA,10,16,20,10,1.0
ANOVA,10,16,20,10,1.0
ANOVA,10,16,20,10,1.0
ANOVA,10,16,21,10,1.0
ANOVA,10,16,21,10,1.0
ANOVA,10,16,21,10,1.0
ANOVA,10,16,22,10,1.0
ANOVA,10,16,22,10,1.0
ANOVA,10,16,22,10,1.0
ANOVA,10,16,23,10,1.0
ANOVA,10,16,23,10,1.0
ANOVA,10,16,23,10,1.0
ANOVA,10,16,24,10,1.0
ANOVA,10,16,24,10,1.0
ANOVA,10,16,24,10,1.0
ANOVA,10,16,25,10,1.0
ANOVA,10,16,25,10,1.0
ANOVA,10,16,25,10,1.0
ANOVA,10,16,17,10,1.0
ANOVA,10,16,17,10,1.0
ANOVA,10,16,17,10,1.0
ANOVA,10,16,18,10,1.0
ANOVA,10,16,18,10,1.0
ANOVA,10,16,18,10,1.0
ANOVA,10,16,19,10,1.0
ANOVA,10,16,19,10,1.0
ANOVA,10,16,19,10,1.0
ANOVA,10,16,20,10,1.0
ANOVA,10,16,20,10,1.0
ANOVA,10,16,20,10,1.0
ANOVA,10,16,21,10,1.0
ANOVA,10,16,21,10,1.0
ANOVA,10,16,21,10,1.0
ANOVA,10,16,22,10,1.0
ANOVA,10,16,22,10,1.0
ANOVA,10,16,22,10,1.0
ANOVA,10,16,23,10,1.0
ANOVA,10,16,23,10,1.0
ANOVA,10,16,23,10,1.0
ANOVA,10,16,24,10,1.0
ANOVA,10,16,24,10,1.0
ANOVA,10,16,24,10,1.0
ANOVA,10,16,25,10,1.0
ANOVA,10,16,25,10,1.0
ANOVA,10,16,25,10,1.0
ANOVA,10,17,17,10,1.0
ANOVA,10,17,17,10,1.0
ANOVA,10,17,18,10,1.0
ANOVA,10,17,18,10,1.0
ANOVA,10,17,18,10,1.0
ANOVA,10,17,19,10,1.0
ANOVA,10,17,19,10,1.0
ANOVA,10,17,19,10,1.0
ANOVA,10,17,20,10,1.0
ANOVA,10,17,20,10,1.0
ANOVA,10,17,20,10,1.0
ANOVA,10,17,21,10,1.0
ANOVA,10,17,21,10,1.0
ANOVA,10,17,21,10,1.0
ANOVA,10,17,22,10,1.0
ANOVA,10,17,22,10,1.0
ANOVA,10,17,22,10,1.0
ANOVA,10,17,23,10,1.0
ANOVA,10,17,23,10,1.0
ANOVA,10,17,23,10,1.0
ANOVA,10,17,24,10,1.0
ANOVA,10,17,24,10,1.0
ANOVA,10,17,24,10,1.0
ANOVA,10,17,25,10,1.0
ANOVA,10,17,25,10,1.0
ANOVA,10,17,25,10,1.0
ANOVA,10,17,17,10,1.0
ANOVA,10,17,18,10,1.0
ANOVA,10,17,18,10,1.0
ANOVA,10,17,18,10,1.0
ANOVA,10,17,19,10,1.0
ANOVA,10,17,19,10,1.0
ANOVA,10,17,19,10,1.0
ANOVA,10,17,20,10,1.0
ANOVA,10,17,20,10,1.0
ANOVA,10,17,20,10,1.0
ANOVA,10,17,21,10,1.0
ANOVA,10,17,21,10,1.0
ANOVA,10,17,21,10,1.0
ANOVA,10,17,22,10,1.0
ANOVA,10,17,22,10,1.0
ANOVA,10,17,22,10,1.0
ANOVA,10,17,23,10,1.0
ANOVA,10,17,23,10,1.0
ANOVA,10,17,23,10,1.0
ANOVA,10,17,24,10,1.0
ANOVA,10,17,24,10,1.0
ANOVA,10,17,24,10,1.0
ANOVA,10,17,25,10,1.0
ANOVA,10,17,25,10,1.0
ANOVA,10,17,25,10,1.0
ANOVA,10,17,18,10,1.0
ANOVA,10,17,18,10,1.0
ANOVA,10,17,18,10,1.0
ANOVA,10,17,19,10,1.0
ANOVA,10,17,19,10,1.0
ANOVA,10,17,19,10,1.0
ANOVA,10,17,20,10,1.0
ANOVA,10,17,20,10,1.0
ANOVA,10,17,20,10,1.0
ANOVA,10,17,21,10,1.0
ANOVA,10,17,21,10,1.0
ANOVA,10,17,21,10,1.0
ANOVA,10,17,22,10,1.0
ANOVA,10,17,22,10,1.0
ANOVA,10,17,22,10,1.0
ANOVA,10,17,23,10,1.0
ANOVA,10,17,23,10,1.0
ANOVA,10,17,23,10,1.0
ANOVA,10,17,24,10,1.0
ANOVA,10,17,24,10,1.0
ANOVA,10,17,24,10,1.0
ANOVA,10,17,25,10,1.0
ANOVA,10,17,25,10,1.0
ANOVA,10,17,25,10,1.0
ANOVA,10,18,18,10,1.0
ANOVA,10,18,18,10,1.0
ANOVA,10,18,19,10,1.0
ANOVA,10,18,19,10,1.0
ANOVA,10,18,19,10,1.0
ANOVA,10,18,20,10,1.0
ANOVA,10,18,20,10,1.0
ANOVA,10,18,20,10,1.0
ANOVA,10,18,21,10,1.0
ANOVA,10,18,21,10,1.0
ANOVA,10,18,21,10,1.0
ANOVA,10,18,22,10,1.0
ANOVA,10,18,22,10,1.0
ANOVA,10,18,22,10,1.0
ANOVA,10,18,23,10,1.0
ANOVA,10,18,23,10,1.0
ANOVA,10,18,23,10,1.0
ANOVA,10,18,24,10,1.0
ANOVA,10,18,24,10,1.0
ANOVA,10,18,24,10,1.0
ANOVA,10,18,25,10,1.0
ANOVA,10,18,25,10,1.0
ANOVA,10,18,25,10,1.0
ANOVA,10,18,18,10,1.0
ANOVA,10,18,19,10,1.0
ANOVA,10,18,19,10,1.0
ANOVA,10,18,19,10,1.0
ANOVA,10,18,20,10,1.0
ANOVA,10,18,20,10,1.0
ANOVA,10,18,20,10,1.0
ANOVA,10,18,21,10,1.0
ANOVA,10,18,21,10,1.0
ANOVA,10,18,21,10,1.0
ANOVA,10,18,22,10,1.0
ANOVA,10,18,22,10,1.0
ANOVA,10,18,22,10,1.0
ANOVA,10,18,23,10,1.0
ANOVA,10,18,23,10,1.0
ANOVA,10,18,23,10,1.0
ANOVA,10,18,24,10,1.0
ANOVA,10,18,24,10,1.0
ANOVA,10,18,24,10,1.0
ANOVA,10,18,25,10,1.0
ANOVA,10,18,25,10,1.0
ANOVA,10,18,25,10,1.0
ANOVA,10,18,19,10,1.0
ANOVA,10,18,19,10,1.0
ANOVA,10,18,19,10,1.0
ANOVA,10,18,20,10,1.0
ANOVA,10,18,20,10,1.0
ANOVA,10,18,20,10,1.0
ANOVA,10,18,21,10,1.0
ANOVA,10,18,21,10,1.0
ANOVA,10,18,21,10,1.0
ANOVA,10,18,22,10,1.0
ANOVA,10,18,22,10,1.0
ANOVA,10,18,22,10,1.0
ANOVA,10,18,23,10,1.0
ANOVA,10,18,23,10,1.0
ANOVA,10,18,23,10,1.0
ANOVA,10,18,24,10,1.0
ANOVA,10,18,24,10,1.0
ANOVA,10,18,24,10,1.0
ANOVA,10,18,25,10,1.0
ANOVA,10,18,25,10,1.0
ANOVA,10,18,25,10,1.0
ANOVA,10,19,19,10,1.0
ANOVA,10,19,19,10,1.0
ANOVA,10,19,20,10,1.0
ANOVA,10,19,20,10,1.0
ANOVA,10,19,20,10,1.0
ANOVA,10,19,21,10,1.0
ANOVA,10,19,21,10,1.0
ANOVA,10,19,21,10,1.0
ANOVA,10,19,22,10,1.0
ANOVA,10,19,22,10,1.0
ANOVA,10,19,22,10,1.0
ANOVA,10,19,23,10,1.0
ANOVA,10,19,23,10,1.0
ANOVA,10,19,23,10,1.0
ANOVA,10,19,24,10,1.0
ANOVA,10,19,24,10,1.0
ANOVA,10,19,24,10,1.0
ANOVA,10,19,25,10,1.0
ANOVA,10,19,25,10,1.0
ANOVA,10,19,25,10,1.0
ANOVA,10,19,19,10,1.0
ANOVA,10,19,20,10,1.0
ANOVA,10,19,20,10,1.0
ANOVA,10,19,20,10,1.0
ANOVA,10,19,21,10,1.0
ANOVA,10,19,21,10,1.0
ANOVA,10,19,21,10,1.0
ANOVA,10,19,22,10,1.0
ANOVA,10,19,22,10,1.0
ANOVA,10,19,22,10,1.0
ANOVA,10,19,23,10,1.0
ANOVA,10,19,23,10,1.0
ANOVA,10,19,23,10,1.0
ANOVA,10,19,24,10,1.0
ANOVA,10,19,24,10,1.0
ANOVA,10,19,24,10,1.0
ANOVA,10,19,25,10,1.0
ANOVA,10,19,25,10,1.0
ANOVA,10,19,25,10,1.0
ANOVA,10,19,20,10,1.0
ANOVA,10,19,20,10,1.0
ANOVA,10,19,20,10,1.0
ANOVA,10,19,21,10,1.0
ANOVA,10,19,21,10,1.0
ANOVA,10,19,21,10,1.0
ANOVA,10,19,22,10,1.0
ANOVA,10,19,22,10,1.0
ANOVA,10,19,22,10,1.0
ANOVA,10,19,23,10,1.0
ANOVA,10,19,23,10,1.0
ANOVA,10,19,23,10,1.0
ANOVA,10,19,24,10,1.0
ANOVA,10,19,24,10,1.0
ANOVA,10,19,24,10,1.0
ANOVA,10,19,25,10,1.0
ANOVA,10,19,25,10,1.0
ANOVA,10,19,25,10,1.0
ANOVA,10,20,20,10,1.0
ANOVA,10,20,20,10,1.0
ANOVA,10,20,21,10,1.0
ANOVA,10,20,21,10,1.0
ANOVA,10,20,21,10,1.0
ANOVA,10,20,22,10,1.0
ANOVA,10,20,22,10,1.0
ANOVA,10,20,22,10,1.0
ANOVA,10,20,23,10,1.0
ANOVA,10,20,23,10,1.0
ANOVA,10,20,23,10,1.0
ANOVA,10,20,24,10,1.0
ANOVA,10,20,24,10,1.0
ANOVA,10,20,24,10,1.0
ANOVA,10,20,25,10,1.0
ANOVA,10,20,25,10,1.0
ANOVA,10,20,25,10,1.0
ANOVA,10,20,20,10,1.0
ANOVA,10,20,21,10,1.0
ANOVA,10,20,21,10,1.0
ANOVA,10,20,21,10,1.0
ANOVA,10,20,22,10,1.0
ANOVA,10,20,22,10,1.0
ANOVA,10,20,22,10,1.0
ANOVA,10,20,23,10,1.0
ANOVA,10,20,23,10,1.0
ANOVA,10,20,23,10,1.0
ANOVA,10,20,24,10,1.0
ANOVA,10,20,24,10,1.0
ANOVA,10,20,24,10,1.0
ANOVA,10,20,25,10,1.0
ANOVA,10,20,25,10,1.0
ANOVA,10,20,25,10,1.0
ANOVA,10,20,21,10,1.0
ANOVA,10,20,21,10,1.0
ANOVA,10,20,21,10,1.0
ANOVA,10,20,22,10,1.0
ANOVA,10,20,22,10,1.0
ANOVA,10,20,22,10,1.0
ANOVA,10,20,23,10,1.0
ANOVA,10,20,23,10,1.0
ANOVA,10,20,23,10,1.0
ANOVA,10,20,24,10,1.0
ANOVA,10,20,24,10,1.0
ANOVA,10,20,24,10,1.0
ANOVA,10,20,25,10,1.0
ANOVA,10,20,25,10,1.0
ANOVA,10,20,25,10,1.0
ANOVA,10,21,21,10,1.0
ANOVA,10,21,21,10,1.0
ANOVA,10,21,22,10,1.0
ANOVA,10,21,22,10,1.0
ANOVA,10,21,22,10,1.0
ANOVA,10,21,23,10,1.0
ANOVA,10,21,23,10,1.0
ANOVA,10,21,23,10,1.0
ANOVA,10,21,24,10,1.0
ANOVA,10,21,24,10,1.0
ANOVA,10,21,24,10,1.0
ANOVA,10,21,25,10,1.0
ANOVA,10,21,25,10,1.0
ANOVA,10,21,25,10,1.0
ANOVA,10,21,21,10,1.0
ANOVA,10,21,22,10,1.0
ANOVA,10,21,22,10,1.0
ANOVA,10,21,22,10,1.0
ANOVA,10,21,23,10,1.0
ANOVA,10,21,23,10,1.0
ANOVA,10,21,23,10,1.0
ANOVA,10,21,24,10,1.0
ANOVA,10,21,24,10,1.0
ANOVA,10,21,24,10,1.0
ANOVA,10,21,25,10,1.0
ANOVA,10,21,25,10,1.0
ANOVA,10,21,25,10,1.0
ANOVA,10,21,22,10,1.0
ANOVA,10,21,22,10,1.0
ANOVA,10,21,22,10,1.0
ANOVA,10,21,23,10,1.0
ANOVA,10,21,23,10,1.0
ANOVA,10,21,23,10,1.0
ANOVA,10,21,24,10,1.0
ANOVA,10,21,24,10,1.0
ANOVA,10,21,24,10,1.0
ANOVA,10,21,25,10,1.0
ANOVA,10,21,25,10,1.0
ANOVA,10,21,25,10,1.0
ANOVA,10,22,22,10,1.0
ANOVA,10,22,22,10,1.0
ANOVA,10,22,23,10,1.0
ANOVA,10,22,23,10,1.0
ANOVA,10,22,23,10,1.0
ANOVA,10,22,24,10,1.0
ANOVA,10,22,24,10,1.0
ANOVA,10,22,24,10,1.0
ANOVA,10,22,25,10,1.0
ANOVA,10,22,25,10,1.0
ANOVA,10,22,25,10,1.0
ANOVA,10,22,22,10,1.0
ANOVA,10,22,23,10,1.0
ANOVA,10,22,23,10,1.0
ANOVA,10,22,23,10,1.0
ANOVA,10,22,24,10,1.0
ANOVA,10,22,24,10,1.0
ANOVA,10,22,24,10,1.0
ANOVA,10,22,25,10,1.0
ANOVA,10,22,25,10,1.0
ANOVA,10,22,25,10,1.0
ANOVA,10,22,23,10,1.0
ANOVA,10,22,23,10,1.0
ANOVA,10,22,23,10,1.0
ANOVA,10,22,24,10,1.0
ANOVA,10,22,24,10,1.0
ANOVA,10,22,24,10,1.0
ANOVA,10,22,25,10,1.0
ANOVA,10,22,25,10,1.0
ANOVA,10,22,25,10,1.0
ANOVA,10,23,23,10,1.0
ANOVA,10,23,23,10,1.0
ANOVA,10,23,24,10,1.0
ANOVA,10,23,24,10,1.0
ANOVA,10,23,24,10,1.0
ANOVA,10,23,25,10,1.0
ANOVA,10,23,25,10,1.0
ANOVA,10,23,25,10,1.0
ANOVA,10,23,23,10,1.0
ANOVA,10,23,24,10,1.0
ANOVA,10,23,24,10,1.0
ANOVA,10,23,24,10,1.0
ANOVA,10,23,25,10,1.0
ANOVA,10,23,25,10,1.0
ANOVA,10,23,25,10,1.0
ANOVA,10,23,24,10,1.0
ANOVA,10,23,24,10,1.0
ANOVA,10,23,24,10,1.0
ANOVA,10,23,25,10,1.0
ANOVA,10,23,25,10,1.0
ANOVA,10,23,25,10,1.0
ANOVA,10,24,24,10,1.0
ANOVA,10,24,24,10,1.0
ANOVA,10,24,25,10,1.0
ANOVA,10,24,25,10,1.0
ANOVA,10,24,25,10,1.0
ANOVA,10,24,24,10,1.0
ANOVA,10,24,25,10,1.0
ANOVA,10,24,25,10,1.0
ANOVA,10,24,25,10,1.0
ANOVA,10,24,25,10,1.0
ANOVA,10,24,25,10,1.0
ANOVA,10,24,25,10,1.0
ANOVA,10,25,25,10,1.0
ANOVA,10,25,25,10,1.0
ANOVA,10,25,25,10,1.0
ANOVA,15,1,1,15,1.0
ANOVA,15,1,1,15,1.0
ANOVA,15,1,2,15,1.0
ANOVA,15,1,2,15,1.0
ANOVA,15,1,2,15,1.0
ANOVA,15,1,3,15,1.0
ANOVA,15,1,3,15,1.0
ANOVA,15,1,3,15,1.0
ANOVA,15,1,4,15,1.0
ANOVA,15,1,4,15,1.0
ANOVA,15,1,4,15,1.0
ANOVA,15,1,5,15,1.0
ANOVA,15,1,5,15,1.0
ANOVA,15,1,5,15,1.0
ANOVA,15,1,6,15,1.0
ANOVA,15,1,6,15,1.0
ANOVA,15,1,6,15,1.0
ANOVA,15,1,7,15,1.0
ANOVA,15,1,7,15,1.0
ANOVA,15,1,7,15,1.0
ANOVA,15,1,8,15,1.0
ANOVA,15,1,8,15,1.0
ANOVA,15,1,8,15,1.0
ANOVA,15,1,9,15,1.0
ANOVA,15,1,9,15,1.0
ANOVA,15,1,9,15,1.0
ANOVA,15,1,10,15,1.0
ANOVA,15,1,10,15,1.0
ANOVA,15,1,10,15,1.0
ANOVA,15,1,11,15,1.0
ANOVA,15,1,11,15,1.0
ANOVA,15,1,11,15,1.0
ANOVA,15,1,12,15,1.0
ANOVA,15,1,12,15,1.0
ANOVA,15,1,12,15,1.0
ANOVA,15,1,13,15,1.0
ANOVA,15,1,13,15,1.0
ANOVA,15,1,13,15,1.0
ANOVA,15,1,14,15,1.0
ANOVA,15,1,14,15,1.0
ANOVA,15,1,14,15,1.0
ANOVA,15,1,15,15,1.0
ANOVA,15,1,15,15,1.0
ANOVA,15,1,15,15,1.0
ANOVA,15,1,16,15,1.0
ANOVA,15,1,16,15,1.0
ANOVA,15,1,16,15,1.0
ANOVA,15,1,17,15,1.0
ANOVA,15,1,17,15,1.0
ANOVA,15,1,17,15,1.0
ANOVA,15,1,18,15,1.0
ANOVA,15,1,18,15,1.0
ANOVA,15,1,18,15,1.0
ANOVA,15,1,19,15,1.0
ANOVA,15,1,19,15,1.0
ANOVA,15,1,19,15,1.0
ANOVA,15,1,20,15,1.0
ANOVA,15,1,20,15,1.0
ANOVA,15,1,20,15,1.0
ANOVA,15,1,21,15,1.0
ANOVA,15,1,21,15,1.0
ANOVA,15,1,21,15,1.0
ANOVA,15,1,22,15,1.0
ANOVA,15,1,22,15,1.0
ANOVA,15,1,22,15,1.0
ANOVA,15,1,23,15,1.0
ANOVA,15,1,23,15,1.0
ANOVA,15,1,23,15,1.0
ANOVA,15,1,24,15,1.0
ANOVA,15,1,24,15,1.0
ANOVA,15,1,24,15,1.0
ANOVA,15,1,25,15,1.0
ANOVA,15,1,25,15,1.0
ANOVA,15,1,25,15,1.0
ANOVA,15,1,1,15,1.0
ANOVA,15,1,2,15,1.0
ANOVA,15,1,2,15,1.0
ANOVA,15,1,2,15,1.0
ANOVA,15,1,3,15,1.0
ANOVA,15,1,3,15,1.0
ANOVA,15,1,3,15,1.0
ANOVA,15,1,4,15,1.0
ANOVA,15,1,4,15,1.0
ANOVA,15,1,4,15,1.0
ANOVA,15,1,5,15,1.0
ANOVA,15,1,5,15,1.0
ANOVA,15,1,5,15,1.0
ANOVA,15,1,6,15,1.0
ANOVA,15,1,6,15,1.0
ANOVA,15,1,6,15,1.0
ANOVA,15,1,7,15,1.0
ANOVA,15,1,7,15,1.0
ANOVA,15,1,7,15,1.0
ANOVA,15,1,8,15,1.0
ANOVA,15,1,8,15,1.0
ANOVA,15,1,8,15,1.0
ANOVA,15,1,9,15,1.0
ANOVA,15,1,9,15,1.0
ANOVA,15,1,9,15,1.0
ANOVA,15,1,10,15,1.0
ANOVA,15,1,10,15,1.0
ANOVA,15,1,10,15,1.0
ANOVA,15,1,11,15,1.0
ANOVA,15,1,11,15,1.0
ANOVA,15,1,11,15,1.0
ANOVA,15,1,12,15,1.0
ANOVA,15,1,12,15,1.0
ANOVA,15,1,12,15,1.0
ANOVA,15,1,13,15,1.0
ANOVA,15,1,13,15,1.0
ANOVA,15,1,13,15,1.0
ANOVA,15,1,14,15,1.0
ANOVA,15,1,14,15,1.0
ANOVA,15,1,14,15,1.0
ANOVA,15,1,15,15,1.0
ANOVA,15,1,15,15,1.0
ANOVA,15,1,15,15,1.0
ANOVA,15,1,16,15,1.0
ANOVA,15,1,16,15,1.0
ANOVA,15,1,16,15,1.0
ANOVA,15,1,17,15,1.0
ANOVA,15,1,17,15,1.0
ANOVA,15,1,17,15,1.0
ANOVA,15,1,18,15,1.0
ANOVA,15,1,18,15,1.0
ANOVA,15,1,18,15,1.0
ANOVA,15,1,19,15,1.0
ANOVA,15,1,19,15,1.0
ANOVA,15,1,19,15,1.0
ANOVA,15,1,20,15,1.0
ANOVA,15,1,20,15,1.0
ANOVA,15,1,20,15,1.0
ANOVA,15,1,21,15,1.0
ANOVA,15,1,21,15,1.0
ANOVA,15,1,21,15,1.0
ANOVA,15,1,22,15,1.0
ANOVA,15,1,22,15,1.0
ANOVA,15,1,22,15,1.0
ANOVA,15,1,23,15,1.0
ANOVA,15,1,23,15,1.0
ANOVA,15,1,23,15,1.0
ANOVA,15,1,24,15,1.0
ANOVA,15,1,24,15,1.0
ANOVA,15,1,24,15,1.0
ANOVA,15,1,25,15,1.0
ANOVA,15,1,25,15,1.0
ANOVA,15,1,25,15,1.0
ANOVA,15,1,2,15,1.0
ANOVA,15,1,2,15,1.0
ANOVA,15,1,2,15,1.0
ANOVA,15,1,3,15,1.0
ANOVA,15,1,3,15,1.0
ANOVA,15,1,3,15,1.0
ANOVA,15,1,4,15,1.0
ANOVA,15,1,4,15,1.0
ANOVA,15,1,4,15,1.0
ANOVA,15,1,5,15,1.0
ANOVA,15,1,5,15,1.0
ANOVA,15,1,5,15,1.0
ANOVA,15,1,6,15,1.0
ANOVA,15,1,6,15,1.0
ANOVA,15,1,6,15,1.0
ANOVA,15,1,7,15,1.0
ANOVA,15,1,7,15,1.0
ANOVA,15,1,7,15,1.0
ANOVA,15,1,8,15,1.0
ANOVA,15,1,8,15,1.0
ANOVA,15,1,8,15,1.0
ANOVA,15,1,9,15,1.0
ANOVA,15,1,9,15,1.0
ANOVA,15,1,9,15,1.0
ANOVA,15,1,10,15,1.0
ANOVA,15,1,10,15,1.0
ANOVA,15,1,10,15,1.0
ANOVA,15,1,11,15,1.0
ANOVA,15,1,11,15,1.0
ANOVA,15,1,11,15,1.0
ANOVA,15,1,12,15,1.0
ANOVA,15,1,12,15,1.0
ANOVA,15,1,12,15,1.0
ANOVA,15,1,13,15,1.0
ANOVA,15,1,13,15,1.0
ANOVA,15,1,13,15,1.0
ANOVA,15,1,14,15,1.0
ANOVA,15,1,14,15,1.0
ANOVA,15,1,14,15,1.0
ANOVA,15,1,15,15,1.0
ANOVA,15,1,15,15,1.0
ANOVA,15,1,15,15,1.0
ANOVA,15,1,16,15,1.0
ANOVA,15,1,16,15,1.0
ANOVA,15,1,16,15,1.0
ANOVA,15,1,17,15,1.0
ANOVA,15,1,17,15,1.0
ANOVA,15,1,17,15,1.0
ANOVA,15,1,18,15,1.0
ANOVA,15,1,18,15,1.0
ANOVA,15,1,18,15,1.0
ANOVA,15,1,19,15,1.0
ANOVA,15,1,19,15,1.0
ANOVA,15,1,19,15,1.0
ANOVA,15,1,20,15,1.0
ANOVA,15,1,20,15,1.0
ANOVA,15,1,20,15,1.0
ANOVA,15,1,21,15,1.0
ANOVA,15,1,21,15,1.0
ANOVA,15,1,21,15,1.0
ANOVA,15,1,22,15,1.0
ANOVA,15,1,22,15,1.0
ANOVA,15,1,22,15,1.0
ANOVA,15,1,23,15,1.0
ANOVA,15,1,23,15,1.0
ANOVA,15,1,23,15,1.0
ANOVA,15,1,24,15,1.0
ANOVA,15,1,24,15,1.0
ANOVA,15,1,24,15,1.0
ANOVA,15,1,25,15,1.0
ANOVA,15,1,25,15,1.0
ANOVA,15,1,25,15,1.0
ANOVA,15,2,2,15,1.0
ANOVA,15,2,2,15,1.0
ANOVA,15,2,3,15,1.0
ANOVA,15,2,3,15,1.0
ANOVA,15,2,3,15,1.0
ANOVA,15,2,4,15,1.0
ANOVA,15,2,4,15,1.0
ANOVA,15,2,4,15,1.0
ANOVA,15,2,5,15,1.0
ANOVA,15,2,5,15,1.0
ANOVA,15,2,5,15,1.0
ANOVA,15,2,6,15,1.0
ANOVA,15,2,6,15,1.0
ANOVA,15,2,6,15,1.0
ANOVA,15,2,7,15,1.0
ANOVA,15,2,7,15,1.0
ANOVA,15,2,7,15,1.0
ANOVA,15,2,8,15,1.0
ANOVA,15,2,8,15,1.0
ANOVA,15,2,8,15,1.0
ANOVA,15,2,9,15,1.0
ANOVA,15,2,9,15,1.0
ANOVA,15,2,9,15,1.0
ANOVA,15,2,10,15,1.0
ANOVA,15,2,10,15,1.0
ANOVA,15,2,10,15,1.0
ANOVA,15,2,11,15,1.0
ANOVA,15,2,11,15,1.0
ANOVA,15,2,11,15,1.0
ANOVA,15,2,12,15,1.0
ANOVA,15,2,12,15,1.0
ANOVA,15,2,12,15,1.0
ANOVA,15,2,13,15,1.0
ANOVA,15,2,13,15,1.0
ANOVA,15,2,13,15,1.0
ANOVA,15,2,14,15,1.0
ANOVA,15,2,14,15,1.0
ANOVA,15,2,14,15,1.0
ANOVA,15,2,15,15,1.0
ANOVA,15,2,15,15,1.0
ANOVA,15,2,15,15,1.0
ANOVA,15,2,16,15,1.0
ANOVA,15,2,16,15,1.0
ANOVA,15,2,16,15,1.0
ANOVA,15,2,17,15,1.0
ANOVA,15,2,17,15,1.0
ANOVA,15,2,17,15,1.0
ANOVA,15,2,18,15,1.0
ANOVA,15,2,18,15,1.0
ANOVA,15,2,18,15,1.0
ANOVA,15,2,19,15,1.0
ANOVA,15,2,19,15,1.0
ANOVA,15,2,19,15,1.0
ANOVA,15,2,20,15,1.0
ANOVA,15,2,20,15,1.0
ANOVA,15,2,20,15,1.0
ANOVA,15,2,21,15,1.0
ANOVA,15,2,21,15,1.0
ANOVA,15,2,21,15,1.0
ANOVA,15,2,22,15,1.0
ANOVA,15,2,22,15,1.0
ANOVA,15,2,22,15,1.0
ANOVA,15,2,23,15,1.0
ANOVA,15,2,23,15,1.0
ANOVA,15,2,23,15,1.0
ANOVA,15,2,24,15,1.0
ANOVA,15,2,24,15,1.0
ANOVA,15,2,24,15,1.0
ANOVA,15,2,25,15,1.0
ANOVA,15,2,25,15,1.0
ANOVA,15,2,25,15,1.0
ANOVA,15,2,2,15,1.0
ANOVA,15,2,3,15,1.0
ANOVA,15,2,3,15,1.0
ANOVA,15,2,3,15,1.0
ANOVA,15,2,4,15,1.0
ANOVA,15,2,4,15,1.0
ANOVA,15,2,4,15,1.0
ANOVA,15,2,5,15,1.0
ANOVA,15,2,5,15,1.0
ANOVA,15,2,5,15,1.0
ANOVA,15,2,6,15,1.0
ANOVA,15,2,6,15,1.0
ANOVA,15,2,6,15,1.0
ANOVA,15,2,7,15,1.0
ANOVA,15,2,7,15,1.0
ANOVA,15,2,7,15,1.0
ANOVA,15,2,8,15,1.0
ANOVA,15,2,8,15,1.0
ANOVA,15,2,8,15,1.0
ANOVA,15,2,9,15,1.0
ANOVA,15,2,9,15,1.0
ANOVA,15,2,9,15,1.0
ANOVA,15,2,10,15,1.0
ANOVA,15,2,10,15,1.0
ANOVA,15,2,10,15,1.0
ANOVA,15,2,11,15,1.0
ANOVA,15,2,11,15,1.0
ANOVA,15,2,11,15,1.0
ANOVA,15,2,12,15,1.0
ANOVA,15,2,12,15,1.0
ANOVA,15,2,12,15,1.0
ANOVA,15,2,13,15,1.0
ANOVA,15,2,13,15,1.0
ANOVA,15,2,13,15,1.0
ANOVA,15,2,14,15,1.0
ANOVA,15,2,14,15,1.0
ANOVA,15,2,14,15,1.0
ANOVA,15,2,15,15,1.0
ANOVA,15,2,15,15,1.0
ANOVA,15,2,15,15,1.0
ANOVA,15,2,16,15,1.0
ANOVA,15,2,16,15,1.0
ANOVA,15,2,16,15,1.0
ANOVA,15,2,17,15,1.0
ANOVA,15,2,17,15,1.0
ANOVA,15,2,17,15,1.0
ANOVA,15,2,18,15,1.0
ANOVA,15,2,18,15,1.0
ANOVA,15,2,18,15,1.0
ANOVA,15,2,19,15,1.0
ANOVA,15,2,19,15,1.0
ANOVA,15,2,19,15,1.0
ANOVA,15,2,20,15,1.0
ANOVA,15,2,20,15,1.0
ANOVA,15,2,20,15,1.0
ANOVA,15,2,21,15,1.0
ANOVA,15,2,21,15,1.0
ANOVA,15,2,21,15,1.0
ANOVA,15,2,22,15,1.0
ANOVA,15,2,22,15,1.0
ANOVA,15,2,22,15,1.0
ANOVA,15,2,23,15,1.0
ANOVA,15,2,23,15,1.0
ANOVA,15,2,23,15,1.0
ANOVA,15,2,24,15,1.0
ANOVA,15,2,24,15,1.0
ANOVA,15,2,24,15,1.0
ANOVA,15,2,25,15,1.0
ANOVA,15,2,25,15,1.0
ANOVA,15,2,25,15,1.0
ANOVA,15,2,3,15,1.0
ANOVA,15,2,3,15,1.0
ANOVA,15,2,3,15,1.0
ANOVA,15,2,4,15,1.0
ANOVA,15,2,4,15,1.0
ANOVA,15,2,4,15,1.0
ANOVA,15,2,5,15,1.0
ANOVA,15,2,5,15,1.0
ANOVA,15,2,5,15,1.0
ANOVA,15,2,6,15,1.0
ANOVA,15,2,6,15,1.0
ANOVA,15,2,6,15,1.0
ANOVA,15,2,7,15,1.0
ANOVA,15,2,7,15,1.0
ANOVA,15,2,7,15,1.0
ANOVA,15,2,8,15,1.0
ANOVA,15,2,8,15,1.0
ANOVA,15,2,8,15,1.0
ANOVA,15,2,9,15,1.0
ANOVA,15,2,9,15,1.0
ANOVA,15,2,9,15,1.0
ANOVA,15,2,10,15,1.0
ANOVA,15,2,10,15,1.0
ANOVA,15,2,10,15,1.0
ANOVA,15,2,11,15,1.0
ANOVA,15,2,11,15,1.0
ANOVA,15,2,11,15,1.0
ANOVA,15,2,12,15,1.0
ANOVA,15,2,12,15,1.0
ANOVA,15,2,12,15,1.0
ANOVA,15,2,13,15,1.0
ANOVA,15,2,13,15,1.0
ANOVA,15,2,13,15,1.0
ANOVA,15,2,14,15,1.0
ANOVA,15,2,14,15,1.0
ANOVA,15,2,14,15,1.0
ANOVA,15,2,15,15,1.0
ANOVA,15,2,15,15,1.0
ANOVA,15,2,15,15,1.0
ANOVA,15,2,16,15,1.0
ANOVA,15,2,16,15,1.0
ANOVA,15,2,16,15,1.0
ANOVA,15,2,17,15,1.0
ANOVA,15,2,17,15,1.0
ANOVA,15,2,17,15,1.0
ANOVA,15,2,18,15,1.0
ANOVA,15,2,18,15,1.0
ANOVA,15,2,18,15,1.0
ANOVA,15,2,19,15,1.0
ANOVA,15,2,19,15,1.0
ANOVA,15,2,19,15,1.0
ANOVA,15,2,20,15,1.0
ANOVA,15,2,20,15,1.0
ANOVA,15,2,20,15,1.0
ANOVA,15,2,21,15,1.0
ANOVA,15,2,21,15,1.0
ANOVA,15,2,21,15,1.0
ANOVA,15,2,22,15,1.0
ANOVA,15,2,22,15,1.0
ANOVA,15,2,22,15,1.0
ANOVA,15,2,23,15,1.0
ANOVA,15,2,23,15,1.0
ANOVA,15,2,23,15,1.0
ANOVA,15,2,24,15,1.0
ANOVA,15,2,24,15,1.0
ANOVA,15,2,24,15,1.0
ANOVA,15,2,25,15,1.0
ANOVA,15,2,25,15,1.0
ANOVA,15,2,25,15,1.0
ANOVA,15,3,3,15,1.0
ANOVA,15,3,3,15,1.0
ANOVA,15,3,4,15,1.0
ANOVA,15,3,4,15,1.0
ANOVA,15,3,4,15,1.0
ANOVA,15,3,5,15,1.0
ANOVA,15,3,5,15,1.0
ANOVA,15,3,5,15,1.0
ANOVA,15,3,6,15,1.0
ANOVA,15,3,6,15,1.0
ANOVA,15,3,6,15,1.0
ANOVA,15,3,7,15,1.0
ANOVA,15,3,7,15,1.0
ANOVA,15,3,7,15,1.0
ANOVA,15,3,8,15,1.0
ANOVA,15,3,8,15,1.0
ANOVA,15,3,8,15,1.0
ANOVA,15,3,9,15,1.0
ANOVA,15,3,9,15,1.0
ANOVA,15,3,9,15,1.0
ANOVA,15,3,10,15,1.0
ANOVA,15,3,10,15,1.0
ANOVA,15,3,10,15,1.0
ANOVA,15,3,11,15,1.0
ANOVA,15,3,11,15,1.0
ANOVA,15,3,11,15,1.0
ANOVA,15,3,12,15,1.0
ANOVA,15,3,12,15,1.0
ANOVA,15,3,12,15,1.0
ANOVA,15,3,13,15,1.0
ANOVA,15,3,13,15,1.0
ANOVA,15,3,13,15,1.0
ANOVA,15,3,14,15,1.0
ANOVA,15,3,14,15,1.0
ANOVA,15,3,14,15,1.0
ANOVA,15,3,15,15,1.0
ANOVA,15,3,15,15,1.0
ANOVA,15,3,15,15,1.0
ANOVA,15,3,16,15,1.0
ANOVA,15,3,16,15,1.0
ANOVA,15,3,16,15,1.0
ANOVA,15,3,17,15,1.0
ANOVA,15,3,17,15,1.0
ANOVA,15,3,17,15,1.0
ANOVA,15,3,18,15,1.0
ANOVA,15,3,18,15,1.0
ANOVA,15,3,18,15,1.0
ANOVA,15,3,19,15,1.0
ANOVA,15,3,19,15,1.0
ANOVA,15,3,19,15,1.0
ANOVA,15,3,20,15,1.0
ANOVA,15,3,20,15,1.0
ANOVA,15,3,20,15,1.0
ANOVA,15,3,21,15,1.0
ANOVA,15,3,21,15,1.0
ANOVA,15,3,21,15,1.0
ANOVA,15,3,22,15,1.0
ANOVA,15,3,22,15,1.0
ANOVA,15,3,22,15,1.0
ANOVA,15,3,23,15,1.0
ANOVA,15,3,23,15,1.0
ANOVA,15,3,23,15,1.0
ANOVA,15,3,24,15,1.0
ANOVA,15,3,24,15,1.0
ANOVA,15,3,24,15,1.0
ANOVA,15,3,25,15,1.0
ANOVA,15,3,25,15,1.0
ANOVA,15,3,25,15,1.0
ANOVA,15,3,3,15,1.0
ANOVA,15,3,4,15,1.0
ANOVA,15,3,4,15,1.0
ANOVA,15,3,4,15,1.0
ANOVA,15,3,5,15,1.0
ANOVA,15,3,5,15,1.0
ANOVA,15,3,5,15,1.0
ANOVA,15,3,6,15,1.0
ANOVA,15,3,6,15,1.0
ANOVA,15,3,6,15,1.0
ANOVA,15,3,7,15,1.0
ANOVA,15,3,7,15,1.0
ANOVA,15,3,7,15,1.0
ANOVA,15,3,8,15,1.0
ANOVA,15,3,8,15,1.0
ANOVA,15,3,8,15,1.0
ANOVA,15,3,9,15,1.0
ANOVA,15,3,9,15,1.0
ANOVA,15,3,9,15,1.0
ANOVA,15,3,10,15,1.0
ANOVA,15,3,10,15,1.0
ANOVA,15,3,10,15,1.0
ANOVA,15,3,11,15,1.0
ANOVA,15,3,11,15,1.0
ANOVA,15,3,11,15,1.0
ANOVA,15,3,12,15,1.0
ANOVA,15,3,12,15,1.0
ANOVA,15,3,12,15,1.0
ANOVA,15,3,13,15,1.0
ANOVA,15,3,13,15,1.0
ANOVA,15,3,13,15,1.0
ANOVA,15,3,14,15,1.0
ANOVA,15,3,14,15,1.0
ANOVA,15,3,14,15,1.0
ANOVA,15,3,15,15,1.0
ANOVA,15,3,15,15,1.0
ANOVA,15,3,15,15,1.0
ANOVA,15,3,16,15,1.0
ANOVA,15,3,16,15,1.0
ANOVA,15,3,16,15,1.0
ANOVA,15,3,17,15,1.0
ANOVA,15,3,17,15,1.0
ANOVA,15,3,17,15,1.0
ANOVA,15,3,18,15,1.0
ANOVA,15,3,18,15,1.0
ANOVA,15,3,18,15,1.0
ANOVA,15,3,19,15,1.0
ANOVA,15,3,19,15,1.0
ANOVA,15,3,19,15,1.0
ANOVA,15,3,20,15,1.0
ANOVA,15,3,20,15,1.0
ANOVA,15,3,20,15,1.0
ANOVA,15,3,21,15,1.0
ANOVA,15,3,21,15,1.0
ANOVA,15,3,21,15,1.0
ANOVA,15,3,22,15,1.0
ANOVA,15,3,22,15,1.0
ANOVA,15,3,22,15,1.0
ANOVA,15,3,23,15,1.0
ANOVA,15,3,23,15,1.0
ANOVA,15,3,23,15,1.0
ANOVA,15,3,24,15,1.0
ANOVA,15,3,24,15,1.0
ANOVA,15,3,24,15,1.0
ANOVA,15,3,25,15,1.0
ANOVA,15,3,25,15,1.0
ANOVA,15,3,25,15,1.0
ANOVA,15,3,4,15,1.0
ANOVA,15,3,4,15,1.0
ANOVA,15,3,4,15,1.0
ANOVA,15,3,5,15,1.0
ANOVA,15,3,5,15,1.0
ANOVA,15,3,5,15,1.0
ANOVA,15,3,6,15,1.0
ANOVA,15,3,6,15,1.0
ANOVA,15,3,6,15,1.0
ANOVA,15,3,7,15,1.0
ANOVA,15,3,7,15,1.0
ANOVA,15,3,7,15,1.0
ANOVA,15,3,8,15,1.0
ANOVA,15,3,8,15,1.0
ANOVA,15,3,8,15,1.0
ANOVA,15,3,9,15,1.0
ANOVA,15,3,9,15,1.0
ANOVA,15,3,9,15,1.0
ANOVA,15,3,10,15,1.0
ANOVA,15,3,10,15,1.0
ANOVA,15,3,10,15,1.0
ANOVA,15,3,11,15,1.0
ANOVA,15,3,11,15,1.0
ANOVA,15,3,11,15,1.0
ANOVA,15,3,12,15,1.0
ANOVA,15,3,12,15,1.0
ANOVA,15,3,12,15,1.0
ANOVA,15,3,13,15,1.0
ANOVA,15,3,13,15,1.0
ANOVA,15,3,13,15,1.0
ANOVA,15,3,14,15,1.0
ANOVA,15,3,14,15,1.0
ANOVA,15,3,14,15,1.0
ANOVA,15,3,15,15,1.0
ANOVA,15,3,15,15,1.0
ANOVA,15,3,15,15,1.0
ANOVA,15,3,16,15,1.0
ANOVA,15,3,16,15,1.0
ANOVA,15,3,16,15,1.0
ANOVA,15,3,17,15,1.0
ANOVA,15,3,17,15,1.0
ANOVA,15,3,17,15,1.0
ANOVA,15,3,18,15,1.0
ANOVA,15,3,18,15,1.0
ANOVA,15,3,18,15,1.0
ANOVA,15,3,19,15,1.0
ANOVA,15,3,19,15,1.0
ANOVA,15,3,19,15,1.0
ANOVA,15,3,20,15,1.0
ANOVA,15,3,20,15,1.0
ANOVA,15,3,20,15,1.0
ANOVA,15,3,21,15,1.0
ANOVA,15,3,21,15,1.0
ANOVA,15,3,21,15,1.0
ANOVA,15,3,22,15,1.0
ANOVA,15,3,22,15,1.0
ANOVA,15,3,22,15,1.0
ANOVA,15,3,23,15,1.0
ANOVA,15,3,23,15,1.0
ANOVA,15,3,23,15,1.0
ANOVA,15,3,24,15,1.0
ANOVA,15,3,24,15,1.0
ANOVA,15,3,24,15,1.0
ANOVA,15,3,25,15,1.0
ANOVA,15,3,25,15,1.0
ANOVA,15,3,25,15,1.0
ANOVA,15,4,4,15,1.0
ANOVA,15,4,4,15,1.0
ANOVA,15,4,5,15,1.0
ANOVA,15,4,5,15,1.0
ANOVA,15,4,5,15,1.0
ANOVA,15,4,6,15,1.0
ANOVA,15,4,6,15,1.0
ANOVA,15,4,6,15,1.0
ANOVA,15,4,7,15,1.0
ANOVA,15,4,7,15,1.0
ANOVA,15,4,7,15,1.0
ANOVA,15,4,8,15,1.0
ANOVA,15,4,8,15,1.0
ANOVA,15,4,8,15,1.0
ANOVA,15,4,9,15,1.0
ANOVA,15,4,9,15,1.0
ANOVA,15,4,9,15,1.0
ANOVA,15,4,10,15,1.0
ANOVA,15,4,10,15,1.0
ANOVA,15,4,10,15,1.0
ANOVA,15,4,11,15,1.0
ANOVA,15,4,11,15,1.0
ANOVA,15,4,11,15,1.0
ANOVA,15,4,12,15,1.0
ANOVA,15,4,12,15,1.0
ANOVA,15,4,12,15,1.0
ANOVA,15,4,13,15,1.0
ANOVA,15,4,13,15,1.0
ANOVA,15,4,13,15,1.0
ANOVA,15,4,14,15,1.0
ANOVA,15,4,14,15,1.0
ANOVA,15,4,14,15,1.0
ANOVA,15,4,15,15,1.0
ANOVA,15,4,15,15,1.0
ANOVA,15,4,15,15,1.0
ANOVA,15,4,16,15,1.0
ANOVA,15,4,16,15,1.0
ANOVA,15,4,16,15,1.0
ANOVA,15,4,17,15,1.0
ANOVA,15,4,17,15,1.0
ANOVA,15,4,17,15,1.0
ANOVA,15,4,18,15,1.0
ANOVA,15,4,18,15,1.0
ANOVA,15,4,18,15,1.0
ANOVA,15,4,19,15,1.0
ANOVA,15,4,19,15,1.0
ANOVA,15,4,19,15,1.0
ANOVA,15,4,20,15,1.0
ANOVA,15,4,20,15,1.0
ANOVA,15,4,20,15,1.0
ANOVA,15,4,21,15,1.0
ANOVA,15,4,21,15,1.0
ANOVA,15,4,21,15,1.0
ANOVA,15,4,22,15,1.0
ANOVA,15,4,22,15,1.0
ANOVA,15,4,22,15,1.0
ANOVA,15,4,23,15,1.0
ANOVA,15,4,23,15,1.0
ANOVA,15,4,23,15,1.0
ANOVA,15,4,24,15,1.0
ANOVA,15,4,24,15,1.0
ANOVA,15,4,24,15,1.0
ANOVA,15,4,25,15,1.0
ANOVA,15,4,25,15,1.0
ANOVA,15,4,25,15,1.0
ANOVA,15,4,4,15,1.0
ANOVA,15,4,5,15,1.0
ANOVA,15,4,5,15,1.0
ANOVA,15,4,5,15,1.0
ANOVA,15,4,6,15,1.0
ANOVA,15,4,6,15,1.0
ANOVA,15,4,6,15,1.0
ANOVA,15,4,7,15,1.0
ANOVA,15,4,7,15,1.0
ANOVA,15,4,7,15,1.0
ANOVA,15,4,8,15,1.0
ANOVA,15,4,8,15,1.0
ANOVA,15,4,8,15,1.0
ANOVA,15,4,9,15,1.0
ANOVA,15,4,9,15,1.0
ANOVA,15,4,9,15,1.0
ANOVA,15,4,10,15,1.0
ANOVA,15,4,10,15,1.0
ANOVA,15,4,10,15,1.0
ANOVA,15,4,11,15,1.0
ANOVA,15,4,11,15,1.0
ANOVA,15,4,11,15,1.0
ANOVA,15,4,12,15,1.0
ANOVA,15,4,12,15,1.0
ANOVA,15,4,12,15,1.0
ANOVA,15,4,13,15,1.0
ANOVA,15,4,13,15,1.0
ANOVA,15,4,13,15,1.0
ANOVA,15,4,14,15,1.0
ANOVA,15,4,14,15,1.0
ANOVA,15,4,14,15,1.0
ANOVA,15,4,15,15,1.0
ANOVA,15,4,15,15,1.0
ANOVA,15,4,15,15,1.0
ANOVA,15,4,16,15,1.0
ANOVA,15,4,16,15,1.0
ANOVA,15,4,16,15,1.0
ANOVA,15,4,17,15,1.0
ANOVA,15,4,17,15,1.0
ANOVA,15,4,17,15,1.0
ANOVA,15,4,18,15,1.0
ANOVA,15,4,18,15,1.0
ANOVA,15,4,18,15,1.0
ANOVA,15,4,19,15,1.0
ANOVA,15,4,19,15,1.0
ANOVA,15,4,19,15,1.0
ANOVA,15,4,20,15,1.0
ANOVA,15,4,20,15,1.0
ANOVA,15,4,20,15,1.0
ANOVA,15,4,21,15,1.0
ANOVA,15,4,21,15,1.0
ANOVA,15,4,21,15,1.0
ANOVA,15,4,22,15,1.0
ANOVA,15,4,22,15,1.0
ANOVA,15,4,22,15,1.0
ANOVA,15,4,23,15,1.0
ANOVA,15,4,23,15,1.0
ANOVA,15,4,23,15,1.0
ANOVA,15,4,24,15,1.0
ANOVA,15,4,24,15,1.0
ANOVA,15,4,24,15,1.0
ANOVA,15,4,25,15,1.0
ANOVA,15,4,25,15,1.0
ANOVA,15,4,25,15,1.0
ANOVA,15,4,5,15,1.0
ANOVA,15,4,5,15,1.0
ANOVA,15,4,5,15,1.0
ANOVA,15,4,6,15,1.0
ANOVA,15,4,6,15,1.0
ANOVA,15,4,6,15,1.0
ANOVA,15,4,7,15,1.0
ANOVA,15,4,7,15,1.0
ANOVA,15,4,7,15,1.0
ANOVA,15,4,8,15,1.0
ANOVA,15,4,8,15,1.0
ANOVA,15,4,8,15,1.0
ANOVA,15,4,9,15,1.0
ANOVA,15,4,9,15,1.0
ANOVA,15,4,9,15,1.0
ANOVA,15,4,10,15,1.0
ANOVA,15,4,10,15,1.0
ANOVA,15,4,10,15,1.0
ANOVA,15,4,11,15,1.0
ANOVA,15,4,11,15,1.0
ANOVA,15,4,11,15,1.0
ANOVA,15,4,12,15,1.0
ANOVA,15,4,12,15,1.0
ANOVA,15,4,12,15,1.0
ANOVA,15,4,13,15,1.0
ANOVA,15,4,13,15,1.0
ANOVA,15,4,13,15,1.0
ANOVA,15,4,14,15,1.0
ANOVA,15,4,14,15,1.0
ANOVA,15,4,14,15,1.0
ANOVA,15,4,15,15,1.0
ANOVA,15,4,15,15,1.0
ANOVA,15,4,15,15,1.0
ANOVA,15,4,16,15,1.0
ANOVA,15,4,16,15,1.0
ANOVA,15,4,16,15,1.0
ANOVA,15,4,17,15,1.0
ANOVA,15,4,17,15,1.0
ANOVA,15,4,17,15,1.0
ANOVA,15,4,18,15,1.0
ANOVA,15,4,18,15,1.0
ANOVA,15,4,18,15,1.0
ANOVA,15,4,19,15,1.0
ANOVA,15,4,19,15,1.0
ANOVA,15,4,19,15,1.0
ANOVA,15,4,20,15,1.0
ANOVA,15,4,20,15,1.0
ANOVA,15,4,20,15,1.0
ANOVA,15,4,21,15,1.0
ANOVA,15,4,21,15,1.0
ANOVA,15,4,21,15,1.0
ANOVA,15,4,22,15,1.0
ANOVA,15,4,22,15,1.0
ANOVA,15,4,22,15,1.0
ANOVA,15,4,23,15,1.0
ANOVA,15,4,23,15,1.0
ANOVA,15,4,23,15,1.0
ANOVA,15,4,24,15,1.0
ANOVA,15,4,24,15,1.0
ANOVA,15,4,24,15,1.0
ANOVA,15,4,25,15,1.0
ANOVA,15,4,25,15,1.0
ANOVA,15,4,25,15,1.0
ANOVA,15,5,5,15,1.0
ANOVA,15,5,5,15,1.0
ANOVA,15,5,6,15,1.0
ANOVA,15,5,6,15,1.0
ANOVA,15,5,6,15,1.0
ANOVA,15,5,7,15,1.0
ANOVA,15,5,7,15,1.0
ANOVA,15,5,7,15,1.0
ANOVA,15,5,8,15,1.0
ANOVA,15,5,8,15,1.0
ANOVA,15,5,8,15,1.0
ANOVA,15,5,9,15,1.0
ANOVA,15,5,9,15,1.0
ANOVA,15,5,9,15,1.0
ANOVA,15,5,10,15,1.0
ANOVA,15,5,10,15,1.0
ANOVA,15,5,10,15,1.0
ANOVA,15,5,11,15,1.0
ANOVA,15,5,11,15,1.0
ANOVA,15,5,11,15,1.0
ANOVA,15,5,12,15,1.0
ANOVA,15,5,12,15,1.0
ANOVA,15,5,12,15,1.0
ANOVA,15,5,13,15,1.0
ANOVA,15,5,13,15,1.0
ANOVA,15,5,13,15,1.0
ANOVA,15,5,14,15,1.0
ANOVA,15,5,14,15,1.0
ANOVA,15,5,14,15,1.0
ANOVA,15,5,15,15,1.0
ANOVA,15,5,15,15,1.0
ANOVA,15,5,15,15,1.0
ANOVA,15,5,16,15,1.0
ANOVA,15,5,16,15,1.0
ANOVA,15,5,16,15,1.0
ANOVA,15,5,17,15,1.0
ANOVA,15,5,17,15,1.0
ANOVA,15,5,17,15,1.0
ANOVA,15,5,18,15,1.0
ANOVA,15,5,18,15,1.0
ANOVA,15,5,18,15,1.0
ANOVA,15,5,19,15,1.0
ANOVA,15,5,19,15,1.0
ANOVA,15,5,19,15,1.0
ANOVA,15,5,20,15,1.0
ANOVA,15,5,20,15,1.0
ANOVA,15,5,20,15,1.0
ANOVA,15,5,21,15,1.0
ANOVA,15,5,21,15,1.0
ANOVA,15,5,21,15,1.0
ANOVA,15,5,22,15,1.0
ANOVA,15,5,22,15,1.0
ANOVA,15,5,22,15,1.0
ANOVA,15,5,23,15,1.0
ANOVA,15,5,23,15,1.0
ANOVA,15,5,23,15,1.0
ANOVA,15,5,24,15,1.0
ANOVA,15,5,24,15,1.0
ANOVA,15,5,24,15,1.0
ANOVA,15,5,25,15,1.0
ANOVA,15,5,25,15,1.0
ANOVA,15,5,25,15,1.0
ANOVA,15,5,5,15,1.0
ANOVA,15,5,6,15,1.0
ANOVA,15,5,6,15,1.0
ANOVA,15,5,6,15,1.0
ANOVA,15,5,7,15,1.0
ANOVA,15,5,7,15,1.0
ANOVA,15,5,7,15,1.0
ANOVA,15,5,8,15,1.0
ANOVA,15,5,8,15,1.0
ANOVA,15,5,8,15,1.0
ANOVA,15,5,9,15,1.0
ANOVA,15,5,9,15,1.0
ANOVA,15,5,9,15,1.0
ANOVA,15,5,10,15,1.0
ANOVA,15,5,10,15,1.0
ANOVA,15,5,10,15,1.0
ANOVA,15,5,11,15,1.0
ANOVA,15,5,11,15,1.0
ANOVA,15,5,11,15,1.0
ANOVA,15,5,12,15,1.0
ANOVA,15,5,12,15,1.0
ANOVA,15,5,12,15,1.0
ANOVA,15,5,13,15,1.0
ANOVA,15,5,13,15,1.0
ANOVA,15,5,13,15,1.0
ANOVA,15,5,14,15,1.0
ANOVA,15,5,14,15,1.0
ANOVA,15,5,14,15,1.0
ANOVA,15,5,15,15,1.0
ANOVA,15,5,15,15,1.0
ANOVA,15,5,15,15,1.0
ANOVA,15,5,16,15,1.0
ANOVA,15,5,16,15,1.0
ANOVA,15,5,16,15,1.0
ANOVA,15,5,17,15,1.0
ANOVA,15,5,17,15,1.0
ANOVA,15,5,17,15,1.0
ANOVA,15,5,18,15,1.0
ANOVA,15,5,18,15,1.0
ANOVA,15,5,18,15,1.0
ANOVA,15,5,19,15,1.0
ANOVA,15,5,19,15,1.0
ANOVA,15,5,19,15,1.0
ANOVA,15,5,20,15,1.0
ANOVA,15,5,20,15,1.0
ANOVA,15,5,20,15,1.0
ANOVA,15,5,21,15,1.0
ANOVA,15,5,21,15,1.0
ANOVA,15,5,21,15,1.0
ANOVA,15,5,22,15,1.0
ANOVA,15,5,22,15,1.0
ANOVA,15,5,22,15,1.0
ANOVA,15,5,23,15,1.0
ANOVA,15,5,23,15,1.0
ANOVA,15,5,23,15,1.0
ANOVA,15,5,24,15,1.0
ANOVA,15,5,24,15,1.0
ANOVA,15,5,24,15,1.0
ANOVA,15,5,25,15,1.0
ANOVA,15,5,25,15,1.0
ANOVA,15,5,25,15,1.0
ANOVA,15,5,6,15,1.0
ANOVA,15,5,6,15,1.0
ANOVA,15,5,6,15,1.0
ANOVA,15,5,7,15,1.0
ANOVA,15,5,7,15,1.0
ANOVA,15,5,7,15,1.0
ANOVA,15,5,8,15,1.0
ANOVA,15,5,8,15,1.0
ANOVA,15,5,8,15,1.0
ANOVA,15,5,9,15,1.0
ANOVA,15,5,9,15,1.0
ANOVA,15,5,9,15,1.0
ANOVA,15,5,10,15,1.0
ANOVA,15,5,10,15,1.0
ANOVA,15,5,10,15,1.0
ANOVA,15,5,11,15,1.0
ANOVA,15,5,11,15,1.0
ANOVA,15,5,11,15,1.0
ANOVA,15,5,12,15,1.0
ANOVA,15,5,12,15,1.0
ANOVA,15,5,12,15,1.0
ANOVA,15,5,13,15,1.0
ANOVA,15,5,13,15,1.0
ANOVA,15,5,13,15,1.0
ANOVA,15,5,14,15,1.0
ANOVA,15,5,14,15,1.0
ANOVA,15,5,14,15,1.0
ANOVA,15,5,15,15,1.0
ANOVA,15,5,15,15,1.0
ANOVA,15,5,15,15,1.0
ANOVA,15,5,16,15,1.0
ANOVA,15,5,16,15,1.0
ANOVA,15,5,16,15,1.0
ANOVA,15,5,17,15,1.0
ANOVA,15,5,17,15,1.0
ANOVA,15,5,17,15,1.0
ANOVA,15,5,18,15,1.0
ANOVA,15,5,18,15,1.0
ANOVA,15,5,18,15,1.0
ANOVA,15,5,19,15,1.0
ANOVA,15,5,19,15,1.0
ANOVA,15,5,19,15,1.0
ANOVA,15,5,20,15,1.0
ANOVA,15,5,20,15,1.0
ANOVA,15,5,20,15,1.0
ANOVA,15,5,21,15,1.0
ANOVA,15,5,21,15,1.0
ANOVA,15,5,21,15,1.0
ANOVA,15,5,22,15,1.0
ANOVA,15,5,22,15,1.0
ANOVA,15,5,22,15,1.0
ANOVA,15,5,23,15,1.0
ANOVA,15,5,23,15,1.0
ANOVA,15,5,23,15,1.0
ANOVA,15,5,24,15,1.0
ANOVA,15,5,24,15,1.0
ANOVA,15,5,24,15,1.0
ANOVA,15,5,25,15,1.0
ANOVA,15,5,25,15,1.0
ANOVA,15,5,25,15,1.0
ANOVA,15,6,6,15,1.0
ANOVA,15,6,6,15,1.0
ANOVA,15,6,7,15,1.0
ANOVA,15,6,7,15,1.0
ANOVA,15,6,7,15,1.0
ANOVA,15,6,8,15,1.0
ANOVA,15,6,8,15,1.0
ANOVA,15,6,8,15,1.0
ANOVA,15,6,9,15,1.0
ANOVA,15,6,9,15,1.0
ANOVA,15,6,9,15,1.0
ANOVA,15,6,10,15,1.0
ANOVA,15,6,10,15,1.0
ANOVA,15,6,10,15,1.0
ANOVA,15,6,11,15,1.0
ANOVA,15,6,11,15,1.0
ANOVA,15,6,11,15,1.0
ANOVA,15,6,12,15,1.0
ANOVA,15,6,12,15,1.0
ANOVA,15,6,12,15,1.0
ANOVA,15,6,13,15,1.0
ANOVA,15,6,13,15,1.0
ANOVA,15,6,13,15,1.0
ANOVA,15,6,14,15,1.0
ANOVA,15,6,14,15,1.0
ANOVA,15,6,14,15,1.0
ANOVA,15,6,15,15,1.0
ANOVA,15,6,15,15,1.0
ANOVA,15,6,15,15,1.0
ANOVA,15,6,16,15,1.0
ANOVA,15,6,16,15,1.0
ANOVA,15,6,16,15,1.0
ANOVA,15,6,17,15,1.0
ANOVA,15,6,17,15,1.0
ANOVA,15,6,17,15,1.0
ANOVA,15,6,18,15,1.0
ANOVA,15,6,18,15,1.0
ANOVA,15,6,18,15,1.0
ANOVA,15,6,19,15,1.0
ANOVA,15,6,19,15,1.0
ANOVA,15,6,19,15,1.0
ANOVA,15,6,20,15,1.0
ANOVA,15,6,20,15,1.0
ANOVA,15,6,20,15,1.0
ANOVA,15,6,21,15,1.0
ANOVA,15,6,21,15,1.0
ANOVA,15,6,21,15,1.0
ANOVA,15,6,22,15,1.0
ANOVA,15,6,22,15,1.0
ANOVA,15,6,22,15,1.0
ANOVA,15,6,23,15,1.0
ANOVA,15,6,23,15,1.0
ANOVA,15,6,23,15,1.0
ANOVA,15,6,24,15,1.0
ANOVA,15,6,24,15,1.0
ANOVA,15,6,24,15,1.0
ANOVA,15,6,25,15,1.0
ANOVA,15,6,25,15,1.0
ANOVA,15,6,25,15,1.0
ANOVA,15,6,6,15,1.0
ANOVA,15,6,7,15,1.0
ANOVA,15,6,7,15,1.0
ANOVA,15,6,7,15,1.0
ANOVA,15,6,8,15,1.0
ANOVA,15,6,8,15,1.0
ANOVA,15,6,8,15,1.0
ANOVA,15,6,9,15,1.0
ANOVA,15,6,9,15,1.0
ANOVA,15,6,9,15,1.0
ANOVA,15,6,10,15,1.0
ANOVA,15,6,10,15,1.0
ANOVA,15,6,10,15,1.0
ANOVA,15,6,11,15,1.0
ANOVA,15,6,11,15,1.0
ANOVA,15,6,11,15,1.0
ANOVA,15,6,12,15,1.0
ANOVA,15,6,12,15,1.0
ANOVA,15,6,12,15,1.0
ANOVA,15,6,13,15,1.0
ANOVA,15,6,13,15,1.0
ANOVA,15,6,13,15,1.0
ANOVA,15,6,14,15,1.0
ANOVA,15,6,14,15,1.0
ANOVA,15,6,14,15,1.0
ANOVA,15,6,15,15,1.0
ANOVA,15,6,15,15,1.0
ANOVA,15,6,15,15,1.0
ANOVA,15,6,16,15,1.0
ANOVA,15,6,16,15,1.0
ANOVA,15,6,16,15,1.0
ANOVA,15,6,17,15,1.0
ANOVA,15,6,17,15,1.0
ANOVA,15,6,17,15,1.0
ANOVA,15,6,18,15,1.0
ANOVA,15,6,18,15,1.0
ANOVA,15,6,18,15,1.0
ANOVA,15,6,19,15,1.0
ANOVA,15,6,19,15,1.0
ANOVA,15,6,19,15,1.0
ANOVA,15,6,20,15,1.0
ANOVA,15,6,20,15,1.0
ANOVA,15,6,20,15,1.0
ANOVA,15,6,21,15,1.0
ANOVA,15,6,21,15,1.0
ANOVA,15,6,21,15,1.0
ANOVA,15,6,22,15,1.0
ANOVA,15,6,22,15,1.0
ANOVA,15,6,22,15,1.0
ANOVA,15,6,23,15,1.0
ANOVA,15,6,23,15,1.0
ANOVA,15,6,23,15,1.0
ANOVA,15,6,24,15,1.0
ANOVA,15,6,24,15,1.0
ANOVA,15,6,24,15,1.0
ANOVA,15,6,25,15,1.0
ANOVA,15,6,25,15,1.0
ANOVA,15,6,25,15,1.0
ANOVA,15,6,7,15,1.0
ANOVA,15,6,7,15,1.0
ANOVA,15,6,7,15,1.0
ANOVA,15,6,8,15,1.0
ANOVA,15,6,8,15,1.0
ANOVA,15,6,8,15,1.0
ANOVA,15,6,9,15,1.0
ANOVA,15,6,9,15,1.0
ANOVA,15,6,9,15,1.0
ANOVA,15,6,10,15,1.0
ANOVA,15,6,10,15,1.0
ANOVA,15,6,10,15,1.0
ANOVA,15,6,11,15,1.0
ANOVA,15,6,11,15,1.0
ANOVA,15,6,11,15,1.0
ANOVA,15,6,12,15,1.0
ANOVA,15,6,12,15,1.0
ANOVA,15,6,12,15,1.0
ANOVA,15,6,13,15,1.0
ANOVA,15,6,13,15,1.0
ANOVA,15,6,13,15,1.0
ANOVA,15,6,14,15,1.0
ANOVA,15,6,14,15,1.0
ANOVA,15,6,14,15,1.0
ANOVA,15,6,15,15,1.0
ANOVA,15,6,15,15,1.0
ANOVA,15,6,15,15,1.0
ANOVA,15,6,16,15,1.0
ANOVA,15,6,16,15,1.0
ANOVA,15,6,16,15,1.0
ANOVA,15,6,17,15,1.0
ANOVA,15,6,17,15,1.0
ANOVA,15,6,17,15,1.0
ANOVA,15,6,18,15,1.0
ANOVA,15,6,18,15,1.0
ANOVA,15,6,18,15,1.0
ANOVA,15,6,19,15,1.0
ANOVA,15,6,19,15,1.0
ANOVA,15,6,19,15,1.0
ANOVA,15,6,20,15,1.0
ANOVA,15,6,20,15,1.0
ANOVA,15,6,20,15,1.0
ANOVA,15,6,21,15,1.0
ANOVA,15,6,21,15,1.0
ANOVA,15,6,21,15,1.0
ANOVA,15,6,22,15,1.0
ANOVA,15,6,22,15,1.0
ANOVA,15,6,22,15,1.0
ANOVA,15,6,23,15,1.0
ANOVA,15,6,23,15,1.0
ANOVA,15,6,23,15,1.0
ANOVA,15,6,24,15,1.0
ANOVA,15,6,24,15,1.0
ANOVA,15,6,24,15,1.0
ANOVA,15,6,25,15,1.0
ANOVA,15,6,25,15,1.0
ANOVA,15,6,25,15,1.0
ANOVA,15,7,7,15,1.0
ANOVA,15,7,7,15,1.0
ANOVA,15,7,8,15,1.0
ANOVA,15,7,8,15,1.0
ANOVA,15,7,8,15,1.0
ANOVA,15,7,9,15,1.0
ANOVA,15,7,9,15,1.0
ANOVA,15,7,9,15,1.0
ANOVA,15,7,10,15,1.0
ANOVA,15,7,10,15,1.0
ANOVA,15,7,10,15,1.0
ANOVA,15,7,11,15,1.0
ANOVA,15,7,11,15,1.0
ANOVA,15,7,11,15,1.0
ANOVA,15,7,12,15,1.0
ANOVA,15,7,12,15,1.0
ANOVA,15,7,12,15,1.0
ANOVA,15,7,13,15,1.0
ANOVA,15,7,13,15,1.0
ANOVA,15,7,13,15,1.0
ANOVA,15,7,14,15,1.0
ANOVA,15,7,14,15,1.0
ANOVA,15,7,14,15,1.0
ANOVA,15,7,15,15,1.0
ANOVA,15,7,15,15,1.0
ANOVA,15,7,15,15,1.0
ANOVA,15,7,16,15,1.0
ANOVA,15,7,16,15,1.0
ANOVA,15,7,16,15,1.0
ANOVA,15,7,17,15,1.0
ANOVA,15,7,17,15,1.0
ANOVA,15,7,17,15,1.0
ANOVA,15,7,18,15,1.0
ANOVA,15,7,18,15,1.0
ANOVA,15,7,18,15,1.0
ANOVA,15,7,19,15,1.0
ANOVA,15,7,19,15,1.0
ANOVA,15,7,19,15,1.0
ANOVA,15,7,20,15,1.0
ANOVA,15,7,20,15,1.0
ANOVA,15,7,20,15,1.0
ANOVA,15,7,21,15,1.0
ANOVA,15,7,21,15,1.0
ANOVA,15,7,21,15,1.0
ANOVA,15,7,22,15,1.0
ANOVA,15,7,22,15,1.0
ANOVA,15,7,22,15,1.0
ANOVA,15,7,23,15,1.0
ANOVA,15,7,23,15,1.0
ANOVA,15,7,23,15,1.0
ANOVA,15,7,24,15,1.0
ANOVA,15,7,24,15,1.0
ANOVA,15,7,24,15,1.0
ANOVA,15,7,25,15,1.0
ANOVA,15,7,25,15,1.0
ANOVA,15,7,25,15,1.0
ANOVA,15,7,7,15,1.0
ANOVA,15,7,8,15,1.0
ANOVA,15,7,8,15,1.0
ANOVA,15,7,8,15,1.0
ANOVA,15,7,9,15,1.0
ANOVA,15,7,9,15,1.0
ANOVA,15,7,9,15,1.0
ANOVA,15,7,10,15,1.0
ANOVA,15,7,10,15,1.0
ANOVA,15,7,10,15,1.0
ANOVA,15,7,11,15,1.0
ANOVA,15,7,11,15,1.0
ANOVA,15,7,11,15,1.0
ANOVA,15,7,12,15,1.0
ANOVA,15,7,12,15,1.0
ANOVA,15,7,12,15,1.0
ANOVA,15,7,13,15,1.0
ANOVA,15,7,13,15,1.0
ANOVA,15,7,13,15,1.0
ANOVA,15,7,14,15,1.0
ANOVA,15,7,14,15,1.0
ANOVA,15,7,14,15,1.0
ANOVA,15,7,15,15,1.0
ANOVA,15,7,15,15,1.0
ANOVA,15,7,15,15,1.0
ANOVA,15,7,16,15,1.0
ANOVA,15,7,16,15,1.0
ANOVA,15,7,16,15,1.0
ANOVA,15,7,17,15,1.0
ANOVA,15,7,17,15,1.0
ANOVA,15,7,17,15,1.0
ANOVA,15,7,18,15,1.0
ANOVA,15,7,18,15,1.0
ANOVA,15,7,18,15,1.0
ANOVA,15,7,19,15,1.0
ANOVA,15,7,19,15,1.0
ANOVA,15,7,19,15,1.0
ANOVA,15,7,20,15,1.0
ANOVA,15,7,20,15,1.0
ANOVA,15,7,20,15,1.0
ANOVA,15,7,21,15,1.0
ANOVA,15,7,21,15,1.0
ANOVA,15,7,21,15,1.0
ANOVA,15,7,22,15,1.0
ANOVA,15,7,22,15,1.0
ANOVA,15,7,22,15,1.0
ANOVA,15,7,23,15,1.0
ANOVA,15,7,23,15,1.0
ANOVA,15,7,23,15,1.0
ANOVA,15,7,24,15,1.0
ANOVA,15,7,24,15,1.0
ANOVA,15,7,24,15,1.0
ANOVA,15,7,25,15,1.0
ANOVA,15,7,25,15,1.0
ANOVA,15,7,25,15,1.0
ANOVA,15,7,8,15,1.0
ANOVA,15,7,8,15,1.0
ANOVA,15,7,8,15,1.0
ANOVA,15,7,9,15,1.0
ANOVA,15,7,9,15,1.0
ANOVA,15,7,9,15,1.0
ANOVA,15,7,10,15,1.0
ANOVA,15,7,10,15,1.0
ANOVA,15,7,10,15,1.0
ANOVA,15,7,11,15,1.0
ANOVA,15,7,11,15,1.0
ANOVA,15,7,11,15,1.0
ANOVA,15,7,12,15,1.0
ANOVA,15,7,12,15,1.0
ANOVA,15,7,12,15,1.0
ANOVA,15,7,13,15,1.0
ANOVA,15,7,13,15,1.0
ANOVA,15,7,13,15,1.0
ANOVA,15,7,14,15,1.0
ANOVA,15,7,14,15,1.0
ANOVA,15,7,14,15,1.0
ANOVA,15,7,15,15,1.0
ANOVA,15,7,15,15,1.0
ANOVA,15,7,15,15,1.0
ANOVA,15,7,16,15,1.0
ANOVA,15,7,16,15,1.0
ANOVA,15,7,16,15,1.0
ANOVA,15,7,17,15,1.0
ANOVA,15,7,17,15,1.0
ANOVA,15,7,17,15,1.0
ANOVA,15,7,18,15,1.0
ANOVA,15,7,18,15,1.0
ANOVA,15,7,18,15,1.0
ANOVA,15,7,19,15,1.0
ANOVA,15,7,19,15,1.0
ANOVA,15,7,19,15,1.0
ANOVA,15,7,20,15,1.0
ANOVA,15,7,20,15,1.0
ANOVA,15,7,20,15,1.0
ANOVA,15,7,21,15,1.0
ANOVA,15,7,21,15,1.0
ANOVA,15,7,21,15,1.0
ANOVA,15,7,22,15,1.0
ANOVA,15,7,22,15,1.0
ANOVA,15,7,22,15,1.0
ANOVA,15,7,23,15,1.0
ANOVA,15,7,23,15,1.0
ANOVA,15,7,23,15,1.0
ANOVA,15,7,24,15,1.0
ANOVA,15,7,24,15,1.0
ANOVA,15,7,24,15,1.0
ANOVA,15,7,25,15,1.0
ANOVA,15,7,25,15,1.0
ANOVA,15,7,25,15,1.0
ANOVA,15,8,8,15,1.0
ANOVA,15,8,8,15,1.0
ANOVA,15,8,9,15,1.0
ANOVA,15,8,9,15,1.0
ANOVA,15,8,9,15,1.0
ANOVA,15,8,10,15,1.0
ANOVA,15,8,10,15,1.0
ANOVA,15,8,10,15,1.0
ANOVA,15,8,11,15,1.0
ANOVA,15,8,11,15,1.0
ANOVA,15,8,11,15,1.0
ANOVA,15,8,12,15,1.0
ANOVA,15,8,12,15,1.0
ANOVA,15,8,12,15,1.0
ANOVA,15,8,13,15,1.0
ANOVA,15,8,13,15,1.0
ANOVA,15,8,13,15,1.0
ANOVA,15,8,14,15,1.0
ANOVA,15,8,14,15,1.0
ANOVA,15,8,14,15,1.0
ANOVA,15,8,15,15,1.0
ANOVA,15,8,15,15,1.0
ANOVA,15,8,15,15,1.0
ANOVA,15,8,16,15,1.0
ANOVA,15,8,16,15,1.0
ANOVA,15,8,16,15,1.0
ANOVA,15,8,17,15,1.0
ANOVA,15,8,17,15,1.0
ANOVA,15,8,17,15,1.0
ANOVA,15,8,18,15,1.0
ANOVA,15,8,18,15,1.0
ANOVA,15,8,18,15,1.0
ANOVA,15,8,19,15,1.0
ANOVA,15,8,19,15,1.0
ANOVA,15,8,19,15,1.0
ANOVA,15,8,20,15,1.0
ANOVA,15,8,20,15,1.0
ANOVA,15,8,20,15,1.0
ANOVA,15,8,21,15,1.0
ANOVA,15,8,21,15,1.0
ANOVA,15,8,21,15,1.0
ANOVA,15,8,22,15,1.0
ANOVA,15,8,22,15,1.0
ANOVA,15,8,22,15,1.0
ANOVA,15,8,23,15,1.0
ANOVA,15,8,23,15,1.0
ANOVA,15,8,23,15,1.0
ANOVA,15,8,24,15,1.0
ANOVA,15,8,24,15,1.0
ANOVA,15,8,24,15,1.0
ANOVA,15,8,25,15,1.0
ANOVA,15,8,25,15,1.0
ANOVA,15,8,25,15,1.0
ANOVA,15,8,8,15,1.0
ANOVA,15,8,9,15,1.0
ANOVA,15,8,9,15,1.0
ANOVA,15,8,9,15,1.0
ANOVA,15,8,10,15,1.0
ANOVA,15,8,10,15,1.0
ANOVA,15,8,10,15,1.0
ANOVA,15,8,11,15,1.0
ANOVA,15,8,11,15,1.0
ANOVA,15,8,11,15,1.0
ANOVA,15,8,12,15,1.0
ANOVA,15,8,12,15,1.0
ANOVA,15,8,12,15,1.0
ANOVA,15,8,13,15,1.0
ANOVA,15,8,13,15,1.0
ANOVA,15,8,13,15,1.0
ANOVA,15,8,14,15,1.0
ANOVA,15,8,14,15,1.0
ANOVA,15,8,14,15,1.0
ANOVA,15,8,15,15,1.0
ANOVA,15,8,15,15,1.0
ANOVA,15,8,15,15,1.0
ANOVA,15,8,16,15,1.0
ANOVA,15,8,16,15,1.0
ANOVA,15,8,16,15,1.0
ANOVA,15,8,17,15,1.0
ANOVA,15,8,17,15,1.0
ANOVA,15,8,17,15,1.0
ANOVA,15,8,18,15,1.0
ANOVA,15,8,18,15,1.0
ANOVA,15,8,18,15,1.0
ANOVA,15,8,19,15,1.0
ANOVA,15,8,19,15,1.0
ANOVA,15,8,19,15,1.0
ANOVA,15,8,20,15,1.0
ANOVA,15,8,20,15,1.0
ANOVA,15,8,20,15,1.0
ANOVA,15,8,21,15,1.0
ANOVA,15,8,21,15,1.0
ANOVA,15,8,21,15,1.0
ANOVA,15,8,22,15,1.0
ANOVA,15,8,22,15,1.0
ANOVA,15,8,22,15,1.0
ANOVA,15,8,23,15,1.0
ANOVA,15,8,23,15,1.0
ANOVA,15,8,23,15,1.0
ANOVA,15,8,24,15,1.0
ANOVA,15,8,24,15,1.0
ANOVA,15,8,24,15,1.0
ANOVA,15,8,25,15,1.0
ANOVA,15,8,25,15,1.0
ANOVA,15,8,25,15,1.0
ANOVA,15,8,9,15,1.0
ANOVA,15,8,9,15,1.0
ANOVA,15,8,9,15,1.0
ANOVA,15,8,10,15,1.0
ANOVA,15,8,10,15,1.0
ANOVA,15,8,10,15,1.0
ANOVA,15,8,11,15,1.0
ANOVA,15,8,11,15,1.0
ANOVA,15,8,11,15,1.0
ANOVA,15,8,12,15,1.0
ANOVA,15,8,12,15,1.0
ANOVA,15,8,12,15,1.0
ANOVA,15,8,13,15,1.0
ANOVA,15,8,13,15,1.0
ANOVA,15,8,13,15,1.0
ANOVA,15,8,14,15,1.0
ANOVA,15,8,14,15,1.0
ANOVA,15,8,14,15,1.0
ANOVA,15,8,15,15,1.0
ANOVA,15,8,15,15,1.0
ANOVA,15,8,15,15,1.0
ANOVA,15,8,16,15,1.0
ANOVA,15,8,16,15,1.0
ANOVA,15,8,16,15,1.0
ANOVA,15,8,17,15,1.0
ANOVA,15,8,17,15,1.0
ANOVA,15,8,17,15,1.0
ANOVA,15,8,18,15,1.0
ANOVA,15,8,18,15,1.0
ANOVA,15,8,18,15,1.0
ANOVA,15,8,19,15,1.0
ANOVA,15,8,19,15,1.0
ANOVA,15,8,19,15,1.0
ANOVA,15,8,20,15,1.0
ANOVA,15,8,20,15,1.0
ANOVA,15,8,20,15,1.0
ANOVA,15,8,21,15,1.0
ANOVA,15,8,21,15,1.0
ANOVA,15,8,21,15,1.0
ANOVA,15,8,22,15,1.0
ANOVA,15,8,22,15,1.0
ANOVA,15,8,22,15,1.0
ANOVA,15,8,23,15,1.0
ANOVA,15,8,23,15,1.0
ANOVA,15,8,23,15,1.0
ANOVA,15,8,24,15,1.0
ANOVA,15,8,24,15,1.0
ANOVA,15,8,24,15,1.0
ANOVA,15,8,25,15,1.0
ANOVA,15,8,25,15,1.0
ANOVA,15,8,25,15,1.0
ANOVA,15,9,9,15,1.0
ANOVA,15,9,9,15,1.0
ANOVA,15,9,10,15,1.0
ANOVA,15,9,10,15,1.0
ANOVA,15,9,10,15,1.0
ANOVA,15,9,11,15,1.0
ANOVA,15,9,11,15,1.0
ANOVA,15,9,11,15,1.0
ANOVA,15,9,12,15,1.0
ANOVA,15,9,12,15,1.0
ANOVA,15,9,12,15,1.0
ANOVA,15,9,13,15,1.0
ANOVA,15,9,13,15,1.0
ANOVA,15,9,13,15,1.0
ANOVA,15,9,14,15,1.0
ANOVA,15,9,14,15,1.0
ANOVA,15,9,14,15,1.0
ANOVA,15,9,15,15,1.0
ANOVA,15,9,15,15,1.0
ANOVA,15,9,15,15,1.0
ANOVA,15,9,16,15,1.0
ANOVA,15,9,16,15,1.0
ANOVA,15,9,16,15,1.0
ANOVA,15,9,17,15,1.0
ANOVA,15,9,17,15,1.0
ANOVA,15,9,17,15,1.0
ANOVA,15,9,18,15,1.0
ANOVA,15,9,18,15,1.0
ANOVA,15,9,18,15,1.0
ANOVA,15,9,19,15,1.0
ANOVA,15,9,19,15,1.0
ANOVA,15,9,19,15,1.0
ANOVA,15,9,20,15,1.0
ANOVA,15,9,20,15,1.0
ANOVA,15,9,20,15,1.0
ANOVA,15,9,21,15,1.0
ANOVA,15,9,21,15,1.0
ANOVA,15,9,21,15,1.0
ANOVA,15,9,22,15,1.0
ANOVA,15,9,22,15,1.0
ANOVA,15,9,22,15,1.0
ANOVA,15,9,23,15,1.0
ANOVA,15,9,23,15,1.0
ANOVA,15,9,23,15,1.0
ANOVA,15,9,24,15,1.0
ANOVA,15,9,24,15,1.0
ANOVA,15,9,24,15,1.0
ANOVA,15,9,25,15,1.0
ANOVA,15,9,25,15,1.0
ANOVA,15,9,25,15,1.0
ANOVA,15,9,9,15,1.0
ANOVA,15,9,10,15,1.0
ANOVA,15,9,10,15,1.0
ANOVA,15,9,10,15,1.0
ANOVA,15,9,11,15,1.0
ANOVA,15,9,11,15,1.0
ANOVA,15,9,11,15,1.0
ANOVA,15,9,12,15,1.0
ANOVA,15,9,12,15,1.0
ANOVA,15,9,12,15,1.0
ANOVA,15,9,13,15,1.0
ANOVA,15,9,13,15,1.0
ANOVA,15,9,13,15,1.0
ANOVA,15,9,14,15,1.0
ANOVA,15,9,14,15,1.0
ANOVA,15,9,14,15,1.0
ANOVA,15,9,15,15,1.0
ANOVA,15,9,15,15,1.0
ANOVA,15,9,15,15,1.0
ANOVA,15,9,16,15,1.0
ANOVA,15,9,16,15,1.0
ANOVA,15,9,16,15,1.0
ANOVA,15,9,17,15,1.0
ANOVA,15,9,17,15,1.0
ANOVA,15,9,17,15,1.0
ANOVA,15,9,18,15,1.0
ANOVA,15,9,18,15,1.0
ANOVA,15,9,18,15,1.0
ANOVA,15,9,19,15,1.0
ANOVA,15,9,19,15,1.0
ANOVA,15,9,19,15,1.0
ANOVA,15,9,20,15,1.0
ANOVA,15,9,20,15,1.0
ANOVA,15,9,20,15,1.0
ANOVA,15,9,21,15,1.0
ANOVA,15,9,21,15,1.0
ANOVA,15,9,21,15,1.0
ANOVA,15,9,22,15,1.0
ANOVA,15,9,22,15,1.0
ANOVA,15,9,22,15,1.0
ANOVA,15,9,23,15,1.0
ANOVA,15,9,23,15,1.0
ANOVA,15,9,23,15,1.0
ANOVA,15,9,24,15,1.0
ANOVA,15,9,24,15,1.0
ANOVA,15,9,24,15,1.0
ANOVA,15,9,25,15,1.0
ANOVA,15,9,25,15,1.0
ANOVA,15,9,25,15,1.0
ANOVA,15,9,10,15,1.0
ANOVA,15,9,10,15,1.0
ANOVA,15,9,10,15,1.0
ANOVA,15,9,11,15,1.0
ANOVA,15,9,11,15,1.0
ANOVA,15,9,11,15,1.0
ANOVA,15,9,12,15,1.0
ANOVA,15,9,12,15,1.0
ANOVA,15,9,12,15,1.0
ANOVA,15,9,13,15,1.0
ANOVA,15,9,13,15,1.0
ANOVA,15,9,13,15,1.0
ANOVA,15,9,14,15,1.0
ANOVA,15,9,14,15,1.0
ANOVA,15,9,14,15,1.0
ANOVA,15,9,15,15,1.0
ANOVA,15,9,15,15,1.0
ANOVA,15,9,15,15,1.0
ANOVA,15,9,16,15,1.0
ANOVA,15,9,16,15,1.0
ANOVA,15,9,16,15,1.0
ANOVA,15,9,17,15,1.0
ANOVA,15,9,17,15,1.0
ANOVA,15,9,17,15,1.0
ANOVA,15,9,18,15,1.0
ANOVA,15,9,18,15,1.0
ANOVA,15,9,18,15,1.0
ANOVA,15,9,19,15,1.0
ANOVA,15,9,19,15,1.0
ANOVA,15,9,19,15,1.0
ANOVA,15,9,20,15,1.0
ANOVA,15,9,20,15,1.0
ANOVA,15,9,20,15,1.0
ANOVA,15,9,21,15,1.0
ANOVA,15,9,21,15,1.0
ANOVA,15,9,21,15,1.0
ANOVA,15,9,22,15,1.0
ANOVA,15,9,22,15,1.0
ANOVA,15,9,22,15,1.0
ANOVA,15,9,23,15,1.0
ANOVA,15,9,23,15,1.0
ANOVA,15,9,23,15,1.0
ANOVA,15,9,24,15,1.0
ANOVA,15,9,24,15,1.0
ANOVA,15,9,24,15,1.0
ANOVA,15,9,25,15,1.0
ANOVA,15,9,25,15,1.0
ANOVA,15,9,25,15,1.0
ANOVA,15,10,10,15,1.0
ANOVA,15,10,10,15,1.0
ANOVA,15,10,11,15,1.0
ANOVA,15,10,11,15,1.0
ANOVA,15,10,11,15,1.0
ANOVA,15,10,12,15,1.0
ANOVA,15,10,12,15,1.0
ANOVA,15,10,12,15,1.0
ANOVA,15,10,13,15,1.0
ANOVA,15,10,13,15,1.0
ANOVA,15,10,13,15,1.0
ANOVA,15,10,14,15,1.0
ANOVA,15,10,14,15,1.0
ANOVA,15,10,14,15,1.0
ANOVA,15,10,15,15,1.0
ANOVA,15,10,15,15,1.0
ANOVA,15,10,15,15,1.0
ANOVA,15,10,16,15,1.0
ANOVA,15,10,16,15,1.0
ANOVA,15,10,16,15,1.0
ANOVA,15,10,17,15,1.0
ANOVA,15,10,17,15,1.0
ANOVA,15,10,17,15,1.0
ANOVA,15,10,18,15,1.0
ANOVA,15,10,18,15,1.0
ANOVA,15,10,18,15,1.0
ANOVA,15,10,19,15,1.0
ANOVA,15,10,19,15,1.0
ANOVA,15,10,19,15,1.0
ANOVA,15,10,20,15,1.0
ANOVA,15,10,20,15,1.0
ANOVA,15,10,20,15,1.0
ANOVA,15,10,21,15,1.0
ANOVA,15,10,21,15,1.0
ANOVA,15,10,21,15,1.0
ANOVA,15,10,22,15,1.0
ANOVA,15,10,22,15,1.0
ANOVA,15,10,22,15,1.0
ANOVA,15,10,23,15,1.0
ANOVA,15,10,23,15,1.0
ANOVA,15,10,23,15,1.0
ANOVA,15,10,24,15,1.0
ANOVA,15,10,24,15,1.0
ANOVA,15,10,24,15,1.0
ANOVA,15,10,25,15,1.0
ANOVA,15,10,25,15,1.0
ANOVA,15,10,25,15,1.0
ANOVA,15,10,10,15,1.0
ANOVA,15,10,11,15,1.0
ANOVA,15,10,11,15,1.0
ANOVA,15,10,11,15,1.0
ANOVA,15,10,12,15,1.0
ANOVA,15,10,12,15,1.0
ANOVA,15,10,12,15,1.0
ANOVA,15,10,13,15,1.0
ANOVA,15,10,13,15,1.0
ANOVA,15,10,13,15,1.0
ANOVA,15,10,14,15,1.0
ANOVA,15,10,14,15,1.0
ANOVA,15,10,14,15,1.0
ANOVA,15,10,15,15,1.0
ANOVA,15,10,15,15,1.0
ANOVA,15,10,15,15,1.0
ANOVA,15,10,16,15,1.0
ANOVA,15,10,16,15,1.0
ANOVA,15,10,16,15,1.0
ANOVA,15,10,17,15,1.0
ANOVA,15,10,17,15,1.0
ANOVA,15,10,17,15,1.0
ANOVA,15,10,18,15,1.0
ANOVA,15,10,18,15,1.0
ANOVA,15,10,18,15,1.0
ANOVA,15,10,19,15,1.0
ANOVA,15,10,19,15,1.0
ANOVA,15,10,19,15,1.0
ANOVA,15,10,20,15,1.0
ANOVA,15,10,20,15,1.0
ANOVA,15,10,20,15,1.0
ANOVA,15,10,21,15,1.0
ANOVA,15,10,21,15,1.0
ANOVA,15,10,21,15,1.0
ANOVA,15,10,22,15,1.0
ANOVA,15,10,22,15,1.0
ANOVA,15,10,22,15,1.0
ANOVA,15,10,23,15,1.0
ANOVA,15,10,23,15,1.0
ANOVA,15,10,23,15,1.0
ANOVA,15,10,24,15,1.0
ANOVA,15,10,24,15,1.0
ANOVA,15,10,24,15,1.0
ANOVA,15,10,25,15,1.0
ANOVA,15,10,25,15,1.0
ANOVA,15,10,25,15,1.0
ANOVA,15,10,11,15,1.0
ANOVA,15,10,11,15,1.0
ANOVA,15,10,11,15,1.0
ANOVA,15,10,12,15,1.0
ANOVA,15,10,12,15,1.0
ANOVA,15,10,12,15,1.0
ANOVA,15,10,13,15,1.0
ANOVA,15,10,13,15,1.0
ANOVA,15,10,13,15,1.0
ANOVA,15,10,14,15,1.0
ANOVA,15,10,14,15,1.0
ANOVA,15,10,14,15,1.0
ANOVA,15,10,15,15,1.0
ANOVA,15,10,15,15,1.0
ANOVA,15,10,15,15,1.0
ANOVA,15,10,16,15,1.0
ANOVA,15,10,16,15,1.0
ANOVA,15,10,16,15,1.0
ANOVA,15,10,17,15,1.0
ANOVA,15,10,17,15,1.0
ANOVA,15,10,17,15,1.0
ANOVA,15,10,18,15,1.0
ANOVA,15,10,18,15,1.0
ANOVA,15,10,18,15,1.0
ANOVA,15,10,19,15,1.0
ANOVA,15,10,19,15,1.0
ANOVA,15,10,19,15,1.0
ANOVA,15,10,20,15,1.0
ANOVA,15,10,20,15,1.0
ANOVA,15,10,20,15,1.0
ANOVA,15,10,21,15,1.0
ANOVA,15,10,21,15,1.0
ANOVA,15,10,21,15,1.0
ANOVA,15,10,22,15,1.0
ANOVA,15,10,22,15,1.0
ANOVA,15,10,22,15,1.0
ANOVA,15,10,23,15,1.0
ANOVA,15,10,23,15,1.0
ANOVA,15,10,23,15,1.0
ANOVA,15,10,24,15,1.0
ANOVA,15,10,24,15,1.0
ANOVA,15,10,24,15,1.0
ANOVA,15,10,25,15,1.0
ANOVA,15,10,25,15,1.0
ANOVA,15,10,25,15,1.0
ANOVA,15,11,11,15,1.0
ANOVA,15,11,11,15,1.0
ANOVA,15,11,12,15,1.0
ANOVA,15,11,12,15,1.0
ANOVA,15,11,12,15,1.0
ANOVA,15,11,13,15,1.0
ANOVA,15,11,13,15,1.0
ANOVA,15,11,13,15,1.0
ANOVA,15,11,14,15,1.0
ANOVA,15,11,14,15,1.0
ANOVA,15,11,14,15,1.0
ANOVA,15,11,15,15,1.0
ANOVA,15,11,15,15,1.0
ANOVA,15,11,15,15,1.0
ANOVA,15,11,16,15,1.0
ANOVA,15,11,16,15,1.0
ANOVA,15,11,16,15,1.0
ANOVA,15,11,17,15,1.0
ANOVA,15,11,17,15,1.0
ANOVA,15,11,17,15,1.0
ANOVA,15,11,18,15,1.0
ANOVA,15,11,18,15,1.0
ANOVA,15,11,18,15,1.0
ANOVA,15,11,19,15,1.0
ANOVA,15,11,19,15,1.0
ANOVA,15,11,19,15,1.0
ANOVA,15,11,20,15,1.0
ANOVA,15,11,20,15,1.0
ANOVA,15,11,20,15,1.0
ANOVA,15,11,21,15,1.0
ANOVA,15,11,21,15,1.0
ANOVA,15,11,21,15,1.0
ANOVA,15,11,22,15,1.0
ANOVA,15,11,22,15,1.0
ANOVA,15,11,22,15,1.0
ANOVA,15,11,23,15,1.0
ANOVA,15,11,23,15,1.0
ANOVA,15,11,23,15,1.0
ANOVA,15,11,24,15,1.0
ANOVA,15,11,24,15,1.0
ANOVA,15,11,24,15,1.0
ANOVA,15,11,25,15,1.0
ANOVA,15,11,25,15,1.0
ANOVA,15,11,25,15,1.0
ANOVA,15,11,11,15,1.0
ANOVA,15,11,12,15,1.0
ANOVA,15,11,12,15,1.0
ANOVA,15,11,12,15,1.0
ANOVA,15,11,13,15,1.0
ANOVA,15,11,13,15,1.0
ANOVA,15,11,13,15,1.0
ANOVA,15,11,14,15,1.0
ANOVA,15,11,14,15,1.0
ANOVA,15,11,14,15,1.0
ANOVA,15,11,15,15,1.0
ANOVA,15,11,15,15,1.0
ANOVA,15,11,15,15,1.0
ANOVA,15,11,16,15,1.0
ANOVA,15,11,16,15,1.0
ANOVA,15,11,16,15,1.0
ANOVA,15,11,17,15,1.0
ANOVA,15,11,17,15,1.0
ANOVA,15,11,17,15,1.0
ANOVA,15,11,18,15,1.0
ANOVA,15,11,18,15,1.0
ANOVA,15,11,18,15,1.0
ANOVA,15,11,19,15,1.0
ANOVA,15,11,19,15,1.0
ANOVA,15,11,19,15,1.0
ANOVA,15,11,20,15,1.0
ANOVA,15,11,20,15,1.0
ANOVA,15,11,20,15,1.0
ANOVA,15,11,21,15,1.0
ANOVA,15,11,21,15,1.0
ANOVA,15,11,21,15,1.0
ANOVA,15,11,22,15,1.0
ANOVA,15,11,22,15,1.0
ANOVA,15,11,22,15,1.0
ANOVA,15,11,23,15,1.0
ANOVA,15,11,23,15,1.0
ANOVA,15,11,23,15,1.0
ANOVA,15,11,24,15,1.0
ANOVA,15,11,24,15,1.0
ANOVA,15,11,24,15,1.0
ANOVA,15,11,25,15,1.0
ANOVA,15,11,25,15,1.0
ANOVA,15,11,25,15,1.0
ANOVA,15,11,12,15,1.0
ANOVA,15,11,12,15,1.0
ANOVA,15,11,12,15,1.0
ANOVA,15,11,13,15,1.0
ANOVA,15,11,13,15,1.0
ANOVA,15,11,13,15,1.0
ANOVA,15,11,14,15,1.0
ANOVA,15,11,14,15,1.0
ANOVA,15,11,14,15,1.0
ANOVA,15,11,15,15,1.0
ANOVA,15,11,15,15,1.0
ANOVA,15,11,15,15,1.0
ANOVA,15,11,16,15,1.0
ANOVA,15,11,16,15,1.0
ANOVA,15,11,16,15,1.0
ANOVA,15,11,17,15,1.0
ANOVA,15,11,17,15,1.0
ANOVA,15,11,17,15,1.0
ANOVA,15,11,18,15,1.0
ANOVA,15,11,18,15,1.0
ANOVA,15,11,18,15,1.0
ANOVA,15,11,19,15,1.0
ANOVA,15,11,19,15,1.0
ANOVA,15,11,19,15,1.0
ANOVA,15,11,20,15,1.0
ANOVA,15,11,20,15,1.0
ANOVA,15,11,20,15,1.0
ANOVA,15,11,21,15,1.0
ANOVA,15,11,21,15,1.0
ANOVA,15,11,21,15,1.0
ANOVA,15,11,22,15,1.0
ANOVA,15,11,22,15,1.0
ANOVA,15,11,22,15,1.0
ANOVA,15,11,23,15,1.0
ANOVA,15,11,23,15,1.0
ANOVA,15,11,23,15,1.0
ANOVA,15,11,24,15,1.0
ANOVA,15,11,24,15,1.0
ANOVA,15,11,24,15,1.0
ANOVA,15,11,25,15,1.0
ANOVA,15,11,25,15,1.0
ANOVA,15,11,25,15,1.0
ANOVA,15,12,12,15,1.0
ANOVA,15,12,12,15,1.0
ANOVA,15,12,13,15,1.0
ANOVA,15,12,13,15,1.0
ANOVA,15,12,13,15,1.0
ANOVA,15,12,14,15,1.0
ANOVA,15,12,14,15,1.0
ANOVA,15,12,14,15,1.0
ANOVA,15,12,15,15,1.0
ANOVA,15,12,15,15,1.0
ANOVA,15,12,15,15,1.0
ANOVA,15,12,16,15,1.0
ANOVA,15,12,16,15,1.0
ANOVA,15,12,16,15,1.0
ANOVA,15,12,17,15,1.0
ANOVA,15,12,17,15,1.0
ANOVA,15,12,17,15,1.0
ANOVA,15,12,18,15,1.0
ANOVA,15,12,18,15,1.0
ANOVA,15,12,18,15,1.0
ANOVA,15,12,19,15,1.0
ANOVA,15,12,19,15,1.0
ANOVA,15,12,19,15,1.0
ANOVA,15,12,20,15,1.0
ANOVA,15,12,20,15,1.0
ANOVA,15,12,20,15,1.0
ANOVA,15,12,21,15,1.0
ANOVA,15,12,21,15,1.0
ANOVA,15,12,21,15,1.0
ANOVA,15,12,22,15,1.0
ANOVA,15,12,22,15,1.0
ANOVA,15,12,22,15,1.0
ANOVA,15,12,23,15,1.0
ANOVA,15,12,23,15,1.0
ANOVA,15,12,23,15,1.0
ANOVA,15,12,24,15,1.0
ANOVA,15,12,24,15,1.0
ANOVA,15,12,24,15,1.0
ANOVA,15,12,25,15,1.0
ANOVA,15,12,25,15,1.0
ANOVA,15,12,25,15,1.0
ANOVA,15,12,12,15,1.0
ANOVA,15,12,13,15,1.0
ANOVA,15,12,13,15,1.0
ANOVA,15,12,13,15,1.0
ANOVA,15,12,14,15,1.0
ANOVA,15,12,14,15,1.0
ANOVA,15,12,14,15,1.0
ANOVA,15,12,15,15,1.0
ANOVA,15,12,15,15,1.0
ANOVA,15,12,15,15,1.0
ANOVA,15,12,16,15,1.0
ANOVA,15,12,16,15,1.0
ANOVA,15,12,16,15,1.0
ANOVA,15,12,17,15,1.0
ANOVA,15,12,17,15,1.0
ANOVA,15,12,17,15,1.0
ANOVA,15,12,18,15,1.0
ANOVA,15,12,18,15,1.0
ANOVA,15,12,18,15,1.0
ANOVA,15,12,19,15,1.0
ANOVA,15,12,19,15,1.0
ANOVA,15,12,19,15,1.0
ANOVA,15,12,20,15,1.0
ANOVA,15,12,20,15,1.0
ANOVA,15,12,20,15,1.0
ANOVA,15,12,21,15,1.0
ANOVA,15,12,21,15,1.0
ANOVA,15,12,21,15,1.0
ANOVA,15,12,22,15,1.0
ANOVA,15,12,22,15,1.0
ANOVA,15,12,22,15,1.0
ANOVA,15,12,23,15,1.0
ANOVA,15,12,23,15,1.0
ANOVA,15,12,23,15,1.0
ANOVA,15,12,24,15,1.0
ANOVA,15,12,24,15,1.0
ANOVA,15,12,24,15,1.0
ANOVA,15,12,25,15,1.0
ANOVA,15,12,25,15,1.0
ANOVA,15,12,25,15,1.0
ANOVA,15,12,13,15,1.0
ANOVA,15,12,13,15,1.0
ANOVA,15,12,13,15,1.0
ANOVA,15,12,14,15,1.0
ANOVA,15,12,14,15,1.0
ANOVA,15,12,14,15,1.0
ANOVA,15,12,15,15,1.0
ANOVA,15,12,15,15,1.0
ANOVA,15,12,15,15,1.0
ANOVA,15,12,16,15,1.0
ANOVA,15,12,16,15,1.0
ANOVA,15,12,16,15,1.0
ANOVA,15,12,17,15,1.0
ANOVA,15,12,17,15,1.0
ANOVA,15,12,17,15,1.0
ANOVA,15,12,18,15,1.0
ANOVA,15,12,18,15,1.0
ANOVA,15,12,18,15,1.0
ANOVA,15,12,19,15,1.0
ANOVA,15,12,19,15,1.0
ANOVA,15,12,19,15,1.0
ANOVA,15,12,20,15,1.0
ANOVA,15,12,20,15,1.0
ANOVA,15,12,20,15,1.0
ANOVA,15,12,21,15,1.0
ANOVA,15,12,21,15,1.0
ANOVA,15,12,21,15,1.0
ANOVA,15,12,22,15,1.0
ANOVA,15,12,22,15,1.0
ANOVA,15,12,22,15,1.0
ANOVA,15,12,23,15,1.0
ANOVA,15,12,23,15,1.0
ANOVA,15,12,23,15,1.0
ANOVA,15,12,24,15,1.0
ANOVA,15,12,24,15,1.0
ANOVA,15,12,24,15,1.0
ANOVA,15,12,25,15,1.0
ANOVA,15,12,25,15,1.0
ANOVA,15,12,25,15,1.0
ANOVA,15,13,13,15,1.0
ANOVA,15,13,13,15,1.0
ANOVA,15,13,14,15,1.0
ANOVA,15,13,14,15,1.0
ANOVA,15,13,14,15,1.0
ANOVA,15,13,15,15,1.0
ANOVA,15,13,15,15,1.0
ANOVA,15,13,15,15,1.0
ANOVA,15,13,16,15,1.0
ANOVA,15,13,16,15,1.0
ANOVA,15,13,16,15,1.0
ANOVA,15,13,17,15,1.0
ANOVA,15,13,17,15,1.0
ANOVA,15,13,17,15,1.0
ANOVA,15,13,18,15,1.0
ANOVA,15,13,18,15,1.0
ANOVA,15,13,18,15,1.0
ANOVA,15,13,19,15,1.0
ANOVA,15,13,19,15,1.0
ANOVA,15,13,19,15,1.0
ANOVA,15,13,20,15,1.0
ANOVA,15,13,20,15,1.0
ANOVA,15,13,20,15,1.0
ANOVA,15,13,21,15,1.0
ANOVA,15,13,21,15,1.0
ANOVA,15,13,21,15,1.0
ANOVA,15,13,22,15,1.0
ANOVA,15,13,22,15,1.0
ANOVA,15,13,22,15,1.0
ANOVA,15,13,23,15,1.0
ANOVA,15,13,23,15,1.0
ANOVA,15,13,23,15,1.0
ANOVA,15,13,24,15,1.0
ANOVA,15,13,24,15,1.0
ANOVA,15,13,24,15,1.0
ANOVA,15,13,25,15,1.0
ANOVA,15,13,25,15,1.0
ANOVA,15,13,25,15,1.0
ANOVA,15,13,13,15,1.0
ANOVA,15,13,14,15,1.0
ANOVA,15,13,14,15,1.0
ANOVA,15,13,14,15,1.0
ANOVA,15,13,15,15,1.0
ANOVA,15,13,15,15,1.0
ANOVA,15,13,15,15,1.0
ANOVA,15,13,16,15,1.0
ANOVA,15,13,16,15,1.0
ANOVA,15,13,16,15,1.0
ANOVA,15,13,17,15,1.0
ANOVA,15,13,17,15,1.0
ANOVA,15,13,17,15,1.0
ANOVA,15,13,18,15,1.0
ANOVA,15,13,18,15,1.0
ANOVA,15,13,18,15,1.0
ANOVA,15,13,19,15,1.0
ANOVA,15,13,19,15,1.0
ANOVA,15,13,19,15,1.0
ANOVA,15,13,20,15,1.0
ANOVA,15,13,20,15,1.0
ANOVA,15,13,20,15,1.0
ANOVA,15,13,21,15,1.0
ANOVA,15,13,21,15,1.0
ANOVA,15,13,21,15,1.0
ANOVA,15,13,22,15,1.0
ANOVA,15,13,22,15,1.0
ANOVA,15,13,22,15,1.0
ANOVA,15,13,23,15,1.0
ANOVA,15,13,23,15,1.0
ANOVA,15,13,23,15,1.0
ANOVA,15,13,24,15,1.0
ANOVA,15,13,24,15,1.0
ANOVA,15,13,24,15,1.0
ANOVA,15,13,25,15,1.0
ANOVA,15,13,25,15,1.0
ANOVA,15,13,25,15,1.0
ANOVA,15,13,14,15,1.0
ANOVA,15,13,14,15,1.0
ANOVA,15,13,14,15,1.0
ANOVA,15,13,15,15,1.0
ANOVA,15,13,15,15,1.0
ANOVA,15,13,15,15,1.0
ANOVA,15,13,16,15,1.0
ANOVA,15,13,16,15,1.0
ANOVA,15,13,16,15,1.0
ANOVA,15,13,17,15,1.0
ANOVA,15,13,17,15,1.0
ANOVA,15,13,17,15,1.0
ANOVA,15,13,18,15,1.0
ANOVA,15,13,18,15,1.0
ANOVA,15,13,18,15,1.0
ANOVA,15,13,19,15,1.0
ANOVA,15,13,19,15,1.0
ANOVA,15,13,19,15,1.0
ANOVA,15,13,20,15,1.0
ANOVA,15,13,20,15,1.0
ANOVA,15,13,20,15,1.0
ANOVA,15,13,21,15,1.0
ANOVA,15,13,21,15,1.0
ANOVA,15,13,21,15,1.0
ANOVA,15,13,22,15,1.0
ANOVA,15,13,22,15,1.0
ANOVA,15,13,22,15,1.0
ANOVA,15,13,23,15,1.0
ANOVA,15,13,23,15,1.0
ANOVA,15,13,23,15,1.0
ANOVA,15,13,24,15,1.0
ANOVA,15,13,24,15,1.0
ANOVA,15,13,24,15,1.0
ANOVA,15,13,25,15,1.0
ANOVA,15,13,25,15,1.0
ANOVA,15,13,25,15,1.0
ANOVA,15,14,14,15,1.0
ANOVA,15,14,14,15,1.0
ANOVA,15,14,15,15,1.0
ANOVA,15,14,15,15,1.0
ANOVA,15,14,15,15,1.0
ANOVA,15,14,16,15,1.0
ANOVA,15,14,16,15,1.0
ANOVA,15,14,16,15,1.0
ANOVA,15,14,17,15,1.0
ANOVA,15,14,17,15,1.0
ANOVA,15,14,17,15,1.0
ANOVA,15,14,18,15,1.0
ANOVA,15,14,18,15,1.0
ANOVA,15,14,18,15,1.0
ANOVA,15,14,19,15,1.0
ANOVA,15,14,19,15,1.0
ANOVA,15,14,19,15,1.0
ANOVA,15,14,20,15,1.0
ANOVA,15,14,20,15,1.0
ANOVA,15,14,20,15,1.0
ANOVA,15,14,21,15,1.0
ANOVA,15,14,21,15,1.0
ANOVA,15,14,21,15,1.0
ANOVA,15,14,22,15,1.0
ANOVA,15,14,22,15,1.0
ANOVA,15,14,22,15,1.0
ANOVA,15,14,23,15,1.0
ANOVA,15,14,23,15,1.0
ANOVA,15,14,23,15,1.0
ANOVA,15,14,24,15,1.0
ANOVA,15,14,24,15,1.0
ANOVA,15,14,24,15,1.0
ANOVA,15,14,25,15,1.0
ANOVA,15,14,25,15,1.0
ANOVA,15,14,25,15,1.0
ANOVA,15,14,14,15,1.0
ANOVA,15,14,15,15,1.0
ANOVA,15,14,15,15,1.0
ANOVA,15,14,15,15,1.0
ANOVA,15,14,16,15,1.0
ANOVA,15,14,16,15,1.0
ANOVA,15,14,16,15,1.0
ANOVA,15,14,17,15,1.0
ANOVA,15,14,17,15,1.0
ANOVA,15,14,17,15,1.0
ANOVA,15,14,18,15,1.0
ANOVA,15,14,18,15,1.0
ANOVA,15,14,18,15,1.0
ANOVA,15,14,19,15,1.0
ANOVA,15,14,19,15,1.0
ANOVA,15,14,19,15,1.0
ANOVA,15,14,20,15,1.0
ANOVA,15,14,20,15,1.0
ANOVA,15,14,20,15,1.0
ANOVA,15,14,21,15,1.0
ANOVA,15,14,21,15,1.0
ANOVA,15,14,21,15,1.0
ANOVA,15,14,22,15,1.0
ANOVA,15,14,22,15,1.0
ANOVA,15,14,22,15,1.0
ANOVA,15,14,23,15,1.0
ANOVA,15,14,23,15,1.0
ANOVA,15,14,23,15,1.0
ANOVA,15,14,24,15,1.0
ANOVA,15,14,24,15,1.0
ANOVA,15,14,24,15,1.0
ANOVA,15,14,25,15,1.0
ANOVA,15,14,25,15,1.0
ANOVA,15,14,25,15,1.0
ANOVA,15,14,15,15,1.0
ANOVA,15,14,15,15,1.0
ANOVA,15,14,15,15,1.0
ANOVA,15,14,16,15,1.0
ANOVA,15,14,16,15,1.0
ANOVA,15,14,16,15,1.0
ANOVA,15,14,17,15,1.0
ANOVA,15,14,17,15,1.0
ANOVA,15,14,17,15,1.0
ANOVA,15,14,18,15,1.0
ANOVA,15,14,18,15,1.0
ANOVA,15,14,18,15,1.0
ANOVA,15,14,19,15,1.0
ANOVA,15,14,19,15,1.0
ANOVA,15,14,19,15,1.0
ANOVA,15,14,20,15,1.0
ANOVA,15,14,20,15,1.0
ANOVA,15,14,20,15,1.0
ANOVA,15,14,21,15,1.0
ANOVA,15,14,21,15,1.0
ANOVA,15,14,21,15,1.0
ANOVA,15,14,22,15,1.0
ANOVA,15,14,22,15,1.0
ANOVA,15,14,22,15,1.0
ANOVA,15,14,23,15,1.0
ANOVA,15,14,23,15,1.0
ANOVA,15,14,23,15,1.0
ANOVA,15,14,24,15,1.0
ANOVA,15,14,24,15,1.0
ANOVA,15,14,24,15,1.0
ANOVA,15,14,25,15,1.0
ANOVA,15,14,25,15,1.0
ANOVA,15,14,25,15,1.0
ANOVA,15,15,15,15,1.0
ANOVA,15,15,15,15,1.0
ANOVA,15,15,16,15,1.0
ANOVA,15,15,16,15,1.0
ANOVA,15,15,16,15,1.0
ANOVA,15,15,17,15,1.0
ANOVA,15,15,17,15,1.0
ANOVA,15,15,17,15,1.0
ANOVA,15,15,18,15,1.0
ANOVA,15,15,18,15,1.0
ANOVA,15,15,18,15,1.0
ANOVA,15,15,19,15,1.0
ANOVA,15,15,19,15,1.0
ANOVA,15,15,19,15,1.0
ANOVA,15,15,20,15,1.0
ANOVA,15,15,20,15,1.0
ANOVA,15,15,20,15,1.0
ANOVA,15,15,21,15,1.0
ANOVA,15,15,21,15,1.0
ANOVA,15,15,21,15,1.0
ANOVA,15,15,22,15,1.0
ANOVA,15,15,22,15,1.0
ANOVA,15,15,22,15,1.0
ANOVA,15,15,23,15,1.0
ANOVA,15,15,23,15,1.0
ANOVA,15,15,23,15,1.0
ANOVA,15,15,24,15,1.0
ANOVA,15,15,24,15,1.0
ANOVA,15,15,24,15,1.0
ANOVA,15,15,25,15,1.0
ANOVA,15,15,25,15,1.0
ANOVA,15,15,25,15,1.0
ANOVA,15,15,15,15,1.0
ANOVA,15,15,16,15,1.0
ANOVA,15,15,16,15,1.0
ANOVA,15,15,16,15,1.0
ANOVA,15,15,17,15,1.0
ANOVA,15,15,17,15,1.0
ANOVA,15,15,17,15,1.0
ANOVA,15,15,18,15,1.0
ANOVA,15,15,18,15,1.0
ANOVA,15,15,18,15,1.0
ANOVA,15,15,19,15,1.0
ANOVA,15,15,19,15,1.0
ANOVA,15,15,19,15,1.0
ANOVA,15,15,20,15,1.0
ANOVA,15,15,20,15,1.0
ANOVA,15,15,20,15,1.0
ANOVA,15,15,21,15,1.0
ANOVA,15,15,21,15,1.0
ANOVA,15,15,21,15,1.0
ANOVA,15,15,22,15,1.0
ANOVA,15,15,22,15,1.0
ANOVA,15,15,22,15,1.0
ANOVA,15,15,23,15,1.0
ANOVA,15,15,23,15,1.0
ANOVA,15,15,23,15,1.0
ANOVA,15,15,24,15,1.0
ANOVA,15,15,24,15,1.0
ANOVA,15,15,24,15,1.0
ANOVA,15,15,25,15,1.0
ANOVA,15,15,25,15,1.0
ANOVA,15,15,25,15,1.0
ANOVA,15,15,16,15,1.0
ANOVA,15,15,16,15,1.0
ANOVA,15,15,16,15,1.0
ANOVA,15,15,17,15,1.0
ANOVA,15,15,17,15,1.0
ANOVA,15,15,17,15,1.0
ANOVA,15,15,18,15,1.0
ANOVA,15,15,18,15,1.0
ANOVA,15,15,18,15,1.0
ANOVA,15,15,19,15,1.0
ANOVA,15,15,19,15,1.0
ANOVA,15,15,19,15,1.0
ANOVA,15,15,20,15,1.0
ANOVA,15,15,20,15,1.0
ANOVA,15,15,20,15,1.0
ANOVA,15,15,21,15,1.0
ANOVA,15,15,21,15,1.0
ANOVA,15,15,21,15,1.0
ANOVA,15,15,22,15,1.0
ANOVA,15,15,22,15,1.0
ANOVA,15,15,22,15,1.0
ANOVA,15,15,23,15,1.0
ANOVA,15,15,23,15,1.0
ANOVA,15,15,23,15,1.0
ANOVA,15,15,24,15,1.0
ANOVA,15,15,24,15,1.0
ANOVA,15,15,24,15,1.0
ANOVA,15,15,25,15,1.0
ANOVA,15,15,25,15,1.0
ANOVA,15,15,25,15,1.0
ANOVA,15,16,16,15,1.0
ANOVA,15,16,16,15,1.0
ANOVA,15,16,17,15,1.0
ANOVA,15,16,17,15,1.0
ANOVA,15,16,17,15,1.0
ANOVA,15,16,18,15,1.0
ANOVA,15,16,18,15,1.0
ANOVA,15,16,18,15,1.0
ANOVA,15,16,19,15,1.0
ANOVA,15,16,19,15,1.0
ANOVA,15,16,19,15,1.0
ANOVA,15,16,20,15,1.0
ANOVA,15,16,20,15,1.0
ANOVA,15,16,20,15,1.0
ANOVA,15,16,21,15,1.0
ANOVA,15,16,21,15,1.0
ANOVA,15,16,21,15,1.0
ANOVA,15,16,22,15,1.0
ANOVA,15,16,22,15,1.0
ANOVA,15,16,22,15,1.0
ANOVA,15,16,23,15,1.0
ANOVA,15,16,23,15,1.0
ANOVA,15,16,23,15,1.0
ANOVA,15,16,24,15,1.0
ANOVA,15,16,24,15,1.0
ANOVA,15,16,24,15,1.0
ANOVA,15,16,25,15,1.0
ANOVA,15,16,25,15,1.0
ANOVA,15,16,25,15,1.0
ANOVA,15,16,16,15,1.0
ANOVA,15,16,17,15,1.0
ANOVA,15,16,17,15,1.0
ANOVA,15,16,17,15,1.0
ANOVA,15,16,18,15,1.0
ANOVA,15,16,18,15,1.0
ANOVA,15,16,18,15,1.0
ANOVA,15,16,19,15,1.0
ANOVA,15,16,19,15,1.0
ANOVA,15,16,19,15,1.0
ANOVA,15,16,20,15,1.0
ANOVA,15,16,20,15,1.0
ANOVA,15,16,20,15,1.0
ANOVA,15,16,21,15,1.0
ANOVA,15,16,21,15,1.0
ANOVA,15,16,21,15,1.0
ANOVA,15,16,22,15,1.0
ANOVA,15,16,22,15,1.0
ANOVA,15,16,22,15,1.0
ANOVA,15,16,23,15,1.0
ANOVA,15,16,23,15,1.0
ANOVA,15,16,23,15,1.0
ANOVA,15,16,24,15,1.0
ANOVA,15,16,24,15,1.0
ANOVA,15,16,24,15,1.0
ANOVA,15,16,25,15,1.0
ANOVA,15,16,25,15,1.0
ANOVA,15,16,25,15,1.0
ANOVA,15,16,17,15,1.0
ANOVA,15,16,17,15,1.0
ANOVA,15,16,17,15,1.0
ANOVA,15,16,18,15,1.0
ANOVA,15,16,18,15,1.0
ANOVA,15,16,18,15,1.0
ANOVA,15,16,19,15,1.0
ANOVA,15,16,19,15,1.0
ANOVA,15,16,19,15,1.0
ANOVA,15,16,20,15,1.0
ANOVA,15,16,20,15,1.0
ANOVA,15,16,20,15,1.0
ANOVA,15,16,21,15,1.0
ANOVA,15,16,21,15,1.0
ANOVA,15,16,21,15,1.0
ANOVA,15,16,22,15,1.0
ANOVA,15,16,22,15,1.0
ANOVA,15,16,22,15,1.0
ANOVA,15,16,23,15,1.0
ANOVA,15,16,23,15,1.0
ANOVA,15,16,23,15,1.0
ANOVA,15,16,24,15,1.0
ANOVA,15,16,24,15,1.0
ANOVA,15,16,24,15,1.0
ANOVA,15,16,25,15,1.0
ANOVA,15,16,25,15,1.0
ANOVA,15,16,25,15,1.0
ANOVA,15,17,17,15,1.0
ANOVA,15,17,17,15,1.0
ANOVA,15,17,18,15,1.0
ANOVA,15,17,18,15,1.0
ANOVA,15,17,18,15,1.0
ANOVA,15,17,19,15,1.0
ANOVA,15,17,19,15,1.0
ANOVA,15,17,19,15,1.0
ANOVA,15,17,20,15,1.0
ANOVA,15,17,20,15,1.0
ANOVA,15,17,20,15,1.0
ANOVA,15,17,21,15,1.0
ANOVA,15,17,21,15,1.0
ANOVA,15,17,21,15,1.0
ANOVA,15,17,22,15,1.0
ANOVA,15,17,22,15,1.0
ANOVA,15,17,22,15,1.0
ANOVA,15,17,23,15,1.0
ANOVA,15,17,23,15,1.0
ANOVA,15,17,23,15,1.0
ANOVA,15,17,24,15,1.0
ANOVA,15,17,24,15,1.0
ANOVA,15,17,24,15,1.0
ANOVA,15,17,25,15,1.0
ANOVA,15,17,25,15,1.0
ANOVA,15,17,25,15,1.0
ANOVA,15,17,17,15,1.0
ANOVA,15,17,18,15,1.0
ANOVA,15,17,18,15,1.0
ANOVA,15,17,18,15,1.0
ANOVA,15,17,19,15,1.0
ANOVA,15,17,19,15,1.0
ANOVA,15,17,19,15,1.0
ANOVA,15,17,20,15,1.0
ANOVA,15,17,20,15,1.0
ANOVA,15,17,20,15,1.0
ANOVA,15,17,21,15,1.0
ANOVA,15,17,21,15,1.0
ANOVA,15,17,21,15,1.0
ANOVA,15,17,22,15,1.0
ANOVA,15,17,22,15,1.0
ANOVA,15,17,22,15,1.0
ANOVA,15,17,23,15,1.0
ANOVA,15,17,23,15,1.0
ANOVA,15,17,23,15,1.0
ANOVA,15,17,24,15,1.0
ANOVA,15,17,24,15,1.0
ANOVA,15,17,24,15,1.0
ANOVA,15,17,25,15,1.0
ANOVA,15,17,25,15,1.0
ANOVA,15,17,25,15,1.0
ANOVA,15,17,18,15,1.0
ANOVA,15,17,18,15,1.0
ANOVA,15,17,18,15,1.0
ANOVA,15,17,19,15,1.0
ANOVA,15,17,19,15,1.0
ANOVA,15,17,19,15,1.0
ANOVA,15,17,20,15,1.0
ANOVA,15,17,20,15,1.0
ANOVA,15,17,20,15,1.0
ANOVA,15,17,21,15,1.0
ANOVA,15,17,21,15,1.0
ANOVA,15,17,21,15,1.0
ANOVA,15,17,22,15,1.0
ANOVA,15,17,22,15,1.0
ANOVA,15,17,22,15,1.0
ANOVA,15,17,23,15,1.0
ANOVA,15,17,23,15,1.0
ANOVA,15,17,23,15,1.0
ANOVA,15,17,24,15,1.0
ANOVA,15,17,24,15,1.0
ANOVA,15,17,24,15,1.0
ANOVA,15,17,25,15,1.0
ANOVA,15,17,25,15,1.0
ANOVA,15,17,25,15,1.0
ANOVA,15,18,18,15,1.0
ANOVA,15,18,18,15,1.0
ANOVA,15,18,19,15,1.0
ANOVA,15,18,19,15,1.0
ANOVA,15,18,19,15,1.0
ANOVA,15,18,20,15,1.0
ANOVA,15,18,20,15,1.0
ANOVA,15,18,20,15,1.0
ANOVA,15,18,21,15,1.0
ANOVA,15,18,21,15,1.0
ANOVA,15,18,21,15,1.0
ANOVA,15,18,22,15,1.0
ANOVA,15,18,22,15,1.0
ANOVA,15,18,22,15,1.0
ANOVA,15,18,23,15,1.0
ANOVA,15,18,23,15,1.0
ANOVA,15,18,23,15,1.0
ANOVA,15,18,24,15,1.0
ANOVA,15,18,24,15,1.0
ANOVA,15,18,24,15,1.0
ANOVA,15,18,25,15,1.0
ANOVA,15,18,25,15,1.0
ANOVA,15,18,25,15,1.0
ANOVA,15,18,18,15,1.0
ANOVA,15,18,19,15,1.0
ANOVA,15,18,19,15,1.0
ANOVA,15,18,19,15,1.0
ANOVA,15,18,20,15,1.0
ANOVA,15,18,20,15,1.0
ANOVA,15,18,20,15,1.0
ANOVA,15,18,21,15,1.0
ANOVA,15,18,21,15,1.0
ANOVA,15,18,21,15,1.0
ANOVA,15,18,22,15,1.0
ANOVA,15,18,22,15,1.0
ANOVA,15,18,22,15,1.0
ANOVA,15,18,23,15,1.0
ANOVA,15,18,23,15,1.0
ANOVA,15,18,23,15,1.0
ANOVA,15,18,24,15,1.0
ANOVA,15,18,24,15,1.0
ANOVA,15,18,24,15,1.0
ANOVA,15,18,25,15,1.0
ANOVA,15,18,25,15,1.0
ANOVA,15,18,25,15,1.0
ANOVA,15,18,19,15,1.0
ANOVA,15,18,19,15,1.0
ANOVA,15,18,19,15,1.0
ANOVA,15,18,20,15,1.0
ANOVA,15,18,20,15,1.0
ANOVA,15,18,20,15,1.0
ANOVA,15,18,21,15,1.0
ANOVA,15,18,21,15,1.0
ANOVA,15,18,21,15,1.0
ANOVA,15,18,22,15,1.0
ANOVA,15,18,22,15,1.0
ANOVA,15,18,22,15,1.0
ANOVA,15,18,23,15,1.0
ANOVA,15,18,23,15,1.0
ANOVA,15,18,23,15,1.0
ANOVA,15,18,24,15,1.0
ANOVA,15,18,24,15,1.0
ANOVA,15,18,24,15,1.0
ANOVA,15,18,25,15,1.0
ANOVA,15,18,25,15,1.0
ANOVA,15,18,25,15,1.0
ANOVA,15,19,19,15,1.0
ANOVA,15,19,19,15,1.0
ANOVA,15,19,20,15,1.0
ANOVA,15,19,20,15,1.0
ANOVA,15,19,20,15,1.0
ANOVA,15,19,21,15,1.0
ANOVA,15,19,21,15,1.0
ANOVA,15,19,21,15,1.0
ANOVA,15,19,22,15,1.0
ANOVA,15,19,22,15,1.0
ANOVA,15,19,22,15,1.0
ANOVA,15,19,23,15,1.0
ANOVA,15,19,23,15,1.0
ANOVA,15,19,23,15,1.0
ANOVA,15,19,24,15,1.0
ANOVA,15,19,24,15,1.0
ANOVA,15,19,24,15,1.0
ANOVA,15,19,25,15,1.0
ANOVA,15,19,25,15,1.0
ANOVA,15,19,25,15,1.0
ANOVA,15,19,19,15,1.0
ANOVA,15,19,20,15,1.0
ANOVA,15,19,20,15,1.0
ANOVA,15,19,20,15,1.0
ANOVA,15,19,21,15,1.0
ANOVA,15,19,21,15,1.0
ANOVA,15,19,21,15,1.0
ANOVA,15,19,22,15,1.0
ANOVA,15,19,22,15,1.0
ANOVA,15,19,22,15,1.0
ANOVA,15,19,23,15,1.0
ANOVA,15,19,23,15,1.0
ANOVA,15,19,23,15,1.0
ANOVA,15,19,24,15,1.0
ANOVA,15,19,24,15,1.0
ANOVA,15,19,24,15,1.0
ANOVA,15,19,25,15,1.0
ANOVA,15,19,25,15,1.0
ANOVA,15,19,25,15,1.0
ANOVA,15,19,20,15,1.0
ANOVA,15,19,20,15,1.0
ANOVA,15,19,20,15,1.0
ANOVA,15,19,21,15,1.0
ANOVA,15,19,21,15,1.0
ANOVA,15,19,21,15,1.0
ANOVA,15,19,22,15,1.0
ANOVA,15,19,22,15,1.0
ANOVA,15,19,22,15,1.0
ANOVA,15,19,23,15,1.0
ANOVA,15,19,23,15,1.0
ANOVA,15,19,23,15,1.0
ANOVA,15,19,24,15,1.0
ANOVA,15,19,24,15,1.0
ANOVA,15,19,24,15,1.0
ANOVA,15,19,25,15,1.0
ANOVA,15,19,25,15,1.0
ANOVA,15,19,25,15,1.0
ANOVA,15,20,20,15,1.0
ANOVA,15,20,20,15,1.0
ANOVA,15,20,21,15,1.0
ANOVA,15,20,21,15,1.0
ANOVA,15,20,21,15,1.0
ANOVA,15,20,22,15,1.0
ANOVA,15,20,22,15,1.0
ANOVA,15,20,22,15,1.0
ANOVA,15,20,23,15,1.0
ANOVA,15,20,23,15,1.0
ANOVA,15,20,23,15,1.0
ANOVA,15,20,24,15,1.0
ANOVA,15,20,24,15,1.0
ANOVA,15,20,24,15,1.0
ANOVA,15,20,25,15,1.0
ANOVA,15,20,25,15,1.0
ANOVA,15,20,25,15,1.0
ANOVA,15,20,20,15,1.0
ANOVA,15,20,21,15,1.0
ANOVA,15,20,21,15,1.0
ANOVA,15,20,21,15,1.0
ANOVA,15,20,22,15,1.0
ANOVA,15,20,22,15,1.0
ANOVA,15,20,22,15,1.0
ANOVA,15,20,23,15,1.0
ANOVA,15,20,23,15,1.0
ANOVA,15,20,23,15,1.0
ANOVA,15,20,24,15,1.0
ANOVA,15,20,24,15,1.0
ANOVA,15,20,24,15,1.0
ANOVA,15,20,25,15,1.0
ANOVA,15,20,25,15,1.0
ANOVA,15,20,25,15,1.0
ANOVA,15,20,21,15,1.0
ANOVA,15,20,21,15,1.0
ANOVA,15,20,21,15,1.0
ANOVA,15,20,22,15,1.0
ANOVA,15,20,22,15,1.0
ANOVA,15,20,22,15,1.0
ANOVA,15,20,23,15,1.0
ANOVA,15,20,23,15,1.0
ANOVA,15,20,23,15,1.0
ANOVA,15,20,24,15,1.0
ANOVA,15,20,24,15,1.0
ANOVA,15,20,24,15,1.0
ANOVA,15,20,25,15,1.0
ANOVA,15,20,25,15,1.0
ANOVA,15,20,25,15,1.0
ANOVA,15,21,21,15,1.0
ANOVA,15,21,21,15,1.0
ANOVA,15,21,22,15,1.0
ANOVA,15,21,22,15,1.0
ANOVA,15,21,22,15,1.0
ANOVA,15,21,23,15,1.0
ANOVA,15,21,23,15,1.0
ANOVA,15,21,23,15,1.0
ANOVA,15,21,24,15,1.0
ANOVA,15,21,24,15,1.0
ANOVA,15,21,24,15,1.0
ANOVA,15,21,25,15,1.0
ANOVA,15,21,25,15,1.0
ANOVA,15,21,25,15,1.0
ANOVA,15,21,21,15,1.0
ANOVA,15,21,22,15,1.0
ANOVA,15,21,22,15,1.0
ANOVA,15,21,22,15,1.0
ANOVA,15,21,23,15,1.0
ANOVA,15,21,23,15,1.0
ANOVA,15,21,23,15,1.0
ANOVA,15,21,24,15,1.0
ANOVA,15,21,24,15,1.0
ANOVA,15,21,24,15,1.0
ANOVA,15,21,25,15,1.0
ANOVA,15,21,25,15,1.0
ANOVA,15,21,25,15,1.0
ANOVA,15,21,22,15,1.0
ANOVA,15,21,22,15,1.0
ANOVA,15,21,22,15,1.0
ANOVA,15,21,23,15,1.0
ANOVA,15,21,23,15,1.0
ANOVA,15,21,23,15,1.0
ANOVA,15,21,24,15,1.0
ANOVA,15,21,24,15,1.0
ANOVA,15,21,24,15,1.0
ANOVA,15,21,25,15,1.0
ANOVA,15,21,25,15,1.0
ANOVA,15,21,25,15,1.0
ANOVA,15,22,22,15,1.0
ANOVA,15,22,22,15,1.0
ANOVA,15,22,23,15,1.0
ANOVA,15,22,23,15,1.0
ANOVA,15,22,23,15,1.0
ANOVA,15,22,24,15,1.0
ANOVA,15,22,24,15,1.0
ANOVA,15,22,24,15,1.0
ANOVA,15,22,25,15,1.0
ANOVA,15,22,25,15,1.0
ANOVA,15,22,25,15,1.0
ANOVA,15,22,22,15,1.0
ANOVA,15,22,23,15,1.0
ANOVA,15,22,23,15,1.0
ANOVA,15,22,23,15,1.0
ANOVA,15,22,24,15,1.0
ANOVA,15,22,24,15,1.0
ANOVA,15,22,24,15,1.0
ANOVA,15,22,25,15,1.0
ANOVA,15,22,25,15,1.0
ANOVA,15,22,25,15,1.0
ANOVA,15,22,23,15,1.0
ANOVA,15,22,23,15,1.0
ANOVA,15,22,23,15,1.0
ANOVA,15,22,24,15,1.0
ANOVA,15,22,24,15,1.0
ANOVA,15,22,24,15,1.0
ANOVA,15,22,25,15,1.0
ANOVA,15,22,25,15,1.0
ANOVA,15,22,25,15,1.0
ANOVA,15,23,23,15,1.0
ANOVA,15,23,23,15,1.0
ANOVA,15,23,24,15,1.0
ANOVA,15,23,24,15,1.0
ANOVA,15,23,24,15,1.0
ANOVA,15,23,25,15,1.0
ANOVA,15,23,25,15,1.0
ANOVA,15,23,25,15,1.0
ANOVA,15,23,23,15,1.0
ANOVA,15,23,24,15,1.0
ANOVA,15,23,24,15,1.0
ANOVA,15,23,24,15,1.0
ANOVA,15,23,25,15,1.0
ANOVA,15,23,25,15,1.0
ANOVA,15,23,25,15,1.0
ANOVA,15,23,24,15,1.0
ANOVA,15,23,24,15,1.0
ANOVA,15,23,24,15,1.0
ANOVA,15,23,25,15,1.0
ANOVA,15,23,25,15,1.0
ANOVA,15,23,25,15,1.0
ANOVA,15,24,24,15,1.0
ANOVA,15,24,24,15,1.0
ANOVA,15,24,25,15,1.0
ANOVA,15,24,25,15,1.0
ANOVA,15,24,25,15,1.0
ANOVA,15,24,24,15,1.0
ANOVA,15,24,25,15,1.0
ANOVA,15,24,25,15,1.0
ANOVA,15,24,25,15,1.0
ANOVA,15,24,25,15,1.0
ANOVA,15,24,25,15,1.0
ANOVA,15,24,25,15,1.0
ANOVA,15,25,25,15,1.0
ANOVA,15,25,25,15,1.0
ANOVA,15,25,25,15,1.0
ANOVA,20,1,1,20,1.0
ANOVA,20,1,1,20,1.0
ANOVA,20,1,2,20,1.0
ANOVA,20,1,2,20,1.0
ANOVA,20,1,2,20,1.0
ANOVA,20,1,3,20,1.0
ANOVA,20,1,3,20,1.0
ANOVA,20,1,3,20,1.0
ANOVA,20,1,4,20,1.0
ANOVA,20,1,4,20,1.0
ANOVA,20,1,4,20,1.0
ANOVA,20,1,5,20,1.0
ANOVA,20,1,5,20,1.0
ANOVA,20,1,5,20,1.0
ANOVA,20,1,6,20,1.0
ANOVA,20,1,6,20,1.0
ANOVA,20,1,6,20,1.0
ANOVA,20,1,7,19,0.85
ANOVA,20,1,7,19,0.85
ANOVA,20,1,7,19,0.85
ANOVA,20,1,8,20,1.0
ANOVA,20,1,8,20,1.0
ANOVA,20,1,8,20,1.0
ANOVA,20,1,9,20,1.0
ANOVA,20,1,9,20,1.0
ANOVA,20,1,9,20,1.0
ANOVA,20,1,10,20,1.0
ANOVA,20,1,10,20,1.0
ANOVA,20,1,10,20,1.0
ANOVA,20,1,11,20,1.0
ANOVA,20,1,11,20,1.0
ANOVA,20,1,11,20,1.0
ANOVA,20,1,12,20,1.0
ANOVA,20,1,12,20,1.0
ANOVA,20,1,12,20,1.0
ANOVA,20,1,13,20,1.0
ANOVA,20,1,13,20,1.0
ANOVA,20,1,13,20,1.0
ANOVA,20,1,14,20,1.0
ANOVA,20,1,14,20,1.0
ANOVA,20,1,14,20,1.0
ANOVA,20,1,15,20,1.0
ANOVA,20,1,15,20,1.0
ANOVA,20,1,15,20,1.0
ANOVA,20,1,16,20,1.0
ANOVA,20,1,16,20,1.0
ANOVA,20,1,16,20,1.0
ANOVA,20,1,17,20,1.0
ANOVA,20,1,17,20,1.0
ANOVA,20,1,17,20,1.0
ANOVA,20,1,18,19,0.85
ANOVA,20,1,18,19,0.85
ANOVA,20,1,18,19,0.85
ANOVA,20,1,19,20,1.0
ANOVA,20,1,19,20,1.0
ANOVA,20,1,19,20,1.0
ANOVA,20,1,20,20,1.0
ANOVA,20,1,20,20,1.0
ANOVA,20,1,20,20,1.0
ANOVA,20,1,21,20,1.0
ANOVA,20,1,21,20,1.0
ANOVA,20,1,21,20,1.0
ANOVA,20,1,22,20,1.0
ANOVA,20,1,22,20,1.0
ANOVA,20,1,22,20,1.0
ANOVA,20,1,23,20,1.0
ANOVA,20,1,23,20,1.0
ANOVA,20,1,23,20,1.0
ANOVA,20,1,24,20,1.0
ANOVA,20,1,24,20,1.0
ANOVA,20,1,24,20,1.0
ANOVA,20,1,25,20,1.0
ANOVA,20,1,25,20,1.0
ANOVA,20,1,25,20,1.0
ANOVA,20,1,1,20,1.0
ANOVA,20,1,2,20,1.0
ANOVA,20,1,2,20,1.0
ANOVA,20,1,2,20,1.0
ANOVA,20,1,3,20,1.0
ANOVA,20,1,3,20,1.0
ANOVA,20,1,3,20,1.0
ANOVA,20,1,4,20,1.0
ANOVA,20,1,4,20,1.0
ANOVA,20,1,4,20,1.0
ANOVA,20,1,5,20,1.0
ANOVA,20,1,5,20,1.0
ANOVA,20,1,5,20,1.0
ANOVA,20,1,6,20,1.0
ANOVA,20,1,6,20,1.0
ANOVA,20,1,6,20,1.0
ANOVA,20,1,7,19,0.85
ANOVA,20,1,7,19,0.85
ANOVA,20,1,7,19,0.85
ANOVA,20,1,8,20,1.0
ANOVA,20,1,8,20,1.0
ANOVA,20,1,8,20,1.0
ANOVA,20,1,9,20,1.0
ANOVA,20,1,9,20,1.0
ANOVA,20,1,9,20,1.0
ANOVA,20,1,10,20,1.0
ANOVA,20,1,10,20,1.0
ANOVA,20,1,10,20,1.0
ANOVA,20,1,11,20,1.0
ANOVA,20,1,11,20,1.0
ANOVA,20,1,11,20,1.0
ANOVA,20,1,12,20,1.0
ANOVA,20,1,12,20,1.0
ANOVA,20,1,12,20,1.0
ANOVA,20,1,13,20,1.0
ANOVA,20,1,13,20,1.0
ANOVA,20,1,13,20,1.0
ANOVA,20,1,14,20,1.0
ANOVA,20,1,14,20,1.0
ANOVA,20,1,14,20,1.0
ANOVA,20,1,15,20,1.0
ANOVA,20,1,15,20,1.0
ANOVA,20,1,15,20,1.0
ANOVA,20,1,16,20,1.0
ANOVA,20,1,16,20,1.0
ANOVA,20,1,16,20,1.0
ANOVA,20,1,17,20,1.0
ANOVA,20,1,17,20,1.0
ANOVA,20,1,17,20,1.0
ANOVA,20,1,18,19,0.85
ANOVA,20,1,18,19,0.85
ANOVA,20,1,18,19,0.85
ANOVA,20,1,19,20,1.0
ANOVA,20,1,19,20,1.0
ANOVA,20,1,19,20,1.0
ANOVA,20,1,20,20,1.0
ANOVA,20,1,20,20,1.0
ANOVA,20,1,20,20,1.0
ANOVA,20,1,21,20,1.0
ANOVA,20,1,21,20,1.0
ANOVA,20,1,21,20,1.0
ANOVA,20,1,22,20,1.0
ANOVA,20,1,22,20,1.0
ANOVA,20,1,22,20,1.0
ANOVA,20,1,23,20,1.0
ANOVA,20,1,23,20,1.0
ANOVA,20,1,23,20,1.0
ANOVA,20,1,24,20,1.0
ANOVA,20,1,24,20,1.0
ANOVA,20,1,24,20,1.0
ANOVA,20,1,25,20,1.0
ANOVA,20,1,25,20,1.0
ANOVA,20,1,25,20,1.0
ANOVA,20,1,2,20,1.0
ANOVA,20,1,2,20,1.0
ANOVA,20,1,2,20,1.0
ANOVA,20,1,3,20,1.0
ANOVA,20,1,3,20,1.0
ANOVA,20,1,3,20,1.0
ANOVA,20,1,4,20,1.0
ANOVA,20,1,4,20,1.0
ANOVA,20,1,4,20,1.0
ANOVA,20,1,5,20,1.0
ANOVA,20,1,5,20,1.0
ANOVA,20,1,5,20,1.0
ANOVA,20,1,6,20,1.0
ANOVA,20,1,6,20,1.0
ANOVA,20,1,6,20,1.0
ANOVA,20,1,7,19,0.85
ANOVA,20,1,7,19,0.85
ANOVA,20,1,7,19,0.85
ANOVA,20,1,8,20,1.0
ANOVA,20,1,8,20,1.0
ANOVA,20,1,8,20,1.0
ANOVA,20,1,9,20,1.0
ANOVA,20,1,9,20,1.0
ANOVA,20,1,9,20,1.0
ANOVA,20,1,10,20,1.0
ANOVA,20,1,10,20,1.0
ANOVA,20,1,10,20,1.0
ANOVA,20,1,11,20,1.0
ANOVA,20,1,11,20,1.0
ANOVA,20,1,11,20,1.0
ANOVA,20,1,12,20,1.0
ANOVA,20,1,12,20,1.0
ANOVA,20,1,12,20,1.0
ANOVA,20,1,13,20,1.0
ANOVA,20,1,13,20,1.0
ANOVA,20,1,13,20,1.0
ANOVA,20,1,14,20,1.0
ANOVA,20,1,14,20,1.0
ANOVA,20,1,14,20,1.0
ANOVA,20,1,15,20,1.0
ANOVA,20,1,15,20,1.0
ANOVA,20,1,15,20,1.0
ANOVA,20,1,16,20,1.0
ANOVA,20,1,16,20,1.0
ANOVA,20,1,16,20,1.0
ANOVA,20,1,17,20,1.0
ANOVA,20,1,17,20,1.0
ANOVA,20,1,17,20,1.0
ANOVA,20,1,18,19,0.85
ANOVA,20,1,18,19,0.85
ANOVA,20,1,18,19,0.85
ANOVA,20,1,19,20,1.0
ANOVA,20,1,19,20,1.0
ANOVA,20,1,19,20,1.0
ANOVA,20,1,20,20,1.0
ANOVA,20,1,20,20,1.0
ANOVA,20,1,20,20,1.0
ANOVA,20,1,21,20,1.0
ANOVA,20,1,21,20,1.0
ANOVA,20,1,21,20,1.0
ANOVA,20,1,22,20,1.0
ANOVA,20,1,22,20,1.0
ANOVA,20,1,22,20,1.0
ANOVA,20,1,23,20,1.0
ANOVA,20,1,23,20,1.0
ANOVA,20,1,23,20,1.0
ANOVA,20,1,24,20,1.0
ANOVA,20,1,24,20,1.0
ANOVA,20,1,24,20,1.0
ANOVA,20,1,25,20,1.0
ANOVA,20,1,25,20,1.0
ANOVA,20,1,25,20,1.0
ANOVA,20,2,2,20,1.0
ANOVA,20,2,2,20,1.0
ANOVA,20,2,3,20,1.0
ANOVA,20,2,3,20,1.0
ANOVA,20,2,3,20,1.0
ANOVA,20,2,4,20,1.0
ANOVA,20,2,4,20,1.0
ANOVA,20,2,4,20,1.0
ANOVA,20,2,5,20,1.0
ANOVA,20,2,5,20,1.0
ANOVA,20,2,5,20,1.0
ANOVA,20,2,6,20,1.0
ANOVA,20,2,6,20,1.0
ANOVA,20,2,6,20,1.0
ANOVA,20,2,7,19,0.85
ANOVA,20,2,7,19,0.85
ANOVA,20,2,7,19,0.85
ANOVA,20,2,8,20,1.0
ANOVA,20,2,8,20,1.0
ANOVA,20,2,8,20,1.0
ANOVA,20,2,9,20,1.0
ANOVA,20,2,9,20,1.0
ANOVA,20,2,9,20,1.0
ANOVA,20,2,10,20,1.0
ANOVA,20,2,10,20,1.0
ANOVA,20,2,10,20,1.0
ANOVA,20,2,11,20,1.0
ANOVA,20,2,11,20,1.0
ANOVA,20,2,11,20,1.0
ANOVA,20,2,12,20,1.0
ANOVA,20,2,12,20,1.0
ANOVA,20,2,12,20,1.0
ANOVA,20,2,13,20,1.0
ANOVA,20,2,13,20,1.0
ANOVA,20,2,13,20,1.0
ANOVA,20,2,14,20,1.0
ANOVA,20,2,14,20,1.0
ANOVA,20,2,14,20,1.0
ANOVA,20,2,15,20,1.0
ANOVA,20,2,15,20,1.0
ANOVA,20,2,15,20,1.0
ANOVA,20,2,16,20,1.0
ANOVA,20,2,16,20,1.0
ANOVA,20,2,16,20,1.0
ANOVA,20,2,17,20,1.0
ANOVA,20,2,17,20,1.0
ANOVA,20,2,17,20,1.0
ANOVA,20,2,18,19,0.85
ANOVA,20,2,18,19,0.85
ANOVA,20,2,18,19,0.85
ANOVA,20,2,19,20,1.0
ANOVA,20,2,19,20,1.0
ANOVA,20,2,19,20,1.0
ANOVA,20,2,20,20,1.0
ANOVA,20,2,20,20,1.0
ANOVA,20,2,20,20,1.0
ANOVA,20,2,21,20,1.0
ANOVA,20,2,21,20,1.0
ANOVA,20,2,21,20,1.0
ANOVA,20,2,22,20,1.0
ANOVA,20,2,22,20,1.0
ANOVA,20,2,22,20,1.0
ANOVA,20,2,23,20,1.0
ANOVA,20,2,23,20,1.0
ANOVA,20,2,23,20,1.0
ANOVA,20,2,24,20,1.0
ANOVA,20,2,24,20,1.0
ANOVA,20,2,24,20,1.0
ANOVA,20,2,25,20,1.0
ANOVA,20,2,25,20,1.0
ANOVA,20,2,25,20,1.0
ANOVA,20,2,2,20,1.0
ANOVA,20,2,3,20,1.0
ANOVA,20,2,3,20,1.0
ANOVA,20,2,3,20,1.0
ANOVA,20,2,4,20,1.0
ANOVA,20,2,4,20,1.0
ANOVA,20,2,4,20,1.0
ANOVA,20,2,5,20,1.0
ANOVA,20,2,5,20,1.0
ANOVA,20,2,5,20,1.0
ANOVA,20,2,6,20,1.0
ANOVA,20,2,6,20,1.0
ANOVA,20,2,6,20,1.0
ANOVA,20,2,7,19,0.85
ANOVA,20,2,7,19,0.85
ANOVA,20,2,7,19,0.85
ANOVA,20,2,8,20,1.0
ANOVA,20,2,8,20,1.0
ANOVA,20,2,8,20,1.0
ANOVA,20,2,9,20,1.0
ANOVA,20,2,9,20,1.0
ANOVA,20,2,9,20,1.0
ANOVA,20,2,10,20,1.0
ANOVA,20,2,10,20,1.0
ANOVA,20,2,10,20,1.0
ANOVA,20,2,11,20,1.0
ANOVA,20,2,11,20,1.0
ANOVA,20,2,11,20,1.0
ANOVA,20,2,12,20,1.0
ANOVA,20,2,12,20,1.0
ANOVA,20,2,12,20,1.0
ANOVA,20,2,13,20,1.0
ANOVA,20,2,13,20,1.0
ANOVA,20,2,13,20,1.0
ANOVA,20,2,14,20,1.0
ANOVA,20,2,14,20,1.0
ANOVA,20,2,14,20,1.0
ANOVA,20,2,15,20,1.0
ANOVA,20,2,15,20,1.0
ANOVA,20,2,15,20,1.0
ANOVA,20,2,16,20,1.0
ANOVA,20,2,16,20,1.0
ANOVA,20,2,16,20,1.0
ANOVA,20,2,17,20,1.0
ANOVA,20,2,17,20,1.0
ANOVA,20,2,17,20,1.0
ANOVA,20,2,18,19,0.85
ANOVA,20,2,18,19,0.85
ANOVA,20,2,18,19,0.85
ANOVA,20,2,19,20,1.0
ANOVA,20,2,19,20,1.0
ANOVA,20,2,19,20,1.0
ANOVA,20,2,20,20,1.0
ANOVA,20,2,20,20,1.0
ANOVA,20,2,20,20,1.0
ANOVA,20,2,21,20,1.0
ANOVA,20,2,21,20,1.0
ANOVA,20,2,21,20,1.0
ANOVA,20,2,22,20,1.0
ANOVA,20,2,22,20,1.0
ANOVA,20,2,22,20,1.0
ANOVA,20,2,23,20,1.0
ANOVA,20,2,23,20,1.0
ANOVA,20,2,23,20,1.0
ANOVA,20,2,24,20,1.0
ANOVA,20,2,24,20,1.0
ANOVA,20,2,24,20,1.0
ANOVA,20,2,25,20,1.0
ANOVA,20,2,25,20,1.0
ANOVA,20,2,25,20,1.0
ANOVA,20,2,3,20,1.0
ANOVA,20,2,3,20,1.0
ANOVA,20,2,3,20,1.0
ANOVA,20,2,4,20,1.0
ANOVA,20,2,4,20,1.0
ANOVA,20,2,4,20,1.0
ANOVA,20,2,5,20,1.0
ANOVA,20,2,5,20,1.0
ANOVA,20,2,5,20,1.0
ANOVA,20,2,6,20,1.0
ANOVA,20,2,6,20,1.0
ANOVA,20,2,6,20,1.0
ANOVA,20,2,7,19,0.85
ANOVA,20,2,7,19,0.85
ANOVA,20,2,7,19,0.85
ANOVA,20,2,8,20,1.0
ANOVA,20,2,8,20,1.0
ANOVA,20,2,8,20,1.0
ANOVA,20,2,9,20,1.0
ANOVA,20,2,9,20,1.0
ANOVA,20,2,9,20,1.0
ANOVA,20,2,10,20,1.0
ANOVA,20,2,10,20,1.0
ANOVA,20,2,10,20,1.0
ANOVA,20,2,11,20,1.0
ANOVA,20,2,11,20,1.0
ANOVA,20,2,11,20,1.0
ANOVA,20,2,12,20,1.0
ANOVA,20,2,12,20,1.0
ANOVA,20,2,12,20,1.0
ANOVA,20,2,13,20,1.0
ANOVA,20,2,13,20,1.0
ANOVA,20,2,13,20,1.0
ANOVA,20,2,14,20,1.0
ANOVA,20,2,14,20,1.0
ANOVA,20,2,14,20,1.0
ANOVA,20,2,15,20,1.0
ANOVA,20,2,15,20,1.0
ANOVA,20,2,15,20,1.0
ANOVA,20,2,16,20,1.0
ANOVA,20,2,16,20,1.0
ANOVA,20,2,16,20,1.0
ANOVA,20,2,17,20,1.0
ANOVA,20,2,17,20,1.0
ANOVA,20,2,17,20,1.0
ANOVA,20,2,18,19,0.85
ANOVA,20,2,18,19,0.85
ANOVA,20,2,18,19,0.85
ANOVA,20,2,19,20,1.0
ANOVA,20,2,19,20,1.0
ANOVA,20,2,19,20,1.0
ANOVA,20,2,20,20,1.0
ANOVA,20,2,20,20,1.0
ANOVA,20,2,20,20,1.0
ANOVA,20,2,21,20,1.0
ANOVA,20,2,21,20,1.0
ANOVA,20,2,21,20,1.0
ANOVA,20,2,22,20,1.0
ANOVA,20,2,22,20,1.0
ANOVA,20,2,22,20,1.0
ANOVA,20,2,23,20,1.0
ANOVA,20,2,23,20,1.0
ANOVA,20,2,23,20,1.0
ANOVA,20,2,24,20,1.0
ANOVA,20,2,24,20,1.0
ANOVA,20,2,24,20,1.0
ANOVA,20,2,25,20,1.0
ANOVA,20,2,25,20,1.0
ANOVA,20,2,25,20,1.0
ANOVA,20,3,3,20,1.0
ANOVA,20,3,3,20,1.0
ANOVA,20,3,4,20,1.0
ANOVA,20,3,4,20,1.0
ANOVA,20,3,4,20,1.0
ANOVA,20,3,5,20,1.0
ANOVA,20,3,5,20,1.0
ANOVA,20,3,5,20,1.0
ANOVA,20,3,6,20,1.0
ANOVA,20,3,6,20,1.0
ANOVA,20,3,6,20,1.0
ANOVA,20,3,7,19,0.85
ANOVA,20,3,7,19,0.85
ANOVA,20,3,7,19,0.85
ANOVA,20,3,8,20,1.0
ANOVA,20,3,8,20,1.0
ANOVA,20,3,8,20,1.0
ANOVA,20,3,9,20,1.0
ANOVA,20,3,9,20,1.0
ANOVA,20,3,9,20,1.0
ANOVA,20,3,10,20,1.0
ANOVA,20,3,10,20,1.0
ANOVA,20,3,10,20,1.0
ANOVA,20,3,11,20,1.0
ANOVA,20,3,11,20,1.0
ANOVA,20,3,11,20,1.0
ANOVA,20,3,12,20,1.0
ANOVA,20,3,12,20,1.0
ANOVA,20,3,12,20,1.0
ANOVA,20,3,13,20,1.0
ANOVA,20,3,13,20,1.0
ANOVA,20,3,13,20,1.0
ANOVA,20,3,14,20,1.0
ANOVA,20,3,14,20,1.0
ANOVA,20,3,14,20,1.0
ANOVA,20,3,15,20,1.0
ANOVA,20,3,15,20,1.0
ANOVA,20,3,15,20,1.0
ANOVA,20,3,16,20,1.0
ANOVA,20,3,16,20,1.0
ANOVA,20,3,16,20,1.0
ANOVA,20,3,17,20,1.0
ANOVA,20,3,17,20,1.0
ANOVA,20,3,17,20,1.0
ANOVA,20,3,18,19,0.85
ANOVA,20,3,18,19,0.85
ANOVA,20,3,18,19,0.85
ANOVA,20,3,19,20,1.0
ANOVA,20,3,19,20,1.0
ANOVA,20,3,19,20,1.0
ANOVA,20,3,20,20,1.0
ANOVA,20,3,20,20,1.0
ANOVA,20,3,20,20,1.0
ANOVA,20,3,21,20,1.0
ANOVA,20,3,21,20,1.0
ANOVA,20,3,21,20,1.0
ANOVA,20,3,22,20,1.0
ANOVA,20,3,22,20,1.0
ANOVA,20,3,22,20,1.0
ANOVA,20,3,23,20,1.0
ANOVA,20,3,23,20,1.0
ANOVA,20,3,23,20,1.0
ANOVA,20,3,24,20,1.0
ANOVA,20,3,24,20,1.0
ANOVA,20,3,24,20,1.0
ANOVA,20,3,25,20,1.0
ANOVA,20,3,25,20,1.0
ANOVA,20,3,25,20,1.0
ANOVA,20,3,3,20,1.0
ANOVA,20,3,4,20,1.0
ANOVA,20,3,4,20,1.0
ANOVA,20,3,4,20,1.0
ANOVA,20,3,5,20,1.0
ANOVA,20,3,5,20,1.0
ANOVA,20,3,5,20,1.0
ANOVA,20,3,6,20,1.0
ANOVA,20,3,6,20,1.0
ANOVA,20,3,6,20,1.0
ANOVA,20,3,7,19,0.85
ANOVA,20,3,7,19,0.85
ANOVA,20,3,7,19,0.85
ANOVA,20,3,8,20,1.0
ANOVA,20,3,8,20,1.0
ANOVA,20,3,8,20,1.0
ANOVA,20,3,9,20,1.0
ANOVA,20,3,9,20,1.0
ANOVA,20,3,9,20,1.0
ANOVA,20,3,10,20,1.0
ANOVA,20,3,10,20,1.0
ANOVA,20,3,10,20,1.0
ANOVA,20,3,11,20,1.0
ANOVA,20,3,11,20,1.0
ANOVA,20,3,11,20,1.0
ANOVA,20,3,12,20,1.0
ANOVA,20,3,12,20,1.0
ANOVA,20,3,12,20,1.0
ANOVA,20,3,13,20,1.0
ANOVA,20,3,13,20,1.0
ANOVA,20,3,13,20,1.0
ANOVA,20,3,14,20,1.0
ANOVA,20,3,14,20,1.0
ANOVA,20,3,14,20,1.0
ANOVA,20,3,15,20,1.0
ANOVA,20,3,15,20,1.0
ANOVA,20,3,15,20,1.0
ANOVA,20,3,16,20,1.0
ANOVA,20,3,16,20,1.0
ANOVA,20,3,16,20,1.0
ANOVA,20,3,17,20,1.0
ANOVA,20,3,17,20,1.0
ANOVA,20,3,17,20,1.0
ANOVA,20,3,18,19,0.85
ANOVA,20,3,18,19,0.85
ANOVA,20,3,18,19,0.85
ANOVA,20,3,19,20,1.0
ANOVA,20,3,19,20,1.0
ANOVA,20,3,19,20,1.0
ANOVA,20,3,20,20,1.0
ANOVA,20,3,20,20,1.0
ANOVA,20,3,20,20,1.0
ANOVA,20,3,21,20,1.0
ANOVA,20,3,21,20,1.0
ANOVA,20,3,21,20,1.0
ANOVA,20,3,22,20,1.0
ANOVA,20,3,22,20,1.0
ANOVA,20,3,22,20,1.0
ANOVA,20,3,23,20,1.0
ANOVA,20,3,23,20,1.0
ANOVA,20,3,23,20,1.0
ANOVA,20,3,24,20,1.0
ANOVA,20,3,24,20,1.0
ANOVA,20,3,24,20,1.0
ANOVA,20,3,25,20,1.0
ANOVA,20,3,25,20,1.0
ANOVA,20,3,25,20,1.0
ANOVA,20,3,4,20,1.0
ANOVA,20,3,4,20,1.0
ANOVA,20,3,4,20,1.0
ANOVA,20,3,5,20,1.0
ANOVA,20,3,5,20,1.0
ANOVA,20,3,5,20,1.0
ANOVA,20,3,6,20,1.0
ANOVA,20,3,6,20,1.0
ANOVA,20,3,6,20,1.0
ANOVA,20,3,7,19,0.85
ANOVA,20,3,7,19,0.85
ANOVA,20,3,7,19,0.85
ANOVA,20,3,8,20,1.0
ANOVA,20,3,8,20,1.0
ANOVA,20,3,8,20,1.0
ANOVA,20,3,9,20,1.0
ANOVA,20,3,9,20,1.0
ANOVA,20,3,9,20,1.0
ANOVA,20,3,10,20,1.0
ANOVA,20,3,10,20,1.0
ANOVA,20,3,10,20,1.0
ANOVA,20,3,11,20,1.0
ANOVA,20,3,11,20,1.0
ANOVA,20,3,11,20,1.0
ANOVA,20,3,12,20,1.0
ANOVA,20,3,12,20,1.0
ANOVA,20,3,12,20,1.0
ANOVA,20,3,13,20,1.0
ANOVA,20,3,13,20,1.0
ANOVA,20,3,13,20,1.0
ANOVA,20,3,14,20,1.0
ANOVA,20,3,14,20,1.0
ANOVA,20,3,14,20,1.0
ANOVA,20,3,15,20,1.0
ANOVA,20,3,15,20,1.0
ANOVA,20,3,15,20,1.0
ANOVA,20,3,16,20,1.0
ANOVA,20,3,16,20,1.0
ANOVA,20,3,16,20,1.0
ANOVA,20,3,17,20,1.0
ANOVA,20,3,17,20,1.0
ANOVA,20,3,17,20,1.0
ANOVA,20,3,18,19,0.85
ANOVA,20,3,18,19,0.85
ANOVA,20,3,18,19,0.85
ANOVA,20,3,19,20,1.0
ANOVA,20,3,19,20,1.0
ANOVA,20,3,19,20,1.0
ANOVA,20,3,20,20,1.0
ANOVA,20,3,20,20,1.0
ANOVA,20,3,20,20,1.0
ANOVA,20,3,21,20,1.0
ANOVA,20,3,21,20,1.0
ANOVA,20,3,21,20,1.0
ANOVA,20,3,22,20,1.0
ANOVA,20,3,22,20,1.0
ANOVA,20,3,22,20,1.0
ANOVA,20,3,23,20,1.0
ANOVA,20,3,23,20,1.0
ANOVA,20,3,23,20,1.0
ANOVA,20,3,24,20,1.0
ANOVA,20,3,24,20,1.0
ANOVA,20,3,24,20,1.0
ANOVA,20,3,25,20,1.0
ANOVA,20,3,25,20,1.0
ANOVA,20,3,25,20,1.0
ANOVA,20,4,4,20,1.0
ANOVA,20,4,4,20,1.0
ANOVA,20,4,5,20,1.0
ANOVA,20,4,5,20,1.0
ANOVA,20,4,5,20,1.0
ANOVA,20,4,6,20,1.0
ANOVA,20,4,6,20,1.0
ANOVA,20,4,6,20,1.0
ANOVA,20,4,7,19,0.85
ANOVA,20,4,7,19,0.85
ANOVA,20,4,7,19,0.85
ANOVA,20,4,8,20,1.0
ANOVA,20,4,8,20,1.0
ANOVA,20,4,8,20,1.0
ANOVA,20,4,9,20,1.0
ANOVA,20,4,9,20,1.0
ANOVA,20,4,9,20,1.0
ANOVA,20,4,10,20,1.0
ANOVA,20,4,10,20,1.0
ANOVA,20,4,10,20,1.0
ANOVA,20,4,11,20,1.0
ANOVA,20,4,11,20,1.0
ANOVA,20,4,11,20,1.0
ANOVA,20,4,12,20,1.0
ANOVA,20,4,12,20,1.0
ANOVA,20,4,12,20,1.0
ANOVA,20,4,13,20,1.0
ANOVA,20,4,13,20,1.0
ANOVA,20,4,13,20,1.0
ANOVA,20,4,14,20,1.0
ANOVA,20,4,14,20,1.0
ANOVA,20,4,14,20,1.0
ANOVA,20,4,15,20,1.0
ANOVA,20,4,15,20,1.0
ANOVA,20,4,15,20,1.0
ANOVA,20,4,16,20,1.0
ANOVA,20,4,16,20,1.0
ANOVA,20,4,16,20,1.0
ANOVA,20,4,17,20,1.0
ANOVA,20,4,17,20,1.0
ANOVA,20,4,17,20,1.0
ANOVA,20,4,18,19,0.85
ANOVA,20,4,18,19,0.85
ANOVA,20,4,18,19,0.85
ANOVA,20,4,19,20,1.0
ANOVA,20,4,19,20,1.0
ANOVA,20,4,19,20,1.0
ANOVA,20,4,20,20,1.0
ANOVA,20,4,20,20,1.0
ANOVA,20,4,20,20,1.0
ANOVA,20,4,21,20,1.0
ANOVA,20,4,21,20,1.0
ANOVA,20,4,21,20,1.0
ANOVA,20,4,22,20,1.0
ANOVA,20,4,22,20,1.0
ANOVA,20,4,22,20,1.0
ANOVA,20,4,23,20,1.0
ANOVA,20,4,23,20,1.0
ANOVA,20,4,23,20,1.0
ANOVA,20,4,24,20,1.0
ANOVA,20,4,24,20,1.0
ANOVA,20,4,24,20,1.0
ANOVA,20,4,25,20,1.0
ANOVA,20,4,25,20,1.0
ANOVA,20,4,25,20,1.0
ANOVA,20,4,4,20,1.0
ANOVA,20,4,5,20,1.0
ANOVA,20,4,5,20,1.0
ANOVA,20,4,5,20,1.0
ANOVA,20,4,6,20,1.0
ANOVA,20,4,6,20,1.0
ANOVA,20,4,6,20,1.0
ANOVA,20,4,7,19,0.85
ANOVA,20,4,7,19,0.85
ANOVA,20,4,7,19,0.85
ANOVA,20,4,8,20,1.0
ANOVA,20,4,8,20,1.0
ANOVA,20,4,8,20,1.0
ANOVA,20,4,9,20,1.0
ANOVA,20,4,9,20,1.0
ANOVA,20,4,9,20,1.0
ANOVA,20,4,10,20,1.0
ANOVA,20,4,10,20,1.0
ANOVA,20,4,10,20,1.0
ANOVA,20,4,11,20,1.0
ANOVA,20,4,11,20,1.0
ANOVA,20,4,11,20,1.0
ANOVA,20,4,12,20,1.0
ANOVA,20,4,12,20,1.0
ANOVA,20,4,12,20,1.0
ANOVA,20,4,13,20,1.0
ANOVA,20,4,13,20,1.0
ANOVA,20,4,13,20,1.0
ANOVA,20,4,14,20,1.0
ANOVA,20,4,14,20,1.0
ANOVA,20,4,14,20,1.0
ANOVA,20,4,15,20,1.0
ANOVA,20,4,15,20,1.0
ANOVA,20,4,15,20,1.0
ANOVA,20,4,16,20,1.0
ANOVA,20,4,16,20,1.0
ANOVA,20,4,16,20,1.0
ANOVA,20,4,17,20,1.0
ANOVA,20,4,17,20,1.0
ANOVA,20,4,17,20,1.0
ANOVA,20,4,18,19,0.85
ANOVA,20,4,18,19,0.85
ANOVA,20,4,18,19,0.85
ANOVA,20,4,19,20,1.0
ANOVA,20,4,19,20,1.0
ANOVA,20,4,19,20,1.0
ANOVA,20,4,20,20,1.0
ANOVA,20,4,20,20,1.0
ANOVA,20,4,20,20,1.0
ANOVA,20,4,21,20,1.0
ANOVA,20,4,21,20,1.0
ANOVA,20,4,21,20,1.0
ANOVA,20,4,22,20,1.0
ANOVA,20,4,22,20,1.0
ANOVA,20,4,22,20,1.0
ANOVA,20,4,23,20,1.0
ANOVA,20,4,23,20,1.0
ANOVA,20,4,23,20,1.0
ANOVA,20,4,24,20,1.0
ANOVA,20,4,24,20,1.0
ANOVA,20,4,24,20,1.0
ANOVA,20,4,25,20,1.0
ANOVA,20,4,25,20,1.0
ANOVA,20,4,25,20,1.0
ANOVA,20,4,5,20,1.0
ANOVA,20,4,5,20,1.0
ANOVA,20,4,5,20,1.0
ANOVA,20,4,6,20,1.0
ANOVA,20,4,6,20,1.0
ANOVA,20,4,6,20,1.0
ANOVA,20,4,7,19,0.85
ANOVA,20,4,7,19,0.85
ANOVA,20,4,7,19,0.85
ANOVA,20,4,8,20,1.0
ANOVA,20,4,8,20,1.0
ANOVA,20,4,8,20,1.0
ANOVA,20,4,9,20,1.0
ANOVA,20,4,9,20,1.0
ANOVA,20,4,9,20,1.0
ANOVA,20,4,10,20,1.0
ANOVA,20,4,10,20,1.0
ANOVA,20,4,10,20,1.0
ANOVA,20,4,11,20,1.0
ANOVA,20,4,11,20,1.0
ANOVA,20,4,11,20,1.0
ANOVA,20,4,12,20,1.0
ANOVA,20,4,12,20,1.0
ANOVA,20,4,12,20,1.0
ANOVA,20,4,13,20,1.0
ANOVA,20,4,13,20,1.0
ANOVA,20,4,13,20,1.0
ANOVA,20,4,14,20,1.0
ANOVA,20,4,14,20,1.0
ANOVA,20,4,14,20,1.0
ANOVA,20,4,15,20,1.0
ANOVA,20,4,15,20,1.0
ANOVA,20,4,15,20,1.0
ANOVA,20,4,16,20,1.0
ANOVA,20,4,16,20,1.0
ANOVA,20,4,16,20,1.0
ANOVA,20,4,17,20,1.0
ANOVA,20,4,17,20,1.0
ANOVA,20,4,17,20,1.0
ANOVA,20,4,18,19,0.85
ANOVA,20,4,18,19,0.85
ANOVA,20,4,18,19,0.85
ANOVA,20,4,19,20,1.0
ANOVA,20,4,19,20,1.0
ANOVA,20,4,19,20,1.0
ANOVA,20,4,20,20,1.0
ANOVA,20,4,20,20,1.0
ANOVA,20,4,20,20,1.0
ANOVA,20,4,21,20,1.0
ANOVA,20,4,21,20,1.0
ANOVA,20,4,21,20,1.0
ANOVA,20,4,22,20,1.0
ANOVA,20,4,22,20,1.0
ANOVA,20,4,22,20,1.0
ANOVA,20,4,23,20,1.0
ANOVA,20,4,23,20,1.0
ANOVA,20,4,23,20,1.0
ANOVA,20,4,24,20,1.0
ANOVA,20,4,24,20,1.0
ANOVA,20,4,24,20,1.0
ANOVA,20,4,25,20,1.0
ANOVA,20,4,25,20,1.0
ANOVA,20,4,25,20,1.0
ANOVA,20,5,5,20,1.0
ANOVA,20,5,5,20,1.0
ANOVA,20,5,6,20,1.0
ANOVA,20,5,6,20,1.0
ANOVA,20,5,6,20,1.0
ANOVA,20,5,7,19,0.85
ANOVA,20,5,7,19,0.85
ANOVA,20,5,7,19,0.85
ANOVA,20,5,8,20,1.0
ANOVA,20,5,8,20,1.0
ANOVA,20,5,8,20,1.0
ANOVA,20,5,9,20,1.0
ANOVA,20,5,9,20,1.0
ANOVA,20,5,9,20,1.0
ANOVA,20,5,10,20,1.0
ANOVA,20,5,10,20,1.0
ANOVA,20,5,10,20,1.0
ANOVA,20,5,11,20,1.0
ANOVA,20,5,11,20,1.0
ANOVA,20,5,11,20,1.0
ANOVA,20,5,12,20,1.0
ANOVA,20,5,12,20,1.0
ANOVA,20,5,12,20,1.0
ANOVA,20,5,13,20,1.0
ANOVA,20,5,13,20,1.0
ANOVA,20,5,13,20,1.0
ANOVA,20,5,14,20,1.0
ANOVA,20,5,14,20,1.0
ANOVA,20,5,14,20,1.0
ANOVA,20,5,15,20,1.0
ANOVA,20,5,15,20,1.0
ANOVA,20,5,15,20,1.0
ANOVA,20,5,16,20,1.0
ANOVA,20,5,16,20,1.0
ANOVA,20,5,16,20,1.0
ANOVA,20,5,17,20,1.0
ANOVA,20,5,17,20,1.0
ANOVA,20,5,17,20,1.0
ANOVA,20,5,18,19,0.85
ANOVA,20,5,18,19,0.85
ANOVA,20,5,18,19,0.85
ANOVA,20,5,19,20,1.0
ANOVA,20,5,19,20,1.0
ANOVA,20,5,19,20,1.0
ANOVA,20,5,20,20,1.0
ANOVA,20,5,20,20,1.0
ANOVA,20,5,20,20,1.0
ANOVA,20,5,21,20,1.0
ANOVA,20,5,21,20,1.0
ANOVA,20,5,21,20,1.0
ANOVA,20,5,22,20,1.0
ANOVA,20,5,22,20,1.0
ANOVA,20,5,22,20,1.0
ANOVA,20,5,23,20,1.0
ANOVA,20,5,23,20,1.0
ANOVA,20,5,23,20,1.0
ANOVA,20,5,24,20,1.0
ANOVA,20,5,24,20,1.0
ANOVA,20,5,24,20,1.0
ANOVA,20,5,25,20,1.0
ANOVA,20,5,25,20,1.0
ANOVA,20,5,25,20,1.0
ANOVA,20,5,5,20,1.0
ANOVA,20,5,6,20,1.0
ANOVA,20,5,6,20,1.0
ANOVA,20,5,6,20,1.0
ANOVA,20,5,7,19,0.85
ANOVA,20,5,7,19,0.85
ANOVA,20,5,7,19,0.85
ANOVA,20,5,8,20,1.0
ANOVA,20,5,8,20,1.0
ANOVA,20,5,8,20,1.0
ANOVA,20,5,9,20,1.0
ANOVA,20,5,9,20,1.0
ANOVA,20,5,9,20,1.0
ANOVA,20,5,10,20,1.0
ANOVA,20,5,10,20,1.0
ANOVA,20,5,10,20,1.0
ANOVA,20,5,11,20,1.0
ANOVA,20,5,11,20,1.0
ANOVA,20,5,11,20,1.0
ANOVA,20,5,12,20,1.0
ANOVA,20,5,12,20,1.0
ANOVA,20,5,12,20,1.0
ANOVA,20,5,13,20,1.0
ANOVA,20,5,13,20,1.0
ANOVA,20,5,13,20,1.0
ANOVA,20,5,14,20,1.0
ANOVA,20,5,14,20,1.0
ANOVA,20,5,14,20,1.0
ANOVA,20,5,15,20,1.0
ANOVA,20,5,15,20,1.0
ANOVA,20,5,15,20,1.0
ANOVA,20,5,16,20,1.0
ANOVA,20,5,16,20,1.0
ANOVA,20,5,16,20,1.0
ANOVA,20,5,17,20,1.0
ANOVA,20,5,17,20,1.0
ANOVA,20,5,17,20,1.0
ANOVA,20,5,18,19,0.85
ANOVA,20,5,18,19,0.85
ANOVA,20,5,18,19,0.85
ANOVA,20,5,19,20,1.0
ANOVA,20,5,19,20,1.0
ANOVA,20,5,19,20,1.0
ANOVA,20,5,20,20,1.0
ANOVA,20,5,20,20,1.0
ANOVA,20,5,20,20,1.0
ANOVA,20,5,21,20,1.0
ANOVA,20,5,21,20,1.0
ANOVA,20,5,21,20,1.0
ANOVA,20,5,22,20,1.0
ANOVA,20,5,22,20,1.0
ANOVA,20,5,22,20,1.0
ANOVA,20,5,23,20,1.0
ANOVA,20,5,23,20,1.0
ANOVA,20,5,23,20,1.0
ANOVA,20,5,24,20,1.0
ANOVA,20,5,24,20,1.0
ANOVA,20,5,24,20,1.0
ANOVA,20,5,25,20,1.0
ANOVA,20,5,25,20,1.0
ANOVA,20,5,25,20,1.0
ANOVA,20,5,6,20,1.0
ANOVA,20,5,6,20,1.0
ANOVA,20,5,6,20,1.0
ANOVA,20,5,7,19,0.85
ANOVA,20,5,7,19,0.85
ANOVA,20,5,7,19,0.85
ANOVA,20,5,8,20,1.0
ANOVA,20,5,8,20,1.0
ANOVA,20,5,8,20,1.0
ANOVA,20,5,9,20,1.0
ANOVA,20,5,9,20,1.0
ANOVA,20,5,9,20,1.0
ANOVA,20,5,10,20,1.0
ANOVA,20,5,10,20,1.0
ANOVA,20,5,10,20,1.0
ANOVA,20,5,11,20,1.0
ANOVA,20,5,11,20,1.0
ANOVA,20,5,11,20,1.0
ANOVA,20,5,12,20,1.0
ANOVA,20,5,12,20,1.0
ANOVA,20,5,12,20,1.0
ANOVA,20,5,13,20,1.0
ANOVA,20,5,13,20,1.0
ANOVA,20,5,13,20,1.0
ANOVA,20,5,14,20,1.0
ANOVA,20,5,14,20,1.0
ANOVA,20,5,14,20,1.0
ANOVA,20,5,15,20,1.0
ANOVA,20,5,15,20,1.0
ANOVA,20,5,15,20,1.0
ANOVA,20,5,16,20,1.0
ANOVA,20,5,16,20,1.0
ANOVA,20,5,16,20,1.0
ANOVA,20,5,17,20,1.0
ANOVA,20,5,17,20,1.0
ANOVA,20,5,17,20,1.0
ANOVA,20,5,18,19,0.85
ANOVA,20,5,18,19,0.85
ANOVA,20,5,18,19,0.85
ANOVA,20,5,19,20,1.0
ANOVA,20,5,19,20,1.0
ANOVA,20,5,19,20,1.0
ANOVA,20,5,20,20,1.0
ANOVA,20,5,20,20,1.0
ANOVA,20,5,20,20,1.0
ANOVA,20,5,21,20,1.0
ANOVA,20,5,21,20,1.0
ANOVA,20,5,21,20,1.0
ANOVA,20,5,22,20,1.0
ANOVA,20,5,22,20,1.0
ANOVA,20,5,22,20,1.0
ANOVA,20,5,23,20,1.0
ANOVA,20,5,23,20,1.0
ANOVA,20,5,23,20,1.0
ANOVA,20,5,24,20,1.0
ANOVA,20,5,24,20,1.0
ANOVA,20,5,24,20,1.0
ANOVA,20,5,25,20,1.0
ANOVA,20,5,25,20,1.0
ANOVA,20,5,25,20,1.0
ANOVA,20,6,6,20,1.0
ANOVA,20,6,6,20,1.0
ANOVA,20,6,7,19,0.85
ANOVA,20,6,7,19,0.85
ANOVA,20,6,7,19,0.85
ANOVA,20,6,8,20,1.0
ANOVA,20,6,8,20,1.0
ANOVA,20,6,8,20,1.0
ANOVA,20,6,9,20,1.0
ANOVA,20,6,9,20,1.0
ANOVA,20,6,9,20,1.0
ANOVA,20,6,10,20,1.0
ANOVA,20,6,10,20,1.0
ANOVA,20,6,10,20,1.0
ANOVA,20,6,11,20,1.0
ANOVA,20,6,11,20,1.0
ANOVA,20,6,11,20,1.0
ANOVA,20,6,12,20,1.0
ANOVA,20,6,12,20,1.0
ANOVA,20,6,12,20,1.0
ANOVA,20,6,13,20,1.0
ANOVA,20,6,13,20,1.0
ANOVA,20,6,13,20,1.0
ANOVA,20,6,14,20,1.0
ANOVA,20,6,14,20,1.0
ANOVA,20,6,14,20,1.0
ANOVA,20,6,15,20,1.0
ANOVA,20,6,15,20,1.0
ANOVA,20,6,15,20,1.0
ANOVA,20,6,16,20,1.0
ANOVA,20,6,16,20,1.0
ANOVA,20,6,16,20,1.0
ANOVA,20,6,17,20,1.0
ANOVA,20,6,17,20,1.0
ANOVA,20,6,17,20,1.0
ANOVA,20,6,18,19,0.85
ANOVA,20,6,18,19,0.85
ANOVA,20,6,18,19,0.85
ANOVA,20,6,19,20,1.0
ANOVA,20,6,19,20,1.0
ANOVA,20,6,19,20,1.0
ANOVA,20,6,20,20,1.0
ANOVA,20,6,20,20,1.0
ANOVA,20,6,20,20,1.0
ANOVA,20,6,21,20,1.0
ANOVA,20,6,21,20,1.0
ANOVA,20,6,21,20,1.0
ANOVA,20,6,22,20,1.0
ANOVA,20,6,22,20,1.0
ANOVA,20,6,22,20,1.0
ANOVA,20,6,23,20,1.0
ANOVA,20,6,23,20,1.0
ANOVA,20,6,23,20,1.0
ANOVA,20,6,24,20,1.0
ANOVA,20,6,24,20,1.0
ANOVA,20,6,24,20,1.0
ANOVA,20,6,25,20,1.0
ANOVA,20,6,25,20,1.0
ANOVA,20,6,25,20,1.0
ANOVA,20,6,6,20,1.0
ANOVA,20,6,7,19,0.85
ANOVA,20,6,7,19,0.85
ANOVA,20,6,7,19,0.85
ANOVA,20,6,8,20,1.0
ANOVA,20,6,8,20,1.0
ANOVA,20,6,8,20,1.0
ANOVA,20,6,9,20,1.0
ANOVA,20,6,9,20,1.0
ANOVA,20,6,9,20,1.0
ANOVA,20,6,10,20,1.0
ANOVA,20,6,10,20,1.0
ANOVA,20,6,10,20,1.0
ANOVA,20,6,11,20,1.0
ANOVA,20,6,11,20,1.0
ANOVA,20,6,11,20,1.0
ANOVA,20,6,12,20,1.0
ANOVA,20,6,12,20,1.0
ANOVA,20,6,12,20,1.0
ANOVA,20,6,13,20,1.0
ANOVA,20,6,13,20,1.0
ANOVA,20,6,13,20,1.0
ANOVA,20,6,14,20,1.0
ANOVA,20,6,14,20,1.0
ANOVA,20,6,14,20,1.0
ANOVA,20,6,15,20,1.0
ANOVA,20,6,15,20,1.0
ANOVA,20,6,15,20,1.0
ANOVA,20,6,16,20,1.0
ANOVA,20,6,16,20,1.0
ANOVA,20,6,16,20,1.0
ANOVA,20,6,17,20,1.0
ANOVA,20,6,17,20,1.0
ANOVA,20,6,17,20,1.0
ANOVA,20,6,18,19,0.85
ANOVA,20,6,18,19,0.85
ANOVA,20,6,18,19,0.85
ANOVA,20,6,19,20,1.0
ANOVA,20,6,19,20,1.0
ANOVA,20,6,19,20,1.0
ANOVA,20,6,20,20,1.0
ANOVA,20,6,20,20,1.0
ANOVA,20,6,20,20,1.0
ANOVA,20,6,21,20,1.0
ANOVA,20,6,21,20,1.0
ANOVA,20,6,21,20,1.0
ANOVA,20,6,22,20,1.0
ANOVA,20,6,22,20,1.0
ANOVA,20,6,22,20,1.0
ANOVA,20,6,23,20,1.0
ANOVA,20,6,23,20,1.0
ANOVA,20,6,23,20,1.0
ANOVA,20,6,24,20,1.0
ANOVA,20,6,24,20,1.0
ANOVA,20,6,24,20,1.0
ANOVA,20,6,25,20,1.0
ANOVA,20,6,25,20,1.0
ANOVA,20,6,25,20,1.0
ANOVA,20,6,7,19,0.85
ANOVA,20,6,7,19,0.85
ANOVA,20,6,7,19,0.85
ANOVA,20,6,8,20,1.0
ANOVA,20,6,8,20,1.0
ANOVA,20,6,8,20,1.0
ANOVA,20,6,9,20,1.0
ANOVA,20,6,9,20,1.0
ANOVA,20,6,9,20,1.0
ANOVA,20,6,10,20,1.0
ANOVA,20,6,10,20,1.0
ANOVA,20,6,10,20,1.0
ANOVA,20,6,11,20,1.0
ANOVA,20,6,11,20,1.0
ANOVA,20,6,11,20,1.0
ANOVA,20,6,12,20,1.0
ANOVA,20,6,12,20,1.0
ANOVA,20,6,12,20,1.0
ANOVA,20,6,13,20,1.0
ANOVA,20,6,13,20,1.0
ANOVA,20,6,13,20,1.0
ANOVA,20,6,14,20,1.0
ANOVA,20,6,14,20,1.0
ANOVA,20,6,14,20,1.0
ANOVA,20,6,15,20,1.0
ANOVA,20,6,15,20,1.0
ANOVA,20,6,15,20,1.0
ANOVA,20,6,16,20,1.0
ANOVA,20,6,16,20,1.0
ANOVA,20,6,16,20,1.0
ANOVA,20,6,17,20,1.0
ANOVA,20,6,17,20,1.0
ANOVA,20,6,17,20,1.0
ANOVA,20,6,18,19,0.85
ANOVA,20,6,18,19,0.85
ANOVA,20,6,18,19,0.85
ANOVA,20,6,19,20,1.0
ANOVA,20,6,19,20,1.0
ANOVA,20,6,19,20,1.0
ANOVA,20,6,20,20,1.0
ANOVA,20,6,20,20,1.0
ANOVA,20,6,20,20,1.0
ANOVA,20,6,21,20,1.0
ANOVA,20,6,21,20,1.0
ANOVA,20,6,21,20,1.0
ANOVA,20,6,22,20,1.0
ANOVA,20,6,22,20,1.0
ANOVA,20,6,22,20,1.0
ANOVA,20,6,23,20,1.0
ANOVA,20,6,23,20,1.0
ANOVA,20,6,23,20,1.0
ANOVA,20,6,24,20,1.0
ANOVA,20,6,24,20,1.0
ANOVA,20,6,24,20,1.0
ANOVA,20,6,25,20,1.0
ANOVA,20,6,25,20,1.0
ANOVA,20,6,25,20,1.0
ANOVA,20,7,7,20,1.0
ANOVA,20,7,7,20,1.0
ANOVA,20,7,8,19,0.85
ANOVA,20,7,8,19,0.85
ANOVA,20,7,8,19,0.85
ANOVA,20,7,9,19,0.85
ANOVA,20,7,9,19,0.85
ANOVA,20,7,9,19,0.85
ANOVA,20,7,10,19,0.85
ANOVA,20,7,10,19,0.85
ANOVA,20,7,10,19,0.85
ANOVA,20,7,11,19,0.85
ANOVA,20,7,11,19,0.85
ANOVA,20,7,11,19,0.85
ANOVA,20,7,12,19,0.85
ANOVA,20,7,12,19,0.85
ANOVA,20,7,12,19,0.85
ANOVA,20,7,13,19,0.85
ANOVA,20,7,13,19,0.85
ANOVA,20,7,13,19,0.85
ANOVA,20,7,14,19,0.85
ANOVA,20,7,14,19,0.85
ANOVA,20,7,14,19,0.85
ANOVA,20,7,15,19,0.85
ANOVA,20,7,15,19,0.85
ANOVA,20,7,15,19,0.85
ANOVA,20,7,16,19,0.85
ANOVA,20,7,16,19,0.85
ANOVA,20,7,16,19,0.85
ANOVA,20,7,17,19,0.85
ANOVA,20,7,17,19,0.85
ANOVA,20,7,17,19,0.85
ANOVA,20,7,18,19,0.85
ANOVA,20,7,18,19,0.85
ANOVA,20,7,18,19,0.85
ANOVA,20,7,19,19,0.85
ANOVA,20,7,19,19,0.85
ANOVA,20,7,19,19,0.85
ANOVA,20,7,20,19,0.85
ANOVA,20,7,20,19,0.85
ANOVA,20,7,20,19,0.85
ANOVA,20,7,21,19,0.85
ANOVA,20,7,21,19,0.85
ANOVA,20,7,21,19,0.85
ANOVA,20,7,22,19,0.85
ANOVA,20,7,22,19,0.85
ANOVA,20,7,22,19,0.85
ANOVA,20,7,23,19,0.85
ANOVA,20,7,23,19,0.85
ANOVA,20,7,23,19,0.85
ANOVA,20,7,24,19,0.85
ANOVA,20,7,24,19,0.85
ANOVA,20,7,24,19,0.85
ANOVA,20,7,25,19,0.85
ANOVA,20,7,25,19,0.85
ANOVA,20,7,25,19,0.85
ANOVA,20,7,7,20,1.0
ANOVA,20,7,8,19,0.85
ANOVA,20,7,8,19,0.85
ANOVA,20,7,8,19,0.85
ANOVA,20,7,9,19,0.85
ANOVA,20,7,9,19,0.85
ANOVA,20,7,9,19,0.85
ANOVA,20,7,10,19,0.85
ANOVA,20,7,10,19,0.85
ANOVA,20,7,10,19,0.85
ANOVA,20,7,11,19,0.85
ANOVA,20,7,11,19,0.85
ANOVA,20,7,11,19,0.85
ANOVA,20,7,12,19,0.85
ANOVA,20,7,12,19,0.85
ANOVA,20,7,12,19,0.85
ANOVA,20,7,13,19,0.85
ANOVA,20,7,13,19,0.85
ANOVA,20,7,13,19,0.85
ANOVA,20,7,14,19,0.85
ANOVA,20,7,14,19,0.85
ANOVA,20,7,14,19,0.85
ANOVA,20,7,15,19,0.85
ANOVA,20,7,15,19,0.85
ANOVA,20,7,15,19,0.85
ANOVA,20,7,16,19,0.85
ANOVA,20,7,16,19,0.85
ANOVA,20,7,16,19,0.85
ANOVA,20,7,17,19,0.85
ANOVA,20,7,17,19,0.85
ANOVA,20,7,17,19,0.85
ANOVA,20,7,18,19,0.85
ANOVA,20,7,18,19,0.85
ANOVA,20,7,18,19,0.85
ANOVA,20,7,19,19,0.85
ANOVA,20,7,19,19,0.85
ANOVA,20,7,19,19,0.85
ANOVA,20,7,20,19,0.85
ANOVA,20,7,20,19,0.85
ANOVA,20,7,20,19,0.85
ANOVA,20,7,21,19,0.85
ANOVA,20,7,21,19,0.85
ANOVA,20,7,21,19,0.85
ANOVA,20,7,22,19,0.85
ANOVA,20,7,22,19,0.85
ANOVA,20,7,22,19,0.85
ANOVA,20,7,23,19,0.85
ANOVA,20,7,23,19,0.85
ANOVA,20,7,23,19,0.85
ANOVA,20,7,24,19,0.85
ANOVA,20,7,24,19,0.85
ANOVA,20,7,24,19,0.85
ANOVA,20,7,25,19,0.85
ANOVA,20,7,25,19,0.85
ANOVA,20,7,25,19,0.85
ANOVA,20,7,8,19,0.85
ANOVA,20,7,8,19,0.85
ANOVA,20,7,8,19,0.85
ANOVA,20,7,9,19,0.85
ANOVA,20,7,9,19,0.85
ANOVA,20,7,9,19,0.85
ANOVA,20,7,10,19,0.85
ANOVA,20,7,10,19,0.85
ANOVA,20,7,10,19,0.85
ANOVA,20,7,11,19,0.85
ANOVA,20,7,11,19,0.85
ANOVA,20,7,11,19,0.85
ANOVA,20,7,12,19,0.85
ANOVA,20,7,12,19,0.85
ANOVA,20,7,12,19,0.85
ANOVA,20,7,13,19,0.85
ANOVA,20,7,13,19,0.85
ANOVA,20,7,13,19,0.85
ANOVA,20,7,14,19,0.85
ANOVA,20,7,14,19,0.85
ANOVA,20,7,14,19,0.85
ANOVA,20,7,15,19,0.85
ANOVA,20,7,15,19,0.85
ANOVA,20,7,15,19,0.85
ANOVA,20,7,16,19,0.85
ANOVA,20,7,16,19,0.85
ANOVA,20,7,16,19,0.85
ANOVA,20,7,17,19,0.85
ANOVA,20,7,17,19,0.85
ANOVA,20,7,17,19,0.85
ANOVA,20,7,18,19,0.85
ANOVA,20,7,18,19,0.85
ANOVA,20,7,18,19,0.85
ANOVA,20,7,19,19,0.85
ANOVA,20,7,19,19,0.85
ANOVA,20,7,19,19,0.85
ANOVA,20,7,20,19,0.85
ANOVA,20,7,20,19,0.85
ANOVA,20,7,20,19,0.85
ANOVA,20,7,21,19,0.85
ANOVA,20,7,21,19,0.85
ANOVA,20,7,21,19,0.85
ANOVA,20,7,22,19,0.85
ANOVA,20,7,22,19,0.85
ANOVA,20,7,22,19,0.85
ANOVA,20,7,23,19,0.85
ANOVA,20,7,23,19,0.85
ANOVA,20,7,23,19,0.85
ANOVA,20,7,24,19,0.85
ANOVA,20,7,24,19,0.85
ANOVA,20,7,24,19,0.85
ANOVA,20,7,25,19,0.85
ANOVA,20,7,25,19,0.85
ANOVA,20,7,25,19,0.85
ANOVA,20,8,8,20,1.0
ANOVA,20,8,8,20,1.0
ANOVA,20,8,9,20,1.0
ANOVA,20,8,9,20,1.0
ANOVA,20,8,9,20,1.0
ANOVA,20,8,10,20,1.0
ANOVA,20,8,10,20,1.0
ANOVA,20,8,10,20,1.0
ANOVA,20,8,11,20,1.0
ANOVA,20,8,11,20,1.0
ANOVA,20,8,11,20,1.0
ANOVA,20,8,12,20,1.0
ANOVA,20,8,12,20,1.0
ANOVA,20,8,12,20,1.0
ANOVA,20,8,13,20,1.0
ANOVA,20,8,13,20,1.0
ANOVA,20,8,13,20,1.0
ANOVA,20,8,14,20,1.0
ANOVA,20,8,14,20,1.0
ANOVA,20,8,14,20,1.0
ANOVA,20,8,15,20,1.0
ANOVA,20,8,15,20,1.0
ANOVA,20,8,15,20,1.0
ANOVA,20,8,16,20,1.0
ANOVA,20,8,16,20,1.0
ANOVA,20,8,16,20,1.0
ANOVA,20,8,17,20,1.0
ANOVA,20,8,17,20,1.0
ANOVA,20,8,17,20,1.0
ANOVA,20,8,18,19,0.85
ANOVA,20,8,18,19,0.85
ANOVA,20,8,18,19,0.85
ANOVA,20,8,19,20,1.0
ANOVA,20,8,19,20,1.0
ANOVA,20,8,19,20,1.0
ANOVA,20,8,20,20,1.0
ANOVA,20,8,20,20,1.0
ANOVA,20,8,20,20,1.0
ANOVA,20,8,21,20,1.0
ANOVA,20,8,21,20,1.0
ANOVA,20,8,21,20,1.0
ANOVA,20,8,22,20,1.0
ANOVA,20,8,22,20,1.0
ANOVA,20,8,22,20,1.0
ANOVA,20,8,23,20,1.0
ANOVA,20,8,23,20,1.0
ANOVA,20,8,23,20,1.0
ANOVA,20,8,24,20,1.0
ANOVA,20,8,24,20,1.0
ANOVA,20,8,24,20,1.0
ANOVA,20,8,25,20,1.0
ANOVA,20,8,25,20,1.0
ANOVA,20,8,25,20,1.0
ANOVA,20,8,8,20,1.0
ANOVA,20,8,9,20,1.0
ANOVA,20,8,9,20,1.0
ANOVA,20,8,9,20,1.0
ANOVA,20,8,10,20,1.0
ANOVA,20,8,10,20,1.0
ANOVA,20,8,10,20,1.0
ANOVA,20,8,11,20,1.0
ANOVA,20,8,11,20,1.0
ANOVA,20,8,11,20,1.0
ANOVA,20,8,12,20,1.0
ANOVA,20,8,12,20,1.0
ANOVA,20,8,12,20,1.0
ANOVA,20,8,13,20,1.0
ANOVA,20,8,13,20,1.0
ANOVA,20,8,13,20,1.0
ANOVA,20,8,14,20,1.0
ANOVA,20,8,14,20,1.0
ANOVA,20,8,14,20,1.0
ANOVA,20,8,15,20,1.0
ANOVA,20,8,15,20,1.0
ANOVA,20,8,15,20,1.0
ANOVA,20,8,16,20,1.0
ANOVA,20,8,16,20,1.0
ANOVA,20,8,16,20,1.0
ANOVA,20,8,17,20,1.0
ANOVA,20,8,17,20,1.0
ANOVA,20,8,17,20,1.0
ANOVA,20,8,18,19,0.85
ANOVA,20,8,18,19,0.85
ANOVA,20,8,18,19,0.85
ANOVA,20,8,19,20,1.0
ANOVA,20,8,19,20,1.0
ANOVA,20,8,19,20,1.0
ANOVA,20,8,20,20,1.0
ANOVA,20,8,20,20,1.0
ANOVA,20,8,20,20,1.0
ANOVA,20,8,21,20,1.0
ANOVA,20,8,21,20,1.0
ANOVA,20,8,21,20,1.0
ANOVA,20,8,22,20,1.0
ANOVA,20,8,22,20,1.0
ANOVA,20,8,22,20,1.0
ANOVA,20,8,23,20,1.0
ANOVA,20,8,23,20,1.0
ANOVA,20,8,23,20,1.0
ANOVA,20,8,24,20,1.0
ANOVA,20,8,24,20,1.0
ANOVA,20,8,24,20,1.0
ANOVA,20,8,25,20,1.0
ANOVA,20,8,25,20,1.0
ANOVA,20,8,25,20,1.0
ANOVA,20,8,9,20,1.0
ANOVA,20,8,9,20,1.0
ANOVA,20,8,9,20,1.0
ANOVA,20,8,10,20,1.0
ANOVA,20,8,10,20,1.0
ANOVA,20,8,10,20,1.0
ANOVA,20,8,11,20,1.0
ANOVA,20,8,11,20,1.0
ANOVA,20,8,11,20,1.0
ANOVA,20,8,12,20,1.0
ANOVA,20,8,12,20,1.0
ANOVA,20,8,12,20,1.0
ANOVA,20,8,13,20,1.0
ANOVA,20,8,13,20,1.0
ANOVA,20,8,13,20,1.0
ANOVA,20,8,14,20,1.0
ANOVA,20,8,14,20,1.0
ANOVA,20,8,14,20,1.0
ANOVA,20,8,15,20,1.0
ANOVA,20,8,15,20,1.0
ANOVA,20,8,15,20,1.0
ANOVA,20,8,16,20,1.0
ANOVA,20,8,16,20,1.0
ANOVA,20,8,16,20,1.0
ANOVA,20,8,17,20,1.0
ANOVA,20,8,17,20,1.0
ANOVA,20,8,17,20,1.0
ANOVA,20,8,18,19,0.85
ANOVA,20,8,18,19,0.85
ANOVA,20,8,18,19,0.85
ANOVA,20,8,19,20,1.0
ANOVA,20,8,19,20,1.0
ANOVA,20,8,19,20,1.0
ANOVA,20,8,20,20,1.0
ANOVA,20,8,20,20,1.0
ANOVA,20,8,20,20,1.0
ANOVA,20,8,21,20,1.0
ANOVA,20,8,21,20,1.0
ANOVA,20,8,21,20,1.0
ANOVA,20,8,22,20,1.0
ANOVA,20,8,22,20,1.0
ANOVA,20,8,22,20,1.0
ANOVA,20,8,23,20,1.0
ANOVA,20,8,23,20,1.0
ANOVA,20,8,23,20,1.0
ANOVA,20,8,24,20,1.0
ANOVA,20,8,24,20,1.0
ANOVA,20,8,24,20,1.0
ANOVA,20,8,25,20,1.0
ANOVA,20,8,25,20,1.0
ANOVA,20,8,25,20,1.0
ANOVA,20,9,9,20,1.0
ANOVA,20,9,9,20,1.0
ANOVA,20,9,10,20,1.0
ANOVA,20,9,10,20,1.0
ANOVA,20,9,10,20,1.0
ANOVA,20,9,11,20,1.0
ANOVA,20,9,11,20,1.0
ANOVA,20,9,11,20,1.0
ANOVA,20,9,12,20,1.0
ANOVA,20,9,12,20,1.0
ANOVA,20,9,12,20,1.0
ANOVA,20,9,13,20,1.0
ANOVA,20,9,13,20,1.0
ANOVA,20,9,13,20,1.0
ANOVA,20,9,14,20,1.0
ANOVA,20,9,14,20,1.0
ANOVA,20,9,14,20,1.0
ANOVA,20,9,15,20,1.0
ANOVA,20,9,15,20,1.0
ANOVA,20,9,15,20,1.0
ANOVA,20,9,16,20,1.0
ANOVA,20,9,16,20,1.0
ANOVA,20,9,16,20,1.0
ANOVA,20,9,17,20,1.0
ANOVA,20,9,17,20,1.0
ANOVA,20,9,17,20,1.0
ANOVA,20,9,18,19,0.85
ANOVA,20,9,18,19,0.85
ANOVA,20,9,18,19,0.85
ANOVA,20,9,19,20,1.0
ANOVA,20,9,19,20,1.0
ANOVA,20,9,19,20,1.0
ANOVA,20,9,20,20,1.0
ANOVA,20,9,20,20,1.0
ANOVA,20,9,20,20,1.0
ANOVA,20,9,21,20,1.0
ANOVA,20,9,21,20,1.0
ANOVA,20,9,21,20,1.0
ANOVA,20,9,22,20,1.0
ANOVA,20,9,22,20,1.0
ANOVA,20,9,22,20,1.0
ANOVA,20,9,23,20,1.0
ANOVA,20,9,23,20,1.0
ANOVA,20,9,23,20,1.0
ANOVA,20,9,24,20,1.0
ANOVA,20,9,24,20,1.0
ANOVA,20,9,24,20,1.0
ANOVA,20,9,25,20,1.0
ANOVA,20,9,25,20,1.0
ANOVA,20,9,25,20,1.0
ANOVA,20,9,9,20,1.0
ANOVA,20,9,10,20,1.0
ANOVA,20,9,10,20,1.0
ANOVA,20,9,10,20,1.0
ANOVA,20,9,11,20,1.0
ANOVA,20,9,11,20,1.0
ANOVA,20,9,11,20,1.0
ANOVA,20,9,12,20,1.0
ANOVA,20,9,12,20,1.0
ANOVA,20,9,12,20,1.0
ANOVA,20,9,13,20,1.0
ANOVA,20,9,13,20,1.0
ANOVA,20,9,13,20,1.0
ANOVA,20,9,14,20,1.0
ANOVA,20,9,14,20,1.0
ANOVA,20,9,14,20,1.0
ANOVA,20,9,15,20,1.0
ANOVA,20,9,15,20,1.0
ANOVA,20,9,15,20,1.0
ANOVA,20,9,16,20,1.0
ANOVA,20,9,16,20,1.0
ANOVA,20,9,16,20,1.0
ANOVA,20,9,17,20,1.0
ANOVA,20,9,17,20,1.0
ANOVA,20,9,17,20,1.0
ANOVA,20,9,18,19,0.85
ANOVA,20,9,18,19,0.85
ANOVA,20,9,18,19,0.85
ANOVA,20,9,19,20,1.0
ANOVA,20,9,19,20,1.0
ANOVA,20,9,19,20,1.0
ANOVA,20,9,20,20,1.0
ANOVA,20,9,20,20,1.0
ANOVA,20,9,20,20,1.0
ANOVA,20,9,21,20,1.0
ANOVA,20,9,21,20,1.0
ANOVA,20,9,21,20,1.0
ANOVA,20,9,22,20,1.0
ANOVA,20,9,22,20,1.0
ANOVA,20,9,22,20,1.0
ANOVA,20,9,23,20,1.0
ANOVA,20,9,23,20,1.0
ANOVA,20,9,23,20,1.0
ANOVA,20,9,24,20,1.0
ANOVA,20,9,24,20,1.0
ANOVA,20,9,24,20,1.0
ANOVA,20,9,25,20,1.0
ANOVA,20,9,25,20,1.0
ANOVA,20,9,25,20,1.0
ANOVA,20,9,10,20,1.0
ANOVA,20,9,10,20,1.0
ANOVA,20,9,10,20,1.0
ANOVA,20,9,11,20,1.0
ANOVA,20,9,11,20,1.0
ANOVA,20,9,11,20,1.0
ANOVA,20,9,12,20,1.0
ANOVA,20,9,12,20,1.0
ANOVA,20,9,12,20,1.0
ANOVA,20,9,13,20,1.0
ANOVA,20,9,13,20,1.0
ANOVA,20,9,13,20,1.0
ANOVA,20,9,14,20,1.0
ANOVA,20,9,14,20,1.0
ANOVA,20,9,14,20,1.0
ANOVA,20,9,15,20,1.0
ANOVA,20,9,15,20,1.0
ANOVA,20,9,15,20,1.0
ANOVA,20,9,16,20,1.0
ANOVA,20,9,16,20,1.0
ANOVA,20,9,16,20,1.0
ANOVA,20,9,17,20,1.0
ANOVA,20,9,17,20,1.0
ANOVA,20,9,17,20,1.0
ANOVA,20,9,18,19,0.85
ANOVA,20,9,18,19,0.85
ANOVA,20,9,18,19,0.85
ANOVA,20,9,19,20,1.0
ANOVA,20,9,19,20,1.0
ANOVA,20,9,19,20,1.0
ANOVA,20,9,20,20,1.0
ANOVA,20,9,20,20,1.0
ANOVA,20,9,20,20,1.0
ANOVA,20,9,21,20,1.0
ANOVA,20,9,21,20,1.0
ANOVA,20,9,21,20,1.0
ANOVA,20,9,22,20,1.0
ANOVA,20,9,22,20,1.0
ANOVA,20,9,22,20,1.0
ANOVA,20,9,23,20,1.0
ANOVA,20,9,23,20,1.0
ANOVA,20,9,23,20,1.0
ANOVA,20,9,24,20,1.0
ANOVA,20,9,24,20,1.0
ANOVA,20,9,24,20,1.0
ANOVA,20,9,25,20,1.0
ANOVA,20,9,25,20,1.0
ANOVA,20,9,25,20,1.0
ANOVA,20,10,10,20,1.0
ANOVA,20,10,10,20,1.0
ANOVA,20,10,11,20,1.0
ANOVA,20,10,11,20,1.0
ANOVA,20,10,11,20,1.0
ANOVA,20,10,12,20,1.0
ANOVA,20,10,12,20,1.0
ANOVA,20,10,12,20,1.0
ANOVA,20,10,13,20,1.0
ANOVA,20,10,13,20,1.0
ANOVA,20,10,13,20,1.0
ANOVA,20,10,14,20,1.0
ANOVA,20,10,14,20,1.0
ANOVA,20,10,14,20,1.0
ANOVA,20,10,15,20,1.0
ANOVA,20,10,15,20,1.0
ANOVA,20,10,15,20,1.0
ANOVA,20,10,16,20,1.0
ANOVA,20,10,16,20,1.0
ANOVA,20,10,16,20,1.0
ANOVA,20,10,17,20,1.0
ANOVA,20,10,17,20,1.0
ANOVA,20,10,17,20,1.0
ANOVA,20,10,18,19,0.85
ANOVA,20,10,18,19,0.85
ANOVA,20,10,18,19,0.85
ANOVA,20,10,19,20,1.0
ANOVA,20,10,19,20,1.0
ANOVA,20,10,19,20,1.0
ANOVA,20,10,20,20,1.0
ANOVA,20,10,20,20,1.0
ANOVA,20,10,20,20,1.0
ANOVA,20,10,21,20,1.0
ANOVA,20,10,21,20,1.0
ANOVA,20,10,21,20,1.0
ANOVA,20,10,22,20,1.0
ANOVA,20,10,22,20,1.0
ANOVA,20,10,22,20,1.0
ANOVA,20,10,23,20,1.0
ANOVA,20,10,23,20,1.0
ANOVA,20,10,23,20,1.0
ANOVA,20,10,24,20,1.0
ANOVA,20,10,24,20,1.0
ANOVA,20,10,24,20,1.0
ANOVA,20,10,25,20,1.0
ANOVA,20,10,25,20,1.0
ANOVA,20,10,25,20,1.0
ANOVA,20,10,10,20,1.0
ANOVA,20,10,11,20,1.0
ANOVA,20,10,11,20,1.0
ANOVA,20,10,11,20,1.0
ANOVA,20,10,12,20,1.0
ANOVA,20,10,12,20,1.0
ANOVA,20,10,12,20,1.0
ANOVA,20,10,13,20,1.0
ANOVA,20,10,13,20,1.0
ANOVA,20,10,13,20,1.0
ANOVA,20,10,14,20,1.0
ANOVA,20,10,14,20,1.0
ANOVA,20,10,14,20,1.0
ANOVA,20,10,15,20,1.0
ANOVA,20,10,15,20,1.0
ANOVA,20,10,15,20,1.0
ANOVA,20,10,16,20,1.0
ANOVA,20,10,16,20,1.0
ANOVA,20,10,16,20,1.0
ANOVA,20,10,17,20,1.0
ANOVA,20,10,17,20,1.0
ANOVA,20,10,17,20,1.0
ANOVA,20,10,18,19,0.85
ANOVA,20,10,18,19,0.85
ANOVA,20,10,18,19,0.85
ANOVA,20,10,19,20,1.0
ANOVA,20,10,19,20,1.0
ANOVA,20,10,19,20,1.0
ANOVA,20,10,20,20,1.0
ANOVA,20,10,20,20,1.0
ANOVA,20,10,20,20,1.0
ANOVA,20,10,21,20,1.0
ANOVA,20,10,21,20,1.0
ANOVA,20,10,21,20,1.0
ANOVA,20,10,22,20,1.0
ANOVA,20,10,22,20,1.0
ANOVA,20,10,22,20,1.0
ANOVA,20,10,23,20,1.0
ANOVA,20,10,23,20,1.0
ANOVA,20,10,23,20,1.0
ANOVA,20,10,24,20,1.0
ANOVA,20,10,24,20,1.0
ANOVA,20,10,24,20,1.0
ANOVA,20,10,25,20,1.0
ANOVA,20,10,25,20,1.0
ANOVA,20,10,25,20,1.0
ANOVA,20,10,11,20,1.0
ANOVA,20,10,11,20,1.0
ANOVA,20,10,11,20,1.0
ANOVA,20,10,12,20,1.0
ANOVA,20,10,12,20,1.0
ANOVA,20,10,12,20,1.0
ANOVA,20,10,13,20,1.0
ANOVA,20,10,13,20,1.0
ANOVA,20,10,13,20,1.0
ANOVA,20,10,14,20,1.0
ANOVA,20,10,14,20,1.0
ANOVA,20,10,14,20,1.0
ANOVA,20,10,15,20,1.0
ANOVA,20,10,15,20,1.0
ANOVA,20,10,15,20,1.0
ANOVA,20,10,16,20,1.0
ANOVA,20,10,16,20,1.0
ANOVA,20,10,16,20,1.0
ANOVA,20,10,17,20,1.0
ANOVA,20,10,17,20,1.0
ANOVA,20,10,17,20,1.0
ANOVA,20,10,18,19,0.85
ANOVA,20,10,18,19,0.85
ANOVA,20,10,18,19,0.85
ANOVA,20,10,19,20,1.0
ANOVA,20,10,19,20,1.0
ANOVA,20,10,19,20,1.0
ANOVA,20,10,20,20,1.0
ANOVA,20,10,20,20,1.0
ANOVA,20,10,20,20,1.0
ANOVA,20,10,21,20,1.0
ANOVA,20,10,21,20,1.0
ANOVA,20,10,21,20,1.0
ANOVA,20,10,22,20,1.0
ANOVA,20,10,22,20,1.0
ANOVA,20,10,22,20,1.0
ANOVA,20,10,23,20,1.0
ANOVA,20,10,23,20,1.0
ANOVA,20,10,23,20,1.0
ANOVA,20,10,24,20,1.0
ANOVA,20,10,24,20,1.0
ANOVA,20,10,24,20,1.0
ANOVA,20,10,25,20,1.0
ANOVA,20,10,25,20,1.0
ANOVA,20,10,25,20,1.0
ANOVA,20,11,11,20,1.0
ANOVA,20,11,11,20,1.0
ANOVA,20,11,12,20,1.0
ANOVA,20,11,12,20,1.0
ANOVA,20,11,12,20,1.0
ANOVA,20,11,13,20,1.0
ANOVA,20,11,13,20,1.0
ANOVA,20,11,13,20,1.0
ANOVA,20,11,14,20,1.0
ANOVA,20,11,14,20,1.0
ANOVA,20,11,14,20,1.0
ANOVA,20,11,15,20,1.0
ANOVA,20,11,15,20,1.0
ANOVA,20,11,15,20,1.0
ANOVA,20,11,16,20,1.0
ANOVA,20,11,16,20,1.0
ANOVA,20,11,16,20,1.0
ANOVA,20,11,17,20,1.0
ANOVA,20,11,17,20,1.0
ANOVA,20,11,17,20,1.0
ANOVA,20,11,18,19,0.85
ANOVA,20,11,18,19,0.85
ANOVA,20,11,18,19,0.85
ANOVA,20,11,19,20,1.0
ANOVA,20,11,19,20,1.0
ANOVA,20,11,19,20,1.0
ANOVA,20,11,20,20,1.0
ANOVA,20,11,20,20,1.0
ANOVA,20,11,20,20,1.0
ANOVA,20,11,21,20,1.0
ANOVA,20,11,21,20,1.0
ANOVA,20,11,21,20,1.0
ANOVA,20,11,22,20,1.0
ANOVA,20,11,22,20,1.0
ANOVA,20,11,22,20,1.0
ANOVA,20,11,23,20,1.0
ANOVA,20,11,23,20,1.0
ANOVA,20,11,23,20,1.0
ANOVA,20,11,24,20,1.0
ANOVA,20,11,24,20,1.0
ANOVA,20,11,24,20,1.0
ANOVA,20,11,25,20,1.0
ANOVA,20,11,25,20,1.0
ANOVA,20,11,25,20,1.0
ANOVA,20,11,11,20,1.0
ANOVA,20,11,12,20,1.0
ANOVA,20,11,12,20,1.0
ANOVA,20,11,12,20,1.0
ANOVA,20,11,13,20,1.0
ANOVA,20,11,13,20,1.0
ANOVA,20,11,13,20,1.0
ANOVA,20,11,14,20,1.0
ANOVA,20,11,14,20,1.0
ANOVA,20,11,14,20,1.0
ANOVA,20,11,15,20,1.0
ANOVA,20,11,15,20,1.0
ANOVA,20,11,15,20,1.0
ANOVA,20,11,16,20,1.0
ANOVA,20,11,16,20,1.0
ANOVA,20,11,16,20,1.0
ANOVA,20,11,17,20,1.0
ANOVA,20,11,17,20,1.0
ANOVA,20,11,17,20,1.0
ANOVA,20,11,18,19,0.85
ANOVA,20,11,18,19,0.85
ANOVA,20,11,18,19,0.85
ANOVA,20,11,19,20,1.0
ANOVA,20,11,19,20,1.0
ANOVA,20,11,19,20,1.0
ANOVA,20,11,20,20,1.0
ANOVA,20,11,20,20,1.0
ANOVA,20,11,20,20,1.0
ANOVA,20,11,21,20,1.0
ANOVA,20,11,21,20,1.0
ANOVA,20,11,21,20,1.0
ANOVA,20,11,22,20,1.0
ANOVA,20,11,22,20,1.0
ANOVA,20,11,22,20,1.0
ANOVA,20,11,23,20,1.0
ANOVA,20,11,23,20,1.0
ANOVA,20,11,23,20,1.0
ANOVA,20,11,24,20,1.0
ANOVA,20,11,24,20,1.0
ANOVA,20,11,24,20,1.0
ANOVA,20,11,25,20,1.0
ANOVA,20,11,25,20,1.0
ANOVA,20,11,25,20,1.0
ANOVA,20,11,12,20,1.0
ANOVA,20,11,12,20,1.0
ANOVA,20,11,12,20,1.0
ANOVA,20,11,13,20,1.0
ANOVA,20,11,13,20,1.0
ANOVA,20,11,13,20,1.0
ANOVA,20,11,14,20,1.0
ANOVA,20,11,14,20,1.0
ANOVA,20,11,14,20,1.0
ANOVA,20,11,15,20,1.0
ANOVA,20,11,15,20,1.0
ANOVA,20,11,15,20,1.0
ANOVA,20,11,16,20,1.0
ANOVA,20,11,16,20,1.0
ANOVA,20,11,16,20,1.0
ANOVA,20,11,17,20,1.0
ANOVA,20,11,17,20,1.0
ANOVA,20,11,17,20,1.0
ANOVA,20,11,18,19,0.85
ANOVA,20,11,18,19,0.85
ANOVA,20,11,18,19,0.85
ANOVA,20,11,19,20,1.0
ANOVA,20,11,19,20,1.0
ANOVA,20,11,19,20,1.0
ANOVA,20,11,20,20,1.0
ANOVA,20,11,20,20,1.0
ANOVA,20,11,20,20,1.0
ANOVA,20,11,21,20,1.0
ANOVA,20,11,21,20,1.0
ANOVA,20,11,21,20,1.0
ANOVA,20,11,22,20,1.0
ANOVA,20,11,22,20,1.0
ANOVA,20,11,22,20,1.0
ANOVA,20,11,23,20,1.0
ANOVA,20,11,23,20,1.0
ANOVA,20,11,23,20,1.0
ANOVA,20,11,24,20,1.0
ANOVA,20,11,24,20,1.0
ANOVA,20,11,24,20,1.0
ANOVA,20,11,25,20,1.0
ANOVA,20,11,25,20,1.0
ANOVA,20,11,25,20,1.0
ANOVA,20,12,12,20,1.0
ANOVA,20,12,12,20,1.0
ANOVA,20,12,13,20,1.0
ANOVA,20,12,13,20,1.0
ANOVA,20,12,13,20,1.0
ANOVA,20,12,14,20,1.0
ANOVA,20,12,14,20,1.0
ANOVA,20,12,14,20,1.0
ANOVA,20,12,15,20,1.0
ANOVA,20,12,15,20,1.0
ANOVA,20,12,15,20,1.0
ANOVA,20,12,16,20,1.0
ANOVA,20,12,16,20,1.0
ANOVA,20,12,16,20,1.0
ANOVA,20,12,17,20,1.0
ANOVA,20,12,17,20,1.0
ANOVA,20,12,17,20,1.0
ANOVA,20,12,18,19,0.85
ANOVA,20,12,18,19,0.85
ANOVA,20,12,18,19,0.85
ANOVA,20,12,19,20,1.0
ANOVA,20,12,19,20,1.0
ANOVA,20,12,19,20,1.0
ANOVA,20,12,20,20,1.0
ANOVA,20,12,20,20,1.0
ANOVA,20,12,20,20,1.0
ANOVA,20,12,21,20,1.0
ANOVA,20,12,21,20,1.0
ANOVA,20,12,21,20,1.0
ANOVA,20,12,22,20,1.0
ANOVA,20,12,22,20,1.0
ANOVA,20,12,22,20,1.0
ANOVA,20,12,23,20,1.0
ANOVA,20,12,23,20,1.0
ANOVA,20,12,23,20,1.0
ANOVA,20,12,24,20,1.0
ANOVA,20,12,24,20,1.0
ANOVA,20,12,24,20,1.0
ANOVA,20,12,25,20,1.0
ANOVA,20,12,25,20,1.0
ANOVA,20,12,25,20,1.0
ANOVA,20,12,12,20,1.0
ANOVA,20,12,13,20,1.0
ANOVA,20,12,13,20,1.0
ANOVA,20,12,13,20,1.0
ANOVA,20,12,14,20,1.0
ANOVA,20,12,14,20,1.0
ANOVA,20,12,14,20,1.0
ANOVA,20,12,15,20,1.0
ANOVA,20,12,15,20,1.0
ANOVA,20,12,15,20,1.0
ANOVA,20,12,16,20,1.0
ANOVA,20,12,16,20,1.0
ANOVA,20,12,16,20,1.0
ANOVA,20,12,17,20,1.0
ANOVA,20,12,17,20,1.0
ANOVA,20,12,17,20,1.0
ANOVA,20,12,18,19,0.85
ANOVA,20,12,18,19,0.85
ANOVA,20,12,18,19,0.85
ANOVA,20,12,19,20,1.0
ANOVA,20,12,19,20,1.0
ANOVA,20,12,19,20,1.0
ANOVA,20,12,20,20,1.0
ANOVA,20,12,20,20,1.0
ANOVA,20,12,20,20,1.0
ANOVA,20,12,21,20,1.0
ANOVA,20,12,21,20,1.0
ANOVA,20,12,21,20,1.0
ANOVA,20,12,22,20,1.0
ANOVA,20,12,22,20,1.0
ANOVA,20,12,22,20,1.0
ANOVA,20,12,23,20,1.0
ANOVA,20,12,23,20,1.0
ANOVA,20,12,23,20,1.0
ANOVA,20,12,24,20,1.0
ANOVA,20,12,24,20,1.0
ANOVA,20,12,24,20,1.0
ANOVA,20,12,25,20,1.0
ANOVA,20,12,25,20,1.0
ANOVA,20,12,25,20,1.0
ANOVA,20,12,13,20,1.0
ANOVA,20,12,13,20,1.0
ANOVA,20,12,13,20,1.0
ANOVA,20,12,14,20,1.0
ANOVA,20,12,14,20,1.0
ANOVA,20,12,14,20,1.0
ANOVA,20,12,15,20,1.0
ANOVA,20,12,15,20,1.0
ANOVA,20,12,15,20,1.0
ANOVA,20,12,16,20,1.0
ANOVA,20,12,16,20,1.0
ANOVA,20,12,16,20,1.0
ANOVA,20,12,17,20,1.0
ANOVA,20,12,17,20,1.0
ANOVA,20,12,17,20,1.0
ANOVA,20,12,18,19,0.85
ANOVA,20,12,18,19,0.85
ANOVA,20,12,18,19,0.85
ANOVA,20,12,19,20,1.0
ANOVA,20,12,19,20,1.0
ANOVA,20,12,19,20,1.0
ANOVA,20,12,20,20,1.0
ANOVA,20,12,20,20,1.0
ANOVA,20,12,20,20,1.0
ANOVA,20,12,21,20,1.0
ANOVA,20,12,21,20,1.0
ANOVA,20,12,21,20,1.0
ANOVA,20,12,22,20,1.0
ANOVA,20,12,22,20,1.0
ANOVA,20,12,22,20,1.0
ANOVA,20,12,23,20,1.0
ANOVA,20,12,23,20,1.0
ANOVA,20,12,23,20,1.0
ANOVA,20,12,24,20,1.0
ANOVA,20,12,24,20,1.0
ANOVA,20,12,24,20,1.0
ANOVA,20,12,25,20,1.0
ANOVA,20,12,25,20,1.0
ANOVA,20,12,25,20,1.0
ANOVA,20,13,13,20,1.0
ANOVA,20,13,13,20,1.0
ANOVA,20,13,14,20,1.0
ANOVA,20,13,14,20,1.0
ANOVA,20,13,14,20,1.0
ANOVA,20,13,15,20,1.0
ANOVA,20,13,15,20,1.0
ANOVA,20,13,15,20,1.0
ANOVA,20,13,16,20,1.0
ANOVA,20,13,16,20,1.0
ANOVA,20,13,16,20,1.0
ANOVA,20,13,17,20,1.0
ANOVA,20,13,17,20,1.0
ANOVA,20,13,17,20,1.0
ANOVA,20,13,18,19,0.85
ANOVA,20,13,18,19,0.85
ANOVA,20,13,18,19,0.85
ANOVA,20,13,19,20,1.0
ANOVA,20,13,19,20,1.0
ANOVA,20,13,19,20,1.0
ANOVA,20,13,20,20,1.0
ANOVA,20,13,20,20,1.0
ANOVA,20,13,20,20,1.0
ANOVA,20,13,21,20,1.0
ANOVA,20,13,21,20,1.0
ANOVA,20,13,21,20,1.0
ANOVA,20,13,22,20,1.0
ANOVA,20,13,22,20,1.0
ANOVA,20,13,22,20,1.0
ANOVA,20,13,23,20,1.0
ANOVA,20,13,23,20,1.0
ANOVA,20,13,23,20,1.0
ANOVA,20,13,24,20,1.0
ANOVA,20,13,24,20,1.0
ANOVA,20,13,24,20,1.0
ANOVA,20,13,25,20,1.0
ANOVA,20,13,25,20,1.0
ANOVA,20,13,25,20,1.0
ANOVA,20,13,13,20,1.0
ANOVA,20,13,14,20,1.0
ANOVA,20,13,14,20,1.0
ANOVA,20,13,14,20,1.0
ANOVA,20,13,15,20,1.0
ANOVA,20,13,15,20,1.0
ANOVA,20,13,15,20,1.0
ANOVA,20,13,16,20,1.0
ANOVA,20,13,16,20,1.0
ANOVA,20,13,16,20,1.0
ANOVA,20,13,17,20,1.0
ANOVA,20,13,17,20,1.0
ANOVA,20,13,17,20,1.0
ANOVA,20,13,18,19,0.85
ANOVA,20,13,18,19,0.85
ANOVA,20,13,18,19,0.85
ANOVA,20,13,19,20,1.0
ANOVA,20,13,19,20,1.0
ANOVA,20,13,19,20,1.0
ANOVA,20,13,20,20,1.0
ANOVA,20,13,20,20,1.0
ANOVA,20,13,20,20,1.0
ANOVA,20,13,21,20,1.0
ANOVA,20,13,21,20,1.0
ANOVA,20,13,21,20,1.0
ANOVA,20,13,22,20,1.0
ANOVA,20,13,22,20,1.0
ANOVA,20,13,22,20,1.0
ANOVA,20,13,23,20,1.0
ANOVA,20,13,23,20,1.0
ANOVA,20,13,23,20,1.0
ANOVA,20,13,24,20,1.0
ANOVA,20,13,24,20,1.0
ANOVA,20,13,24,20,1.0
ANOVA,20,13,25,20,1.0
ANOVA,20,13,25,20,1.0
ANOVA,20,13,25,20,1.0
ANOVA,20,13,14,20,1.0
ANOVA,20,13,14,20,1.0
ANOVA,20,13,14,20,1.0
ANOVA,20,13,15,20,1.0
ANOVA,20,13,15,20,1.0
ANOVA,20,13,15,20,1.0
ANOVA,20,13,16,20,1.0
ANOVA,20,13,16,20,1.0
ANOVA,20,13,16,20,1.0
ANOVA,20,13,17,20,1.0
ANOVA,20,13,17,20,1.0
ANOVA,20,13,17,20,1.0
ANOVA,20,13,18,19,0.85
ANOVA,20,13,18,19,0.85
ANOVA,20,13,18,19,0.85
ANOVA,20,13,19,20,1.0
ANOVA,20,13,19,20,1.0
ANOVA,20,13,19,20,1.0
ANOVA,20,13,20,20,1.0
ANOVA,20,13,20,20,1.0
ANOVA,20,13,20,20,1.0
ANOVA,20,13,21,20,1.0
ANOVA,20,13,21,20,1.0
ANOVA,20,13,21,20,1.0
ANOVA,20,13,22,20,1.0
ANOVA,20,13,22,20,1.0
ANOVA,20,13,22,20,1.0
ANOVA,20,13,23,20,1.0
ANOVA,20,13,23,20,1.0
ANOVA,20,13,23,20,1.0
ANOVA,20,13,24,20,1.0
ANOVA,20,13,24,20,1.0
ANOVA,20,13,24,20,1.0
ANOVA,20,13,25,20,1.0
ANOVA,20,13,25,20,1.0
ANOVA,20,13,25,20,1.0
ANOVA,20,14,14,20,1.0
ANOVA,20,14,14,20,1.0
ANOVA,20,14,15,20,1.0
ANOVA,20,14,15,20,1.0
ANOVA,20,14,15,20,1.0
ANOVA,20,14,16,20,1.0
ANOVA,20,14,16,20,1.0
ANOVA,20,14,16,20,1.0
ANOVA,20,14,17,20,1.0
ANOVA,20,14,17,20,1.0
ANOVA,20,14,17,20,1.0
ANOVA,20,14,18,19,0.85
ANOVA,20,14,18,19,0.85
ANOVA,20,14,18,19,0.85
ANOVA,20,14,19,20,1.0
ANOVA,20,14,19,20,1.0
ANOVA,20,14,19,20,1.0
ANOVA,20,14,20,20,1.0
ANOVA,20,14,20,20,1.0
ANOVA,20,14,20,20,1.0
ANOVA,20,14,21,20,1.0
ANOVA,20,14,21,20,1.0
ANOVA,20,14,21,20,1.0
ANOVA,20,14,22,20,1.0
ANOVA,20,14,22,20,1.0
ANOVA,20,14,22,20,1.0
ANOVA,20,14,23,20,1.0
ANOVA,20,14,23,20,1.0
ANOVA,20,14,23,20,1.0
ANOVA,20,14,24,20,1.0
ANOVA,20,14,24,20,1.0
ANOVA,20,14,24,20,1.0
ANOVA,20,14,25,20,1.0
ANOVA,20,14,25,20,1.0
ANOVA,20,14,25,20,1.0
ANOVA,20,14,14,20,1.0
ANOVA,20,14,15,20,1.0
ANOVA,20,14,15,20,1.0
ANOVA,20,14,15,20,1.0
ANOVA,20,14,16,20,1.0
ANOVA,20,14,16,20,1.0
ANOVA,20,14,16,20,1.0
ANOVA,20,14,17,20,1.0
ANOVA,20,14,17,20,1.0
ANOVA,20,14,17,20,1.0
ANOVA,20,14,18,19,0.85
ANOVA,20,14,18,19,0.85
ANOVA,20,14,18,19,0.85
ANOVA,20,14,19,20,1.0
ANOVA,20,14,19,20,1.0
ANOVA,20,14,19,20,1.0
ANOVA,20,14,20,20,1.0
ANOVA,20,14,20,20,1.0
ANOVA,20,14,20,20,1.0
ANOVA,20,14,21,20,1.0
ANOVA,20,14,21,20,1.0
ANOVA,20,14,21,20,1.0
ANOVA,20,14,22,20,1.0
ANOVA,20,14,22,20,1.0
ANOVA,20,14,22,20,1.0
ANOVA,20,14,23,20,1.0
ANOVA,20,14,23,20,1.0
ANOVA,20,14,23,20,1.0
ANOVA,20,14,24,20,1.0
ANOVA,20,14,24,20,1.0
ANOVA,20,14,24,20,1.0
ANOVA,20,14,25,20,1.0
ANOVA,20,14,25,20,1.0
ANOVA,20,14,25,20,1.0
ANOVA,20,14,15,20,1.0
ANOVA,20,14,15,20,1.0
ANOVA,20,14,15,20,1.0
ANOVA,20,14,16,20,1.0
ANOVA,20,14,16,20,1.0
ANOVA,20,14,16,20,1.0
ANOVA,20,14,17,20,1.0
ANOVA,20,14,17,20,1.0
ANOVA,20,14,17,20,1.0
ANOVA,20,14,18,19,0.85
ANOVA,20,14,18,19,0.85
ANOVA,20,14,18,19,0.85
ANOVA,20,14,19,20,1.0
ANOVA,20,14,19,20,1.0
ANOVA,20,14,19,20,1.0
ANOVA,20,14,20,20,1.0
ANOVA,20,14,20,20,1.0
ANOVA,20,14,20,20,1.0
ANOVA,20,14,21,20,1.0
ANOVA,20,14,21,20,1.0
ANOVA,20,14,21,20,1.0
ANOVA,20,14,22,20,1.0
ANOVA,20,14,22,20,1.0
ANOVA,20,14,22,20,1.0
ANOVA,20,14,23,20,1.0
ANOVA,20,14,23,20,1.0
ANOVA,20,14,23,20,1.0
ANOVA,20,14,24,20,1.0
ANOVA,20,14,24,20,1.0
ANOVA,20,14,24,20,1.0
ANOVA,20,14,25,20,1.0
ANOVA,20,14,25,20,1.0
ANOVA,20,14,25,20,1.0
ANOVA,20,15,15,20,1.0
ANOVA,20,15,15,20,1.0
ANOVA,20,15,16,20,1.0
ANOVA,20,15,16,20,1.0
ANOVA,20,15,16,20,1.0
ANOVA,20,15,17,20,1.0
ANOVA,20,15,17,20,1.0
ANOVA,20,15,17,20,1.0
ANOVA,20,15,18,19,0.85
ANOVA,20,15,18,19,0.85
ANOVA,20,15,18,19,0.85
ANOVA,20,15,19,20,1.0
ANOVA,20,15,19,20,1.0
ANOVA,20,15,19,20,1.0
ANOVA,20,15,20,20,1.0
ANOVA,20,15,20,20,1.0
ANOVA,20,15,20,20,1.0
ANOVA,20,15,21,20,1.0
ANOVA,20,15,21,20,1.0
ANOVA,20,15,21,20,1.0
ANOVA,20,15,22,20,1.0
ANOVA,20,15,22,20,1.0
ANOVA,20,15,22,20,1.0
ANOVA,20,15,23,20,1.0
ANOVA,20,15,23,20,1.0
ANOVA,20,15,23,20,1.0
ANOVA,20,15,24,20,1.0
ANOVA,20,15,24,20,1.0
ANOVA,20,15,24,20,1.0
ANOVA,20,15,25,20,1.0
ANOVA,20,15,25,20,1.0
ANOVA,20,15,25,20,1.0
ANOVA,20,15,15,20,1.0
ANOVA,20,15,16,20,1.0
ANOVA,20,15,16,20,1.0
ANOVA,20,15,16,20,1.0
ANOVA,20,15,17,20,1.0
ANOVA,20,15,17,20,1.0
ANOVA,20,15,17,20,1.0
ANOVA,20,15,18,19,0.85
ANOVA,20,15,18,19,0.85
ANOVA,20,15,18,19,0.85
ANOVA,20,15,19,20,1.0
ANOVA,20,15,19,20,1.0
ANOVA,20,15,19,20,1.0
ANOVA,20,15,20,20,1.0
ANOVA,20,15,20,20,1.0
ANOVA,20,15,20,20,1.0
ANOVA,20,15,21,20,1.0
ANOVA,20,15,21,20,1.0
ANOVA,20,15,21,20,1.0
ANOVA,20,15,22,20,1.0
ANOVA,20,15,22,20,1.0
ANOVA,20,15,22,20,1.0
ANOVA,20,15,23,20,1.0
ANOVA,20,15,23,20,1.0
ANOVA,20,15,23,20,1.0
ANOVA,20,15,24,20,1.0
ANOVA,20,15,24,20,1.0
ANOVA,20,15,24,20,1.0
ANOVA,20,15,25,20,1.0
ANOVA,20,15,25,20,1.0
ANOVA,20,15,25,20,1.0
ANOVA,20,15,16,20,1.0
ANOVA,20,15,16,20,1.0
ANOVA,20,15,16,20,1.0
ANOVA,20,15,17,20,1.0
ANOVA,20,15,17,20,1.0
ANOVA,20,15,17,20,1.0
ANOVA,20,15,18,19,0.85
ANOVA,20,15,18,19,0.85
ANOVA,20,15,18,19,0.85
ANOVA,20,15,19,20,1.0
ANOVA,20,15,19,20,1.0
ANOVA,20,15,19,20,1.0
ANOVA,20,15,20,20,1.0
ANOVA,20,15,20,20,1.0
ANOVA,20,15,20,20,1.0
ANOVA,20,15,21,20,1.0
ANOVA,20,15,21,20,1.0
ANOVA,20,15,21,20,1.0
ANOVA,20,15,22,20,1.0
ANOVA,20,15,22,20,1.0
ANOVA,20,15,22,20,1.0
ANOVA,20,15,23,20,1.0
ANOVA,20,15,23,20,1.0
ANOVA,20,15,23,20,1.0
ANOVA,20,15,24,20,1.0
ANOVA,20,15,24,20,1.0
ANOVA,20,15,24,20,1.0
ANOVA,20,15,25,20,1.0
ANOVA,20,15,25,20,1.0
ANOVA,20,15,25,20,1.0
ANOVA,20,16,16,20,1.0
ANOVA,20,16,16,20,1.0
ANOVA,20,16,17,20,1.0
ANOVA,20,16,17,20,1.0
ANOVA,20,16,17,20,1.0
ANOVA,20,16,18,19,0.85
ANOVA,20,16,18,19,0.85
ANOVA,20,16,18,19,0.85
ANOVA,20,16,19,20,1.0
ANOVA,20,16,19,20,1.0
ANOVA,20,16,19,20,1.0
ANOVA,20,16,20,20,1.0
ANOVA,20,16,20,20,1.0
ANOVA,20,16,20,20,1.0
ANOVA,20,16,21,20,1.0
ANOVA,20,16,21,20,1.0
ANOVA,20,16,21,20,1.0
ANOVA,20,16,22,20,1.0
ANOVA,20,16,22,20,1.0
ANOVA,20,16,22,20,1.0
ANOVA,20,16,23,20,1.0
ANOVA,20,16,23,20,1.0
ANOVA,20,16,23,20,1.0
ANOVA,20,16,24,20,1.0
ANOVA,20,16,24,20,1.0
ANOVA,20,16,24,20,1.0
ANOVA,20,16,25,20,1.0
ANOVA,20,16,25,20,1.0
ANOVA,20,16,25,20,1.0
ANOVA,20,16,16,20,1.0
ANOVA,20,16,17,20,1.0
ANOVA,20,16,17,20,1.0
ANOVA,20,16,17,20,1.0
ANOVA,20,16,18,19,0.85
ANOVA,20,16,18,19,0.85
ANOVA,20,16,18,19,0.85
ANOVA,20,16,19,20,1.0
ANOVA,20,16,19,20,1.0
ANOVA,20,16,19,20,1.0
ANOVA,20,16,20,20,1.0
ANOVA,20,16,20,20,1.0
ANOVA,20,16,20,20,1.0
ANOVA,20,16,21,20,1.0
ANOVA,20,16,21,20,1.0
ANOVA,20,16,21,20,1.0
ANOVA,20,16,22,20,1.0
ANOVA,20,16,22,20,1.0
ANOVA,20,16,22,20,1.0
ANOVA,20,16,23,20,1.0
ANOVA,20,16,23,20,1.0
ANOVA,20,16,23,20,1.0
ANOVA,20,16,24,20,1.0
ANOVA,20,16,24,20,1.0
ANOVA,20,16,24,20,1.0
ANOVA,20,16,25,20,1.0
ANOVA,20,16,25,20,1.0
ANOVA,20,16,25,20,1.0
ANOVA,20,16,17,20,1.0
ANOVA,20,16,17,20,1.0
ANOVA,20,16,17,20,1.0
ANOVA,20,16,18,19,0.85
ANOVA,20,16,18,19,0.85
ANOVA,20,16,18,19,0.85
ANOVA,20,16,19,20,1.0
ANOVA,20,16,19,20,1.0
ANOVA,20,16,19,20,1.0
ANOVA,20,16,20,20,1.0
ANOVA,20,16,20,20,1.0
ANOVA,20,16,20,20,1.0
ANOVA,20,16,21,20,1.0
ANOVA,20,16,21,20,1.0
ANOVA,20,16,21,20,1.0
ANOVA,20,16,22,20,1.0
ANOVA,20,16,22,20,1.0
ANOVA,20,16,22,20,1.0
ANOVA,20,16,23,20,1.0
ANOVA,20,16,23,20,1.0
ANOVA,20,16,23,20,1.0
ANOVA,20,16,24,20,1.0
ANOVA,20,16,24,20,1.0
ANOVA,20,16,24,20,1.0
ANOVA,20,16,25,20,1.0
ANOVA,20,16,25,20,1.0
ANOVA,20,16,25,20,1.0
ANOVA,20,17,17,20,1.0
ANOVA,20,17,17,20,1.0
ANOVA,20,17,18,19,0.85
ANOVA,20,17,18,19,0.85
ANOVA,20,17,18,19,0.85
ANOVA,20,17,19,20,1.0
ANOVA,20,17,19,20,1.0
ANOVA,20,17,19,20,1.0
ANOVA,20,17,20,20,1.0
ANOVA,20,17,20,20,1.0
ANOVA,20,17,20,20,1.0
ANOVA,20,17,21,20,1.0
ANOVA,20,17,21,20,1.0
ANOVA,20,17,21,20,1.0
ANOVA,20,17,22,20,1.0
ANOVA,20,17,22,20,1.0
ANOVA,20,17,22,20,1.0
ANOVA,20,17,23,20,1.0
ANOVA,20,17,23,20,1.0
ANOVA,20,17,23,20,1.0
ANOVA,20,17,24,20,1.0
ANOVA,20,17,24,20,1.0
ANOVA,20,17,24,20,1.0
ANOVA,20,17,25,20,1.0
ANOVA,20,17,25,20,1.0
ANOVA,20,17,25,20,1.0
ANOVA,20,17,17,20,1.0
ANOVA,20,17,18,19,0.85
ANOVA,20,17,18,19,0.85
ANOVA,20,17,18,19,0.85
ANOVA,20,17,19,20,1.0
ANOVA,20,17,19,20,1.0
ANOVA,20,17,19,20,1.0
ANOVA,20,17,20,20,1.0
ANOVA,20,17,20,20,1.0
ANOVA,20,17,20,20,1.0
ANOVA,20,17,21,20,1.0
ANOVA,20,17,21,20,1.0
ANOVA,20,17,21,20,1.0
ANOVA,20,17,22,20,1.0
ANOVA,20,17,22,20,1.0
ANOVA,20,17,22,20,1.0
ANOVA,20,17,23,20,1.0
ANOVA,20,17,23,20,1.0
ANOVA,20,17,23,20,1.0
ANOVA,20,17,24,20,1.0
ANOVA,20,17,24,20,1.0
ANOVA,20,17,24,20,1.0
ANOVA,20,17,25,20,1.0
ANOVA,20,17,25,20,1.0
ANOVA,20,17,25,20,1.0
ANOVA,20,17,18,19,0.85
ANOVA,20,17,18,19,0.85
ANOVA,20,17,18,19,0.85
ANOVA,20,17,19,20,1.0
ANOVA,20,17,19,20,1.0
ANOVA,20,17,19,20,1.0
ANOVA,20,17,20,20,1.0
ANOVA,20,17,20,20,1.0
ANOVA,20,17,20,20,1.0
ANOVA,20,17,21,20,1.0
ANOVA,20,17,21,20,1.0
ANOVA,20,17,21,20,1.0
ANOVA,20,17,22,20,1.0
ANOVA,20,17,22,20,1.0
ANOVA,20,17,22,20,1.0
ANOVA,20,17,23,20,1.0
ANOVA,20,17,23,20,1.0
ANOVA,20,17,23,20,1.0
ANOVA,20,17,24,20,1.0
ANOVA,20,17,24,20,1.0
ANOVA,20,17,24,20,1.0
ANOVA,20,17,25,20,1.0
ANOVA,20,17,25,20,1.0
ANOVA,20,17,25,20,1.0
ANOVA,20,18,18,20,1.0
ANOVA,20,18,18,20,1.0
ANOVA,20,18,19,19,0.85
ANOVA,20,18,19,19,0.85
ANOVA,20,18,19,19,0.85
ANOVA,20,18,20,19,0.85
ANOVA,20,18,20,19,0.85
ANOVA,20,18,20,19,0.85
ANOVA,20,18,21,19,0.85
ANOVA,20,18,21,19,0.85
ANOVA,20,18,21,19,0.85
ANOVA,20,18,22,19,0.85
ANOVA,20,18,22,19,0.85
ANOVA,20,18,22,19,0.85
ANOVA,20,18,23,19,0.85
ANOVA,20,18,23,19,0.85
ANOVA,20,18,23,19,0.85
ANOVA,20,18,24,19,0.85
ANOVA,20,18,24,19,0.85
ANOVA,20,18,24,19,0.85
ANOVA,20,18,25,19,0.85
ANOVA,20,18,25,19,0.85
ANOVA,20,18,25,19,0.85
ANOVA,20,18,18,20,1.0
ANOVA,20,18,19,19,0.85
ANOVA,20,18,19,19,0.85
ANOVA,20,18,19,19,0.85
ANOVA,20,18,20,19,0.85
ANOVA,20,18,20,19,0.85
ANOVA,20,18,20,19,0.85
ANOVA,20,18,21,19,0.85
ANOVA,20,18,21,19,0.85
ANOVA,20,18,21,19,0.85
ANOVA,20,18,22,19,0.85
ANOVA,20,18,22,19,0.85
ANOVA,20,18,22,19,0.85
ANOVA,20,18,23,19,0.85
ANOVA,20,18,23,19,0.85
ANOVA,20,18,23,19,0.85
ANOVA,20,18,24,19,0.85
ANOVA,20,18,24,19,0.85
ANOVA,20,18,24,19,0.85
ANOVA,20,18,25,19,0.85
ANOVA,20,18,25,19,0.85
ANOVA,20,18,25,19,0.85
ANOVA,20,18,19,19,0.85
ANOVA,20,18,19,19,0.85
ANOVA,20,18,19,19,0.85
ANOVA,20,18,20,19,0.85
ANOVA,20,18,20,19,0.85
ANOVA,20,18,20,19,0.85
ANOVA,20,18,21,19,0.85
ANOVA,20,18,21,19,0.85
ANOVA,20,18,21,19,0.85
ANOVA,20,18,22,19,0.85
ANOVA,20,18,22,19,0.85
ANOVA,20,18,22,19,0.85
ANOVA,20,18,23,19,0.85
ANOVA,20,18,23,19,0.85
ANOVA,20,18,23,19,0.85
ANOVA,20,18,24,19,0.85
ANOVA,20,18,24,19,0.85
ANOVA,20,18,24,19,0.85
ANOVA,20,18,25,19,0.85
ANOVA,20,18,25,19,0.85
ANOVA,20,18,25,19,0.85
ANOVA,20,19,19,20,1.0
ANOVA,20,19,19,20,1.0
ANOVA,20,19,20,20,1.0
ANOVA,20,19,20,20,1.0
ANOVA,20,19,20,20,1.0
ANOVA,20,19,21,20,1.0
ANOVA,20,19,21,20,1.0
ANOVA,20,19,21,20,1.0
ANOVA,20,19,22,20,1.0
ANOVA,20,19,22,20,1.0
ANOVA,20,19,22,20,1.0
ANOVA,20,19,23,20,1.0
ANOVA,20,19,23,20,1.0
ANOVA,20,19,23,20,1.0
ANOVA,20,19,24,20,1.0
ANOVA,20,19,24,20,1.0
ANOVA,20,19,24,20,1.0
ANOVA,20,19,25,20,1.0
ANOVA,20,19,25,20,1.0
ANOVA,20,19,25,20,1.0
ANOVA,20,19,19,20,1.0
ANOVA,20,19,20,20,1.0
ANOVA,20,19,20,20,1.0
ANOVA,20,19,20,20,1.0
ANOVA,20,19,21,20,1.0
ANOVA,20,19,21,20,1.0
ANOVA,20,19,21,20,1.0
ANOVA,20,19,22,20,1.0
ANOVA,20,19,22,20,1.0
ANOVA,20,19,22,20,1.0
ANOVA,20,19,23,20,1.0
ANOVA,20,19,23,20,1.0
ANOVA,20,19,23,20,1.0
ANOVA,20,19,24,20,1.0
ANOVA,20,19,24,20,1.0
ANOVA,20,19,24,20,1.0
ANOVA,20,19,25,20,1.0
ANOVA,20,19,25,20,1.0
ANOVA,20,19,25,20,1.0
ANOVA,20,19,20,20,1.0
ANOVA,20,19,20,20,1.0
ANOVA,20,19,20,20,1.0
ANOVA,20,19,21,20,1.0
ANOVA,20,19,21,20,1.0
ANOVA,20,19,21,20,1.0
ANOVA,20,19,22,20,1.0
ANOVA,20,19,22,20,1.0
ANOVA,20,19,22,20,1.0
ANOVA,20,19,23,20,1.0
ANOVA,20,19,23,20,1.0
ANOVA,20,19,23,20,1.0
ANOVA,20,19,24,20,1.0
ANOVA,20,19,24,20,1.0
ANOVA,20,19,24,20,1.0
ANOVA,20,19,25,20,1.0
ANOVA,20,19,25,20,1.0
ANOVA,20,19,25,20,1.0
ANOVA,20,20,20,20,1.0
ANOVA,20,20,20,20,1.0
ANOVA,20,20,21,20,1.0
ANOVA,20,20,21,20,1.0
ANOVA,20,20,21,20,1.0
ANOVA,20,20,22,20,1.0
ANOVA,20,20,22,20,1.0
ANOVA,20,20,22,20,1.0
ANOVA,20,20,23,20,1.0
ANOVA,20,20,23,20,1.0
ANOVA,20,20,23,20,1.0
ANOVA,20,20,24,20,1.0
ANOVA,20,20,24,20,1.0
ANOVA,20,20,24,20,1.0
ANOVA,20,20,25,20,1.0
ANOVA,20,20,25,20,1.0
ANOVA,20,20,25,20,1.0
ANOVA,20,20,20,20,1.0
ANOVA,20,20,21,20,1.0
ANOVA,20,20,21,20,1.0
ANOVA,20,20,21,20,1.0
ANOVA,20,20,22,20,1.0
ANOVA,20,20,22,20,1.0
ANOVA,20,20,22,20,1.0
ANOVA,20,20,23,20,1.0
ANOVA,20,20,23,20,1.0
ANOVA,20,20,23,20,1.0
ANOVA,20,20,24,20,1.0
ANOVA,20,20,24,20,1.0
ANOVA,20,20,24,20,1.0
ANOVA,20,20,25,20,1.0
ANOVA,20,20,25,20,1.0
ANOVA,20,20,25,20,1.0
ANOVA,20,20,21,20,1.0
ANOVA,20,20,21,20,1.0
ANOVA,20,20,21,20,1.0
ANOVA,20,20,22,20,1.0
ANOVA,20,20,22,20,1.0
ANOVA,20,20,22,20,1.0
ANOVA,20,20,23,20,1.0
ANOVA,20,20,23,20,1.0
ANOVA,20,20,23,20,1.0
ANOVA,20,20,24,20,1.0
ANOVA,20,20,24,20,1.0
ANOVA,20,20,24,20,1.0
ANOVA,20,20,25,20,1.0
ANOVA,20,20,25,20,1.0
ANOVA,20,20,25,20,1.0
ANOVA,20,21,21,20,1.0
ANOVA,20,21,21,20,1.0
ANOVA,20,21,22,20,1.0
ANOVA,20,21,22,20,1.0
ANOVA,20,21,22,20,1.0
ANOVA,20,21,23,20,1.0
ANOVA,20,21,23,20,1.0
ANOVA,20,21,23,20,1.0
ANOVA,20,21,24,20,1.0
ANOVA,20,21,24,20,1.0
ANOVA,20,21,24,20,1.0
ANOVA,20,21,25,20,1.0
ANOVA,20,21,25,20,1.0
ANOVA,20,21,25,20,1.0
ANOVA,20,21,21,20,1.0
ANOVA,20,21,22,20,1.0
ANOVA,20,21,22,20,1.0
ANOVA,20,21,22,20,1.0
ANOVA,20,21,23,20,1.0
ANOVA,20,21,23,20,1.0
ANOVA,20,21,23,20,1.0
ANOVA,20,21,24,20,1.0
ANOVA,20,21,24,20,1.0
ANOVA,20,21,24,20,1.0
ANOVA,20,21,25,20,1.0
ANOVA,20,21,25,20,1.0
ANOVA,20,21,25,20,1.0
ANOVA,20,21,22,20,1.0
ANOVA,20,21,22,20,1.0
ANOVA,20,21,22,20,1.0
ANOVA,20,21,23,20,1.0
ANOVA,20,21,23,20,1.0
ANOVA,20,21,23,20,1.0
ANOVA,20,21,24,20,1.0
ANOVA,20,21,24,20,1.0
ANOVA,20,21,24,20,1.0
ANOVA,20,21,25,20,1.0
ANOVA,20,21,25,20,1.0
ANOVA,20,21,25,20,1.0
ANOVA,20,22,22,20,1.0
ANOVA,20,22,22,20,1.0
ANOVA,20,22,23,20,1.0
ANOVA,20,22,23,20,1.0
ANOVA,20,22,23,20,1.0
ANOVA,20,22,24,20,1.0
ANOVA,20,22,24,20,1.0
ANOVA,20,22,24,20,1.0
ANOVA,20,22,25,20,1.0
ANOVA,20,22,25,20,1.0
ANOVA,20,22,25,20,1.0
ANOVA,20,22,22,20,1.0
ANOVA,20,22,23,20,1.0
ANOVA,20,22,23,20,1.0
ANOVA,20,22,23,20,1.0
ANOVA,20,22,24,20,1.0
ANOVA,20,22,24,20,1.0
ANOVA,20,22,24,20,1.0
ANOVA,20,22,25,20,1.0
ANOVA,20,22,25,20,1.0
ANOVA,20,22,25,20,1.0
ANOVA,20,22,23,20,1.0
ANOVA,20,22,23,20,1.0
ANOVA,20,22,23,20,1.0
ANOVA,20,22,24,20,1.0
ANOVA,20,22,24,20,1.0
ANOVA,20,22,24,20,1.0
ANOVA,20,22,25,20,1.0
ANOVA,20,22,25,20,1.0
ANOVA,20,22,25,20,1.0
ANOVA,20,23,23,20,1.0
ANOVA,20,23,23,20,1.0
ANOVA,20,23,24,20,1.0
ANOVA,20,23,24,20,1.0
ANOVA,20,23,24,20,1.0
ANOVA,20,23,25,20,1.0
ANOVA,20,23,25,20,1.0
ANOVA,20,23,25,20,1.0
ANOVA,20,23,23,20,1.0
ANOVA,20,23,24,20,1.0
ANOVA,20,23,24,20,1.0
ANOVA,20,23,24,20,1.0
ANOVA,20,23,25,20,1.0
ANOVA,20,23,25,20,1.0
ANOVA,20,23,25,20,1.0
ANOVA,20,23,24,20,1.0
ANOVA,20,23,24,20,1.0
ANOVA,20,23,24,20,1.0
ANOVA,20,23,25,20,1.0
ANOVA,20,23,25,20,1.0
ANOVA,20,23,25,20,1.0
ANOVA,20,24,24,20,1.0
ANOVA,20,24,24,20,1.0
ANOVA,20,24,25,20,1.0
ANOVA,20,24,25,20,1.0
ANOVA,20,24,25,20,1.0
ANOVA,20,24,24,20,1.0
ANOVA,20,24,25,20,1.0
ANOVA,20,24,25,20,1.0
ANOVA,20,24,25,20,1.0
ANOVA,20,24,25,20,1.0
ANOVA,20,24,25,20,1.0
ANOVA,20,24,25,20,1.0
ANOVA,20,25,25,20,1.0
ANOVA,20,25,25,20,1.0
ANOVA,20,25,25,20,1.0
DODA,5,1,1,5,1.0
DODA,5,1,1,5,1.0
DODA,5,1,2,5,1.0
DODA,5,1,2,5,1.0
DODA,5,1,2,5,1.0
DODA,5,1,3,5,1.0
DODA,5,1,3,5,1.0
DODA,5,1,3,5,1.0
DODA,5,1,4,4,0.76
DODA,5,1,4,4,0.76
DODA,5,1,4,4,0.76
DODA,5,1,5,5,1.0
DODA,5,1,5,5,1.0
DODA,5,1,5,5,1.0
DODA,5,1,6,5,1.0
DODA,5,1,6,5,1.0
DODA,5,1,6,5,1.0
DODA,5,1,7,5,1.0
DODA,5,1,7,5,1.0
DODA,5,1,7,5,1.0
DODA,5,1,8,5,1.0
DODA,5,1,8,5,1.0
DODA,5,1,8,5,1.0
DODA,5,1,9,5,1.0
DODA,5,1,9,5,1.0
DODA,5,1,9,5,1.0
DODA,5,1,10,5,1.0
DODA,5,1,10,5,1.0
DODA,5,1,10,5,1.0
DODA,5,1,11,4,0.76
DODA,5,1,11,4,0.76
DODA,5,1,11,4,0.76
DODA,5,1,12,5,1.0
DODA,5,1,12,5,1.0
DODA,5,1,12,5,1.0
DODA,5,1,13,5,1.0
DODA,5,1,13,5,1.0
DODA,5,1,13,5,1.0
DODA,5,1,14,5,1.0
DODA,5,1,14,5,1.0
DODA,5,1,14,5,1.0
DODA,5,1,15,5,1.0
DODA,5,1,15,5,1.0
DODA,5,1,15,5,1.0
DODA,5,1,16,5,1.0
DODA,5,1,16,5,1.0
DODA,5,1,16,5,1.0
DODA,5,1,17,5,1.0
DODA,5,1,17,5,1.0
DODA,5,1,17,5,1.0
DODA,5,1,18,5,1.0
DODA,5,1,18,5,1.0
DODA,5,1,18,5,1.0
DODA,5,1,19,5,1.0
DODA,5,1,19,5,1.0
DODA,5,1,19,5,1.0
DODA,5,1,20,5,1.0
DODA,5,1,20,5,1.0
DODA,5,1,20,5,1.0
DODA,5,1,21,5,1.0
DODA,5,1,21,5,1.0
DODA,5,1,21,5,1.0
DODA,5,1,22,5,1.0
DODA,5,1,22,5,1.0
DODA,5,1,22,5,1.0
DODA,5,1,23,5,1.0
DODA,5,1,23,5,1.0
DODA,5,1,23,5,1.0
DODA,5,1,24,5,1.0
DODA,5,1,24,5,1.0
DODA,5,1,24,5,1.0
DODA,5,1,25,5,1.0
DODA,5,1,25,5,1.0
DODA,5,1,25,5,1.0
DODA,5,1,1,5,1.0
DODA,5,1,2,5,1.0
DODA,5,1,2,5,1.0
DODA,5,1,2,5,1.0
DODA,5,1,3,5,1.0
DODA,5,1,3,5,1.0
DODA,5,1,3,5,1.0
DODA,5,1,4,4,0.76
DODA,5,1,4,4,0.76
DODA,5,1,4,4,0.76
DODA,5,1,5,5,1.0
DODA,5,1,5,5,1.0
DODA,5,1,5,5,1.0
DODA,5,1,6,5,1.0
DODA,5,1,6,5,1.0
DODA,5,1,6,5,1.0
DODA,5,1,7,5,1.0
DODA,5,1,7,5,1.0
DODA,5,1,7,5,1.0
DODA,5,1,8,5,1.0
DODA,5,1,8,5,1.0
DODA,5,1,8,5,1.0
DODA,5,1,9,5,1.0
DODA,5,1,9,5,1.0
DODA,5,1,9,5,1.0
DODA,5,1,10,5,1.0
DODA,5,1,10,5,1.0
DODA,5,1,10,5,1.0
DODA,5,1,11,4,0.76
DODA,5,1,11,4,0.76
DODA,5,1,11,4,0.76
DODA,5,1,12,5,1.0
DODA,5,1,12,5,1.0
DODA,5,1,12,5,1.0
DODA,5,1,13,5,1.0
DODA,5,1,13,5,1.0
DODA,5,1,13,5,1.0
DODA,5,1,14,5,1.0
DODA,5,1,14,5,1.0
DODA,5,1,14,5,1.0
DODA,5,1,15,5,1.0
DODA,5,1,15,5,1.0
DODA,5,1,15,5,1.0
DODA,5,1,16,5,1.0
DODA,5,1,16,5,1.0
DODA,5,1,16,5,1.0
DODA,5,1,17,5,1.0
DODA,5,1,17,5,1.0
DODA,5,1,17,5,1.0
DODA,5,1,18,5,1.0
DODA,5,1,18,5,1.0
DODA,5,1,18,5,1.0
DODA,5,1,19,5,1.0
DODA,5,1,19,5,1.0
DODA,5,1,19,5,1.0
DODA,5,1,20,5,1.0
DODA,5,1,20,5,1.0
DODA,5,1,20,5,1.0
DODA,5,1,21,5,1.0
DODA,5,1,21,5,1.0
DODA,5,1,21,5,1.0
DODA,5,1,22,5,1.0
DODA,5,1,22,5,1.0
DODA,5,1,22,5,1.0
DODA,5,1,23,5,1.0
DODA,5,1,23,5,1.0
DODA,5,1,23,5,1.0
DODA,5,1,24,5,1.0
DODA,5,1,24,5,1.0
DODA,5,1,24,5,1.0
DODA,5,1,25,5,1.0
DODA,5,1,25,5,1.0
DODA,5,1,25,5,1.0
DODA,5,1,2,5,1.0
DODA,5,1,2,5,1.0
DODA,5,1,2,5,1.0
DODA,5,1,3,5,1.0
DODA,5,1,3,5,1.0
DODA,5,1,3,5,1.0
DODA,5,1,4,4,0.76
DODA,5,1,4,4,0.76
DODA,5,1,4,4,0.76
DODA,5,1,5,5,1.0
DODA,5,1,5,5,1.0
DODA,5,1,5,5,1.0
DODA,5,1,6,5,1.0
DODA,5,1,6,5,1.0
DODA,5,1,6,5,1.0
DODA,5,1,7,5,1.0
DODA,5,1,7,5,1.0
DODA,5,1,7,5,1.0
DODA,5,1,8,5,1.0
DODA,5,1,8,5,1.0
DODA,5,1,8,5,1.0
DODA,5,1,9,5,1.0
DODA,5,1,9,5,1.0
DODA,5,1,9,5,1.0
DODA,5,1,10,5,1.0
DODA,5,1,10,5,1.0
DODA,5,1,10,5,1.0
DODA,5,1,11,4,0.76
DODA,5,1,11,4,0.76
DODA,5,1,11,4,0.76
DODA,5,1,12,5,1.0
DODA,5,1,12,5,1.0
DODA,5,1,12,5,1.0
DODA,5,1,13,5,1.0
DODA,5,1,13,5,1.0
DODA,5,1,13,5,1.0
DODA,5,1,14,5,1.0
DODA,5,1,14,5,1.0
DODA,5,1,14,5,1.0
DODA,5,1,15,5,1.0
DODA,5,1,15,5,1.0
DODA,5,1,15,5,1.0
DODA,5,1,16,5,1.0
DODA,5,1,16,5,1.0
DODA,5,1,16,5,1.0
DODA,5,1,17,5,1.0
DODA,5,1,17,5,1.0
DODA,5,1,17,5,1.0
DODA,5,1,18,5,1.0
DODA,5,1,18,5,1.0
DODA,5,1,18,5,1.0
DODA,5,1,19,5,1.0
DODA,5,1,19,5,1.0
DODA,5,1,19,5,1.0
DODA,5,1,20,5,1.0
DODA,5,1,20,5,1.0
DODA,5,1,20,5,1.0
DODA,5,1,21,5,1.0
DODA,5,1,21,5,1.0
DODA,5,1,21,5,1.0
DODA,5,1,22,5,1.0
DODA,5,1,22,5,1.0
DODA,5,1,22,5,1.0
DODA,5,1,23,5,1.0
DODA,5,1,23,5,1.0
DODA,5,1,23,5,1.0
DODA,5,1,24,5,1.0
DODA,5,1,24,5,1.0
DODA,5,1,24,5,1.0
DODA,5,1,25,5,1.0
DODA,5,1,25,5,1.0
DODA,5,1,25,5,1.0
DODA,5,2,2,5,1.0
DODA,5,2,2,5,1.0
DODA,5,2,3,5,1.0
DODA,5,2,3,5,1.0
DODA,5,2,3,5,1.0
DODA,5,2,4,4,0.76
DODA,5,2,4,4,0.76
DODA,5,2,4,4,0.76
DODA,5,2,5,5,1.0
DODA,5,2,5,5,1.0
DODA,5,2,5,5,1.0
DODA,5,2,6,5,1.0
DODA,5,2,6,5,1.0
DODA,5,2,6,5,1.0
DODA,5,2,7,5,1.0
DODA,5,2,7,5,1.0
DODA,5,2,7,5,1.0
DODA,5,2,8,5,1.0
DODA,5,2,8,5,1.0
DODA,5,2,8,5,1.0
DODA,5,2,9,5,1.0
DODA,5,2,9,5,1.0
DODA,5,2,9,5,1.0
DODA,5,2,10,5,1.0
DODA,5,2,10,5,1.0
DODA,5,2,10,5,1.0
DODA,5,2,11,4,0.76
DODA,5,2,11,4,0.76
DODA,5,2,11,4,0.76
DODA,5,2,12,5,1.0
DODA,5,2,12,5,1.0
DODA,5,2,12,5,1.0
DODA,5,2,13,5,1.0
DODA,5,2,13,5,1.0
DODA,5,2,13,5,1.0
DODA,5,2,14,5,1.0
DODA,5,2,14,5,1.0
DODA,5,2,14,5,1.0
DODA,5,2,15,5,1.0
DODA,5,2,15,5,1.0
DODA,5,2,15,5,1.0
DODA,5,2,16,5,1.0
DODA,5,2,16,5,1.0
DODA,5,2,16,5,1.0
DODA,5,2,17,5,1.0
DODA,5,2,17,5,1.0
DODA,5,2,17,5,1.0
DODA,5,2,18,5,1.0
DODA,5,2,18,5,1.0
DODA,5,2,18,5,1.0
DODA,5,2,19,5,1.0
DODA,5,2,19,5,1.0
DODA,5,2,19,5,1.0
DODA,5,2,20,5,1.0
DODA,5,2,20,5,1.0
DODA,5,2,20,5,1.0
DODA,5,2,21,5,1.0
DODA,5,2,21,5,1.0
DODA,5,2,21,5,1.0
DODA,5,2,22,5,1.0
DODA,5,2,22,5,1.0
DODA,5,2,22,5,1.0
DODA,5,2,23,5,1.0
DODA,5,2,23,5,1.0
DODA,5,2,23,5,1.0
DODA,5,2,24,5,1.0
DODA,5,2,24,5,1.0
DODA,5,2,24,5,1.0
DODA,5,2,25,5,1.0
DODA,5,2,25,5,1.0
DODA,5,2,25,5,1.0
DODA,5,2,2,5,1.0
DODA,5,2,3,5,1.0
DODA,5,2,3,5,1.0
DODA,5,2,3,5,1.0
DODA,5,2,4,4,0.76
DODA,5,2,4,4,0.76
DODA,5,2,4,4,0.76
DODA,5,2,5,5,1.0
DODA,5,2,5,5,1.0
DODA,5,2,5,5,1.0
DODA,5,2,6,5,1.0
DODA,5,2,6,5,1.0
DODA,5,2,6,5,1.0
DODA,5,2,7,5,1.0
DODA,5,2,7,5,1.0
DODA,5,2,7,5,1.0
DODA,5,2,8,5,1.0
DODA,5,2,8,5,1.0
DODA,5,2,8,5,1.0
DODA,5,2,9,5,1.0
DODA,5,2,9,5,1.0
DODA,5,2,9,5,1.0
DODA,5,2,10,5,1.0
DODA,5,2,10,5,1.0
DODA,5,2,10,5,1.0
DODA,5,2,11,4,0.76
DODA,5,2,11,4,0.76
DODA,5,2,11,4,0.76
DODA,5,2,12,5,1.0
DODA,5,2,12,5,1.0
DODA,5,2,12,5,1.0
DODA,5,2,13,5,1.0
DODA,5,2,13,5,1.0
DODA,5,2,13,5,1.0
DODA,5,2,14,5,1.0
DODA,5,2,14,5,1.0
DODA,5,2,14,5,1.0
DODA,5,2,15,5,1.0
DODA,5,2,15,5,1.0
DODA,5,2,15,5,1.0
DODA,5,2,16,5,1.0
DODA,5,2,16,5,1.0
DODA,5,2,16,5,1.0
DODA,5,2,17,5,1.0
DODA,5,2,17,5,1.0
DODA,5,2,17,5,1.0
DODA,5,2,18,5,1.0
DODA,5,2,18,5,1.0
DODA,5,2,18,5,1.0
DODA,5,2,19,5,1.0
DODA,5,2,19,5,1.0
DODA,5,2,19,5,1.0
DODA,5,2,20,5,1.0
DODA,5,2,20,5,1.0
DODA,5,2,20,5,1.0
DODA,5,2,21,5,1.0
DODA,5,2,21,5,1.0
DODA,5,2,21,5,1.0
DODA,5,2,22,5,1.0
DODA,5,2,22,5,1.0
DODA,5,2,22,5,1.0
DODA,5,2,23,5,1.0
DODA,5,2,23,5,1.0
DODA,5,2,23,5,1.0
DODA,5,2,24,5,1.0
DODA,5,2,24,5,1.0
DODA,5,2,24,5,1.0
DODA,5,2,25,5,1.0
DODA,5,2,25,5,1.0
DODA,5,2,25,5,1.0
DODA,5,2,3,5,1.0
DODA,5,2,3,5,1.0
DODA,5,2,3,5,1.0
DODA,5,2,4,4,0.76
DODA,5,2,4,4,0.76
DODA,5,2,4,4,0.76
DODA,5,2,5,5,1.0
DODA,5,2,5,5,1.0
DODA,5,2,5,5,1.0
DODA,5,2,6,5,1.0
DODA,5,2,6,5,1.0
DODA,5,2,6,5,1.0
DODA,5,2,7,5,1.0
DODA,5,2,7,5,1.0
DODA,5,2,7,5,1.0
DODA,5,2,8,5,1.0
DODA,5,2,8,5,1.0
DODA,5,2,8,5,1.0
DODA,5,2,9,5,1.0
DODA,5,2,9,5,1.0
DODA,5,2,9,5,1.0
DODA,5,2,10,5,1.0
DODA,5,2,10,5,1.0
DODA,5,2,10,5,1.0
DODA,5,2,11,4,0.76
DODA,5,2,11,4,0.76
DODA,5,2,11,4,0.76
DODA,5,2,12,5,1.0
DODA,5,2,12,5,1.0
DODA,5,2,12,5,1.0
DODA,5,2,13,5,1.0
DODA,5,2,13,5,1.0
DODA,5,2,13,5,1.0
DODA,5,2,14,5,1.0
DODA,5,2,14,5,1.0
DODA,5,2,14,5,1.0
DODA,5,2,15,5,1.0
DODA,5,2,15,5,1.0
DODA,5,2,15,5,1.0
DODA,5,2,16,5,1.0
DODA,5,2,16,5,1.0
DODA,5,2,16,5,1.0
DODA,5,2,17,5,1.0
DODA,5,2,17,5,1.0
DODA,5,2,17,5,1.0
DODA,5,2,18,5,1.0
DODA,5,2,18,5,1.0
DODA,5,2,18,5,1.0
DODA,5,2,19,5,1.0
DODA,5,2,19,5,1.0
DODA,5,2,19,5,1.0
DODA,5,2,20,5,1.0
DODA,5,2,20,5,1.0
DODA,5,2,20,5,1.0
DODA,5,2,21,5,1.0
DODA,5,2,21,5,1.0
DODA,5,2,21,5,1.0
DODA,5,2,22,5,1.0
DODA,5,2,22,5,1.0
DODA,5,2,22,5,1.0
DODA,5,2,23,5,1.0
DODA,5,2,23,5,1.0
DODA,5,2,23,5,1.0
DODA,5,2,24,5,1.0
DODA,5,2,24,5,1.0
DODA,5,2,24,5,1.0
DODA,5,2,25,5,1.0
DODA,5,2,25,5,1.0
DODA,5,2,25,5,1.0
DODA,5,3,3,5,1.0
DODA,5,3,3,5,1.0
DODA,5,3,4,4,0.76
DODA,5,3,4,4,0.76
DODA,5,3,4,4,0.76
DODA,5,3,5,5,1.0
DODA,5,3,5,5,1.0
DODA,5,3,5,5,1.0
DODA,5,3,6,5,1.0
DODA,5,3,6,5,1.0
DODA,5,3,6,5,1.0
DODA,5,3,7,5,1.0
DODA,5,3,7,5,1.0
DODA,5,3,7,5,1.0
DODA,5,3,8,5,1.0
DODA,5,3,8,5,1.0
DODA,5,3,8,5,1.0
DODA,5,3,9,5,1.0
DODA,5,3,9,5,1.0
DODA,5,3,9,5,1.0
DODA,5,3,10,5,1.0
DODA,5,3,10,5,1.0
DODA,5,3,10,5,1.0
DODA,5,3,11,4,0.76
DODA,5,3,11,4,0.76
DODA,5,3,11,4,0.76
DODA,5,3,12,5,1.0
DODA,5,3,12,5,1.0
DODA,5,3,12,5,1.0
DODA,5,3,13,5,1.0
DODA,5,3,13,5,1.0
DODA,5,3,13,5,1.0
DODA,5,3,14,5,1.0
DODA,5,3,14,5,1.0
DODA,5,3,14,5,1.0
DODA,5,3,15,5,1.0
DODA,5,3,15,5,1.0
DODA,5,3,15,5,1.0
DODA,5,3,16,5,1.0
DODA,5,3,16,5,1.0
DODA,5,3,16,5,1.0
DODA,5,3,17,5,1.0
DODA,5,3,17,5,1.0
DODA,5,3,17,5,1.0
DODA,5,3,18,5,1.0
DODA,5,3,18,5,1.0
DODA,5,3,18,5,1.0
DODA,5,3,19,5,1.0
DODA,5,3,19,5,1.0
DODA,5,3,19,5,1.0
DODA,5,3,20,5,1.0
DODA,5,3,20,5,1.0
DODA,5,3,20,5,1.0
DODA,5,3,21,5,1.0
DODA,5,3,21,5,1.0
DODA,5,3,21,5,1.0
DODA,5,3,22,5,1.0
DODA,5,3,22,5,1.0
DODA,5,3,22,5,1.0
DODA,5,3,23,5,1.0
DODA,5,3,23,5,1.0
DODA,5,3,23,5,1.0
DODA,5,3,24,5,1.0
DODA,5,3,24,5,1.0
DODA,5,3,24,5,1.0
DODA,5,3,25,5,1.0
DODA,5,3,25,5,1.0
DODA,5,3,25,5,1.0
DODA,5,3,3,5,1.0
DODA,5,3,4,4,0.76
DODA,5,3,4,4,0.76
DODA,5,3,4,4,0.76
DODA,5,3,5,5,1.0
DODA,5,3,5,5,1.0
DODA,5,3,5,5,1.0
DODA,5,3,6,5,1.0
DODA,5,3,6,5,1.0
DODA,5,3,6,5,1.0
DODA,5,3,7,5,1.0
DODA,5,3,7,5,1.0
DODA,5,3,7,5,1.0
DODA,5,3,8,5,1.0
DODA,5,3,8,5,1.0
DODA,5,3,8,5,1.0
DODA,5,3,9,5,1.0
DODA,5,3,9,5,1.0
DODA,5,3,9,5,1.0
DODA,5,3,10,5,1.0
DODA,5,3,10,5,1.0
DODA,5,3,10,5,1.0
DODA,5,3,11,4,0.76
DODA,5,3,11,4,0.76
DODA,5,3,11,4,0.76
DODA,5,3,12,5,1.0
DODA,5,3,12,5,1.0
DODA,5,3,12,5,1.0
DODA,5,3,13,5,1.0
DODA,5,3,13,5,1.0
DODA,5,3,13,5,1.0
DODA,5,3,14,5,1.0
DODA,5,3,14,5,1.0
DODA,5,3,14,5,1.0
DODA,5,3,15,5,1.0
DODA,5,3,15,5,1.0
DODA,5,3,15,5,1.0
DODA,5,3,16,5,1.0
DODA,5,3,16,5,1.0
DODA,5,3,16,5,1.0
DODA,5,3,17,5,1.0
DODA,5,3,17,5,1.0
DODA,5,3,17,5,1.0
DODA,5,3,18,5,1.0
DODA,5,3,18,5,1.0
DODA,5,3,18,5,1.0
DODA,5,3,19,5,1.0
DODA,5,3,19,5,1.0
DODA,5,3,19,5,1.0
DODA,5,3,20,5,1.0
DODA,5,3,20,5,1.0
DODA,5,3,20,5,1.0
DODA,5,3,21,5,1.0
DODA,5,3,21,5,1.0
DODA,5,3,21,5,1.0
DODA,5,3,22,5,1.0
DODA,5,3,22,5,1.0
DODA,5,3,22,5,1.0
DODA,5,3,23,5,1.0
DODA,5,3,23,5,1.0
DODA,5,3,23,5,1.0
DODA,5,3,24,5,1.0
DODA,5,3,24,5,1.0
DODA,5,3,24,5,1.0
DODA,5,3,25,5,1.0
DODA,5,3,25,5,1.0
DODA,5,3,25,5,1.0
DODA,5,3,4,4,0.76
DODA,5,3,4,4,0.76
DODA,5,3,4,4,0.76
DODA,5,3,5,5,1.0
DODA,5,3,5,5,1.0
DODA,5,3,5,5,1.0
DODA,5,3,6,5,1.0
DODA,5,3,6,5,1.0
DODA,5,3,6,5,1.0
DODA,5,3,7,5,1.0
DODA,5,3,7,5,1.0
DODA,5,3,7,5,1.0
DODA,5,3,8,5,1.0
DODA,5,3,8,5,1.0
DODA,5,3,8,5,1.0
DODA,5,3,9,5,1.0
DODA,5,3,9,5,1.0
DODA,5,3,9,5,1.0
DODA,5,3,10,5,1.0
DODA,5,3,10,5,1.0
DODA,5,3,10,5,1.0
DODA,5,3,11,4,0.76
DODA,5,3,11,4,0.76
DODA,5,3,11,4,0.76
DODA,5,3,12,5,1.0
DODA,5,3,12,5,1.0
DODA,5,3,12,5,1.0
DODA,5,3,13,5,1.0
DODA,5,3,13,5,1.0
DODA,5,3,13,5,1.0
DODA,5,3,14,5,1.0
DODA,5,3,14,5,1.0
DODA,5,3,14,5,1.0
DODA,5,3,15,5,1.0
DODA,5,3,15,5,1.0
DODA,5,3,15,5,1.0
DODA,5,3,16,5,1.0
DODA,5,3,16,5,1.0
DODA,5,3,16,5,1.0
DODA,5,3,17,5,1.0
DODA,5,3,17,5,1.0
DODA,5,3,17,5,1.0
DODA,5,3,18,5,1.0
DODA,5,3,18,5,1.0
DODA,5,3,18,5,1.0
DODA,5,3,19,5,1.0
DODA,5,3,19,5,1.0
DODA,5,3,19,5,1.0
DODA,5,3,20,5,1.0
DODA,5,3,20,5,1.0
DODA,5,3,20,5,1.0
DODA,5,3,21,5,1.0
DODA,5,3,21,5,1.0
DODA,5,3,21,5,1.0
DODA,5,3,22,5,1.0
DODA,5,3,22,5,1.0
DODA,5,3,22,5,1.0
DODA,5,3,23,5,1.0
DODA,5,3,23,5,1.0
DODA,5,3,23,5,1.0
DODA,5,3,24,5,1.0
DODA,5,3,24,5,1.0
DODA,5,3,24,5,1.0
DODA,5,3,25,5,1.0
DODA,5,3,25,5,1.0
DODA,5,3,25,5,1.0
DODA,5,4,4,5,1.0
DODA,5,4,4,5,1.0
DODA,5,4,5,4,0.76
DODA,5,4,5,4,0.76
DODA,5,4,5,4,0.76
DODA,5,4,6,4,0.76
DODA,5,4,6,4,0.76
DODA,5,4,6,4,0.76
DODA,5,4,7,4,0.76
DODA,5,4,7,4,0.76
DODA,5,4,7,4,0.76
DODA,5,4,8,4,0.76
DODA,5,4,8,4,0.76
DODA,5,4,8,4,0.76
DODA,5,4,9,4,0.76
DODA,5,4,9,4,0.76
DODA,5,4,9,4,0.76
DODA,5,4,10,4,0.76
DODA,5,4,10,4,0.76
DODA,5,4,10,4,0.76
DODA,5,4,11,5,1.0
DODA,5,4,11,5,1.0
DODA,5,4,11,5,1.0
DODA,5,4,12,4,0.76
DODA,5,4,12,4,0.76
DODA,5,4,12,4,0.76
DODA,5,4,13,4,0.76
DODA,5,4,13,4,0.76
DODA,5,4,13,4,0.76
DODA,5,4,14,4,0.76
DODA,5,4,14,4,0.76
DODA,5,4,14,4,0.76
DODA,5,4,15,4,0.76
DODA,5,4,15,4,0.76
DODA,5,4,15,4,0.76
DODA,5,4,16,4,0.76
DODA,5,4,16,4,0.76
DODA,5,4,16,4,0.76
DODA,5,4,17,4,0.76
DODA,5,4,17,4,0.76
DODA,5,4,17,4,0.76
DODA,5,4,18,4,0.76
DODA,5,4,18,4,0.76
DODA,5,4,18,4,0.76
DODA,5,4,19,4,0.76
DODA,5,4,19,4,0.76
DODA,5,4,19,4,0.76
DODA,5,4,20,4,0.76
DODA,5,4,20,4,0.76
DODA,5,4,20,4,0.76
DODA,5,4,21,4,0.76
DODA,5,4,21,4,0.76
DODA,5,4,21,4,0.76
DODA,5,4,22,4,0.76
DODA,5,4,22,4,0.76
DODA,5,4,22,4,0.76
DODA,5,4,23,4,0.76
DODA,5,4,23,4,0.76
DODA,5,4,23,4,0.76
DODA,5,4,24,4,0.76
DODA,5,4,24,4,0.76
DODA,5,4,24,4,0.76
DODA,5,4,25,4,0.76
DODA,5,4,25,4,0.76
DODA,5,4,25,4,0.76
DODA,5,4,4,5,1.0
DODA,5,4,5,4,0.76
DODA,5,4,5,4,0.76
DODA,5,4,5,4,0.76
DODA,5,4,6,4,0.76
DODA,5,4,6,4,0.76
DODA,5,4,6,4,0.76
DODA,5,4,7,4,0.76
DODA,5,4,7,4,0.76
DODA,5,4,7,4,0.76
DODA,5,4,8,4,0.76
DODA,5,4,8,4,0.76
DODA,5,4,8,4,0.76
DODA,5,4,9,4,0.76
DODA,5,4,9,4,0.76
DODA,5,4,9,4,0.76
DODA,5,4,10,4,0.76
DODA,5,4,10,4,0.76
DODA,5,4,10,4,0.76
DODA,5,4,11,5,1.0
DODA,5,4,11,5,1.0
DODA,5,4,11,5,1.0
DODA,5,4,12,4,0.76
DODA,5,4,12,4,0.76
DODA,5,4,12,4,0.76
DODA,5,4,13,4,0.76
DODA,5,4,13,4,0.76
DODA,5,4,13,4,0.76
DODA,5,4,14,4,0.76
DODA,5,4,14,4,0.76
DODA,5,4,14,4,0.76
DODA,5,4,15,4,0.76
DODA,5,4,15,4,0.76
DODA,5,4,15,4,0.76
DODA,5,4,16,4,0.76
DODA,5,4,16,4,0.76
DODA,5,4,16,4,0.76
DODA,5,4,17,4,0.76
DODA,5,4,17,4,0.76
DODA,5,4,17,4,0.76
DODA,5,4,18,4,0.76
DODA,5,4,18,4,0.76
DODA,5,4,18,4,0.76
DODA,5,4,19,4,0.76
DODA,5,4,19,4,0.76
DODA,5,4,19,4,0.76
DODA,5,4,20,4,0.76
DODA,5,4,20,4,0.76
DODA,5,4,20,4,0.76
DODA,5,4,21,4,0.76
DODA,5,4,21,4,0.76
DODA,5,4,21,4,0.76
DODA,5,4,22,4,0.76
DODA,5,4,22,4,0.76
DODA,5,4,22,4,0.76
DODA,5,4,23,4,0.76
DODA,5,4,23,4,0.76
DODA,5,4,23,4,0.76
DODA,5,4,24,4,0.76
DODA,5,4,24,4,0.76
DODA,5,4,24,4,0.76
DODA,5,4,25,4,0.76
DODA,5,4,25,4,0.76
DODA,5,4,25,4,0.76
DODA,5,4,5,4,0.76
DODA,5,4,5,4,0.76
DODA,5,4,5,4,0.76
DODA,5,4,6,4,0.76
DODA,5,4,6,4,0.76
DODA,5,4,6,4,0.76
DODA,5,4,7,4,0.76
DODA,5,4,7,4,0.76
DODA,5,4,7,4,0.76
DODA,5,4,8,4,0.76
DODA,5,4,8,4,0.76
DODA,5,4,8,4,0.76
DODA,5,4,9,4,0.76
DODA,5,4,9,4,0.76
DODA,5,4,9,4,0.76
DODA,5,4,10,4,0.76
DODA,5,4,10,4,0.76
DODA,5,4,10,4,0.76
DODA,5,4,11,5,1.0
DODA,5,4,11,5,1.0
DODA,5,4,11,5,1.0
DODA,5,4,12,4,0.76
DODA,5,4,12,4,0.76
DODA,5,4,12,4,0.76
DODA,5,4,13,4,0.76
DODA,5,4,13,4,0.76
DODA,5,4,13,4,0.76
DODA,5,4,14,4,0.76
DODA,5,4,14,4,0.76
DODA,5,4,14,4,0.76
DODA,5,4,15,4,0.76
DODA,5,4,15,4,0.76
DODA,5,4,15,4,0.76
DODA,5,4,16,4,0.76
DODA,5,4,16,4,0.76
DODA,5,4,16,4,0.76
DODA,5,4,17,4,0.76
DODA,5,4,17,4,0.76
DODA,5,4,17,4,0.76
DODA,5,4,18,4,0.76
DODA,5,4,18,4,0.76
DODA,5,4,18,4,0.76
DODA,5,4,19,4,0.76
DODA,5,4,19,4,0.76
DODA,5,4,19,4,0.76
DODA,5,4,20,4,0.76
DODA,5,4,20,4,0.76
DODA,5,4,20,4,0.76
DODA,5,4,21,4,0.76
DODA,5,4,21,4,0.76
DODA,5,4,21,4,0.76
DODA,5,4,22,4,0.76
DODA,5,4,22,4,0.76
DODA,5,4,22,4,0.76
DODA,5,4,23,4,0.76
DODA,5,4,23,4,0.76
DODA,5,4,23,4,0.76
DODA,5,4,24,4,0.76
DODA,5,4,24,4,0.76
DODA,5,4,24,4,0.76
DODA,5,4,25,4,0.76
DODA,5,4,25,4,0.76
DODA,5,4,25,4,0.76
DODA,5,5,5,5,1.0
DODA,5,5,5,5,1.0
DODA,5,5,6,5,1.0
DODA,5,5,6,5,1.0
DODA,5,5,6,5,1.0
DODA,5,5,7,5,1.0
DODA,5,5,7,5,1.0
DODA,5,5,7,5,1.0
DODA,5,5,8,5,1.0
DODA,5,5,8,5,1.0
DODA,5,5,8,5,1.0
DODA,5,5,9,5,1.0
DODA,5,5,9,5,1.0
DODA,5,5,9,5,1.0
DODA,5,5,10,5,1.0
DODA,5,5,10,5,1.0
DODA,5,5,10,5,1.0
DODA,5,5,11,4,0.76
DODA,5,5,11,4,0.76
DODA,5,5,11,4,0.76
DODA,5,5,12,5,1.0
DODA,5,5,12,5,1.0
DODA,5,5,12,5,1.0
DODA,5,5,13,5,1.0
DODA,5,5,13,5,1.0
DODA,5,5,13,5,1.0
DODA,5,5,14,5,1.0
DODA,5,5,14,5,1.0
DODA,5,5,14,5,1.0
DODA,5,5,15,5,1.0
DODA,5,5,15,5,1.0
DODA,5,5,15,5,1.0
DODA,5,5,16,5,1.0
DODA,5,5,16,5,1.0
DODA,5,5,16,5,1.0
DODA,5,5,17,5,1.0
DODA,5,5,17,5,1.0
DODA,5,5,17,5,1.0
DODA,5,5,18,5,1.0
DODA,5,5,18,5,1.0
DODA,5,5,18,5,1.0
DODA,5,5,19,5,1.0
DODA,5,5,19,5,1.0
DODA,5,5,19,5,1.0
DODA,5,5,20,5,1.0
DODA,5,5,20,5,1.0
DODA,5,5,20,5,1.0
DODA,5,5,21,5,1.0
DODA,5,5,21,5,1.0
DODA,5,5,21,5,1.0
DODA,5,5,22,5,1.0
DODA,5,5,22,5,1.0
DODA,5,5,22,5,1.0
DODA,5,5,23,5,1.0
DODA,5,5,23,5,1.0
DODA,5,5,23,5,1.0
DODA,5,5,24,5,1.0
DODA,5,5,24,5,1.0
DODA,5,5,24,5,1.0
DODA,5,5,25,5,1.0
DODA,5,5,25,5,1.0
DODA,5,5,25,5,1.0
DODA,5,5,5,5,1.0
DODA,5,5,6,5,1.0
DODA,5,5,6,5,1.0
DODA,5,5,6,5,1.0
DODA,5,5,7,5,1.0
DODA,5,5,7,5,1.0
DODA,5,5,7,5,1.0
DODA,5,5,8,5,1.0
DODA,5,5,8,5,1.0
DODA,5,5,8,5,1.0
DODA,5,5,9,5,1.0
DODA,5,5,9,5,1.0
DODA,5,5,9,5,1.0
DODA,5,5,10,5,1.0
DODA,5,5,10,5,1.0
DODA,5,5,10,5,1.0
DODA,5,5,11,4,0.76
DODA,5,5,11,4,0.76
DODA,5,5,11,4,0.76
DODA,5,5,12,5,1.0
DODA,5,5,12,5,1.0
DODA,5,5,12,5,1.0
DODA,5,5,13,5,1.0
DODA,5,5,13,5,1.0
DODA,5,5,13,5,1.0
DODA,5,5,14,5,1.0
DODA,5,5,14,5,1.0
DODA,5,5,14,5,1.0
DODA,5,5,15,5,1.0
DODA,5,5,15,5,1.0
DODA,5,5,15,5,1.0
DODA,5,5,16,5,1.0
DODA,5,5,16,5,1.0
DODA,5,5,16,5,1.0
DODA,5,5,17,5,1.0
DODA,5,5,17,5,1.0
DODA,5,5,17,5,1.0
DODA,5,5,18,5,1.0
DODA,5,5,18,5,1.0
DODA,5,5,18,5,1.0
DODA,5,5,19,5,1.0
DODA,5,5,19,5,1.0
DODA,5,5,19,5,1.0
DODA,5,5,20,5,1.0
DODA,5,5,20,5,1.0
DODA,5,5,20,5,1.0
DODA,5,5,21,5,1.0
DODA,5,5,21,5,1.0
DODA,5,5,21,5,1.0
DODA,5,5,22,5,1.0
DODA,5,5,22,5,1.0
DODA,5,5,22,5,1.0
DODA,5,5,23,5,1.0
DODA,5,5,23,5,1.0
DODA,5,5,23,5,1.0
DODA,5,5,24,5,1.0
DODA,5,5,24,5,1.0
DODA,5,5,24,5,1.0
DODA,5,5,25,5,1.0
DODA,5,5,25,5,1.0
DODA,5,5,25,5,1.0
DODA,5,5,6,5,1.0
DODA,5,5,6,5,1.0
DODA,5,5,6,5,1.0
DODA,5,5,7,5,1.0
DODA,5,5,7,5,1.0
DODA,5,5,7,5,1.0
DODA,5,5,8,5,1.0
DODA,5,5,8,5,1.0
DODA,5,5,8,5,1.0
DODA,5,5,9,5,1.0
DODA,5,5,9,5,1.0
DODA,5,5,9,5,1.0
DODA,5,5,10,5,1.0
DODA,5,5,10,5,1.0
DODA,5,5,10,5,1.0
DODA,5,5,11,4,0.76
DODA,5,5,11,4,0.76
DODA,5,5,11,4,0.76
DODA,5,5,12,5,1.0
DODA,5,5,12,5,1.0
DODA,5,5,12,5,1.0
DODA,5,5,13,5,1.0
DODA,5,5,13,5,1.0
DODA,5,5,13,5,1.0
DODA,5,5,14,5,1.0
DODA,5,5,14,5,1.0
DODA,5,5,14,5,1.0
DODA,5,5,15,5,1.0
DODA,5,5,15,5,1.0
DODA,5,5,15,5,1.0
DODA,5,5,16,5,1.0
DODA,5,5,16,5,1.0
DODA,5,5,16,5,1.0
DODA,5,5,17,5,1.0
DODA,5,5,17,5,1.0
DODA,5,5,17,5,1.0
DODA,5,5,18,5,1.0
DODA,5,5,18,5,1.0
DODA,5,5,18,5,1.0
DODA,5,5,19,5,1.0
DODA,5,5,19,5,1.0
DODA,5,5,19,5,1.0
DODA,5,5,20,5,1.0
DODA,5,5,20,5,1.0
DODA,5,5,20,5,1.0
DODA,5,5,21,5,1.0
DODA,5,5,21,5,1.0
DODA,5,5,21,5,1.0
DODA,5,5,22,5,1.0
DODA,5,5,22,5,1.0
DODA,5,5,22,5,1.0
DODA,5,5,23,5,1.0
DODA,5,5,23,5,1.0
DODA,5,5,23,5,1.0
DODA,5,5,24,5,1.0
DODA,5,5,24,5,1.0
DODA,5,5,24,5,1.0
DODA,5,5,25,5,1.0
DODA,5,5,25,5,1.0
DODA,5,5,25,5,1.0
DODA,5,6,6,5,1.0
DODA,5,6,6,5,1.0
DODA,5,6,7,5,1.0
DODA,5,6,7,5,1.0
DODA,5,6,7,5,1.0
DODA,5,6,8,5,1.0
DODA,5,6,8,5,1.0
DODA,5,6,8,5,1.0
DODA,5,6,9,5,1.0
DODA,5,6,9,5,1.0
DODA,5,6,9,5,1.0
DODA,5,6,10,5,1.0
DODA,5,6,10,5,1.0
DODA,5,6,10,5,1.0
DODA,5,6,11,4,0.76
DODA,5,6,11,4,0.76
DODA,5,6,11,4,0.76
DODA,5,6,12,5,1.0
DODA,5,6,12,5,1.0
DODA,5,6,12,5,1.0
DODA,5,6,13,5,1.0
DODA,5,6,13,5,1.0
DODA,5,6,13,5,1.0
DODA,5,6,14,5,1.0
DODA,5,6,14,5,1.0
DODA,5,6,14,5,1.0
DODA,5,6,15,5,1.0
DODA,5,6,15,5,1.0
DODA,5,6,15,5,1.0
DODA,5,6,16,5,1.0
DODA,5,6,16,5,1.0
DODA,5,6,16,5,1.0
DODA,5,6,17,5,1.0
DODA,5,6,17,5,1.0
DODA,5,6,17,5,1.0
DODA,5,6,18,5,1.0
DODA,5,6,18,5,1.0
DODA,5,6,18,5,1.0
DODA,5,6,19,5,1.0
DODA,5,6,19,5,1.0
DODA,5,6,19,5,1.0
DODA,5,6,20,5,1.0
DODA,5,6,20,5,1.0
DODA,5,6,20,5,1.0
DODA,5,6,21,5,1.0
DODA,5,6,21,5,1.0
DODA,5,6,21,5,1.0
DODA,5,6,22,5,1.0
DODA,5,6,22,5,1.0
DODA,5,6,22,5,1.0
DODA,5,6,23,5,1.0
DODA,5,6,23,5,1.0
DODA,5,6,23,5,1.0
DODA,5,6,24,5,1.0
DODA,5,6,24,5,1.0
DODA,5,6,24,5,1.0
DODA,5,6,25,5,1.0
DODA,5,6,25,5,1.0
DODA,5,6,25,5,1.0
DODA,5,6,6,5,1.0
DODA,5,6,7,5,1.0
DODA,5,6,7,5,1.0
DODA,5,6,7,5,1.0
DODA,5,6,8,5,1.0
DODA,5,6,8,5,1.0
DODA,5,6,8,5,1.0
DODA,5,6,9,5,1.0
DODA,5,6,9,5,1.0
DODA,5,6,9,5,1.0
DODA,5,6,10,5,1.0
DODA,5,6,10,5,1.0
DODA,5,6,10,5,1.0
DODA,5,6,11,4,0.76
DODA,5,6,11,4,0.76
DODA,5,6,11,4,0.76
DODA,5,6,12,5,1.0
DODA,5,6,12,5,1.0
DODA,5,6,12,5,1.0
DODA,5,6,13,5,1.0
DODA,5,6,13,5,1.0
DODA,5,6,13,5,1.0
DODA,5,6,14,5,1.0
DODA,5,6,14,5,1.0
DODA,5,6,14,5,1.0
DODA,5,6,15,5,1.0
DODA,5,6,15,5,1.0
DODA,5,6,15,5,1.0
DODA,5,6,16,5,1.0
DODA,5,6,16,5,1.0
DODA,5,6,16,5,1.0
DODA,5,6,17,5,1.0
DODA,5,6,17,5,1.0
DODA,5,6,17,5,1.0
DODA,5,6,18,5,1.0
DODA,5,6,18,5,1.0
DODA,5,6,18,5,1.0
DODA,5,6,19,5,1.0
DODA,5,6,19,5,1.0
DODA,5,6,19,5,1.0
DODA,5,6,20,5,1.0
DODA,5,6,20,5,1.0
DODA,5,6,20,5,1.0
DODA,5,6,21,5,1.0
DODA,5,6,21,5,1.0
DODA,5,6,21,5,1.0
DODA,5,6,22,5,1.0
DODA,5,6,22,5,1.0
DODA,5,6,22,5,1.0
DODA,5,6,23,5,1.0
DODA,5,6,23,5,1.0
DODA,5,6,23,5,1.0
DODA,5,6,24,5,1.0
DODA,5,6,24,5,1.0
DODA,5,6,24,5,1.0
DODA,5,6,25,5,1.0
DODA,5,6,25,5,1.0
DODA,5,6,25,5,1.0
DODA,5,6,7,5,1.0
DODA,5,6,7,5,1.0
DODA,5,6,7,5,1.0
DODA,5,6,8,5,1.0
DODA,5,6,8,5,1.0
DODA,5,6,8,5,1.0
DODA,5,6,9,5,1.0
DODA,5,6,9,5,1.0
DODA,5,6,9,5,1.0
DODA,5,6,10,5,1.0
DODA,5,6,10,5,1.0
DODA,5,6,10,5,1.0
DODA,5,6,11,4,0.76
DODA,5,6,11,4,0.76
DODA,5,6,11,4,0.76
DODA,5,6,12,5,1.0
DODA,5,6,12,5,1.0
DODA,5,6,12,5,1.0
DODA,5,6,13,5,1.0
DODA,5,6,13,5,1.0
DODA,5,6,13,5,1.0
DODA,5,6,14,5,1.0
DODA,5,6,14,5,1.0
DODA,5,6,14,5,1.0
DODA,5,6,15,5,1.0
DODA,5,6,15,5,1.0
DODA,5,6,15,5,1.0
DODA,5,6,16,5,1.0
DODA,5,6,16,5,1.0
DODA,5,6,16,5,1.0
DODA,5,6,17,5,1.0
DODA,5,6,17,5,1.0
DODA,5,6,17,5,1.0
DODA,5,6,18,5,1.0
DODA,5,6,18,5,1.0
DODA,5,6,18,5,1.0
DODA,5,6,19,5,1.0
DODA,5,6,19,5,1.0
DODA,5,6,19,5,1.0
DODA,5,6,20,5,1.0
DODA,5,6,20,5,1.0
DODA,5,6,20,5,1.0
DODA,5,6,21,5,1.0
DODA,5,6,21,5,1.0
DODA,5,6,21,5,1.0
DODA,5,6,22,5,1.0
DODA,5,6,22,5,1.0
DODA,5,6,22,5,1.0
DODA,5,6,23,5,1.0
DODA,5,6,23,5,1.0
DODA,5,6,23,5,1.0
DODA,5,6,24,5,1.0
DODA,5,6,24,5,1.0
DODA,5,6,24,5,1.0
DODA,5,6,25,5,1.0
DODA,5,6,25,5,1.0
DODA,5,6,25,5,1.0
DODA,5,7,7,5,1.0
DODA,5,7,7,5,1.0
DODA,5,7,8,5,1.0
DODA,5,7,8,5,1.0
DODA,5,7,8,5,1.0
DODA,5,7,9,5,1.0
DODA,5,7,9,5,1.0
DODA,5,7,9,5,1.0
DODA,5,7,10,5,1.0
DODA,5,7,10,5,1.0
DODA,5,7,10,5,1.0
DODA,5,7,11,4,0.76
DODA,5,7,11,4,0.76
DODA,5,7,11,4,0.76
DODA,5,7,12,5,1.0
DODA,5,7,12,5,1.0
DODA,5,7,12,5,1.0
DODA,5,7,13,5,1.0
DODA,5,7,13,5,1.0
DODA,5,7,13,5,1.0
DODA,5,7,14,5,1.0
DODA,5,7,14,5,1.0
DODA,5,7,14,5,1.0
DODA,5,7,15,5,1.0
DODA,5,7,15,5,1.0
DODA,5,7,15,5,1.0
DODA,5,7,16,5,1.0
DODA,5,7,16,5,1.0
DODA,5,7,16,5,1.0
DODA,5,7,17,5,1.0
DODA,5,7,17,5,1.0
DODA,5,7,17,5,1.0
DODA,5,7,18,5,1.0
DODA,5,7,18,5,1.0
DODA,5,7,18,5,1.0
DODA,5,7,19,5,1.0
DODA,5,7,19,5,1.0
DODA,5,7,19,5,1.0
DODA,5,7,20,5,1.0
DODA,5,7,20,5,1.0
DODA,5,7,20,5,1.0
DODA,5,7,21,5,1.0
DODA,5,7,21,5,1.0
DODA,5,7,21,5,1.0
DODA,5,7,22,5,1.0
DODA,5,7,22,5,1.0
DODA,5,7,22,5,1.0
DODA,5,7,23,5,1.0
DODA,5,7,23,5,1.0
DODA,5,7,23,5,1.0
DODA,5,7,24,5,1.0
DODA,5,7,24,5,1.0
DODA,5,7,24,5,1.0
DODA,5,7,25,5,1.0
DODA,5,7,25,5,1.0
DODA,5,7,25,5,1.0
DODA,5,7,7,5,1.0
DODA,5,7,8,5,1.0
DODA,5,7,8,5,1.0
DODA,5,7,8,5,1.0
DODA,5,7,9,5,1.0
DODA,5,7,9,5,1.0
DODA,5,7,9,5,1.0
DODA,5,7,10,5,1.0
DODA,5,7,10,5,1.0
DODA,5,7,10,5,1.0
DODA,5,7,11,4,0.76
DODA,5,7,11,4,0.76
DODA,5,7,11,4,0.76
DODA,5,7,12,5,1.0
DODA,5,7,12,5,1.0
DODA,5,7,12,5,1.0
DODA,5,7,13,5,1.0
DODA,5,7,13,5,1.0
DODA,5,7,13,5,1.0
DODA,5,7,14,5,1.0
DODA,5,7,14,5,1.0
DODA,5,7,14,5,1.0
DODA,5,7,15,5,1.0
DODA,5,7,15,5,1.0
DODA,5,7,15,5,1.0
DODA,5,7,16,5,1.0
DODA,5,7,16,5,1.0
DODA,5,7,16,5,1.0
DODA,5,7,17,5,1.0
DODA,5,7,17,5,1.0
DODA,5,7,17,5,1.0
DODA,5,7,18,5,1.0
DODA,5,7,18,5,1.0
DODA,5,7,18,5,1.0
DODA,5,7,19,5,1.0
DODA,5,7,19,5,1.0
DODA,5,7,19,5,1.0
DODA,5,7,20,5,1.0
DODA,5,7,20,5,1.0
DODA,5,7,20,5,1.0
DODA,5,7,21,5,1.0
DODA,5,7,21,5,1.0
DODA,5,7,21,5,1.0
DODA,5,7,22,5,1.0
DODA,5,7,22,5,1.0
DODA,5,7,22,5,1.0
DODA,5,7,23,5,1.0
DODA,5,7,23,5,1.0
DODA,5,7,23,5,1.0
DODA,5,7,24,5,1.0
DODA,5,7,24,5,1.0
DODA,5,7,24,5,1.0
DODA,5,7,25,5,1.0
DODA,5,7,25,5,1.0
DODA,5,7,25,5,1.0
DODA,5,7,8,5,1.0
DODA,5,7,8,5,1.0
DODA,5,7,8,5,1.0
DODA,5,7,9,5,1.0
DODA,5,7,9,5,1.0
DODA,5,7,9,5,1.0
DODA,5,7,10,5,1.0
DODA,5,7,10,5,1.0
DODA,5,7,10,5,1.0
DODA,5,7,11,4,0.76
DODA,5,7,11,4,0.76
DODA,5,7,11,4,0.76
DODA,5,7,12,5,1.0
DODA,5,7,12,5,1.0
DODA,5,7,12,5,1.0
DODA,5,7,13,5,1.0
DODA,5,7,13,5,1.0
DODA,5,7,13,5,1.0
DODA,5,7,14,5,1.0
DODA,5,7,14,5,1.0
DODA,5,7,14,5,1.0
DODA,5,7,15,5,1.0
DODA,5,7,15,5,1.0
DODA,5,7,15,5,1.0
DODA,5,7,16,5,1.0
DODA,5,7,16,5,1.0
DODA,5,7,16,5,1.0
DODA,5,7,17,5,1.0
DODA,5,7,17,5,1.0
DODA,5,7,17,5,1.0
DODA,5,7,18,5,1.0
DODA,5,7,18,5,1.0
DODA,5,7,18,5,1.0
DODA,5,7,19,5,1.0
DODA,5,7,19,5,1.0
DODA,5,7,19,5,1.0
DODA,5,7,20,5,1.0
DODA,5,7,20,5,1.0
DODA,5,7,20,5,1.0
DODA,5,7,21,5,1.0
DODA,5,7,21,5,1.0
DODA,5,7,21,5,1.0
DODA,5,7,22,5,1.0
DODA,5,7,22,5,1.0
DODA,5,7,22,5,1.0
DODA,5,7,23,5,1.0
DODA,5,7,23,5,1.0
DODA,5,7,23,5,1.0
DODA,5,7,24,5,1.0
DODA,5,7,24,5,1.0
DODA,5,7,24,5,1.0
DODA,5,7,25,5,1.0
DODA,5,7,25,5,1.0
DODA,5,7,25,5,1.0
DODA,5,8,8,5,1.0
DODA,5,8,8,5,1.0
DODA,5,8,9,5,1.0
DODA,5,8,9,5,1.0
DODA,5,8,9,5,1.0
DODA,5,8,10,5,1.0
DODA,5,8,10,5,1.0
DODA,5,8,10,5,1.0
DODA,5,8,11,4,0.76
DODA,5,8,11,4,0.76
DODA,5,8,11,4,0.76
DODA,5,8,12,5,1.0
DODA,5,8,12,5,1.0
DODA,5,8,12,5,1.0
DODA,5,8,13,5,1.0
DODA,5,8,13,5,1.0
DODA,5,8,13,5,1.0
DODA,5,8,14,5,1.0
DODA,5,8,14,5,1.0
DODA,5,8,14,5,1.0
DODA,5,8,15,5,1.0
DODA,5,8,15,5,1.0
DODA,5,8,15,5,1.0
DODA,5,8,16,5,1.0
DODA,5,8,16,5,1.0
DODA,5,8,16,5,1.0
DODA,5,8,17,5,1.0
DODA,5,8,17,5,1.0
DODA,5,8,17,5,1.0
DODA,5,8,18,5,1.0
DODA,5,8,18,5,1.0
DODA,5,8,18,5,1.0
DODA,5,8,19,5,1.0
DODA,5,8,19,5,1.0
DODA,5,8,19,5,1.0
DODA,5,8,20,5,1.0
DODA,5,8,20,5,1.0
DODA,5,8,20,5,1.0
DODA,5,8,21,5,1.0
DODA,5,8,21,5,1.0
DODA,5,8,21,5,1.0
DODA,5,8,22,5,1.0
DODA,5,8,22,5,1.0
DODA,5,8,22,5,1.0
DODA,5,8,23,5,1.0
DODA,5,8,23,5,1.0
DODA,5,8,23,5,1.0
DODA,5,8,24,5,1.0
DODA,5,8,24,5,1.0
DODA,5,8,24,5,1.0
DODA,5,8,25,5,1.0
DODA,5,8,25,5,1.0
DODA,5,8,25,5,1.0
DODA,5,8,8,5,1.0
DODA,5,8,9,5,1.0
DODA,5,8,9,5,1.0
DODA,5,8,9,5,1.0
DODA,5,8,10,5,1.0
DODA,5,8,10,5,1.0
DODA,5,8,10,5,1.0
DODA,5,8,11,4,0.76
DODA,5,8,11,4,0.76
DODA,5,8,11,4,0.76
DODA,5,8,12,5,1.0
DODA,5,8,12,5,1.0
DODA,5,8,12,5,1.0
DODA,5,8,13,5,1.0
DODA,5,8,13,5,1.0
DODA,5,8,13,5,1.0
DODA,5,8,14,5,1.0
DODA,5,8,14,5,1.0
DODA,5,8,14,5,1.0
DODA,5,8,15,5,1.0
DODA,5,8,15,5,1.0
DODA,5,8,15,5,1.0
DODA,5,8,16,5,1.0
DODA,5,8,16,5,1.0
DODA,5,8,16,5,1.0
DODA,5,8,17,5,1.0
DODA,5,8,17,5,1.0
DODA,5,8,17,5,1.0
DODA,5,8,18,5,1.0
DODA,5,8,18,5,1.0
DODA,5,8,18,5,1.0
DODA,5,8,19,5,1.0
DODA,5,8,19,5,1.0
DODA,5,8,19,5,1.0
DODA,5,8,20,5,1.0
DODA,5,8,20,5,1.0
DODA,5,8,20,5,1.0
DODA,5,8,21,5,1.0
DODA,5,8,21,5,1.0
DODA,5,8,21,5,1.0
DODA,5,8,22,5,1.0
DODA,5,8,22,5,1.0
DODA,5,8,22,5,1.0
DODA,5,8,23,5,1.0
DODA,5,8,23,5,1.0
DODA,5,8,23,5,1.0
DODA,5,8,24,5,1.0
DODA,5,8,24,5,1.0
DODA,5,8,24,5,1.0
DODA,5,8,25,5,1.0
DODA,5,8,25,5,1.0
DODA,5,8,25,5,1.0
DODA,5,8,9,5,1.0
DODA,5,8,9,5,1.0
DODA,5,8,9,5,1.0
DODA,5,8,10,5,1.0
DODA,5,8,10,5,1.0
DODA,5,8,10,5,1.0
DODA,5,8,11,4,0.76
DODA,5,8,11,4,0.76
DODA,5,8,11,4,0.76
DODA,5,8,12,5,1.0
DODA,5,8,12,5,1.0
DODA,5,8,12,5,1.0
DODA,5,8,13,5,1.0
DODA,5,8,13,5,1.0
DODA,5,8,13,5,1.0
DODA,5,8,14,5,1.0
DODA,5,8,14,5,1.0
DODA,5,8,14,5,1.0
DODA,5,8,15,5,1.0
DODA,5,8,15,5,1.0
DODA,5,8,15,5,1.0
DODA,5,8,16,5,1.0
DODA,5,8,16,5,1.0
DODA,5,8,16,5,1.0
DODA,5,8,17,5,1.0
DODA,5,8,17,5,1.0
DODA,5,8,17,5,1.0
DODA,5,8,18,5,1.0
DODA,5,8,18,5,1.0
DODA,5,8,18,5,1.0
DODA,5,8,19,5,1.0
DODA,5,8,19,5,1.0
DODA,5,8,19,5,1.0
DODA,5,8,20,5,1.0
DODA,5,8,20,5,1.0
DODA,5,8,20,5,1.0
DODA,5,8,21,5,1.0
DODA,5,8,21,5,1.0
DODA,5,8,21,5,1.0
DODA,5,8,22,5,1.0
DODA,5,8,22,5,1.0
DODA,5,8,22,5,1.0
DODA,5,8,23,5,1.0
DODA,5,8,23,5,1.0
DODA,5,8,23,5,1.0
DODA,5,8,24,5,1.0
DODA,5,8,24,5,1.0
DODA,5,8,24,5,1.0
DODA,5,8,25,5,1.0
DODA,5,8,25,5,1.0
DODA,5,8,25,5,1.0
DODA,5,9,9,5,1.0
DODA,5,9,9,5,1.0
DODA,5,9,10,5,1.0
DODA,5,9,10,5,1.0
DODA,5,9,10,5,1.0
DODA,5,9,11,4,0.76
DODA,5,9,11,4,0.76
DODA,5,9,11,4,0.76
DODA,5,9,12,5,1.0
DODA,5,9,12,5,1.0
DODA,5,9,12,5,1.0
DODA,5,9,13,5,1.0
DODA,5,9,13,5,1.0
DODA,5,9,13,5,1.0
DODA,5,9,14,5,1.0
DODA,5,9,14,5,1.0
DODA,5,9,14,5,1.0
DODA,5,9,15,5,1.0
DODA,5,9,15,5,1.0
DODA,5,9,15,5,1.0
DODA,5,9,16,5,1.0
DODA,5,9,16,5,1.0
DODA,5,9,16,5,1.0
DODA,5,9,17,5,1.0
DODA,5,9,17,5,1.0
DODA,5,9,17,5,1.0
DODA,5,9,18,5,1.0
DODA,5,9,18,5,1.0
DODA,5,9,18,5,1.0
DODA,5,9,19,5,1.0
DODA,5,9,19,5,1.0
DODA,5,9,19,5,1.0
DODA,5,9,20,5,1.0
DODA,5,9,20,5,1.0
DODA,5,9,20,5,1.0
DODA,5,9,21,5,1.0
DODA,5,9,21,5,1.0
DODA,5,9,21,5,1.0
DODA,5,9,22,5,1.0
DODA,5,9,22,5,1.0
DODA,5,9,22,5,1.0
DODA,5,9,23,5,1.0
DODA,5,9,23,5,1.0
DODA,5,9,23,5,1.0
DODA,5,9,24,5,1.0
DODA,5,9,24,5,1.0
DODA,5,9,24,5,1.0
DODA,5,9,25,5,1.0
DODA,5,9,25,5,1.0
DODA,5,9,25,5,1.0
DODA,5,9,9,5,1.0
DODA,5,9,10,5,1.0
DODA,5,9,10,5,1.0
DODA,5,9,10,5,1.0
DODA,5,9,11,4,0.76
DODA,5,9,11,4,0.76
DODA,5,9,11,4,0.76
DODA,5,9,12,5,1.0
DODA,5,9,12,5,1.0
DODA,5,9,12,5,1.0
DODA,5,9,13,5,1.0
DODA,5,9,13,5,1.0
DODA,5,9,13,5,1.0
DODA,5,9,14,5,1.0
DODA,5,9,14,5,1.0
DODA,5,9,14,5,1.0
DODA,5,9,15,5,1.0
DODA,5,9,15,5,1.0
DODA,5,9,15,5,1.0
DODA,5,9,16,5,1.0
DODA,5,9,16,5,1.0
DODA,5,9,16,5,1.0
DODA,5,9,17,5,1.0
DODA,5,9,17,5,1.0
DODA,5,9,17,5,1.0
DODA,5,9,18,5,1.0
DODA,5,9,18,5,1.0
DODA,5,9,18,5,1.0
DODA,5,9,19,5,1.0
DODA,5,9,19,5,1.0
DODA,5,9,19,5,1.0
DODA,5,9,20,5,1.0
DODA,5,9,20,5,1.0
DODA,5,9,20,5,1.0
DODA,5,9,21,5,1.0
DODA,5,9,21,5,1.0
DODA,5,9,21,5,1.0
DODA,5,9,22,5,1.0
DODA,5,9,22,5,1.0
DODA,5,9,22,5,1.0
DODA,5,9,23,5,1.0
DODA,5,9,23,5,1.0
DODA,5,9,23,5,1.0
DODA,5,9,24,5,1.0
DODA,5,9,24,5,1.0
DODA,5,9,24,5,1.0
DODA,5,9,25,5,1.0
DODA,5,9,25,5,1.0
DODA,5,9,25,5,1.0
DODA,5,9,10,5,1.0
DODA,5,9,10,5,1.0
DODA,5,9,10,5,1.0
DODA,5,9,11,4,0.76
DODA,5,9,11,4,0.76
DODA,5,9,11,4,0.76
DODA,5,9,12,5,1.0
DODA,5,9,12,5,1.0
DODA,5,9,12,5,1.0
DODA,5,9,13,5,1.0
DODA,5,9,13,5,1.0
DODA,5,9,13,5,1.0
DODA,5,9,14,5,1.0
DODA,5,9,14,5,1.0
DODA,5,9,14,5,1.0
DODA,5,9,15,5,1.0
DODA,5,9,15,5,1.0
DODA,5,9,15,5,1.0
DODA,5,9,16,5,1.0
DODA,5,9,16,5,1.0
DODA,5,9,16,5,1.0
DODA,5,9,17,5,1.0
DODA,5,9,17,5,1.0
DODA,5,9,17,5,1.0
DODA,5,9,18,5,1.0
DODA,5,9,18,5,1.0
DODA,5,9,18,5,1.0
DODA,5,9,19,5,1.0
DODA,5,9,19,5,1.0
DODA,5,9,19,5,1.0
DODA,5,9,20,5,1.0
DODA,5,9,20,5,1.0
DODA,5,9,20,5,1.0
DODA,5,9,21,5,1.0
DODA,5,9,21,5,1.0
DODA,5,9,21,5,1.0
DODA,5,9,22,5,1.0
DODA,5,9,22,5,1.0
DODA,5,9,22,5,1.0
DODA,5,9,23,5,1.0
DODA,5,9,23,5,1.0
DODA,5,9,23,5,1.0
DODA,5,9,24,5,1.0
DODA,5,9,24,5,1.0
DODA,5,9,24,5,1.0
DODA,5,9,25,5,1.0
DODA,5,9,25,5,1.0
DODA,5,9,25,5,1.0
DODA,5,10,10,5,1.0
DODA,5,10,10,5,1.0
DODA,5,10,11,4,0.76
DODA,5,10,11,4,0.76
DODA,5,10,11,4,0.76
DODA,5,10,12,5,1.0
DODA,5,10,12,5,1.0
DODA,5,10,12,5,1.0
DODA,5,10,13,5,1.0
DODA,5,10,13,5,1.0
DODA,5,10,13,5,1.0
DODA,5,10,14,5,1.0
DODA,5,10,14,5,1.0
DODA,5,10,14,5,1.0
DODA,5,10,15,5,1.0
DODA,5,10,15,5,1.0
DODA,5,10,15,5,1.0
DODA,5,10,16,5,1.0
DODA,5,10,16,5,1.0
DODA,5,10,16,5,1.0
DODA,5,10,17,5,1.0
DODA,5,10,17,5,1.0
DODA,5,10,17,5,1.0
DODA,5,10,18,5,1.0
DODA,5,10,18,5,1.0
DODA,5,10,18,5,1.0
DODA,5,10,19,5,1.0
DODA,5,10,19,5,1.0
DODA,5,10,19,5,1.0
DODA,5,10,20,5,1.0
DODA,5,10,20,5,1.0
DODA,5,10,20,5,1.0
DODA,5,10,21,5,1.0
DODA,5,10,21,5,1.0
DODA,5,10,21,5,1.0
DODA,5,10,22,5,1.0
DODA,5,10,22,5,1.0
DODA,5,10,22,5,1.0
DODA,5,10,23,5,1.0
DODA,5,10,23,5,1.0
DODA,5,10,23,5,1.0
DODA,5,10,24,5,1.0
DODA,5,10,24,5,1.0
DODA,5,10,24,5,1.0
DODA,5,10,25,5,1.0
DODA,5,10,25,5,1.0
DODA,5,10,25,5,1.0
DODA,5,10,10,5,1.0
DODA,5,10,11,4,0.76
DODA,5,10,11,4,0.76
DODA,5,10,11,4,0.76
DODA,5,10,12,5,1.0
DODA,5,10,12,5,1.0
DODA,5,10,12,5,1.0
DODA,5,10,13,5,1.0
DODA,5,10,13,5,1.0
DODA,5,10,13,5,1.0
DODA,5,10,14,5,1.0
DODA,5,10,14,5,1.0
DODA,5,10,14,5,1.0
DODA,5,10,15,5,1.0
DODA,5,10,15,5,1.0
DODA,5,10,15,5,1.0
DODA,5,10,16,5,1.0
DODA,5,10,16,5,1.0
DODA,5,10,16,5,1.0
DODA,5,10,17,5,1.0
DODA,5,10,17,5,1.0
DODA,5,10,17,5,1.0
DODA,5,10,18,5,1.0
DODA,5,10,18,5,1.0
DODA,5,10,18,5,1.0
DODA,5,10,19,5,1.0
DODA,5,10,19,5,1.0
DODA,5,10,19,5,1.0
DODA,5,10,20,5,1.0
DODA,5,10,20,5,1.0
DODA,5,10,20,5,1.0
DODA,5,10,21,5,1.0
DODA,5,10,21,5,1.0
DODA,5,10,21,5,1.0
DODA,5,10,22,5,1.0
DODA,5,10,22,5,1.0
DODA,5,10,22,5,1.0
DODA,5,10,23,5,1.0
DODA,5,10,23,5,1.0
DODA,5,10,23,5,1.0
DODA,5,10,24,5,1.0
DODA,5,10,24,5,1.0
DODA,5,10,24,5,1.0
DODA,5,10,25,5,1.0
DODA,5,10,25,5,1.0
DODA,5,10,25,5,1.0
DODA,5,10,11,4,0.76
DODA,5,10,11,4,0.76
DODA,5,10,11,4,0.76
DODA,5,10,12,5,1.0
DODA,5,10,12,5,1.0
DODA,5,10,12,5,1.0
DODA,5,10,13,5,1.0
DODA,5,10,13,5,1.0
DODA,5,10,13,5,1.0
DODA,5,10,14,5,1.0
DODA,5,10,14,5,1.0
DODA,5,10,14,5,1.0
DODA,5,10,15,5,1.0
DODA,5,10,15,5,1.0
DODA,5,10,15,5,1.0
DODA,5,10,16,5,1.0
DODA,5,10,16,5,1.0
DODA,5,10,16,5,1.0
DODA,5,10,17,5,1.0
DODA,5,10,17,5,1.0
DODA,5,10,17,5,1.0
DODA,5,10,18,5,1.0
DODA,5,10,18,5,1.0
DODA,5,10,18,5,1.0
DODA,5,10,19,5,1.0
DODA,5,10,19,5,1.0
DODA,5,10,19,5,1.0
DODA,5,10,20,5,1.0
DODA,5,10,20,5,1.0
DODA,5,10,20,5,1.0
DODA,5,10,21,5,1.0
DODA,5,10,21,5,1.0
DODA,5,10,21,5,1.0
DODA,5,10,22,5,1.0
DODA,5,10,22,5,1.0
DODA,5,10,22,5,1.0
DODA,5,10,23,5,1.0
DODA,5,10,23,5,1.0
DODA,5,10,23,5,1.0
DODA,5,10,24,5,1.0
DODA,5,10,24,5,1.0
DODA,5,10,24,5,1.0
DODA,5,10,25,5,1.0
DODA,5,10,25,5,1.0
DODA,5,10,25,5,1.0
DODA,5,11,11,5,1.0
DODA,5,11,11,5,1.0
DODA,5,11,12,4,0.76
DODA,5,11,12,4,0.76
DODA,5,11,12,4,0.76
DODA,5,11,13,4,0.76
DODA,5,11,13,4,0.76
DODA,5,11,13,4,0.76
DODA,5,11,14,4,0.76
DODA,5,11,14,4,0.76
DODA,5,11,14,4,0.76
DODA,5,11,15,4,0.76
DODA,5,11,15,4,0.76
DODA,5,11,15,4,0.76
DODA,5,11,16,4,0.76
DODA,5,11,16,4,0.76
DODA,5,11,16,4,0.76
DODA,5,11,17,4,0.76
DODA,5,11,17,4,0.76
DODA,5,11,17,4,0.76
DODA,5,11,18,4,0.76
DODA,5,11,18,4,0.76
DODA,5,11,18,4,0.76
DODA,5,11,19,4,0.76
DODA,5,11,19,4,0.76
DODA,5,11,19,4,0.76
DODA,5,11,20,4,0.76
DODA,5,11,20,4,0.76
DODA,5,11,20,4,0.76
DODA,5,11,21,4,0.76
DODA,5,11,21,4,0.76
DODA,5,11,21,4,0.76
DODA,5,11,22,4,0.76
DODA,5,11,22,4,0.76
DODA,5,11,22,4,0.76
DODA,5,11,23,4,0.76
DODA,5,11,23,4,0.76
DODA,5,11,23,4,0.76
DODA,5,11,24,4,0.76
DODA,5,11,24,4,0.76
DODA,5,11,24,4,0.76
DODA,5,11,25,4,0.76
DODA,5,11,25,4,0.76
DODA,5,11,25,4,0.76
DODA,5,11,11,5,1.0
DODA,5,11,12,4,0.76
DODA,5,11,12,4,0.76
DODA,5,11,12,4,0.76
DODA,5,11,13,4,0.76
DODA,5,11,13,4,0.76
DODA,5,11,13,4,0.76
DODA,5,11,14,4,0.76
DODA,5,11,14,4,0.76
DODA,5,11,14,4,0.76
DODA,5,11,15,4,0.76
DODA,5,11,15,4,0.76
DODA,5,11,15,4,0.76
DODA,5,11,16,4,0.76
DODA,5,11,16,4,0.76
DODA,5,11,16,4,0.76
DODA,5,11,17,4,0.76
DODA,5,11,17,4,0.76
DODA,5,11,17,4,0.76
DODA,5,11,18,4,0.76
DODA,5,11,18,4,0.76
DODA,5,11,18,4,0.76
DODA,5,11,19,4,0.76
DODA,5,11,19,4,0.76
DODA,5,11,19,4,0.76
DODA,5,11,20,4,0.76
DODA,5,11,20,4,0.76
DODA,5,11,20,4,0.76
DODA,5,11,21,4,0.76
DODA,5,11,21,4,0.76
DODA,5,11,21,4,0.76
DODA,5,11,22,4,0.76
DODA,5,11,22,4,0.76
DODA,5,11,22,4,0.76
DODA,5,11,23,4,0.76
DODA,5,11,23,4,0.76
DODA,5,11,23,4,0.76
DODA,5,11,24,4,0.76
DODA,5,11,24,4,0.76
DODA,5,11,24,4,0.76
DODA,5,11,25,4,0.76
DODA,5,11,25,4,0.76
DODA,5,11,25,4,0.76
DODA,5,11,12,4,0.76
DODA,5,11,12,4,0.76
DODA,5,11,12,4,0.76
DODA,5,11,13,4,0.76
DODA,5,11,13,4,0.76
DODA,5,11,13,4,0.76
DODA,5,11,14,4,0.76
DODA,5,11,14,4,0.76
DODA,5,11,14,4,0.76
DODA,5,11,15,4,0.76
DODA,5,11,15,4,0.76
DODA,5,11,15,4,0.76
DODA,5,11,16,4,0.76
DODA,5,11,16,4,0.76
DODA,5,11,16,4,0.76
DODA,5,11,17,4,0.76
DODA,5,11,17,4,0.76
DODA,5,11,17,4,0.76
DODA,5,11,18,4,0.76
DODA,5,11,18,4,0.76
DODA,5,11,18,4,0.76
DODA,5,11,19,4,0.76
DODA,5,11,19,4,0.76
DODA,5,11,19,4,0.76
DODA,5,11,20,4,0.76
DODA,5,11,20,4,0.76
DODA,5,11,20,4,0.76
DODA,5,11,21,4,0.76
DODA,5,11,21,4,0.76
DODA,5,11,21,4,0.76
DODA,5,11,22,4,0.76
DODA,5,11,22,4,0.76
DODA,5,11,22,4,0.76
DODA,5,11,23,4,0.76
DODA,5,11,23,4,0.76
DODA,5,11,23,4,0.76
DODA,5,11,24,4,0.76
DODA,5,11,24,4,0.76
DODA,5,11,24,4,0.76
DODA,5,11,25,4,0.76
DODA,5,11,25,4,0.76
DODA,5,11,25,4,0.76
DODA,5,12,12,5,1.0
DODA,5,12,12,5,1.0
DODA,5,12,13,5,1.0
DODA,5,12,13,5,1.0
DODA,5,12,13,5,1.0
DODA,5,12,14,5,1.0
DODA,5,12,14,5,1.0
DODA,5,12,14,5,1.0
DODA,5,12,15,5,1.0
DODA,5,12,15,5,1.0
DODA,5,12,15,5,1.0
DODA,5,12,16,5,1.0
DODA,5,12,16,5,1.0
DODA,5,12,16,5,1.0
DODA,5,12,17,5,1.0
DODA,5,12,17,5,1.0
DODA,5,12,17,5,1.0
DODA,5,12,18,5,1.0
DODA,5,12,18,5,1.0
DODA,5,12,18,5,1.0
DODA,5,12,19,5,1.0
DODA,5,12,19,5,1.0
DODA,5,12,19,5,1.0
DODA,5,12,20,5,1.0
DODA,5,12,20,5,1.0
DODA,5,12,20,5,1.0
DODA,5,12,21,5,1.0
DODA,5,12,21,5,1.0
DODA,5,12,21,5,1.0
DODA,5,12,22,5,1.0
DODA,5,12,22,5,1.0
DODA,5,12,22,5,1.0
DODA,5,12,23,5,1.0
DODA,5,12,23,5,1.0
DODA,5,12,23,5,1.0
DODA,5,12,24,5,1.0
DODA,5,12,24,5,1.0
DODA,5,12,24,5,1.0
DODA,5,12,25,5,1.0
DODA,5,12,25,5,1.0
DODA,5,12,25,5,1.0
DODA,5,12,12,5,1.0
DODA,5,12,13,5,1.0
DODA,5,12,13,5,1.0
DODA,5,12,13,5,1.0
DODA,5,12,14,5,1.0
DODA,5,12,14,5,1.0
DODA,5,12,14,5,1.0
DODA,5,12,15,5,1.0
DODA,5,12,15,5,1.0
DODA,5,12,15,5,1.0
DODA,5,12,16,5,1.0
DODA,5,12,16,5,1.0
DODA,5,12,16,5,1.0
DODA,5,12,17,5,1.0
DODA,5,12,17,5,1.0
DODA,5,12,17,5,1.0
DODA,5,12,18,5,1.0
DODA,5,12,18,5,1.0
DODA,5,12,18,5,1.0
DODA,5,12,19,5,1.0
DODA,5,12,19,5,1.0
DODA,5,12,19,5,1.0
DODA,5,12,20,5,1.0
DODA,5,12,20,5,1.0
DODA,5,12,20,5,1.0
DODA,5,12,21,5,1.0
DODA,5,12,21,5,1.0
DODA,5,12,21,5,1.0
DODA,5,12,22,5,1.0
DODA,5,12,22,5,1.0
DODA,5,12,22,5,1.0
DODA,5,12,23,5,1.0
DODA,5,12,23,5,1.0
DODA,5,12,23,5,1.0
DODA,5,12,24,5,1.0
DODA,5,12,24,5,1.0
DODA,5,12,24,5,1.0
DODA,5,12,25,5,1.0
DODA,5,12,25,5,1.0
DODA,5,12,25,5,1.0
DODA,5,12,13,5,1.0
DODA,5,12,13,5,1.0
DODA,5,12,13,5,1.0
DODA,5,12,14,5,1.0
DODA,5,12,14,5,1.0
DODA,5,12,14,5,1.0
DODA,5,12,15,5,1.0
DODA,5,12,15,5,1.0
DODA,5,12,15,5,1.0
DODA,5,12,16,5,1.0
DODA,5,12,16,5,1.0
DODA,5,12,16,5,1.0
DODA,5,12,17,5,1.0
DODA,5,12,17,5,1.0
DODA,5,12,17,5,1.0
DODA,5,12,18,5,1.0
DODA,5,12,18,5,1.0
DODA,5,12,18,5,1.0
DODA,5,12,19,5,1.0
DODA,5,12,19,5,1.0
DODA,5,12,19,5,1.0
DODA,5,12,20,5,1.0
DODA,5,12,20,5,1.0
DODA,5,12,20,5,1.0
DODA,5,12,21,5,1.0
DODA,5,12,21,5,1.0
DODA,5,12,21,5,1.0
DODA,5,12,22,5,1.0
DODA,5,12,22,5,1.0
DODA,5,12,22,5,1.0
DODA,5,12,23,5,1.0
DODA,5,12,23,5,1.0
DODA,5,12,23,5,1.0
DODA,5,12,24,5,1.0
DODA,5,12,24,5,1.0
DODA,5,12,24,5,1.0
DODA,5,12,25,5,1.0
DODA,5,12,25,5,1.0
DODA,5,12,25,5,1.0
DODA,5,13,13,5,1.0
DODA,5,13,13,5,1.0
DODA,5,13,14,5,1.0
DODA,5,13,14,5,1.0
DODA,5,13,14,5,1.0
DODA,5,13,15,5,1.0
DODA,5,13,15,5,1.0
DODA,5,13,15,5,1.0
DODA,5,13,16,5,1.0
DODA,5,13,16,5,1.0
DODA,5,13,16,5,1.0
DODA,5,13,17,5,1.0
DODA,5,13,17,5,1.0
DODA,5,13,17,5,1.0
DODA,5,13,18,5,1.0
DODA,5,13,18,5,1.0
DODA,5,13,18,5,1.0
DODA,5,13,19,5,1.0
DODA,5,13,19,5,1.0
DODA,5,13,19,5,1.0
DODA,5,13,20,5,1.0
DODA,5,13,20,5,1.0
DODA,5,13,20,5,1.0
DODA,5,13,21,5,1.0
DODA,5,13,21,5,1.0
DODA,5,13,21,5,1.0
DODA,5,13,22,5,1.0
DODA,5,13,22,5,1.0
DODA,5,13,22,5,1.0
DODA,5,13,23,5,1.0
DODA,5,13,23,5,1.0
DODA,5,13,23,5,1.0
DODA,5,13,24,5,1.0
DODA,5,13,24,5,1.0
DODA,5,13,24,5,1.0
DODA,5,13,25,5,1.0
DODA,5,13,25,5,1.0
DODA,5,13,25,5,1.0
DODA,5,13,13,5,1.0
DODA,5,13,14,5,1.0
DODA,5,13,14,5,1.0
DODA,5,13,14,5,1.0
DODA,5,13,15,5,1.0
DODA,5,13,15,5,1.0
DODA,5,13,15,5,1.0
DODA,5,13,16,5,1.0
DODA,5,13,16,5,1.0
DODA,5,13,16,5,1.0
DODA,5,13,17,5,1.0
DODA,5,13,17,5,1.0
DODA,5,13,17,5,1.0
DODA,5,13,18,5,1.0
DODA,5,13,18,5,1.0
DODA,5,13,18,5,1.0
DODA,5,13,19,5,1.0
DODA,5,13,19,5,1.0
DODA,5,13,19,5,1.0
DODA,5,13,20,5,1.0
DODA,5,13,20,5,1.0
DODA,5,13,20,5,1.0
DODA,5,13,21,5,1.0
DODA,5,13,21,5,1.0
DODA,5,13,21,5,1.0
DODA,5,13,22,5,1.0
DODA,5,13,22,5,1.0
DODA,5,13,22,5,1.0
DODA,5,13,23,5,1.0
DODA,5,13,23,5,1.0
DODA,5,13,23,5,1.0
DODA,5,13,24,5,1.0
DODA,5,13,24,5,1.0
DODA,5,13,24,5,1.0
DODA,5,13,25,5,1.0
DODA,5,13,25,5,1.0
DODA,5,13,25,5,1.0
DODA,5,13,14,5,1.0
DODA,5,13,14,5,1.0
DODA,5,13,14,5,1.0
DODA,5,13,15,5,1.0
DODA,5,13,15,5,1.0
DODA,5,13,15,5,1.0
DODA,5,13,16,5,1.0
DODA,5,13,16,5,1.0
DODA,5,13,16,5,1.0
DODA,5,13,17,5,1.0
DODA,5,13,17,5,1.0
DODA,5,13,17,5,1.0
DODA,5,13,18,5,1.0
DODA,5,13,18,5,1.0
DODA,5,13,18,5,1.0
DODA,5,13,19,5,1.0
DODA,5,13,19,5,1.0
DODA,5,13,19,5,1.0
DODA,5,13,20,5,1.0
DODA,5,13,20,5,1.0
DODA,5,13,20,5,1.0
DODA,5,13,21,5,1.0
DODA,5,13,21,5,1.0
DODA,5,13,21,5,1.0
DODA,5,13,22,5,1.0
DODA,5,13,22,5,1.0
DODA,5,13,22,5,1.0
DODA,5,13,23,5,1.0
DODA,5,13,23,5,1.0
DODA,5,13,23,5,1.0
DODA,5,13,24,5,1.0
DODA,5,13,24,5,1.0
DODA,5,13,24,5,1.0
DODA,5,13,25,5,1.0
DODA,5,13,25,5,1.0
DODA,5,13,25,5,1.0
DODA,5,14,14,5,1.0
DODA,5,14,14,5,1.0
DODA,5,14,15,5,1.0
DODA,5,14,15,5,1.0
DODA,5,14,15,5,1.0
DODA,5,14,16,5,1.0
DODA,5,14,16,5,1.0
DODA,5,14,16,5,1.0
DODA,5,14,17,5,1.0
DODA,5,14,17,5,1.0
DODA,5,14,17,5,1.0
DODA,5,14,18,5,1.0
DODA,5,14,18,5,1.0
DODA,5,14,18,5,1.0
DODA,5,14,19,5,1.0
DODA,5,14,19,5,1.0
DODA,5,14,19,5,1.0
DODA,5,14,20,5,1.0
DODA,5,14,20,5,1.0
DODA,5,14,20,5,1.0
DODA,5,14,21,5,1.0
DODA,5,14,21,5,1.0
DODA,5,14,21,5,1.0
DODA,5,14,22,5,1.0
DODA,5,14,22,5,1.0
DODA,5,14,22,5,1.0
DODA,5,14,23,5,1.0
DODA,5,14,23,5,1.0
DODA,5,14,23,5,1.0
DODA,5,14,24,5,1.0
DODA,5,14,24,5,1.0
DODA,5,14,24,5,1.0
DODA,5,14,25,5,1.0
DODA,5,14,25,5,1.0
DODA,5,14,25,5,1.0
DODA,5,14,14,5,1.0
DODA,5,14,15,5,1.0
DODA,5,14,15,5,1.0
DODA,5,14,15,5,1.0
DODA,5,14,16,5,1.0
DODA,5,14,16,5,1.0
DODA,5,14,16,5,1.0
DODA,5,14,17,5,1.0
DODA,5,14,17,5,1.0
DODA,5,14,17,5,1.0
DODA,5,14,18,5,1.0
DODA,5,14,18,5,1.0
DODA,5,14,18,5,1.0
DODA,5,14,19,5,1.0
DODA,5,14,19,5,1.0
DODA,5,14,19,5,1.0
DODA,5,14,20,5,1.0
DODA,5,14,20,5,1.0
DODA,5,14,20,5,1.0
DODA,5,14,21,5,1.0
DODA,5,14,21,5,1.0
DODA,5,14,21,5,1.0
DODA,5,14,22,5,1.0
DODA,5,14,22,5,1.0
DODA,5,14,22,5,1.0
DODA,5,14,23,5,1.0
DODA,5,14,23,5,1.0
DODA,5,14,23,5,1.0
DODA,5,14,24,5,1.0
DODA,5,14,24,5,1.0
DODA,5,14,24,5,1.0
DODA,5,14,25,5,1.0
DODA,5,14,25,5,1.0
DODA,5,14,25,5,1.0
DODA,5,14,15,5,1.0
DODA,5,14,15,5,1.0
DODA,5,14,15,5,1.0
DODA,5,14,16,5,1.0
DODA,5,14,16,5,1.0
DODA,5,14,16,5,1.0
DODA,5,14,17,5,1.0
DODA,5,14,17,5,1.0
DODA,5,14,17,5,1.0
DODA,5,14,18,5,1.0
DODA,5,14,18,5,1.0
DODA,5,14,18,5,1.0
DODA,5,14,19,5,1.0
DODA,5,14,19,5,1.0
DODA,5,14,19,5,1.0
DODA,5,14,20,5,1.0
DODA,5,14,20,5,1.0
DODA,5,14,20,5,1.0
DODA,5,14,21,5,1.0
DODA,5,14,21,5,1.0
DODA,5,14,21,5,1.0
DODA,5,14,22,5,1.0
DODA,5,14,22,5,1.0
DODA,5,14,22,5,1.0
DODA,5,14,23,5,1.0
DODA,5,14,23,5,1.0
DODA,5,14,23,5,1.0
DODA,5,14,24,5,1.0
DODA,5,14,24,5,1.0
DODA,5,14,24,5,1.0
DODA,5,14,25,5,1.0
DODA,5,14,25,5,1.0
DODA,5,14,25,5,1.0
DODA,5,15,15,5,1.0
DODA,5,15,15,5,1.0
DODA,5,15,16,5,1.0
DODA,5,15,16,5,1.0
DODA,5,15,16,5,1.0
DODA,5,15,17,5,1.0
DODA,5,15,17,5,1.0
DODA,5,15,17,5,1.0
DODA,5,15,18,5,1.0
DODA,5,15,18,5,1.0
DODA,5,15,18,5,1.0
DODA,5,15,19,5,1.0
DODA,5,15,19,5,1.0
DODA,5,15,19,5,1.0
DODA,5,15,20,5,1.0
DODA,5,15,20,5,1.0
DODA,5,15,20,5,1.0
DODA,5,15,21,5,1.0
DODA,5,15,21,5,1.0
DODA,5,15,21,5,1.0
DODA,5,15,22,5,1.0
DODA,5,15,22,5,1.0
DODA,5,15,22,5,1.0
DODA,5,15,23,5,1.0
DODA,5,15,23,5,1.0
DODA,5,15,23,5,1.0
DODA,5,15,24,5,1.0
DODA,5,15,24,5,1.0
DODA,5,15,24,5,1.0
DODA,5,15,25,5,1.0
DODA,5,15,25,5,1.0
DODA,5,15,25,5,1.0
DODA,5,15,15,5,1.0
DODA,5,15,16,5,1.0
DODA,5,15,16,5,1.0
DODA,5,15,16,5,1.0
DODA,5,15,17,5,1.0
DODA,5,15,17,5,1.0
DODA,5,15,17,5,1.0
DODA,5,15,18,5,1.0
DODA,5,15,18,5,1.0
DODA,5,15,18,5,1.0
DODA,5,15,19,5,1.0
DODA,5,15,19,5,1.0
DODA,5,15,19,5,1.0
DODA,5,15,20,5,1.0
DODA,5,15,20,5,1.0
DODA,5,15,20,5,1.0
DODA,5,15,21,5,1.0
DODA,5,15,21,5,1.0
DODA,5,15,21,5,1.0
DODA,5,15,22,5,1.0
DODA,5,15,22,5,1.0
DODA,5,15,22,5,1.0
DODA,5,15,23,5,1.0
DODA,5,15,23,5,1.0
DODA,5,15,23,5,1.0
DODA,5,15,24,5,1.0
DODA,5,15,24,5,1.0
DODA,5,15,24,5,1.0
DODA,5,15,25,5,1.0
DODA,5,15,25,5,1.0
DODA,5,15,25,5,1.0
DODA,5,15,16,5,1.0
DODA,5,15,16,5,1.0
DODA,5,15,16,5,1.0
DODA,5,15,17,5,1.0
DODA,5,15,17,5,1.0
DODA,5,15,17,5,1.0
DODA,5,15,18,5,1.0
DODA,5,15,18,5,1.0
DODA,5,15,18,5,1.0
DODA,5,15,19,5,1.0
DODA,5,15,19,5,1.0
DODA,5,15,19,5,1.0
DODA,5,15,20,5,1.0
DODA,5,15,20,5,1.0
DODA,5,15,20,5,1.0
DODA,5,15,21,5,1.0
DODA,5,15,21,5,1.0
DODA,5,15,21,5,1.0
DODA,5,15,22,5,1.0
DODA,5,15,22,5,1.0
DODA,5,15,22,5,1.0
DODA,5,15,23,5,1.0
DODA,5,15,23,5,1.0
DODA,5,15,23,5,1.0
DODA,5,15,24,5,1.0
DODA,5,15,24,5,1.0
DODA,5,15,24,5,1.0
DODA,5,15,25,5,1.0
DODA,5,15,25,5,1.0
DODA,5,15,25,5,1.0
DODA,5,16,16,5,1.0
DODA,5,16,16,5,1.0
DODA,5,16,17,5,1.0
DODA,5,16,17,5,1.0
DODA,5,16,17,5,1.0
DODA,5,16,18,5,1.0
DODA,5,16,18,5,1.0
DODA,5,16,18,5,1.0
DODA,5,16,19,5,1.0
DODA,5,16,19,5,1.0
DODA,5,16,19,5,1.0
DODA,5,16,20,5,1.0
DODA,5,16,20,5,1.0
DODA,5,16,20,5,1.0
DODA,5,16,21,5,1.0
DODA,5,16,21,5,1.0
DODA,5,16,21,5,1.0
DODA,5,16,22,5,1.0
DODA,5,16,22,5,1.0
DODA,5,16,22,5,1.0
DODA,5,16,23,5,1.0
DODA,5,16,23,5,1.0
DODA,5,16,23,5,1.0
DODA,5,16,24,5,1.0
DODA,5,16,24,5,1.0
DODA,5,16,24,5,1.0
DODA,5,16,25,5,1.0
DODA,5,16,25,5,1.0
DODA,5,16,25,5,1.0
DODA,5,16,16,5,1.0
DODA,5,16,17,5,1.0
DODA,5,16,17,5,1.0
DODA,5,16,17,5,1.0
DODA,5,16,18,5,1.0
DODA,5,16,18,5,1.0
DODA,5,16,18,5,1.0
DODA,5,16,19,5,1.0
DODA,5,16,19,5,1.0
DODA,5,16,19,5,1.0
DODA,5,16,20,5,1.0
DODA,5,16,20,5,1.0
DODA,5,16,20,5,1.0
DODA,5,16,21,5,1.0
DODA,5,16,21,5,1.0
DODA,5,16,21,5,1.0
DODA,5,16,22,5,1.0
DODA,5,16,22,5,1.0
DODA,5,16,22,5,1.0
DODA,5,16,23,5,1.0
DODA,5,16,23,5,1.0
DODA,5,16,23,5,1.0
DODA,5,16,24,5,1.0
DODA,5,16,24,5,1.0
DODA,5,16,24,5,1.0
DODA,5,16,25,5,1.0
DODA,5,16,25,5,1.0
DODA,5,16,25,5,1.0
DODA,5,16,17,5,1.0
DODA,5,16,17,5,1.0
DODA,5,16,17,5,1.0
DODA,5,16,18,5,1.0
DODA,5,16,18,5,1.0
DODA,5,16,18,5,1.0
DODA,5,16,19,5,1.0
DODA,5,16,19,5,1.0
DODA,5,16,19,5,1.0
DODA,5,16,20,5,1.0
DODA,5,16,20,5,1.0
DODA,5,16,20,5,1.0
DODA,5,16,21,5,1.0
DODA,5,16,21,5,1.0
DODA,5,16,21,5,1.0
DODA,5,16,22,5,1.0
DODA,5,16,22,5,1.0
DODA,5,16,22,5,1.0
DODA,5,16,23,5,1.0
DODA,5,16,23,5,1.0
DODA,5,16,23,5,1.0
DODA,5,16,24,5,1.0
DODA,5,16,24,5,1.0
DODA,5,16,24,5,1.0
DODA,5,16,25,5,1.0
DODA,5,16,25,5,1.0
DODA,5,16,25,5,1.0
DODA,5,17,17,5,1.0
DODA,5,17,17,5,1.0
DODA,5,17,18,5,1.0
DODA,5,17,18,5,1.0
DODA,5,17,18,5,1.0
DODA,5,17,19,5,1.0
DODA,5,17,19,5,1.0
DODA,5,17,19,5,1.0
DODA,5,17,20,5,1.0
DODA,5,17,20,5,1.0
DODA,5,17,20,5,1.0
DODA,5,17,21,5,1.0
DODA,5,17,21,5,1.0
DODA,5,17,21,5,1.0
DODA,5,17,22,5,1.0
DODA,5,17,22,5,1.0
DODA,5,17,22,5,1.0
DODA,5,17,23,5,1.0
DODA,5,17,23,5,1.0
DODA,5,17,23,5,1.0
DODA,5,17,24,5,1.0
DODA,5,17,24,5,1.0
DODA,5,17,24,5,1.0
DODA,5,17,25,5,1.0
DODA,5,17,25,5,1.0
DODA,5,17,25,5,1.0
DODA,5,17,17,5,1.0
DODA,5,17,18,5,1.0
DODA,5,17,18,5,1.0
DODA,5,17,18,5,1.0
DODA,5,17,19,5,1.0
DODA,5,17,19,5,1.0
DODA,5,17,19,5,1.0
DODA,5,17,20,5,1.0
DODA,5,17,20,5,1.0
DODA,5,17,20,5,1.0
DODA,5,17,21,5,1.0
DODA,5,17,21,5,1.0
DODA,5,17,21,5,1.0
DODA,5,17,22,5,1.0
DODA,5,17,22,5,1.0
DODA,5,17,22,5,1.0
DODA,5,17,23,5,1.0
DODA,5,17,23,5,1.0
DODA,5,17,23,5,1.0
DODA,5,17,24,5,1.0
DODA,5,17,24,5,1.0
DODA,5,17,24,5,1.0
DODA,5,17,25,5,1.0
DODA,5,17,25,5,1.0
DODA,5,17,25,5,1.0
DODA,5,17,18,5,1.0
DODA,5,17,18,5,1.0
DODA,5,17,18,5,1.0
DODA,5,17,19,5,1.0
DODA,5,17,19,5,1.0
DODA,5,17,19,5,1.0
DODA,5,17,20,5,1.0
DODA,5,17,20,5,1.0
DODA,5,17,20,5,1.0
DODA,5,17,21,5,1.0
DODA,5,17,21,5,1.0
DODA,5,17,21,5,1.0
DODA,5,17,22,5,1.0
DODA,5,17,22,5,1.0
DODA,5,17,22,5,1.0
DODA,5,17,23,5,1.0
DODA,5,17,23,5,1.0
DODA,5,17,23,5,1.0
DODA,5,17,24,5,1.0
DODA,5,17,24,5,1.0
DODA,5,17,24,5,1.0
DODA,5,17,25,5,1.0
DODA,5,17,25,5,1.0
DODA,5,17,25,5,1.0
DODA,5,18,18,5,1.0
DODA,5,18,18,5,1.0
DODA,5,18,19,5,1.0
DODA,5,18,19,5,1.0
DODA,5,18,19,5,1.0
DODA,5,18,20,5,1.0
DODA,5,18,20,5,1.0
DODA,5,18,20,5,1.0
DODA,5,18,21,5,1.0
DODA,5,18,21,5,1.0
DODA,5,18,21,5,1.0
DODA,5,18,22,5,1.0
DODA,5,18,22,5,1.0
DODA,5,18,22,5,1.0
DODA,5,18,23,5,1.0
DODA,5,18,23,5,1.0
DODA,5,18,23,5,1.0
DODA,5,18,24,5,1.0
DODA,5,18,24,5,1.0
DODA,5,18,24,5,1.0
DODA,5,18,25,5,1.0
DODA,5,18,25,5,1.0
DODA,5,18,25,5,1.0
DODA,5,18,18,5,1.0
DODA,5,18,19,5,1.0
DODA,5,18,19,5,1.0
DODA,5,18,19,5,1.0
DODA,5,18,20,5,1.0
DODA,5,18,20,5,1.0
DODA,5,18,20,5,1.0
DODA,5,18,21,5,1.0
DODA,5,18,21,5,1.0
DODA,5,18,21,5,1.0
DODA,5,18,22,5,1.0
DODA,5,18,22,5,1.0
DODA,5,18,22,5,1.0
DODA,5,18,23,5,1.0
DODA,5,18,23,5,1.0
DODA,5,18,23,5,1.0
DODA,5,18,24,5,1.0
DODA,5,18,24,5,1.0
DODA,5,18,24,5,1.0
DODA,5,18,25,5,1.0
DODA,5,18,25,5,1.0
DODA,5,18,25,5,1.0
DODA,5,18,19,5,1.0
DODA,5,18,19,5,1.0
DODA,5,18,19,5,1.0
DODA,5,18,20,5,1.0
DODA,5,18,20,5,1.0
DODA,5,18,20,5,1.0
DODA,5,18,21,5,1.0
DODA,5,18,21,5,1.0
DODA,5,18,21,5,1.0
DODA,5,18,22,5,1.0
DODA,5,18,22,5,1.0
DODA,5,18,22,5,1.0
DODA,5,18,23,5,1.0
DODA,5,18,23,5,1.0
DODA,5,18,23,5,1.0
DODA,5,18,24,5,1.0
DODA,5,18,24,5,1.0
DODA,5,18,24,5,1.0
DODA,5,18,25,5,1.0
DODA,5,18,25,5,1.0
DODA,5,18,25,5,1.0
DODA,5,19,19,5,1.0
DODA,5,19,19,5,1.0
DODA,5,19,20,5,1.0
DODA,5,19,20,5,1.0
DODA,5,19,20,5,1.0
DODA,5,19,21,5,1.0
DODA,5,19,21,5,1.0
DODA,5,19,21,5,1.0
DODA,5,19,22,5,1.0
DODA,5,19,22,5,1.0
DODA,5,19,22,5,1.0
DODA,5,19,23,5,1.0
DODA,5,19,23,5,1.0
DODA,5,19,23,5,1.0
DODA,5,19,24,5,1.0
DODA,5,19,24,5,1.0
DODA,5,19,24,5,1.0
DODA,5,19,25,5,1.0
DODA,5,19,25,5,1.0
DODA,5,19,25,5,1.0
DODA,5,19,19,5,1.0
DODA,5,19,20,5,1.0
DODA,5,19,20,5,1.0
DODA,5,19,20,5,1.0
DODA,5,19,21,5,1.0
DODA,5,19,21,5,1.0
DODA,5,19,21,5,1.0
DODA,5,19,22,5,1.0
DODA,5,19,22,5,1.0
DODA,5,19,22,5,1.0
DODA,5,19,23,5,1.0
DODA,5,19,23,5,1.0
DODA,5,19,23,5,1.0
DODA,5,19,24,5,1.0
DODA,5,19,24,5,1.0
DODA,5,19,24,5,1.0
DODA,5,19,25,5,1.0
DODA,5,19,25,5,1.0
DODA,5,19,25,5,1.0
DODA,5,19,20,5,1.0
DODA,5,19,20,5,1.0
DODA,5,19,20,5,1.0
DODA,5,19,21,5,1.0
DODA,5,19,21,5,1.0
DODA,5,19,21,5,1.0
DODA,5,19,22,5,1.0
DODA,5,19,22,5,1.0
DODA,5,19,22,5,1.0
DODA,5,19,23,5,1.0
DODA,5,19,23,5,1.0
DODA,5,19,23,5,1.0
DODA,5,19,24,5,1.0
DODA,5,19,24,5,1.0
DODA,5,19,24,5,1.0
DODA,5,19,25,5,1.0
DODA,5,19,25,5,1.0
DODA,5,19,25,5,1.0
DODA,5,20,20,5,1.0
DODA,5,20,20,5,1.0
DODA,5,20,21,5,1.0
DODA,5,20,21,5,1.0
DODA,5,20,21,5,1.0
DODA,5,20,22,5,1.0
DODA,5,20,22,5,1.0
DODA,5,20,22,5,1.0
DODA,5,20,23,5,1.0
DODA,5,20,23,5,1.0
DODA,5,20,23,5,1.0
DODA,5,20,24,5,1.0
DODA,5,20,24,5,1.0
DODA,5,20,24,5,1.0
DODA,5,20,25,5,1.0
DODA,5,20,25,5,1.0
DODA,5,20,25,5,1.0
DODA,5,20,20,5,1.0
DODA,5,20,21,5,1.0
DODA,5,20,21,5,1.0
DODA,5,20,21,5,1.0
DODA,5,20,22,5,1.0
DODA,5,20,22,5,1.0
DODA,5,20,22,5,1.0
DODA,5,20,23,5,1.0
DODA,5,20,23,5,1.0
DODA,5,20,23,5,1.0
DODA,5,20,24,5,1.0
DODA,5,20,24,5,1.0
DODA,5,20,24,5,1.0
DODA,5,20,25,5,1.0
DODA,5,20,25,5,1.0
DODA,5,20,25,5,1.0
DODA,5,20,21,5,1.0
DODA,5,20,21,5,1.0
DODA,5,20,21,5,1.0
DODA,5,20,22,5,1.0
DODA,5,20,22,5,1.0
DODA,5,20,22,5,1.0
DODA,5,20,23,5,1.0
DODA,5,20,23,5,1.0
DODA,5,20,23,5,1.0
DODA,5,20,24,5,1.0
DODA,5,20,24,5,1.0
DODA,5,20,24,5,1.0
DODA,5,20,25,5,1.0
DODA,5,20,25,5,1.0
DODA,5,20,25,5,1.0
DODA,5,21,21,5,1.0
DODA,5,21,21,5,1.0
DODA,5,21,22,5,1.0
DODA,5,21,22,5,1.0
DODA,5,21,22,5,1.0
DODA,5,21,23,5,1.0
DODA,5,21,23,5,1.0
DODA,5,21,23,5,1.0
DODA,5,21,24,5,1.0
DODA,5,21,24,5,1.0
DODA,5,21,24,5,1.0
DODA,5,21,25,5,1.0
DODA,5,21,25,5,1.0
DODA,5,21,25,5,1.0
DODA,5,21,21,5,1.0
DODA,5,21,22,5,1.0
DODA,5,21,22,5,1.0
DODA,5,21,22,5,1.0
DODA,5,21,23,5,1.0
DODA,5,21,23,5,1.0
DODA,5,21,23,5,1.0
DODA,5,21,24,5,1.0
DODA,5,21,24,5,1.0
DODA,5,21,24,5,1.0
DODA,5,21,25,5,1.0
DODA,5,21,25,5,1.0
DODA,5,21,25,5,1.0
DODA,5,21,22,5,1.0
DODA,5,21,22,5,1.0
DODA,5,21,22,5,1.0
DODA,5,21,23,5,1.0
DODA,5,21,23,5,1.0
DODA,5,21,23,5,1.0
DODA,5,21,24,5,1.0
DODA,5,21,24,5,1.0
DODA,5,21,24,5,1.0
DODA,5,21,25,5,1.0
DODA,5,21,25,5,1.0
DODA,5,21,25,5,1.0
DODA,5,22,22,5,1.0
DODA,5,22,22,5,1.0
DODA,5,22,23,5,1.0
DODA,5,22,23,5,1.0
DODA,5,22,23,5,1.0
DODA,5,22,24,5,1.0
DODA,5,22,24,5,1.0
DODA,5,22,24,5,1.0
DODA,5,22,25,5,1.0
DODA,5,22,25,5,1.0
DODA,5,22,25,5,1.0
DODA,5,22,22,5,1.0
DODA,5,22,23,5,1.0
DODA,5,22,23,5,1.0
DODA,5,22,23,5,1.0
DODA,5,22,24,5,1.0
DODA,5,22,24,5,1.0
DODA,5,22,24,5,1.0
DODA,5,22,25,5,1.0
DODA,5,22,25,5,1.0
DODA,5,22,25,5,1.0
DODA,5,22,23,5,1.0
DODA,5,22,23,5,1.0
DODA,5,22,23,5,1.0
DODA,5,22,24,5,1.0
DODA,5,22,24,5,1.0
DODA,5,22,24,5,1.0
DODA,5,22,25,5,1.0
DODA,5,22,25,5,1.0
DODA,5,22,25,5,1.0
DODA,5,23,23,5,1.0
DODA,5,23,23,5,1.0
DODA,5,23,24,5,1.0
DODA,5,23,24,5,1.0
DODA,5,23,24,5,1.0
DODA,5,23,25,5,1.0
DODA,5,23,25,5,1.0
DODA,5,23,25,5,1.0
DODA,5,23,23,5,1.0
DODA,5,23,24,5,1.0
DODA,5,23,24,5,1.0
DODA,5,23,24,5,1.0
DODA,5,23,25,5,1.0
DODA,5,23,25,5,1.0
DODA,5,23,25,5,1.0
DODA,5,23,24,5,1.0
DODA,5,23,24,5,1.0
DODA,5,23,24,5,1.0
DODA,5,23,25,5,1.0
DODA,5,23,25,5,1.0
DODA,5,23,25,5,1.0
DODA,5,24,24,5,1.0
DODA,5,24,24,5,1.0
DODA,5,24,25,5,1.0
DODA,5,24,25,5,1.0
DODA,5,24,25,5,1.0
DODA,5,24,24,5,1.0
DODA,5,24,25,5,1.0
DODA,5,24,25,5,1.0
DODA,5,24,25,5,1.0
DODA,5,24,25,5,1.0
DODA,5,24,25,5,1.0
DODA,5,24,25,5,1.0
DODA,5,25,25,5,1.0
DODA,5,25,25,5,1.0
DODA,5,25,25,5,1.0
DODA,10,1,1,10,1.0
DODA,10,1,1,10,1.0
DODA,10,1,2,10,1.0
DODA,10,1,2,10,1.0
DODA,10,1,2,10,1.0
DODA,10,1,3,10,1.0
DODA,10,1,3,10,1.0
DODA,10,1,3,10,1.0
DODA,10,1,4,10,1.0
DODA,10,1,4,10,1.0
DODA,10,1,4,10,1.0
DODA,10,1,5,10,1.0
DODA,10,1,5,10,1.0
DODA,10,1,5,10,1.0
DODA,10,1,6,10,1.0
DODA,10,1,6,10,1.0
DODA,10,1,6,10,1.0
DODA,10,1,7,10,1.0
DODA,10,1,7,10,1.0
DODA,10,1,7,10,1.0
DODA,10,1,8,10,1.0
DODA,10,1,8,10,1.0
DODA,10,1,8,10,1.0
DODA,10,1,9,10,1.0
DODA,10,1,9,10,1.0
DODA,10,1,9,10,1.0
DODA,10,1,10,10,1.0
DODA,10,1,10,10,1.0
DODA,10,1,10,10,1.0
DODA,10,1,11,10,1.0
DODA,10,1,11,10,1.0
DODA,10,1,11,10,1.0
DODA,10,1,12,10,1.0
DODA,10,1,12,10,1.0
DODA,10,1,12,10,1.0
DODA,10,1,13,10,1.0
DODA,10,1,13,10,1.0
DODA,10,1,13,10,1.0
DODA,10,1,14,10,1.0
DODA,10,1,14,10,1.0
DODA,10,1,14,10,1.0
DODA,10,1,15,10,1.0
DODA,10,1,15,10,1.0
DODA,10,1,15,10,1.0
DODA,10,1,16,10,1.0
DODA,10,1,16,10,1.0
DODA,10,1,16,10,1.0
DODA,10,1,17,10,1.0
DODA,10,1,17,10,1.0
DODA,10,1,17,10,1.0
DODA,10,1,18,10,1.0
DODA,10,1,18,10,1.0
DODA,10,1,18,10,1.0
DODA,10,1,19,10,1.0
DODA,10,1,19,10,1.0
DODA,10,1,19,10,1.0
DODA,10,1,20,10,1.0
DODA,10,1,20,10,1.0
DODA,10,1,20,10,1.0
DODA,10,1,21,10,1.0
DODA,10,1,21,10,1.0
DODA,10,1,21,10,1.0
DODA,10,1,22,10,1.0
DODA,10,1,22,10,1.0
DODA,10,1,22,10,1.0
DODA,10,1,23,10,1.0
DODA,10,1,23,10,1.0
DODA,10,1,23,10,1.0
DODA,10,1,24,10,1.0
DODA,10,1,24,10,1.0
DODA,10,1,24,10,1.0
DODA,10,1,25,10,1.0
DODA,10,1,25,10,1.0
DODA,10,1,25,10,1.0
DODA,10,1,1,10,1.0
DODA,10,1,2,10,1.0
DODA,10,1,2,10,1.0
DODA,10,1,2,10,1.0
DODA,10,1,3,10,1.0
DODA,10,1,3,10,1.0
DODA,10,1,3,10,1.0
DODA,10,1,4,10,1.0
DODA,10,1,4,10,1.0
DODA,10,1,4,10,1.0
DODA,10,1,5,10,1.0
DODA,10,1,5,10,1.0
DODA,10,1,5,10,1.0
DODA,10,1,6,10,1.0
DODA,10,1,6,10,1.0
DODA,10,1,6,10,1.0
DODA,10,1,7,10,1.0
DODA,10,1,7,10,1.0
DODA,10,1,7,10,1.0
DODA,10,1,8,10,1.0
DODA,10,1,8,10,1.0
DODA,10,1,8,10,1.0
DODA,10,1,9,10,1.0
DODA,10,1,9,10,1.0
DODA,10,1,9,10,1.0
DODA,10,1,10,10,1.0
DODA,10,1,10,10,1.0
DODA,10,1,10,10,1.0
DODA,10,1,11,10,1.0
DODA,10,1,11,10,1.0
DODA,10,1,11,10,1.0
DODA,10,1,12,10,1.0
DODA,10,1,12,10,1.0
DODA,10,1,12,10,1.0
DODA,10,1,13,10,1.0
DODA,10,1,13,10,1.0
DODA,10,1,13,10,1.0
DODA,10,1,14,10,1.0
DODA,10,1,14,10,1.0
DODA,10,1,14,10,1.0
DODA,10,1,15,10,1.0
DODA,10,1,15,10,1.0
DODA,10,1,15,10,1.0
DODA,10,1,16,10,1.0
DODA,10,1,16,10,1.0
DODA,10,1,16,10,1.0
DODA,10,1,17,10,1.0
DODA,10,1,17,10,1.0
DODA,10,1,17,10,1.0
DODA,10,1,18,10,1.0
DODA,10,1,18,10,1.0
DODA,10,1,18,10,1.0
DODA,10,1,19,10,1.0
DODA,10,1,19,10,1.0
DODA,10,1,19,10,1.0
DODA,10,1,20,10,1.0
DODA,10,1,20,10,1.0
DODA,10,1,20,10,1.0
DODA,10,1,21,10,1.0
DODA,10,1,21,10,1.0
DODA,10,1,21,10,1.0
DODA,10,1,22,10,1.0
DODA,10,1,22,10,1.0
DODA,10,1,22,10,1.0
DODA,10,1,23,10,1.0
DODA,10,1,23,10,1.0
DODA,10,1,23,10,1.0
DODA,10,1,24,10,1.0
DODA,10,1,24,10,1.0
DODA,10,1,24,10,1.0
DODA,10,1,25,10,1.0
DODA,10,1,25,10,1.0
DODA,10,1,25,10,1.0
DODA,10,1,2,10,1.0
DODA,10,1,2,10,1.0
DODA,10,1,2,10,1.0
DODA,10,1,3,10,1.0
DODA,10,1,3,10,1.0
DODA,10,1,3,10,1.0
DODA,10,1,4,10,1.0
DODA,10,1,4,10,1.0
DODA,10,1,4,10,1.0
DODA,10,1,5,10,1.0
DODA,10,1,5,10,1.0
DODA,10,1,5,10,1.0
DODA,10,1,6,10,1.0
DODA,10,1,6,10,1.0
DODA,10,1,6,10,1.0
DODA,10,1,7,10,1.0
DODA,10,1,7,10,1.0
DODA,10,1,7,10,1.0
DODA,10,1,8,10,1.0
DODA,10,1,8,10,1.0
DODA,10,1,8,10,1.0
DODA,10,1,9,10,1.0
DODA,10,1,9,10,1.0
DODA,10,1,9,10,1.0
DODA,10,1,10,10,1.0
DODA,10,1,10,10,1.0
DODA,10,1,10,10,1.0
DODA,10,1,11,10,1.0
DODA,10,1,11,10,1.0
DODA,10,1,11,10,1.0
DODA,10,1,12,10,1.0
DODA,10,1,12,10,1.0
DODA,10,1,12,10,1.0
DODA,10,1,13,10,1.0
DODA,10,1,13,10,1.0
DODA,10,1,13,10,1.0
DODA,10,1,14,10,1.0
DODA,10,1,14,10,1.0
DODA,10,1,14,10,1.0
DODA,10,1,15,10,1.0
DODA,10,1,15,10,1.0
DODA,10,1,15,10,1.0
DODA,10,1,16,10,1.0
DODA,10,1,16,10,1.0
DODA,10,1,16,10,1.0
DODA,10,1,17,10,1.0
DODA,10,1,17,10,1.0
DODA,10,1,17,10,1.0
DODA,10,1,18,10,1.0
DODA,10,1,18,10,1.0
DODA,10,1,18,10,1.0
DODA,10,1,19,10,1.0
DODA,10,1,19,10,1.0
DODA,10,1,19,10,1.0
DODA,10,1,20,10,1.0
DODA,10,1,20,10,1.0
DODA,10,1,20,10,1.0
DODA,10,1,21,10,1.0
DODA,10,1,21,10,1.0
DODA,10,1,21,10,1.0
DODA,10,1,22,10,1.0
DODA,10,1,22,10,1.0
DODA,10,1,22,10,1.0
DODA,10,1,23,10,1.0
DODA,10,1,23,10,1.0
DODA,10,1,23,10,1.0
DODA,10,1,24,10,1.0
DODA,10,1,24,10,1.0
DODA,10,1,24,10,1.0
DODA,10,1,25,10,1.0
DODA,10,1,25,10,1.0
DODA,10,1,25,10,1.0
DODA,10,2,2,10,1.0
DODA,10,2,2,10,1.0
DODA,10,2,3,10,1.0
DODA,10,2,3,10,1.0
DODA,10,2,3,10,1.0
DODA,10,2,4,10,1.0
DODA,10,2,4,10,1.0
DODA,10,2,4,10,1.0
DODA,10,2,5,10,1.0
DODA,10,2,5,10,1.0
DODA,10,2,5,10,1.0
DODA,10,2,6,10,1.0
DODA,10,2,6,10,1.0
DODA,10,2,6,10,1.0
DODA,10,2,7,10,1.0
DODA,10,2,7,10,1.0
DODA,10,2,7,10,1.0
DODA,10,2,8,10,1.0
DODA,10,2,8,10,1.0
DODA,10,2,8,10,1.0
DODA,10,2,9,10,1.0
DODA,10,2,9,10,1.0
DODA,10,2,9,10,1.0
DODA,10,2,10,10,1.0
DODA,10,2,10,10,1.0
DODA,10,2,10,10,1.0
DODA,10,2,11,10,1.0
DODA,10,2,11,10,1.0
DODA,10,2,11,10,1.0
DODA,10,2,12,10,1.0
DODA,10,2,12,10,1.0
DODA,10,2,12,10,1.0
DODA,10,2,13,10,1.0
DODA,10,2,13,10,1.0
DODA,10,2,13,10,1.0
DODA,10,2,14,10,1.0
DODA,10,2,14,10,1.0
DODA,10,2,14,10,1.0
DODA,10,2,15,10,1.0
DODA,10,2,15,10,1.0
DODA,10,2,15,10,1.0
DODA,10,2,16,10,1.0
DODA,10,2,16,10,1.0
DODA,10,2,16,10,1.0
DODA,10,2,17,10,1.0
DODA,10,2,17,10,1.0
DODA,10,2,17,10,1.0
DODA,10,2,18,10,1.0
DODA,10,2,18,10,1.0
DODA,10,2,18,10,1.0
DODA,10,2,19,10,1.0
DODA,10,2,19,10,1.0
DODA,10,2,19,10,1.0
DODA,10,2,20,10,1.0
DODA,10,2,20,10,1.0
DODA,10,2,20,10,1.0
DODA,10,2,21,10,1.0
DODA,10,2,21,10,1.0
DODA,10,2,21,10,1.0
DODA,10,2,22,10,1.0
DODA,10,2,22,10,1.0
DODA,10,2,22,10,1.0
DODA,10,2,23,10,1.0
DODA,10,2,23,10,1.0
DODA,10,2,23,10,1.0
DODA,10,2,24,10,1.0
DODA,10,2,24,10,1.0
DODA,10,2,24,10,1.0
DODA,10,2,25,10,1.0
DODA,10,2,25,10,1.0
DODA,10,2,25,10,1.0
DODA,10,2,2,10,1.0
DODA,10,2,3,10,1.0
DODA,10,2,3,10,1.0
DODA,10,2,3,10,1.0
DODA,10,2,4,10,1.0
DODA,10,2,4,10,1.0
DODA,10,2,4,10,1.0
DODA,10,2,5,10,1.0
DODA,10,2,5,10,1.0
DODA,10,2,5,10,1.0
DODA,10,2,6,10,1.0
DODA,10,2,6,10,1.0
DODA,10,2,6,10,1.0
DODA,10,2,7,10,1.0
DODA,10,2,7,10,1.0
DODA,10,2,7,10,1.0
DODA,10,2,8,10,1.0
DODA,10,2,8,10,1.0
DODA,10,2,8,10,1.0
DODA,10,2,9,10,1.0
DODA,10,2,9,10,1.0
DODA,10,2,9,10,1.0
DODA,10,2,10,10,1.0
DODA,10,2,10,10,1.0
DODA,10,2,10,10,1.0
DODA,10,2,11,10,1.0
DODA,10,2,11,10,1.0
DODA,10,2,11,10,1.0
DODA,10,2,12,10,1.0
DODA,10,2,12,10,1.0
DODA,10,2,12,10,1.0
DODA,10,2,13,10,1.0
DODA,10,2,13,10,1.0
DODA,10,2,13,10,1.0
DODA,10,2,14,10,1.0
DODA,10,2,14,10,1.0
DODA,10,2,14,10,1.0
DODA,10,2,15,10,1.0
DODA,10,2,15,10,1.0
DODA,10,2,15,10,1.0
DODA,10,2,16,10,1.0
DODA,10,2,16,10,1.0
DODA,10,2,16,10,1.0
DODA,10,2,17,10,1.0
DODA,10,2,17,10,1.0
DODA,10,2,17,10,1.0
DODA,10,2,18,10,1.0
DODA,10,2,18,10,1.0
DODA,10,2,18,10,1.0
DODA,10,2,19,10,1.0
DODA,10,2,19,10,1.0
DODA,10,2,19,10,1.0
DODA,10,2,20,10,1.0
DODA,10,2,20,10,1.0
DODA,10,2,20,10,1.0
DODA,10,2,21,10,1.0
DODA,10,2,21,10,1.0
DODA,10,2,21,10,1.0
DODA,10,2,22,10,1.0
DODA,10,2,22,10,1.0
DODA,10,2,22,10,1.0
DODA,10,2,23,10,1.0
DODA,10,2,23,10,1.0
DODA,10,2,23,10,1.0
DODA,10,2,24,10,1.0
DODA,10,2,24,10,1.0
DODA,10,2,24,10,1.0
DODA,10,2,25,10,1.0
DODA,10,2,25,10,1.0
DODA,10,2,25,10,1.0
DODA,10,2,3,10,1.0
DODA,10,2,3,10,1.0
DODA,10,2,3,10,1.0
DODA,10,2,4,10,1.0
DODA,10,2,4,10,1.0
DODA,10,2,4,10,1.0
DODA,10,2,5,10,1.0
DODA,10,2,5,10,1.0
DODA,10,2,5,10,1.0
DODA,10,2,6,10,1.0
DODA,10,2,6,10,1.0
DODA,10,2,6,10,1.0
DODA,10,2,7,10,1.0
DODA,10,2,7,10,1.0
DODA,10,2,7,10,1.0
DODA,10,2,8,10,1.0
DODA,10,2,8,10,1.0
DODA,10,2,8,10,1.0
DODA,10,2,9,10,1.0
DODA,10,2,9,10,1.0
DODA,10,2,9,10,1.0
DODA,10,2,10,10,1.0
DODA,10,2,10,10,1.0
DODA,10,2,10,10,1.0
DODA,10,2,11,10,1.0
DODA,10,2,11,10,1.0
DODA,10,2,11,10,1.0
DODA,10,2,12,10,1.0
DODA,10,2,12,10,1.0
DODA,10,2,12,10,1.0
DODA,10,2,13,10,1.0
DODA,10,2,13,10,1.0
DODA,10,2,13,10,1.0
DODA,10,2,14,10,1.0
DODA,10,2,14,10,1.0
DODA,10,2,14,10,1.0
DODA,10,2,15,10,1.0
DODA,10,2,15,10,1.0
DODA,10,2,15,10,1.0
DODA,10,2,16,10,1.0
DODA,10,2,16,10,1.0
DODA,10,2,16,10,1.0
DODA,10,2,17,10,1.0
DODA,10,2,17,10,1.0
DODA,10,2,17,10,1.0
DODA,10,2,18,10,1.0
DODA,10,2,18,10,1.0
DODA,10,2,18,10,1.0
DODA,10,2,19,10,1.0
DODA,10,2,19,10,1.0
DODA,10,2,19,10,1.0
DODA,10,2,20,10,1.0
DODA,10,2,20,10,1.0
DODA,10,2,20,10,1.0
DODA,10,2,21,10,1.0
DODA,10,2,21,10,1.0
DODA,10,2,21,10,1.0
DODA,10,2,22,10,1.0
DODA,10,2,22,10,1.0
DODA,10,2,22,10,1.0
DODA,10,2,23,10,1.0
DODA,10,2,23,10,1.0
DODA,10,2,23,10,1.0
DODA,10,2,24,10,1.0
DODA,10,2,24,10,1.0
DODA,10,2,24,10,1.0
DODA,10,2,25,10,1.0
DODA,10,2,25,10,1.0
DODA,10,2,25,10,1.0
DODA,10,3,3,10,1.0
DODA,10,3,3,10,1.0
DODA,10,3,4,10,1.0
DODA,10,3,4,10,1.0
DODA,10,3,4,10,1.0
DODA,10,3,5,10,1.0
DODA,10,3,5,10,1.0
DODA,10,3,5,10,1.0
DODA,10,3,6,10,1.0
DODA,10,3,6,10,1.0
DODA,10,3,6,10,1.0
DODA,10,3,7,10,1.0
DODA,10,3,7,10,1.0
DODA,10,3,7,10,1.0
DODA,10,3,8,10,1.0
DODA,10,3,8,10,1.0
DODA,10,3,8,10,1.0
DODA,10,3,9,10,1.0
DODA,10,3,9,10,1.0
DODA,10,3,9,10,1.0
DODA,10,3,10,10,1.0
DODA,10,3,10,10,1.0
DODA,10,3,10,10,1.0
DODA,10,3,11,10,1.0
DODA,10,3,11,10,1.0
DODA,10,3,11,10,1.0
DODA,10,3,12,10,1.0
DODA,10,3,12,10,1.0
DODA,10,3,12,10,1.0
DODA,10,3,13,10,1.0
DODA,10,3,13,10,1.0
DODA,10,3,13,10,1.0
DODA,10,3,14,10,1.0
DODA,10,3,14,10,1.0
DODA,10,3,14,10,1.0
DODA,10,3,15,10,1.0
DODA,10,3,15,10,1.0
DODA,10,3,15,10,1.0
DODA,10,3,16,10,1.0
DODA,10,3,16,10,1.0
DODA,10,3,16,10,1.0
DODA,10,3,17,10,1.0
DODA,10,3,17,10,1.0
DODA,10,3,17,10,1.0
DODA,10,3,18,10,1.0
DODA,10,3,18,10,1.0
DODA,10,3,18,10,1.0
DODA,10,3,19,10,1.0
DODA,10,3,19,10,1.0
DODA,10,3,19,10,1.0
DODA,10,3,20,10,1.0
DODA,10,3,20,10,1.0
DODA,10,3,20,10,1.0
DODA,10,3,21,10,1.0
DODA,10,3,21,10,1.0
DODA,10,3,21,10,1.0
DODA,10,3,22,10,1.0
DODA,10,3,22,10,1.0
DODA,10,3,22,10,1.0
DODA,10,3,23,10,1.0
DODA,10,3,23,10,1.0
DODA,10,3,23,10,1.0
DODA,10,3,24,10,1.0
DODA,10,3,24,10,1.0
DODA,10,3,24,10,1.0
DODA,10,3,25,10,1.0
DODA,10,3,25,10,1.0
DODA,10,3,25,10,1.0
DODA,10,3,3,10,1.0
DODA,10,3,4,10,1.0
DODA,10,3,4,10,1.0
DODA,10,3,4,10,1.0
DODA,10,3,5,10,1.0
DODA,10,3,5,10,1.0
DODA,10,3,5,10,1.0
DODA,10,3,6,10,1.0
DODA,10,3,6,10,1.0
DODA,10,3,6,10,1.0
DODA,10,3,7,10,1.0
DODA,10,3,7,10,1.0
DODA,10,3,7,10,1.0
DODA,10,3,8,10,1.0
DODA,10,3,8,10,1.0
DODA,10,3,8,10,1.0
DODA,10,3,9,10,1.0
DODA,10,3,9,10,1.0
DODA,10,3,9,10,1.0
DODA,10,3,10,10,1.0
DODA,10,3,10,10,1.0
DODA,10,3,10,10,1.0
DODA,10,3,11,10,1.0
DODA,10,3,11,10,1.0
DODA,10,3,11,10,1.0
DODA,10,3,12,10,1.0
DODA,10,3,12,10,1.0
DODA,10,3,12,10,1.0
DODA,10,3,13,10,1.0
DODA,10,3,13,10,1.0
DODA,10,3,13,10,1.0
DODA,10,3,14,10,1.0
DODA,10,3,14,10,1.0
DODA,10,3,14,10,1.0
DODA,10,3,15,10,1.0
DODA,10,3,15,10,1.0
DODA,10,3,15,10,1.0
DODA,10,3,16,10,1.0
DODA,10,3,16,10,1.0
DODA,10,3,16,10,1.0
DODA,10,3,17,10,1.0
DODA,10,3,17,10,1.0
DODA,10,3,17,10,1.0
DODA,10,3,18,10,1.0
DODA,10,3,18,10,1.0
DODA,10,3,18,10,1.0
DODA,10,3,19,10,1.0
DODA,10,3,19,10,1.0
DODA,10,3,19,10,1.0
DODA,10,3,20,10,1.0
DODA,10,3,20,10,1.0
DODA,10,3,20,10,1.0
DODA,10,3,21,10,1.0
DODA,10,3,21,10,1.0
DODA,10,3,21,10,1.0
DODA,10,3,22,10,1.0
DODA,10,3,22,10,1.0
DODA,10,3,22,10,1.0
DODA,10,3,23,10,1.0
DODA,10,3,23,10,1.0
DODA,10,3,23,10,1.0
DODA,10,3,24,10,1.0
DODA,10,3,24,10,1.0
DODA,10,3,24,10,1.0
DODA,10,3,25,10,1.0
DODA,10,3,25,10,1.0
DODA,10,3,25,10,1.0
DODA,10,3,4,10,1.0
DODA,10,3,4,10,1.0
DODA,10,3,4,10,1.0
DODA,10,3,5,10,1.0
DODA,10,3,5,10,1.0
DODA,10,3,5,10,1.0
DODA,10,3,6,10,1.0
DODA,10,3,6,10,1.0
DODA,10,3,6,10,1.0
DODA,10,3,7,10,1.0
DODA,10,3,7,10,1.0
DODA,10,3,7,10,1.0
DODA,10,3,8,10,1.0
DODA,10,3,8,10,1.0
DODA,10,3,8,10,1.0
DODA,10,3,9,10,1.0
DODA,10,3,9,10,1.0
DODA,10,3,9,10,1.0
DODA,10,3,10,10,1.0
DODA,10,3,10,10,1.0
DODA,10,3,10,10,1.0
DODA,10,3,11,10,1.0
DODA,10,3,11,10,1.0
DODA,10,3,11,10,1.0
DODA,10,3,12,10,1.0
DODA,10,3,12,10,1.0
DODA,10,3,12,10,1.0
DODA,10,3,13,10,1.0
DODA,10,3,13,10,1.0
DODA,10,3,13,10,1.0
DODA,10,3,14,10,1.0
DODA,10,3,14,10,1.0
DODA,10,3,14,10,1.0
DODA,10,3,15,10,1.0
DODA,10,3,15,10,1.0
DODA,10,3,15,10,1.0
DODA,10,3,16,10,1.0
DODA,10,3,16,10,1.0
DODA,10,3,16,10,1.0
DODA,10,3,17,10,1.0
DODA,10,3,17,10,1.0
DODA,10,3,17,10,1.0
DODA,10,3,18,10,1.0
DODA,10,3,18,10,1.0
DODA,10,3,18,10,1.0
DODA,10,3,19,10,1.0
DODA,10,3,19,10,1.0
DODA,10,3,19,10,1.0
DODA,10,3,20,10,1.0
DODA,10,3,20,10,1.0
DODA,10,3,20,10,1.0
DODA,10,3,21,10,1.0
DODA,10,3,21,10,1.0
DODA,10,3,21,10,1.0
DODA,10,3,22,10,1.0
DODA,10,3,22,10,1.0
DODA,10,3,22,10,1.0
DODA,10,3,23,10,1.0
DODA,10,3,23,10,1.0
DODA,10,3,23,10,1.0
DODA,10,3,24,10,1.0
DODA,10,3,24,10,1.0
DODA,10,3,24,10,1.0
DODA,10,3,25,10,1.0
DODA,10,3,25,10,1.0
DODA,10,3,25,10,1.0
DODA,10,4,4,10,1.0
DODA,10,4,4,10,1.0
DODA,10,4,5,10,1.0
DODA,10,4,5,10,1.0
DODA,10,4,5,10,1.0
DODA,10,4,6,10,1.0
DODA,10,4,6,10,1.0
DODA,10,4,6,10,1.0
DODA,10,4,7,10,1.0
DODA,10,4,7,10,1.0
DODA,10,4,7,10,1.0
DODA,10,4,8,10,1.0
DODA,10,4,8,10,1.0
DODA,10,4,8,10,1.0
DODA,10,4,9,10,1.0
DODA,10,4,9,10,1.0
DODA,10,4,9,10,1.0
DODA,10,4,10,10,1.0
DODA,10,4,10,10,1.0
DODA,10,4,10,10,1.0
DODA,10,4,11,10,1.0
DODA,10,4,11,10,1.0
DODA,10,4,11,10,1.0
DODA,10,4,12,10,1.0
DODA,10,4,12,10,1.0
DODA,10,4,12,10,1.0
DODA,10,4,13,10,1.0
DODA,10,4,13,10,1.0
DODA,10,4,13,10,1.0
DODA,10,4,14,10,1.0
DODA,10,4,14,10,1.0
DODA,10,4,14,10,1.0
DODA,10,4,15,10,1.0
DODA,10,4,15,10,1.0
DODA,10,4,15,10,1.0
DODA,10,4,16,10,1.0
DODA,10,4,16,10,1.0
DODA,10,4,16,10,1.0
DODA,10,4,17,10,1.0
DODA,10,4,17,10,1.0
DODA,10,4,17,10,1.0
DODA,10,4,18,10,1.0
DODA,10,4,18,10,1.0
DODA,10,4,18,10,1.0
DODA,10,4,19,10,1.0
DODA,10,4,19,10,1.0
DODA,10,4,19,10,1.0
DODA,10,4,20,10,1.0
DODA,10,4,20,10,1.0
DODA,10,4,20,10,1.0
DODA,10,4,21,10,1.0
DODA,10,4,21,10,1.0
DODA,10,4,21,10,1.0
DODA,10,4,22,10,1.0
DODA,10,4,22,10,1.0
DODA,10,4,22,10,1.0
DODA,10,4,23,10,1.0
DODA,10,4,23,10,1.0
DODA,10,4,23,10,1.0
DODA,10,4,24,10,1.0
DODA,10,4,24,10,1.0
DODA,10,4,24,10,1.0
DODA,10,4,25,10,1.0
DODA,10,4,25,10,1.0
DODA,10,4,25,10,1.0
DODA,10,4,4,10,1.0
DODA,10,4,5,10,1.0
DODA,10,4,5,10,1.0
DODA,10,4,5,10,1.0
DODA,10,4,6,10,1.0
DODA,10,4,6,10,1.0
DODA,10,4,6,10,1.0
DODA,10,4,7,10,1.0
DODA,10,4,7,10,1.0
DODA,10,4,7,10,1.0
DODA,10,4,8,10,1.0
DODA,10,4,8,10,1.0
DODA,10,4,8,10,1.0
DODA,10,4,9,10,1.0
DODA,10,4,9,10,1.0
DODA,10,4,9,10,1.0
DODA,10,4,10,10,1.0
DODA,10,4,10,10,1.0
DODA,10,4,10,10,1.0
DODA,10,4,11,10,1.0
DODA,10,4,11,10,1.0
DODA,10,4,11,10,1.0
DODA,10,4,12,10,1.0
DODA,10,4,12,10,1.0
DODA,10,4,12,10,1.0
DODA,10,4,13,10,1.0
DODA,10,4,13,10,1.0
DODA,10,4,13,10,1.0
DODA,10,4,14,10,1.0
DODA,10,4,14,10,1.0
DODA,10,4,14,10,1.0
DODA,10,4,15,10,1.0
DODA,10,4,15,10,1.0
DODA,10,4,15,10,1.0
DODA,10,4,16,10,1.0
DODA,10,4,16,10,1.0
DODA,10,4,16,10,1.0
DODA,10,4,17,10,1.0
DODA,10,4,17,10,1.0
DODA,10,4,17,10,1.0
DODA,10,4,18,10,1.0
DODA,10,4,18,10,1.0
DODA,10,4,18,10,1.0
DODA,10,4,19,10,1.0
DODA,10,4,19,10,1.0
DODA,10,4,19,10,1.0
DODA,10,4,20,10,1.0
DODA,10,4,20,10,1.0
DODA,10,4,20,10,1.0
DODA,10,4,21,10,1.0
DODA,10,4,21,10,1.0
DODA,10,4,21,10,1.0
DODA,10,4,22,10,1.0
DODA,10,4,22,10,1.0
DODA,10,4,22,10,1.0
DODA,10,4,23,10,1.0
DODA,10,4,23,10,1.0
DODA,10,4,23,10,1.0
DODA,10,4,24,10,1.0
DODA,10,4,24,10,1.0
DODA,10,4,24,10,1.0
DODA,10,4,25,10,1.0
DODA,10,4,25,10,1.0
DODA,10,4,25,10,1.0
DODA,10,4,5,10,1.0
DODA,10,4,5,10,1.0
DODA,10,4,5,10,1.0
DODA,10,4,6,10,1.0
DODA,10,4,6,10,1.0
DODA,10,4,6,10,1.0
DODA,10,4,7,10,1.0
DODA,10,4,7,10,1.0
DODA,10,4,7,10,1.0
DODA,10,4,8,10,1.0
DODA,10,4,8,10,1.0
DODA,10,4,8,10,1.0
DODA,10,4,9,10,1.0
DODA,10,4,9,10,1.0
DODA,10,4,9,10,1.0
DODA,10,4,10,10,1.0
DODA,10,4,10,10,1.0
DODA,10,4,10,10,1.0
DODA,10,4,11,10,1.0
DODA,10,4,11,10,1.0
DODA,10,4,11,10,1.0
DODA,10,4,12,10,1.0
DODA,10,4,12,10,1.0
DODA,10,4,12,10,1.0
DODA,10,4,13,10,1.0
DODA,10,4,13,10,1.0
DODA,10,4,13,10,1.0
DODA,10,4,14,10,1.0
DODA,10,4,14,10,1.0
DODA,10,4,14,10,1.0
DODA,10,4,15,10,1.0
DODA,10,4,15,10,1.0
DODA,10,4,15,10,1.0
DODA,10,4,16,10,1.0
DODA,10,4,16,10,1.0
DODA,10,4,16,10,1.0
DODA,10,4,17,10,1.0
DODA,10,4,17,10,1.0
DODA,10,4,17,10,1.0
DODA,10,4,18,10,1.0
DODA,10,4,18,10,1.0
DODA,10,4,18,10,1.0
DODA,10,4,19,10,1.0
DODA,10,4,19,10,1.0
DODA,10,4,19,10,1.0
DODA,10,4,20,10,1.0
DODA,10,4,20,10,1.0
DODA,10,4,20,10,1.0
DODA,10,4,21,10,1.0
DODA,10,4,21,10,1.0
DODA,10,4,21,10,1.0
DODA,10,4,22,10,1.0
DODA,10,4,22,10,1.0
DODA,10,4,22,10,1.0
DODA,10,4,23,10,1.0
DODA,10,4,23,10,1.0
DODA,10,4,23,10,1.0
DODA,10,4,24,10,1.0
DODA,10,4,24,10,1.0
DODA,10,4,24,10,1.0
DODA,10,4,25,10,1.0
DODA,10,4,25,10,1.0
DODA,10,4,25,10,1.0
DODA,10,5,5,10,1.0
DODA,10,5,5,10,1.0
DODA,10,5,6,10,1.0
DODA,10,5,6,10,1.0
DODA,10,5,6,10,1.0
DODA,10,5,7,10,1.0
DODA,10,5,7,10,1.0
DODA,10,5,7,10,1.0
DODA,10,5,8,10,1.0
DODA,10,5,8,10,1.0
DODA,10,5,8,10,1.0
DODA,10,5,9,10,1.0
DODA,10,5,9,10,1.0
DODA,10,5,9,10,1.0
DODA,10,5,10,10,1.0
DODA,10,5,10,10,1.0
DODA,10,5,10,10,1.0
DODA,10,5,11,10,1.0
DODA,10,5,11,10,1.0
DODA,10,5,11,10,1.0
DODA,10,5,12,10,1.0
DODA,10,5,12,10,1.0
DODA,10,5,12,10,1.0
DODA,10,5,13,10,1.0
DODA,10,5,13,10,1.0
DODA,10,5,13,10,1.0
DODA,10,5,14,10,1.0
DODA,10,5,14,10,1.0
DODA,10,5,14,10,1.0
DODA,10,5,15,10,1.0
DODA,10,5,15,10,1.0
DODA,10,5,15,10,1.0
DODA,10,5,16,10,1.0
DODA,10,5,16,10,1.0
DODA,10,5,16,10,1.0
DODA,10,5,17,10,1.0
DODA,10,5,17,10,1.0
DODA,10,5,17,10,1.0
DODA,10,5,18,10,1.0
DODA,10,5,18,10,1.0
DODA,10,5,18,10,1.0
DODA,10,5,19,10,1.0
DODA,10,5,19,10,1.0
DODA,10,5,19,10,1.0
DODA,10,5,20,10,1.0
DODA,10,5,20,10,1.0
DODA,10,5,20,10,1.0
DODA,10,5,21,10,1.0
DODA,10,5,21,10,1.0
DODA,10,5,21,10,1.0
DODA,10,5,22,10,1.0
DODA,10,5,22,10,1.0
DODA,10,5,22,10,1.0
DODA,10,5,23,10,1.0
DODA,10,5,23,10,1.0
DODA,10,5,23,10,1.0
DODA,10,5,24,10,1.0
DODA,10,5,24,10,1.0
DODA,10,5,24,10,1.0
DODA,10,5,25,10,1.0
DODA,10,5,25,10,1.0
DODA,10,5,25,10,1.0
DODA,10,5,5,10,1.0
DODA,10,5,6,10,1.0
DODA,10,5,6,10,1.0
DODA,10,5,6,10,1.0
DODA,10,5,7,10,1.0
DODA,10,5,7,10,1.0
DODA,10,5,7,10,1.0
DODA,10,5,8,10,1.0
DODA,10,5,8,10,1.0
DODA,10,5,8,10,1.0
DODA,10,5,9,10,1.0
DODA,10,5,9,10,1.0
DODA,10,5,9,10,1.0
DODA,10,5,10,10,1.0
DODA,10,5,10,10,1.0
DODA,10,5,10,10,1.0
DODA,10,5,11,10,1.0
DODA,10,5,11,10,1.0
DODA,10,5,11,10,1.0
DODA,10,5,12,10,1.0
DODA,10,5,12,10,1.0
DODA,10,5,12,10,1.0
DODA,10,5,13,10,1.0
DODA,10,5,13,10,1.0
DODA,10,5,13,10,1.0
DODA,10,5,14,10,1.0
DODA,10,5,14,10,1.0
DODA,10,5,14,10,1.0
DODA,10,5,15,10,1.0
DODA,10,5,15,10,1.0
DODA,10,5,15,10,1.0
DODA,10,5,16,10,1.0
DODA,10,5,16,10,1.0
DODA,10,5,16,10,1.0
DODA,10,5,17,10,1.0
DODA,10,5,17,10,1.0
DODA,10,5,17,10,1.0
DODA,10,5,18,10,1.0
DODA,10,5,18,10,1.0
DODA,10,5,18,10,1.0
DODA,10,5,19,10,1.0
DODA,10,5,19,10,1.0
DODA,10,5,19,10,1.0
DODA,10,5,20,10,1.0
DODA,10,5,20,10,1.0
DODA,10,5,20,10,1.0
DODA,10,5,21,10,1.0
DODA,10,5,21,10,1.0
DODA,10,5,21,10,1.0
DODA,10,5,22,10,1.0
DODA,10,5,22,10,1.0
DODA,10,5,22,10,1.0
DODA,10,5,23,10,1.0
DODA,10,5,23,10,1.0
DODA,10,5,23,10,1.0
DODA,10,5,24,10,1.0
DODA,10,5,24,10,1.0
DODA,10,5,24,10,1.0
DODA,10,5,25,10,1.0
DODA,10,5,25,10,1.0
DODA,10,5,25,10,1.0
DODA,10,5,6,10,1.0
DODA,10,5,6,10,1.0
DODA,10,5,6,10,1.0
DODA,10,5,7,10,1.0
DODA,10,5,7,10,1.0
DODA,10,5,7,10,1.0
DODA,10,5,8,10,1.0
DODA,10,5,8,10,1.0
DODA,10,5,8,10,1.0
DODA,10,5,9,10,1.0
DODA,10,5,9,10,1.0
DODA,10,5,9,10,1.0
DODA,10,5,10,10,1.0
DODA,10,5,10,10,1.0
DODA,10,5,10,10,1.0
DODA,10,5,11,10,1.0
DODA,10,5,11,10,1.0
DODA,10,5,11,10,1.0
DODA,10,5,12,10,1.0
DODA,10,5,12,10,1.0
DODA,10,5,12,10,1.0
DODA,10,5,13,10,1.0
DODA,10,5,13,10,1.0
DODA,10,5,13,10,1.0
DODA,10,5,14,10,1.0
DODA,10,5,14,10,1.0
DODA,10,5,14,10,1.0
DODA,10,5,15,10,1.0
DODA,10,5,15,10,1.0
DODA,10,5,15,10,1.0
DODA,10,5,16,10,1.0
DODA,10,5,16,10,1.0
DODA,10,5,16,10,1.0
DODA,10,5,17,10,1.0
DODA,10,5,17,10,1.0
DODA,10,5,17,10,1.0
DODA,10,5,18,10,1.0
DODA,10,5,18,10,1.0
DODA,10,5,18,10,1.0
DODA,10,5,19,10,1.0
DODA,10,5,19,10,1.0
DODA,10,5,19,10,1.0
DODA,10,5,20,10,1.0
DODA,10,5,20,10,1.0
DODA,10,5,20,10,1.0
DODA,10,5,21,10,1.0
DODA,10,5,21,10,1.0
DODA,10,5,21,10,1.0
DODA,10,5,22,10,1.0
DODA,10,5,22,10,1.0
DODA,10,5,22,10,1.0
DODA,10,5,23,10,1.0
DODA,10,5,23,10,1.0
DODA,10,5,23,10,1.0
DODA,10,5,24,10,1.0
DODA,10,5,24,10,1.0
DODA,10,5,24,10,1.0
DODA,10,5,25,10,1.0
DODA,10,5,25,10,1.0
DODA,10,5,25,10,1.0
DODA,10,6,6,10,1.0
DODA,10,6,6,10,1.0
DODA,10,6,7,10,1.0
DODA,10,6,7,10,1.0
DODA,10,6,7,10,1.0
DODA,10,6,8,10,1.0
DODA,10,6,8,10,1.0
DODA,10,6,8,10,1.0
DODA,10,6,9,10,1.0
DODA,10,6,9,10,1.0
DODA,10,6,9,10,1.0
DODA,10,6,10,10,1.0
DODA,10,6,10,10,1.0
DODA,10,6,10,10,1.0
DODA,10,6,11,10,1.0
DODA,10,6,11,10,1.0
DODA,10,6,11,10,1.0
DODA,10,6,12,10,1.0
DODA,10,6,12,10,1.0
DODA,10,6,12,10,1.0
DODA,10,6,13,10,1.0
DODA,10,6,13,10,1.0
DODA,10,6,13,10,1.0
DODA,10,6,14,10,1.0
DODA,10,6,14,10,1.0
DODA,10,6,14,10,1.0
DODA,10,6,15,10,1.0
DODA,10,6,15,10,1.0
DODA,10,6,15,10,1.0
DODA,10,6,16,10,1.0
DODA,10,6,16,10,1.0
DODA,10,6,16,10,1.0
DODA,10,6,17,10,1.0
DODA,10,6,17,10,1.0
DODA,10,6,17,10,1.0
DODA,10,6,18,10,1.0
DODA,10,6,18,10,1.0
DODA,10,6,18,10,1.0
DODA,10,6,19,10,1.0
DODA,10,6,19,10,1.0
DODA,10,6,19,10,1.0
DODA,10,6,20,10,1.0
DODA,10,6,20,10,1.0
DODA,10,6,20,10,1.0
DODA,10,6,21,10,1.0
DODA,10,6,21,10,1.0
DODA,10,6,21,10,1.0
DODA,10,6,22,10,1.0
DODA,10,6,22,10,1.0
DODA,10,6,22,10,1.0
DODA,10,6,23,10,1.0
DODA,10,6,23,10,1.0
DODA,10,6,23,10,1.0
DODA,10,6,24,10,1.0
DODA,10,6,24,10,1.0
DODA,10,6,24,10,1.0
DODA,10,6,25,10,1.0
DODA,10,6,25,10,1.0
DODA,10,6,25,10,1.0
DODA,10,6,6,10,1.0
DODA,10,6,7,10,1.0
DODA,10,6,7,10,1.0
DODA,10,6,7,10,1.0
DODA,10,6,8,10,1.0
DODA,10,6,8,10,1.0
DODA,10,6,8,10,1.0
DODA,10,6,9,10,1.0
DODA,10,6,9,10,1.0
DODA,10,6,9,10,1.0
DODA,10,6,10,10,1.0
DODA,10,6,10,10,1.0
DODA,10,6,10,10,1.0
DODA,10,6,11,10,1.0
DODA,10,6,11,10,1.0
DODA,10,6,11,10,1.0
DODA,10,6,12,10,1.0
DODA,10,6,12,10,1.0
DODA,10,6,12,10,1.0
DODA,10,6,13,10,1.0
DODA,10,6,13,10,1.0
DODA,10,6,13,10,1.0
DODA,10,6,14,10,1.0
DODA,10,6,14,10,1.0
DODA,10,6,14,10,1.0
DODA,10,6,15,10,1.0
DODA,10,6,15,10,1.0
DODA,10,6,15,10,1.0
DODA,10,6,16,10,1.0
DODA,10,6,16,10,1.0
DODA,10,6,16,10,1.0
DODA,10,6,17,10,1.0
DODA,10,6,17,10,1.0
DODA,10,6,17,10,1.0
DODA,10,6,18,10,1.0
DODA,10,6,18,10,1.0
DODA,10,6,18,10,1.0
DODA,10,6,19,10,1.0
DODA,10,6,19,10,1.0
DODA,10,6,19,10,1.0
DODA,10,6,20,10,1.0
DODA,10,6,20,10,1.0
DODA,10,6,20,10,1.0
DODA,10,6,21,10,1.0
DODA,10,6,21,10,1.0
DODA,10,6,21,10,1.0
DODA,10,6,22,10,1.0
DODA,10,6,22,10,1.0
DODA,10,6,22,10,1.0
DODA,10,6,23,10,1.0
DODA,10,6,23,10,1.0
DODA,10,6,23,10,1.0
DODA,10,6,24,10,1.0
DODA,10,6,24,10,1.0
DODA,10,6,24,10,1.0
DODA,10,6,25,10,1.0
DODA,10,6,25,10,1.0
DODA,10,6,25,10,1.0
DODA,10,6,7,10,1.0
DODA,10,6,7,10,1.0
DODA,10,6,7,10,1.0
DODA,10,6,8,10,1.0
DODA,10,6,8,10,1.0
DODA,10,6,8,10,1.0
DODA,10,6,9,10,1.0
DODA,10,6,9,10,1.0
DODA,10,6,9,10,1.0
DODA,10,6,10,10,1.0
DODA,10,6,10,10,1.0
DODA,10,6,10,10,1.0
DODA,10,6,11,10,1.0
DODA,10,6,11,10,1.0
DODA,10,6,11,10,1.0
DODA,10,6,12,10,1.0
DODA,10,6,12,10,1.0
DODA,10,6,12,10,1.0
DODA,10,6,13,10,1.0
DODA,10,6,13,10,1.0
DODA,10,6,13,10,1.0
DODA,10,6,14,10,1.0
DODA,10,6,14,10,1.0
DODA,10,6,14,10,1.0
DODA,10,6,15,10,1.0
DODA,10,6,15,10,1.0
DODA,10,6,15,10,1.0
DODA,10,6,16,10,1.0
DODA,10,6,16,10,1.0
DODA,10,6,16,10,1.0
DODA,10,6,17,10,1.0
DODA,10,6,17,10,1.0
DODA,10,6,17,10,1.0
DODA,10,6,18,10,1.0
DODA,10,6,18,10,1.0
DODA,10,6,18,10,1.0
DODA,10,6,19,10,1.0
DODA,10,6,19,10,1.0
DODA,10,6,19,10,1.0
DODA,10,6,20,10,1.0
DODA,10,6,20,10,1.0
DODA,10,6,20,10,1.0
DODA,10,6,21,10,1.0
DODA,10,6,21,10,1.0
DODA,10,6,21,10,1.0
DODA,10,6,22,10,1.0
DODA,10,6,22,10,1.0
DODA,10,6,22,10,1.0
DODA,10,6,23,10,1.0
DODA,10,6,23,10,1.0
DODA,10,6,23,10,1.0
DODA,10,6,24,10,1.0
DODA,10,6,24,10,1.0
DODA,10,6,24,10,1.0
DODA,10,6,25,10,1.0
DODA,10,6,25,10,1.0
DODA,10,6,25,10,1.0
DODA,10,7,7,10,1.0
DODA,10,7,7,10,1.0
DODA,10,7,8,10,1.0
DODA,10,7,8,10,1.0
DODA,10,7,8,10,1.0
DODA,10,7,9,10,1.0
DODA,10,7,9,10,1.0
DODA,10,7,9,10,1.0
DODA,10,7,10,10,1.0
DODA,10,7,10,10,1.0
DODA,10,7,10,10,1.0
DODA,10,7,11,10,1.0
DODA,10,7,11,10,1.0
DODA,10,7,11,10,1.0
DODA,10,7,12,10,1.0
DODA,10,7,12,10,1.0
DODA,10,7,12,10,1.0
DODA,10,7,13,10,1.0
DODA,10,7,13,10,1.0
DODA,10,7,13,10,1.0
DODA,10,7,14,10,1.0
DODA,10,7,14,10,1.0
DODA,10,7,14,10,1.0
DODA,10,7,15,10,1.0
DODA,10,7,15,10,1.0
DODA,10,7,15,10,1.0
DODA,10,7,16,10,1.0
DODA,10,7,16,10,1.0
DODA,10,7,16,10,1.0
DODA,10,7,17,10,1.0
DODA,10,7,17,10,1.0
DODA,10,7,17,10,1.0
DODA,10,7,18,10,1.0
DODA,10,7,18,10,1.0
DODA,10,7,18,10,1.0
DODA,10,7,19,10,1.0
DODA,10,7,19,10,1.0
DODA,10,7,19,10,1.0
DODA,10,7,20,10,1.0
DODA,10,7,20,10,1.0
DODA,10,7,20,10,1.0
DODA,10,7,21,10,1.0
DODA,10,7,21,10,1.0
DODA,10,7,21,10,1.0
DODA,10,7,22,10,1.0
DODA,10,7,22,10,1.0
DODA,10,7,22,10,1.0
DODA,10,7,23,10,1.0
DODA,10,7,23,10,1.0
DODA,10,7,23,10,1.0
DODA,10,7,24,10,1.0
DODA,10,7,24,10,1.0
DODA,10,7,24,10,1.0
DODA,10,7,25,10,1.0
DODA,10,7,25,10,1.0
DODA,10,7,25,10,1.0
DODA,10,7,7,10,1.0
DODA,10,7,8,10,1.0
DODA,10,7,8,10,1.0
DODA,10,7,8,10,1.0
DODA,10,7,9,10,1.0
DODA,10,7,9,10,1.0
DODA,10,7,9,10,1.0
DODA,10,7,10,10,1.0
DODA,10,7,10,10,1.0
DODA,10,7,10,10,1.0
DODA,10,7,11,10,1.0
DODA,10,7,11,10,1.0
DODA,10,7,11,10,1.0
DODA,10,7,12,10,1.0
DODA,10,7,12,10,1.0
DODA,10,7,12,10,1.0
DODA,10,7,13,10,1.0
DODA,10,7,13,10,1.0
DODA,10,7,13,10,1.0
DODA,10,7,14,10,1.0
DODA,10,7,14,10,1.0
DODA,10,7,14,10,1.0
DODA,10,7,15,10,1.0
DODA,10,7,15,10,1.0
DODA,10,7,15,10,1.0
DODA,10,7,16,10,1.0
DODA,10,7,16,10,1.0
DODA,10,7,16,10,1.0
DODA,10,7,17,10,1.0
DODA,10,7,17,10,1.0
DODA,10,7,17,10,1.0
DODA,10,7,18,10,1.0
DODA,10,7,18,10,1.0
DODA,10,7,18,10,1.0
DODA,10,7,19,10,1.0
DODA,10,7,19,10,1.0
DODA,10,7,19,10,1.0
DODA,10,7,20,10,1.0
DODA,10,7,20,10,1.0
DODA,10,7,20,10,1.0
DODA,10,7,21,10,1.0
DODA,10,7,21,10,1.0
DODA,10,7,21,10,1.0
DODA,10,7,22,10,1.0
DODA,10,7,22,10,1.0
DODA,10,7,22,10,1.0
DODA,10,7,23,10,1.0
DODA,10,7,23,10,1.0
DODA,10,7,23,10,1.0
DODA,10,7,24,10,1.0
DODA,10,7,24,10,1.0
DODA,10,7,24,10,1.0
DODA,10,7,25,10,1.0
DODA,10,7,25,10,1.0
DODA,10,7,25,10,1.0
DODA,10,7,8,10,1.0
DODA,10,7,8,10,1.0
DODA,10,7,8,10,1.0
DODA,10,7,9,10,1.0
DODA,10,7,9,10,1.0
DODA,10,7,9,10,1.0
DODA,10,7,10,10,1.0
DODA,10,7,10,10,1.0
DODA,10,7,10,10,1.0
DODA,10,7,11,10,1.0
DODA,10,7,11,10,1.0
DODA,10,7,11,10,1.0
DODA,10,7,12,10,1.0
DODA,10,7,12,10,1.0
DODA,10,7,12,10,1.0
DODA,10,7,13,10,1.0
DODA,10,7,13,10,1.0
DODA,10,7,13,10,1.0
DODA,10,7,14,10,1.0
DODA,10,7,14,10,1.0
DODA,10,7,14,10,1.0
DODA,10,7,15,10,1.0
DODA,10,7,15,10,1.0
DODA,10,7,15,10,1.0
DODA,10,7,16,10,1.0
DODA,10,7,16,10,1.0
DODA,10,7,16,10,1.0
DODA,10,7,17,10,1.0
DODA,10,7,17,10,1.0
DODA,10,7,17,10,1.0
DODA,10,7,18,10,1.0
DODA,10,7,18,10,1.0
DODA,10,7,18,10,1.0
DODA,10,7,19,10,1.0
DODA,10,7,19,10,1.0
DODA,10,7,19,10,1.0
DODA,10,7,20,10,1.0
DODA,10,7,20,10,1.0
DODA,10,7,20,10,1.0
DODA,10,7,21,10,1.0
DODA,10,7,21,10,1.0
DODA,10,7,21,10,1.0
DODA,10,7,22,10,1.0
DODA,10,7,22,10,1.0
DODA,10,7,22,10,1.0
DODA,10,7,23,10,1.0
DODA,10,7,23,10,1.0
DODA,10,7,23,10,1.0
DODA,10,7,24,10,1.0
DODA,10,7,24,10,1.0
DODA,10,7,24,10,1.0
DODA,10,7,25,10,1.0
DODA,10,7,25,10,1.0
DODA,10,7,25,10,1.0
DODA,10,8,8,10,1.0
DODA,10,8,8,10,1.0
DODA,10,8,9,10,1.0
DODA,10,8,9,10,1.0
DODA,10,8,9,10,1.0
DODA,10,8,10,10,1.0
DODA,10,8,10,10,1.0
DODA,10,8,10,10,1.0
DODA,10,8,11,10,1.0
DODA,10,8,11,10,1.0
DODA,10,8,11,10,1.0
DODA,10,8,12,10,1.0
DODA,10,8,12,10,1.0
DODA,10,8,12,10,1.0
DODA,10,8,13,10,1.0
DODA,10,8,13,10,1.0
DODA,10,8,13,10,1.0
DODA,10,8,14,10,1.0
DODA,10,8,14,10,1.0
DODA,10,8,14,10,1.0
DODA,10,8,15,10,1.0
DODA,10,8,15,10,1.0
DODA,10,8,15,10,1.0
DODA,10,8,16,10,1.0
DODA,10,8,16,10,1.0
DODA,10,8,16,10,1.0
DODA,10,8,17,10,1.0
DODA,10,8,17,10,1.0
DODA,10,8,17,10,1.0
DODA,10,8,18,10,1.0
DODA,10,8,18,10,1.0
DODA,10,8,18,10,1.0
DODA,10,8,19,10,1.0
DODA,10,8,19,10,1.0
DODA,10,8,19,10,1.0
DODA,10,8,20,10,1.0
DODA,10,8,20,10,1.0
DODA,10,8,20,10,1.0
DODA,10,8,21,10,1.0
DODA,10,8,21,10,1.0
DODA,10,8,21,10,1.0
DODA,10,8,22,10,1.0
DODA,10,8,22,10,1.0
DODA,10,8,22,10,1.0
DODA,10,8,23,10,1.0
DODA,10,8,23,10,1.0
DODA,10,8,23,10,1.0
DODA,10,8,24,10,1.0
DODA,10,8,24,10,1.0
DODA,10,8,24,10,1.0
DODA,10,8,25,10,1.0
DODA,10,8,25,10,1.0
DODA,10,8,25,10,1.0
DODA,10,8,8,10,1.0
DODA,10,8,9,10,1.0
DODA,10,8,9,10,1.0
DODA,10,8,9,10,1.0
DODA,10,8,10,10,1.0
DODA,10,8,10,10,1.0
DODA,10,8,10,10,1.0
DODA,10,8,11,10,1.0
DODA,10,8,11,10,1.0
DODA,10,8,11,10,1.0
DODA,10,8,12,10,1.0
DODA,10,8,12,10,1.0
DODA,10,8,12,10,1.0
DODA,10,8,13,10,1.0
DODA,10,8,13,10,1.0
DODA,10,8,13,10,1.0
DODA,10,8,14,10,1.0
DODA,10,8,14,10,1.0
DODA,10,8,14,10,1.0
DODA,10,8,15,10,1.0
DODA,10,8,15,10,1.0
DODA,10,8,15,10,1.0
DODA,10,8,16,10,1.0
DODA,10,8,16,10,1.0
DODA,10,8,16,10,1.0
DODA,10,8,17,10,1.0
DODA,10,8,17,10,1.0
DODA,10,8,17,10,1.0
DODA,10,8,18,10,1.0
DODA,10,8,18,10,1.0
DODA,10,8,18,10,1.0
DODA,10,8,19,10,1.0
DODA,10,8,19,10,1.0
DODA,10,8,19,10,1.0
DODA,10,8,20,10,1.0
DODA,10,8,20,10,1.0
DODA,10,8,20,10,1.0
DODA,10,8,21,10,1.0
DODA,10,8,21,10,1.0
DODA,10,8,21,10,1.0
DODA,10,8,22,10,1.0
DODA,10,8,22,10,1.0
DODA,10,8,22,10,1.0
DODA,10,8,23,10,1.0
DODA,10,8,23,10,1.0
DODA,10,8,23,10,1.0
DODA,10,8,24,10,1.0
DODA,10,8,24,10,1.0
DODA,10,8,24,10,1.0
DODA,10,8,25,10,1.0
DODA,10,8,25,10,1.0
DODA,10,8,25,10,1.0
DODA,10,8,9,10,1.0
DODA,10,8,9,10,1.0
DODA,10,8,9,10,1.0
DODA,10,8,10,10,1.0
DODA,10,8,10,10,1.0
DODA,10,8,10,10,1.0
DODA,10,8,11,10,1.0
DODA,10,8,11,10,1.0
DODA,10,8,11,10,1.0
DODA,10,8,12,10,1.0
DODA,10,8,12,10,1.0
DODA,10,8,12,10,1.0
DODA,10,8,13,10,1.0
DODA,10,8,13,10,1.0
DODA,10,8,13,10,1.0
DODA,10,8,14,10,1.0
DODA,10,8,14,10,1.0
DODA,10,8,14,10,1.0
DODA,10,8,15,10,1.0
DODA,10,8,15,10,1.0
DODA,10,8,15,10,1.0
DODA,10,8,16,10,1.0
DODA,10,8,16,10,1.0
DODA,10,8,16,10,1.0
DODA,10,8,17,10,1.0
DODA,10,8,17,10,1.0
DODA,10,8,17,10,1.0
DODA,10,8,18,10,1.0
DODA,10,8,18,10,1.0
DODA,10,8,18,10,1.0
DODA,10,8,19,10,1.0
DODA,10,8,19,10,1.0
DODA,10,8,19,10,1.0
DODA,10,8,20,10,1.0
DODA,10,8,20,10,1.0
DODA,10,8,20,10,1.0
DODA,10,8,21,10,1.0
DODA,10,8,21,10,1.0
DODA,10,8,21,10,1.0
DODA,10,8,22,10,1.0
DODA,10,8,22,10,1.0
DODA,10,8,22,10,1.0
DODA,10,8,23,10,1.0
DODA,10,8,23,10,1.0
DODA,10,8,23,10,1.0
DODA,10,8,24,10,1.0
DODA,10,8,24,10,1.0
DODA,10,8,24,10,1.0
DODA,10,8,25,10,1.0
DODA,10,8,25,10,1.0
DODA,10,8,25,10,1.0
DODA,10,9,9,10,1.0
DODA,10,9,9,10,1.0
DODA,10,9,10,10,1.0
DODA,10,9,10,10,1.0
DODA,10,9,10,10,1.0
DODA,10,9,11,10,1.0
DODA,10,9,11,10,1.0
DODA,10,9,11,10,1.0
DODA,10,9,12,10,1.0
DODA,10,9,12,10,1.0
DODA,10,9,12,10,1.0
DODA,10,9,13,10,1.0
DODA,10,9,13,10,1.0
DODA,10,9,13,10,1.0
DODA,10,9,14,10,1.0
DODA,10,9,14,10,1.0
DODA,10,9,14,10,1.0
DODA,10,9,15,10,1.0
DODA,10,9,15,10,1.0
DODA,10,9,15,10,1.0
DODA,10,9,16,10,1.0
DODA,10,9,16,10,1.0
DODA,10,9,16,10,1.0
DODA,10,9,17,10,1.0
DODA,10,9,17,10,1.0
DODA,10,9,17,10,1.0
DODA,10,9,18,10,1.0
DODA,10,9,18,10,1.0
DODA,10,9,18,10,1.0
DODA,10,9,19,10,1.0
DODA,10,9,19,10,1.0
DODA,10,9,19,10,1.0
DODA,10,9,20,10,1.0
DODA,10,9,20,10,1.0
DODA,10,9,20,10,1.0
DODA,10,9,21,10,1.0
DODA,10,9,21,10,1.0
DODA,10,9,21,10,1.0
DODA,10,9,22,10,1.0
DODA,10,9,22,10,1.0
DODA,10,9,22,10,1.0
DODA,10,9,23,10,1.0
DODA,10,9,23,10,1.0
DODA,10,9,23,10,1.0
DODA,10,9,24,10,1.0
DODA,10,9,24,10,1.0
DODA,10,9,24,10,1.0
DODA,10,9,25,10,1.0
DODA,10,9,25,10,1.0
DODA,10,9,25,10,1.0
DODA,10,9,9,10,1.0
DODA,10,9,10,10,1.0
DODA,10,9,10,10,1.0
DODA,10,9,10,10,1.0
DODA,10,9,11,10,1.0
DODA,10,9,11,10,1.0
DODA,10,9,11,10,1.0
DODA,10,9,12,10,1.0
DODA,10,9,12,10,1.0
DODA,10,9,12,10,1.0
DODA,10,9,13,10,1.0
DODA,10,9,13,10,1.0
DODA,10,9,13,10,1.0
DODA,10,9,14,10,1.0
DODA,10,9,14,10,1.0
DODA,10,9,14,10,1.0
DODA,10,9,15,10,1.0
DODA,10,9,15,10,1.0
DODA,10,9,15,10,1.0
DODA,10,9,16,10,1.0
DODA,10,9,16,10,1.0
DODA,10,9,16,10,1.0
DODA,10,9,17,10,1.0
DODA,10,9,17,10,1.0
DODA,10,9,17,10,1.0
DODA,10,9,18,10,1.0
DODA,10,9,18,10,1.0
DODA,10,9,18,10,1.0
DODA,10,9,19,10,1.0
DODA,10,9,19,10,1.0
DODA,10,9,19,10,1.0
DODA,10,9,20,10,1.0
DODA,10,9,20,10,1.0
DODA,10,9,20,10,1.0
DODA,10,9,21,10,1.0
DODA,10,9,21,10,1.0
DODA,10,9,21,10,1.0
DODA,10,9,22,10,1.0
DODA,10,9,22,10,1.0
DODA,10,9,22,10,1.0
DODA,10,9,23,10,1.0
DODA,10,9,23,10,1.0
DODA,10,9,23,10,1.0
DODA,10,9,24,10,1.0
DODA,10,9,24,10,1.0
DODA,10,9,24,10,1.0
DODA,10,9,25,10,1.0
DODA,10,9,25,10,1.0
DODA,10,9,25,10,1.0
DODA,10,9,10,10,1.0
DODA,10,9,10,10,1.0
DODA,10,9,10,10,1.0
DODA,10,9,11,10,1.0
DODA,10,9,11,10,1.0
DODA,10,9,11,10,1.0
DODA,10,9,12,10,1.0
DODA,10,9,12,10,1.0
DODA,10,9,12,10,1.0
DODA,10,9,13,10,1.0
DODA,10,9,13,10,1.0
DODA,10,9,13,10,1.0
DODA,10,9,14,10,1.0
DODA,10,9,14,10,1.0
DODA,10,9,14,10,1.0
DODA,10,9,15,10,1.0
DODA,10,9,15,10,1.0
DODA,10,9,15,10,1.0
DODA,10,9,16,10,1.0
DODA,10,9,16,10,1.0
DODA,10,9,16,10,1.0
DODA,10,9,17,10,1.0
DODA,10,9,17,10,1.0
DODA,10,9,17,10,1.0
DODA,10,9,18,10,1.0
DODA,10,9,18,10,1.0
DODA,10,9,18,10,1.0
DODA,10,9,19,10,1.0
DODA,10,9,19,10,1.0
DODA,10,9,19,10,1.0
DODA,10,9,20,10,1.0
DODA,10,9,20,10,1.0
DODA,10,9,20,10,1.0
DODA,10,9,21,10,1.0
DODA,10,9,21,10,1.0
DODA,10,9,21,10,1.0
DODA,10,9,22,10,1.0
DODA,10,9,22,10,1.0
DODA,10,9,22,10,1.0
DODA,10,9,23,10,1.0
DODA,10,9,23,10,1.0
DODA,10,9,23,10,1.0
DODA,10,9,24,10,1.0
DODA,10,9,24,10,1.0
DODA,10,9,24,10,1.0
DODA,10,9,25,10,1.0
DODA,10,9,25,10,1.0
DODA,10,9,25,10,1.0
DODA,10,10,10,10,1.0
DODA,10,10,10,10,1.0
DODA,10,10,11,10,1.0
DODA,10,10,11,10,1.0
DODA,10,10,11,10,1.0
DODA,10,10,12,10,1.0
DODA,10,10,12,10,1.0
DODA,10,10,12,10,1.0
DODA,10,10,13,10,1.0
DODA,10,10,13,10,1.0
DODA,10,10,13,10,1.0
DODA,10,10,14,10,1.0
DODA,10,10,14,10,1.0
DODA,10,10,14,10,1.0
DODA,10,10,15,10,1.0
DODA,10,10,15,10,1.0
DODA,10,10,15,10,1.0
DODA,10,10,16,10,1.0
DODA,10,10,16,10,1.0
DODA,10,10,16,10,1.0
DODA,10,10,17,10,1.0
DODA,10,10,17,10,1.0
DODA,10,10,17,10,1.0
DODA,10,10,18,10,1.0
DODA,10,10,18,10,1.0
DODA,10,10,18,10,1.0
DODA,10,10,19,10,1.0
DODA,10,10,19,10,1.0
DODA,10,10,19,10,1.0
DODA,10,10,20,10,1.0
DODA,10,10,20,10,1.0
DODA,10,10,20,10,1.0
DODA,10,10,21,10,1.0
DODA,10,10,21,10,1.0
DODA,10,10,21,10,1.0
DODA,10,10,22,10,1.0
DODA,10,10,22,10,1.0
DODA,10,10,22,10,1.0
DODA,10,10,23,10,1.0
DODA,10,10,23,10,1.0
DODA,10,10,23,10,1.0
DODA,10,10,24,10,1.0
DODA,10,10,24,10,1.0
DODA,10,10,24,10,1.0
DODA,10,10,25,10,1.0
DODA,10,10,25,10,1.0
DODA,10,10,25,10,1.0
DODA,10,10,10,10,1.0
DODA,10,10,11,10,1.0
DODA,10,10,11,10,1.0
DODA,10,10,11,10,1.0
DODA,10,10,12,10,1.0
DODA,10,10,12,10,1.0
DODA,10,10,12,10,1.0
DODA,10,10,13,10,1.0
DODA,10,10,13,10,1.0
DODA,10,10,13,10,1.0
DODA,10,10,14,10,1.0
DODA,10,10,14,10,1.0
DODA,10,10,14,10,1.0
DODA,10,10,15,10,1.0
DODA,10,10,15,10,1.0
DODA,10,10,15,10,1.0
DODA,10,10,16,10,1.0
DODA,10,10,16,10,1.0
DODA,10,10,16,10,1.0
DODA,10,10,17,10,1.0
DODA,10,10,17,10,1.0
DODA,10,10,17,10,1.0
DODA,10,10,18,10,1.0
DODA,10,10,18,10,1.0
DODA,10,10,18,10,1.0
DODA,10,10,19,10,1.0
DODA,10,10,19,10,1.0
DODA,10,10,19,10,1.0
DODA,10,10,20,10,1.0
DODA,10,10,20,10,1.0
DODA,10,10,20,10,1.0
DODA,10,10,21,10,1.0
DODA,10,10,21,10,1.0
DODA,10,10,21,10,1.0
DODA,10,10,22,10,1.0
DODA,10,10,22,10,1.0
DODA,10,10,22,10,1.0
DODA,10,10,23,10,1.0
DODA,10,10,23,10,1.0
DODA,10,10,23,10,1.0
DODA,10,10,24,10,1.0
DODA,10,10,24,10,1.0
DODA,10,10,24,10,1.0
DODA,10,10,25,10,1.0
DODA,10,10,25,10,1.0
DODA,10,10,25,10,1.0
DODA,10,10,11,10,1.0
DODA,10,10,11,10,1.0
DODA,10,10,11,10,1.0
DODA,10,10,12,10,1.0
DODA,10,10,12,10,1.0
DODA,10,10,12,10,1.0
DODA,10,10,13,10,1.0
DODA,10,10,13,10,1.0
DODA,10,10,13,10,1.0
DODA,10,10,14,10,1.0
DODA,10,10,14,10,1.0
DODA,10,10,14,10,1.0
DODA,10,10,15,10,1.0
DODA,10,10,15,10,1.0
DODA,10,10,15,10,1.0
DODA,10,10,16,10,1.0
DODA,10,10,16,10,1.0
DODA,10,10,16,10,1.0
DODA,10,10,17,10,1.0
DODA,10,10,17,10,1.0
DODA,10,10,17,10,1.0
DODA,10,10,18,10,1.0
DODA,10,10,18,10,1.0
DODA,10,10,18,10,1.0
DODA,10,10,19,10,1.0
DODA,10,10,19,10,1.0
DODA,10,10,19,10,1.0
DODA,10,10,20,10,1.0
DODA,10,10,20,10,1.0
DODA,10,10,20,10,1.0
DODA,10,10,21,10,1.0
DODA,10,10,21,10,1.0
DODA,10,10,21,10,1.0
DODA,10,10,22,10,1.0
DODA,10,10,22,10,1.0
DODA,10,10,22,10,1.0
DODA,10,10,23,10,1.0
DODA,10,10,23,10,1.0
DODA,10,10,23,10,1.0
DODA,10,10,24,10,1.0
DODA,10,10,24,10,1.0
DODA,10,10,24,10,1.0
DODA,10,10,25,10,1.0
DODA,10,10,25,10,1.0
DODA,10,10,25,10,1.0
DODA,10,11,11,10,1.0
DODA,10,11,11,10,1.0
DODA,10,11,12,10,1.0
DODA,10,11,12,10,1.0
DODA,10,11,12,10,1.0
DODA,10,11,13,10,1.0
DODA,10,11,13,10,1.0
DODA,10,11,13,10,1.0
DODA,10,11,14,10,1.0
DODA,10,11,14,10,1.0
DODA,10,11,14,10,1.0
DODA,10,11,15,10,1.0
DODA,10,11,15,10,1.0
DODA,10,11,15,10,1.0
DODA,10,11,16,10,1.0
DODA,10,11,16,10,1.0
DODA,10,11,16,10,1.0
DODA,10,11,17,10,1.0
DODA,10,11,17,10,1.0
DODA,10,11,17,10,1.0
DODA,10,11,18,10,1.0
DODA,10,11,18,10,1.0
DODA,10,11,18,10,1.0
DODA,10,11,19,10,1.0
DODA,10,11,19,10,1.0
DODA,10,11,19,10,1.0
DODA,10,11,20,10,1.0
DODA,10,11,20,10,1.0
DODA,10,11,20,10,1.0
DODA,10,11,21,10,1.0
DODA,10,11,21,10,1.0
DODA,10,11,21,10,1.0
DODA,10,11,22,10,1.0
DODA,10,11,22,10,1.0
DODA,10,11,22,10,1.0
DODA,10,11,23,10,1.0
DODA,10,11,23,10,1.0
DODA,10,11,23,10,1.0
DODA,10,11,24,10,1.0
DODA,10,11,24,10,1.0
DODA,10,11,24,10,1.0
DODA,10,11,25,10,1.0
DODA,10,11,25,10,1.0
DODA,10,11,25,10,1.0
DODA,10,11,11,10,1.0
DODA,10,11,12,10,1.0
DODA,10,11,12,10,1.0
DODA,10,11,12,10,1.0
DODA,10,11,13,10,1.0
DODA,10,11,13,10,1.0
DODA,10,11,13,10,1.0
DODA,10,11,14,10,1.0
DODA,10,11,14,10,1.0
DODA,10,11,14,10,1.0
DODA,10,11,15,10,1.0
DODA,10,11,15,10,1.0
DODA,10,11,15,10,1.0
DODA,10,11,16,10,1.0
DODA,10,11,16,10,1.0
DODA,10,11,16,10,1.0
DODA,10,11,17,10,1.0
DODA,10,11,17,10,1.0
DODA,10,11,17,10,1.0
DODA,10,11,18,10,1.0
DODA,10,11,18,10,1.0
DODA,10,11,18,10,1.0
DODA,10,11,19,10,1.0
DODA,10,11,19,10,1.0
DODA,10,11,19,10,1.0
DODA,10,11,20,10,1.0
DODA,10,11,20,10,1.0
DODA,10,11,20,10,1.0
DODA,10,11,21,10,1.0
DODA,10,11,21,10,1.0
DODA,10,11,21,10,1.0
DODA,10,11,22,10,1.0
DODA,10,11,22,10,1.0
DODA,10,11,22,10,1.0
DODA,10,11,23,10,1.0
DODA,10,11,23,10,1.0
DODA,10,11,23,10,1.0
DODA,10,11,24,10,1.0
DODA,10,11,24,10,1.0
DODA,10,11,24,10,1.0
DODA,10,11,25,10,1.0
DODA,10,11,25,10,1.0
DODA,10,11,25,10,1.0
DODA,10,11,12,10,1.0
DODA,10,11,12,10,1.0
DODA,10,11,12,10,1.0
DODA,10,11,13,10,1.0
DODA,10,11,13,10,1.0
DODA,10,11,13,10,1.0
DODA,10,11,14,10,1.0
DODA,10,11,14,10,1.0
DODA,10,11,14,10,1.0
DODA,10,11,15,10,1.0
DODA,10,11,15,10,1.0
DODA,10,11,15,10,1.0
DODA,10,11,16,10,1.0
DODA,10,11,16,10,1.0
DODA,10,11,16,10,1.0
DODA,10,11,17,10,1.0
DODA,10,11,17,10,1.0
DODA,10,11,17,10,1.0
DODA,10,11,18,10,1.0
DODA,10,11,18,10,1.0
DODA,10,11,18,10,1.0
DODA,10,11,19,10,1.0
DODA,10,11,19,10,1.0
DODA,10,11,19,10,1.0
DODA,10,11,20,10,1.0
DODA,10,11,20,10,1.0
DODA,10,11,20,10,1.0
DODA,10,11,21,10,1.0
DODA,10,11,21,10,1.0
DODA,10,11,21,10,1.0
DODA,10,11,22,10,1.0
DODA,10,11,22,10,1.0
DODA,10,11,22,10,1.0
DODA,10,11,23,10,1.0
DODA,10,11,23,10,1.0
DODA,10,11,23,10,1.0
DODA,10,11,24,10,1.0
DODA,10,11,24,10,1.0
DODA,10,11,24,10,1.0
DODA,10,11,25,10,1.0
DODA,10,11,25,10,1.0
DODA,10,11,25,10,1.0
DODA,10,12,12,10,1.0
DODA,10,12,12,10,1.0
DODA,10,12,13,10,1.0
DODA,10,12,13,10,1.0
DODA,10,12,13,10,1.0
DODA,10,12,14,10,1.0
DODA,10,12,14,10,1.0
DODA,10,12,14,10,1.0
DODA,10,12,15,10,1.0
DODA,10,12,15,10,1.0
DODA,10,12,15,10,1.0
DODA,10,12,16,10,1.0
DODA,10,12,16,10,1.0
DODA,10,12,16,10,1.0
DODA,10,12,17,10,1.0
DODA,10,12,17,10,1.0
DODA,10,12,17,10,1.0
DODA,10,12,18,10,1.0
DODA,10,12,18,10,1.0
DODA,10,12,18,10,1.0
DODA,10,12,19,10,1.0
DODA,10,12,19,10,1.0
DODA,10,12,19,10,1.0
DODA,10,12,20,10,1.0
DODA,10,12,20,10,1.0
DODA,10,12,20,10,1.0
DODA,10,12,21,10,1.0
DODA,10,12,21,10,1.0
DODA,10,12,21,10,1.0
DODA,10,12,22,10,1.0
DODA,10,12,22,10,1.0
DODA,10,12,22,10,1.0
DODA,10,12,23,10,1.0
DODA,10,12,23,10,1.0
DODA,10,12,23,10,1.0
DODA,10,12,24,10,1.0
DODA,10,12,24,10,1.0
DODA,10,12,24,10,1.0
DODA,10,12,25,10,1.0
DODA,10,12,25,10,1.0
DODA,10,12,25,10,1.0
DODA,10,12,12,10,1.0
DODA,10,12,13,10,1.0
DODA,10,12,13,10,1.0
DODA,10,12,13,10,1.0
DODA,10,12,14,10,1.0
DODA,10,12,14,10,1.0
DODA,10,12,14,10,1.0
DODA,10,12,15,10,1.0
DODA,10,12,15,10,1.0
DODA,10,12,15,10,1.0
DODA,10,12,16,10,1.0
DODA,10,12,16,10,1.0
DODA,10,12,16,10,1.0
DODA,10,12,17,10,1.0
DODA,10,12,17,10,1.0
DODA,10,12,17,10,1.0
DODA,10,12,18,10,1.0
DODA,10,12,18,10,1.0
DODA,10,12,18,10,1.0
DODA,10,12,19,10,1.0
DODA,10,12,19,10,1.0
DODA,10,12,19,10,1.0
DODA,10,12,20,10,1.0
DODA,10,12,20,10,1.0
DODA,10,12,20,10,1.0
DODA,10,12,21,10,1.0
DODA,10,12,21,10,1.0
DODA,10,12,21,10,1.0
DODA,10,12,22,10,1.0
DODA,10,12,22,10,1.0
DODA,10,12,22,10,1.0
DODA,10,12,23,10,1.0
DODA,10,12,23,10,1.0
DODA,10,12,23,10,1.0
DODA,10,12,24,10,1.0
DODA,10,12,24,10,1.0
DODA,10,12,24,10,1.0
DODA,10,12,25,10,1.0
DODA,10,12,25,10,1.0
DODA,10,12,25,10,1.0
DODA,10,12,13,10,1.0
DODA,10,12,13,10,1.0
DODA,10,12,13,10,1.0
DODA,10,12,14,10,1.0
DODA,10,12,14,10,1.0
DODA,10,12,14,10,1.0
DODA,10,12,15,10,1.0
DODA,10,12,15,10,1.0
DODA,10,12,15,10,1.0
DODA,10,12,16,10,1.0
DODA,10,12,16,10,1.0
DODA,10,12,16,10,1.0
DODA,10,12,17,10,1.0
DODA,10,12,17,10,1.0
DODA,10,12,17,10,1.0
DODA,10,12,18,10,1.0
DODA,10,12,18,10,1.0
DODA,10,12,18,10,1.0
DODA,10,12,19,10,1.0
DODA,10,12,19,10,1.0
DODA,10,12,19,10,1.0
DODA,10,12,20,10,1.0
DODA,10,12,20,10,1.0
DODA,10,12,20,10,1.0
DODA,10,12,21,10,1.0
DODA,10,12,21,10,1.0
DODA,10,12,21,10,1.0
DODA,10,12,22,10,1.0
DODA,10,12,22,10,1.0
DODA,10,12,22,10,1.0
DODA,10,12,23,10,1.0
DODA,10,12,23,10,1.0
DODA,10,12,23,10,1.0
DODA,10,12,24,10,1.0
DODA,10,12,24,10,1.0
DODA,10,12,24,10,1.0
DODA,10,12,25,10,1.0
DODA,10,12,25,10,1.0
DODA,10,12,25,10,1.0
DODA,10,13,13,10,1.0
DODA,10,13,13,10,1.0
DODA,10,13,14,10,1.0
DODA,10,13,14,10,1.0
DODA,10,13,14,10,1.0
DODA,10,13,15,10,1.0
DODA,10,13,15,10,1.0
DODA,10,13,15,10,1.0
DODA,10,13,16,10,1.0
DODA,10,13,16,10,1.0
DODA,10,13,16,10,1.0
DODA,10,13,17,10,1.0
DODA,10,13,17,10,1.0
DODA,10,13,17,10,1.0
DODA,10,13,18,10,1.0
DODA,10,13,18,10,1.0
DODA,10,13,18,10,1.0
DODA,10,13,19,10,1.0
DODA,10,13,19,10,1.0
DODA,10,13,19,10,1.0
DODA,10,13,20,10,1.0
DODA,10,13,20,10,1.0
DODA,10,13,20,10,1.0
DODA,10,13,21,10,1.0
DODA,10,13,21,10,1.0
DODA,10,13,21,10,1.0
DODA,10,13,22,10,1.0
DODA,10,13,22,10,1.0
DODA,10,13,22,10,1.0
DODA,10,13,23,10,1.0
DODA,10,13,23,10,1.0
DODA,10,13,23,10,1.0
DODA,10,13,24,10,1.0
DODA,10,13,24,10,1.0
DODA,10,13,24,10,1.0
DODA,10,13,25,10,1.0
DODA,10,13,25,10,1.0
DODA,10,13,25,10,1.0
DODA,10,13,13,10,1.0
DODA,10,13,14,10,1.0
DODA,10,13,14,10,1.0
DODA,10,13,14,10,1.0
DODA,10,13,15,10,1.0
DODA,10,13,15,10,1.0
DODA,10,13,15,10,1.0
DODA,10,13,16,10,1.0
DODA,10,13,16,10,1.0
DODA,10,13,16,10,1.0
DODA,10,13,17,10,1.0
DODA,10,13,17,10,1.0
DODA,10,13,17,10,1.0
DODA,10,13,18,10,1.0
DODA,10,13,18,10,1.0
DODA,10,13,18,10,1.0
DODA,10,13,19,10,1.0
DODA,10,13,19,10,1.0
DODA,10,13,19,10,1.0
DODA,10,13,20,10,1.0
DODA,10,13,20,10,1.0
DODA,10,13,20,10,1.0
DODA,10,13,21,10,1.0
DODA,10,13,21,10,1.0
DODA,10,13,21,10,1.0
DODA,10,13,22,10,1.0
DODA,10,13,22,10,1.0
DODA,10,13,22,10,1.0
DODA,10,13,23,10,1.0
DODA,10,13,23,10,1.0
DODA,10,13,23,10,1.0
DODA,10,13,24,10,1.0
DODA,10,13,24,10,1.0
DODA,10,13,24,10,1.0
DODA,10,13,25,10,1.0
DODA,10,13,25,10,1.0
DODA,10,13,25,10,1.0
DODA,10,13,14,10,1.0
DODA,10,13,14,10,1.0
DODA,10,13,14,10,1.0
DODA,10,13,15,10,1.0
DODA,10,13,15,10,1.0
DODA,10,13,15,10,1.0
DODA,10,13,16,10,1.0
DODA,10,13,16,10,1.0
DODA,10,13,16,10,1.0
DODA,10,13,17,10,1.0
DODA,10,13,17,10,1.0
DODA,10,13,17,10,1.0
DODA,10,13,18,10,1.0
DODA,10,13,18,10,1.0
DODA,10,13,18,10,1.0
DODA,10,13,19,10,1.0
DODA,10,13,19,10,1.0
DODA,10,13,19,10,1.0
DODA,10,13,20,10,1.0
DODA,10,13,20,10,1.0
DODA,10,13,20,10,1.0
DODA,10,13,21,10,1.0
DODA,10,13,21,10,1.0
DODA,10,13,21,10,1.0
DODA,10,13,22,10,1.0
DODA,10,13,22,10,1.0
DODA,10,13,22,10,1.0
DODA,10,13,23,10,1.0
DODA,10,13,23,10,1.0
DODA,10,13,23,10,1.0
DODA,10,13,24,10,1.0
DODA,10,13,24,10,1.0
DODA,10,13,24,10,1.0
DODA,10,13,25,10,1.0
DODA,10,13,25,10,1.0
DODA,10,13,25,10,1.0
DODA,10,14,14,10,1.0
DODA,10,14,14,10,1.0
DODA,10,14,15,10,1.0
DODA,10,14,15,10,1.0
DODA,10,14,15,10,1.0
DODA,10,14,16,10,1.0
DODA,10,14,16,10,1.0
DODA,10,14,16,10,1.0
DODA,10,14,17,10,1.0
DODA,10,14,17,10,1.0
DODA,10,14,17,10,1.0
DODA,10,14,18,10,1.0
DODA,10,14,18,10,1.0
DODA,10,14,18,10,1.0
DODA,10,14,19,10,1.0
DODA,10,14,19,10,1.0
DODA,10,14,19,10,1.0
DODA,10,14,20,10,1.0
DODA,10,14,20,10,1.0
DODA,10,14,20,10,1.0
DODA,10,14,21,10,1.0
DODA,10,14,21,10,1.0
DODA,10,14,21,10,1.0
DODA,10,14,22,10,1.0
DODA,10,14,22,10,1.0
DODA,10,14,22,10,1.0
DODA,10,14,23,10,1.0
DODA,10,14,23,10,1.0
DODA,10,14,23,10,1.0
DODA,10,14,24,10,1.0
DODA,10,14,24,10,1.0
DODA,10,14,24,10,1.0
DODA,10,14,25,10,1.0
DODA,10,14,25,10,1.0
DODA,10,14,25,10,1.0
DODA,10,14,14,10,1.0
DODA,10,14,15,10,1.0
DODA,10,14,15,10,1.0
DODA,10,14,15,10,1.0
DODA,10,14,16,10,1.0
DODA,10,14,16,10,1.0
DODA,10,14,16,10,1.0
DODA,10,14,17,10,1.0
DODA,10,14,17,10,1.0
DODA,10,14,17,10,1.0
DODA,10,14,18,10,1.0
DODA,10,14,18,10,1.0
DODA,10,14,18,10,1.0
DODA,10,14,19,10,1.0
DODA,10,14,19,10,1.0
DODA,10,14,19,10,1.0
DODA,10,14,20,10,1.0
DODA,10,14,20,10,1.0
DODA,10,14,20,10,1.0
DODA,10,14,21,10,1.0
DODA,10,14,21,10,1.0
DODA,10,14,21,10,1.0
DODA,10,14,22,10,1.0
DODA,10,14,22,10,1.0
DODA,10,14,22,10,1.0
DODA,10,14,23,10,1.0
DODA,10,14,23,10,1.0
DODA,10,14,23,10,1.0
DODA,10,14,24,10,1.0
DODA,10,14,24,10,1.0
DODA,10,14,24,10,1.0
DODA,10,14,25,10,1.0
DODA,10,14,25,10,1.0
DODA,10,14,25,10,1.0
DODA,10,14,15,10,1.0
DODA,10,14,15,10,1.0
DODA,10,14,15,10,1.0
DODA,10,14,16,10,1.0
DODA,10,14,16,10,1.0
DODA,10,14,16,10,1.0
DODA,10,14,17,10,1.0
DODA,10,14,17,10,1.0
DODA,10,14,17,10,1.0
DODA,10,14,18,10,1.0
DODA,10,14,18,10,1.0
DODA,10,14,18,10,1.0
DODA,10,14,19,10,1.0
DODA,10,14,19,10,1.0
DODA,10,14,19,10,1.0
DODA,10,14,20,10,1.0
DODA,10,14,20,10,1.0
DODA,10,14,20,10,1.0
DODA,10,14,21,10,1.0
DODA,10,14,21,10,1.0
DODA,10,14,21,10,1.0
DODA,10,14,22,10,1.0
DODA,10,14,22,10,1.0
DODA,10,14,22,10,1.0
DODA,10,14,23,10,1.0
DODA,10,14,23,10,1.0
DODA,10,14,23,10,1.0
DODA,10,14,24,10,1.0
DODA,10,14,24,10,1.0
DODA,10,14,24,10,1.0
DODA,10,14,25,10,1.0
DODA,10,14,25,10,1.0
DODA,10,14,25,10,1.0
DODA,10,15,15,10,1.0
DODA,10,15,15,10,1.0
DODA,10,15,16,10,1.0
DODA,10,15,16,10,1.0
DODA,10,15,16,10,1.0
DODA,10,15,17,10,1.0
DODA,10,15,17,10,1.0
DODA,10,15,17,10,1.0
DODA,10,15,18,10,1.0
DODA,10,15,18,10,1.0
DODA,10,15,18,10,1.0
DODA,10,15,19,10,1.0
DODA,10,15,19,10,1.0
DODA,10,15,19,10,1.0
DODA,10,15,20,10,1.0
DODA,10,15,20,10,1.0
DODA,10,15,20,10,1.0
DODA,10,15,21,10,1.0
DODA,10,15,21,10,1.0
DODA,10,15,21,10,1.0
DODA,10,15,22,10,1.0
DODA,10,15,22,10,1.0
DODA,10,15,22,10,1.0
DODA,10,15,23,10,1.0
DODA,10,15,23,10,1.0
DODA,10,15,23,10,1.0
DODA,10,15,24,10,1.0
DODA,10,15,24,10,1.0
DODA,10,15,24,10,1.0
DODA,10,15,25,10,1.0
DODA,10,15,25,10,1.0
DODA,10,15,25,10,1.0
DODA,10,15,15,10,1.0
DODA,10,15,16,10,1.0
DODA,10,15,16,10,1.0
DODA,10,15,16,10,1.0
DODA,10,15,17,10,1.0
DODA,10,15,17,10,1.0
DODA,10,15,17,10,1.0
DODA,10,15,18,10,1.0
DODA,10,15,18,10,1.0
DODA,10,15,18,10,1.0
DODA,10,15,19,10,1.0
DODA,10,15,19,10,1.0
DODA,10,15,19,10,1.0
DODA,10,15,20,10,1.0
DODA,10,15,20,10,1.0
DODA,10,15,20,10,1.0
DODA,10,15,21,10,1.0
DODA,10,15,21,10,1.0
DODA,10,15,21,10,1.0
DODA,10,15,22,10,1.0
DODA,10,15,22,10,1.0
DODA,10,15,22,10,1.0
DODA,10,15,23,10,1.0
DODA,10,15,23,10,1.0
DODA,10,15,23,10,1.0
DODA,10,15,24,10,1.0
DODA,10,15,24,10,1.0
DODA,10,15,24,10,1.0
DODA,10,15,25,10,1.0
DODA,10,15,25,10,1.0
DODA,10,15,25,10,1.0
DODA,10,15,16,10,1.0
DODA,10,15,16,10,1.0
DODA,10,15,16,10,1.0
DODA,10,15,17,10,1.0
DODA,10,15,17,10,1.0
DODA,10,15,17,10,1.0
DODA,10,15,18,10,1.0
DODA,10,15,18,10,1.0
DODA,10,15,18,10,1.0
DODA,10,15,19,10,1.0
DODA,10,15,19,10,1.0
DODA,10,15,19,10,1.0
DODA,10,15,20,10,1.0
DODA,10,15,20,10,1.0
DODA,10,15,20,10,1.0
DODA,10,15,21,10,1.0
DODA,10,15,21,10,1.0
DODA,10,15,21,10,1.0
DODA,10,15,22,10,1.0
DODA,10,15,22,10,1.0
DODA,10,15,22,10,1.0
DODA,10,15,23,10,1.0
DODA,10,15,23,10,1.0
DODA,10,15,23,10,1.0
DODA,10,15,24,10,1.0
DODA,10,15,24,10,1.0
DODA,10,15,24,10,1.0
DODA,10,15,25,10,1.0
DODA,10,15,25,10,1.0
DODA,10,15,25,10,1.0
DODA,10,16,16,10,1.0
DODA,10,16,16,10,1.0
DODA,10,16,17,10,1.0
DODA,10,16,17,10,1.0
DODA,10,16,17,10,1.0
DODA,10,16,18,10,1.0
DODA,10,16,18,10,1.0
DODA,10,16,18,10,1.0
DODA,10,16,19,10,1.0
DODA,10,16,19,10,1.0
DODA,10,16,19,10,1.0
DODA,10,16,20,10,1.0
DODA,10,16,20,10,1.0
DODA,10,16,20,10,1.0
DODA,10,16,21,10,1.0
DODA,10,16,21,10,1.0
DODA,10,16,21,10,1.0
DODA,10,16,22,10,1.0
DODA,10,16,22,10,1.0
DODA,10,16,22,10,1.0
DODA,10,16,23,10,1.0
DODA,10,16,23,10,1.0
DODA,10,16,23,10,1.0
DODA,10,16,24,10,1.0
DODA,10,16,24,10,1.0
DODA,10,16,24,10,1.0
DODA,10,16,25,10,1.0
DODA,10,16,25,10,1.0
DODA,10,16,25,10,1.0
DODA,10,16,16,10,1.0
DODA,10,16,17,10,1.0
DODA,10,16,17,10,1.0
DODA,10,16,17,10,1.0
DODA,10,16,18,10,1.0
DODA,10,16,18,10,1.0
DODA,10,16,18,10,1.0
DODA,10,16,19,10,1.0
DODA,10,16,19,10,1.0
DODA,10,16,19,10,1.0
DODA,10,16,20,10,1.0
DODA,10,16,20,10,1.0
DODA,10,16,20,10,1.0
DODA,10,16,21,10,1.0
DODA,10,16,21,10,1.0
DODA,10,16,21,10,1.0
DODA,10,16,22,10,1.0
DODA,10,16,22,10,1.0
DODA,10,16,22,10,1.0
DODA,10,16,23,10,1.0
DODA,10,16,23,10,1.0
DODA,10,16,23,10,1.0
DODA,10,16,24,10,1.0
DODA,10,16,24,10,1.0
DODA,10,16,24,10,1.0
DODA,10,16,25,10,1.0
DODA,10,16,25,10,1.0
DODA,10,16,25,10,1.0
DODA,10,16,17,10,1.0
DODA,10,16,17,10,1.0
DODA,10,16,17,10,1.0
DODA,10,16,18,10,1.0
DODA,10,16,18,10,1.0
DODA,10,16,18,10,1.0
DODA,10,16,19,10,1.0
DODA,10,16,19,10,1.0
DODA,10,16,19,10,1.0
DODA,10,16,20,10,1.0
DODA,10,16,20,10,1.0
DODA,10,16,20,10,1.0
DODA,10,16,21,10,1.0
DODA,10,16,21,10,1.0
DODA,10,16,21,10,1.0
DODA,10,16,22,10,1.0
DODA,10,16,22,10,1.0
DODA,10,16,22,10,1.0
DODA,10,16,23,10,1.0
DODA,10,16,23,10,1.0
DODA,10,16,23,10,1.0
DODA,10,16,24,10,1.0
DODA,10,16,24,10,1.0
DODA,10,16,24,10,1.0
DODA,10,16,25,10,1.0
DODA,10,16,25,10,1.0
DODA,10,16,25,10,1.0
DODA,10,17,17,10,1.0
DODA,10,17,17,10,1.0
DODA,10,17,18,10,1.0
DODA,10,17,18,10,1.0
DODA,10,17,18,10,1.0
DODA,10,17,19,10,1.0
DODA,10,17,19,10,1.0
DODA,10,17,19,10,1.0
DODA,10,17,20,10,1.0
DODA,10,17,20,10,1.0
DODA,10,17,20,10,1.0
DODA,10,17,21,10,1.0
DODA,10,17,21,10,1.0
DODA,10,17,21,10,1.0
DODA,10,17,22,10,1.0
DODA,10,17,22,10,1.0
DODA,10,17,22,10,1.0
DODA,10,17,23,10,1.0
DODA,10,17,23,10,1.0
DODA,10,17,23,10,1.0
DODA,10,17,24,10,1.0
DODA,10,17,24,10,1.0
DODA,10,17,24,10,1.0
DODA,10,17,25,10,1.0
DODA,10,17,25,10,1.0
DODA,10,17,25,10,1.0
DODA,10,17,17,10,1.0
DODA,10,17,18,10,1.0
DODA,10,17,18,10,1.0
DODA,10,17,18,10,1.0
DODA,10,17,19,10,1.0
DODA,10,17,19,10,1.0
DODA,10,17,19,10,1.0
DODA,10,17,20,10,1.0
DODA,10,17,20,10,1.0
DODA,10,17,20,10,1.0
DODA,10,17,21,10,1.0
DODA,10,17,21,10,1.0
DODA,10,17,21,10,1.0
DODA,10,17,22,10,1.0
DODA,10,17,22,10,1.0
DODA,10,17,22,10,1.0
DODA,10,17,23,10,1.0
DODA,10,17,23,10,1.0
DODA,10,17,23,10,1.0
DODA,10,17,24,10,1.0
DODA,10,17,24,10,1.0
DODA,10,17,24,10,1.0
DODA,10,17,25,10,1.0
DODA,10,17,25,10,1.0
DODA,10,17,25,10,1.0
DODA,10,17,18,10,1.0
DODA,10,17,18,10,1.0
DODA,10,17,18,10,1.0
DODA,10,17,19,10,1.0
DODA,10,17,19,10,1.0
DODA,10,17,19,10,1.0
DODA,10,17,20,10,1.0
DODA,10,17,20,10,1.0
DODA,10,17,20,10,1.0
DODA,10,17,21,10,1.0
DODA,10,17,21,10,1.0
DODA,10,17,21,10,1.0
DODA,10,17,22,10,1.0
DODA,10,17,22,10,1.0
DODA,10,17,22,10,1.0
DODA,10,17,23,10,1.0
DODA,10,17,23,10,1.0
DODA,10,17,23,10,1.0
DODA,10,17,24,10,1.0
DODA,10,17,24,10,1.0
DODA,10,17,24,10,1.0
DODA,10,17,25,10,1.0
DODA,10,17,25,10,1.0
DODA,10,17,25,10,1.0
DODA,10,18,18,10,1.0
DODA,10,18,18,10,1.0
DODA,10,18,19,10,1.0
DODA,10,18,19,10,1.0
DODA,10,18,19,10,1.0
DODA,10,18,20,10,1.0
DODA,10,18,20,10,1.0
DODA,10,18,20,10,1.0
DODA,10,18,21,10,1.0
DODA,10,18,21,10,1.0
DODA,10,18,21,10,1.0
DODA,10,18,22,10,1.0
DODA,10,18,22,10,1.0
DODA,10,18,22,10,1.0
DODA,10,18,23,10,1.0
DODA,10,18,23,10,1.0
DODA,10,18,23,10,1.0
DODA,10,18,24,10,1.0
DODA,10,18,24,10,1.0
DODA,10,18,24,10,1.0
DODA,10,18,25,10,1.0
DODA,10,18,25,10,1.0
DODA,10,18,25,10,1.0
DODA,10,18,18,10,1.0
DODA,10,18,19,10,1.0
DODA,10,18,19,10,1.0
DODA,10,18,19,10,1.0
DODA,10,18,20,10,1.0
DODA,10,18,20,10,1.0
DODA,10,18,20,10,1.0
DODA,10,18,21,10,1.0
DODA,10,18,21,10,1.0
DODA,10,18,21,10,1.0
DODA,10,18,22,10,1.0
DODA,10,18,22,10,1.0
DODA,10,18,22,10,1.0
DODA,10,18,23,10,1.0
DODA,10,18,23,10,1.0
DODA,10,18,23,10,1.0
DODA,10,18,24,10,1.0
DODA,10,18,24,10,1.0
DODA,10,18,24,10,1.0
DODA,10,18,25,10,1.0
DODA,10,18,25,10,1.0
DODA,10,18,25,10,1.0
DODA,10,18,19,10,1.0
DODA,10,18,19,10,1.0
DODA,10,18,19,10,1.0
DODA,10,18,20,10,1.0
DODA,10,18,20,10,1.0
DODA,10,18,20,10,1.0
DODA,10,18,21,10,1.0
DODA,10,18,21,10,1.0
DODA,10,18,21,10,1.0
DODA,10,18,22,10,1.0
DODA,10,18,22,10,1.0
DODA,10,18,22,10,1.0
DODA,10,18,23,10,1.0
DODA,10,18,23,10,1.0
DODA,10,18,23,10,1.0
DODA,10,18,24,10,1.0
DODA,10,18,24,10,1.0
DODA,10,18,24,10,1.0
DODA,10,18,25,10,1.0
DODA,10,18,25,10,1.0
DODA,10,18,25,10,1.0
DODA,10,19,19,10,1.0
DODA,10,19,19,10,1.0
DODA,10,19,20,10,1.0
DODA,10,19,20,10,1.0
DODA,10,19,20,10,1.0
DODA,10,19,21,10,1.0
DODA,10,19,21,10,1.0
DODA,10,19,21,10,1.0
DODA,10,19,22,10,1.0
DODA,10,19,22,10,1.0
DODA,10,19,22,10,1.0
DODA,10,19,23,10,1.0
DODA,10,19,23,10,1.0
DODA,10,19,23,10,1.0
DODA,10,19,24,10,1.0
DODA,10,19,24,10,1.0
DODA,10,19,24,10,1.0
DODA,10,19,25,10,1.0
DODA,10,19,25,10,1.0
DODA,10,19,25,10,1.0
DODA,10,19,19,10,1.0
DODA,10,19,20,10,1.0
DODA,10,19,20,10,1.0
DODA,10,19,20,10,1.0
DODA,10,19,21,10,1.0
DODA,10,19,21,10,1.0
DODA,10,19,21,10,1.0
DODA,10,19,22,10,1.0
DODA,10,19,22,10,1.0
DODA,10,19,22,10,1.0
DODA,10,19,23,10,1.0
DODA,10,19,23,10,1.0
DODA,10,19,23,10,1.0
DODA,10,19,24,10,1.0
DODA,10,19,24,10,1.0
DODA,10,19,24,10,1.0
DODA,10,19,25,10,1.0
DODA,10,19,25,10,1.0
DODA,10,19,25,10,1.0
DODA,10,19,20,10,1.0
DODA,10,19,20,10,1.0
DODA,10,19,20,10,1.0
DODA,10,19,21,10,1.0
DODA,10,19,21,10,1.0
DODA,10,19,21,10,1.0
DODA,10,19,22,10,1.0
DODA,10,19,22,10,1.0
DODA,10,19,22,10,1.0
DODA,10,19,23,10,1.0
DODA,10,19,23,10,1.0
DODA,10,19,23,10,1.0
DODA,10,19,24,10,1.0
DODA,10,19,24,10,1.0
DODA,10,19,24,10,1.0
DODA,10,19,25,10,1.0
DODA,10,19,25,10,1.0
DODA,10,19,25,10,1.0
DODA,10,20,20,10,1.0
DODA,10,20,20,10,1.0
DODA,10,20,21,10,1.0
DODA,10,20,21,10,1.0
DODA,10,20,21,10,1.0
DODA,10,20,22,10,1.0
DODA,10,20,22,10,1.0
DODA,10,20,22,10,1.0
DODA,10,20,23,10,1.0
DODA,10,20,23,10,1.0
DODA,10,20,23,10,1.0
DODA,10,20,24,10,1.0
DODA,10,20,24,10,1.0
DODA,10,20,24,10,1.0
DODA,10,20,25,10,1.0
DODA,10,20,25,10,1.0
DODA,10,20,25,10,1.0
DODA,10,20,20,10,1.0
DODA,10,20,21,10,1.0
DODA,10,20,21,10,1.0
DODA,10,20,21,10,1.0
DODA,10,20,22,10,1.0
DODA,10,20,22,10,1.0
DODA,10,20,22,10,1.0
DODA,10,20,23,10,1.0
DODA,10,20,23,10,1.0
DODA,10,20,23,10,1.0
DODA,10,20,24,10,1.0
DODA,10,20,24,10,1.0
DODA,10,20,24,10,1.0
DODA,10,20,25,10,1.0
DODA,10,20,25,10,1.0
DODA,10,20,25,10,1.0
DODA,10,20,21,10,1.0
DODA,10,20,21,10,1.0
DODA,10,20,21,10,1.0
DODA,10,20,22,10,1.0
DODA,10,20,22,10,1.0
DODA,10,20,22,10,1.0
DODA,10,20,23,10,1.0
DODA,10,20,23,10,1.0
DODA,10,20,23,10,1.0
DODA,10,20,24,10,1.0
DODA,10,20,24,10,1.0
DODA,10,20,24,10,1.0
DODA,10,20,25,10,1.0
DODA,10,20,25,10,1.0
DODA,10,20,25,10,1.0
DODA,10,21,21,10,1.0
DODA,10,21,21,10,1.0
DODA,10,21,22,10,1.0
DODA,10,21,22,10,1.0
DODA,10,21,22,10,1.0
DODA,10,21,23,10,1.0
DODA,10,21,23,10,1.0
DODA,10,21,23,10,1.0
DODA,10,21,24,10,1.0
DODA,10,21,24,10,1.0
DODA,10,21,24,10,1.0
DODA,10,21,25,10,1.0
DODA,10,21,25,10,1.0
DODA,10,21,25,10,1.0
DODA,10,21,21,10,1.0
DODA,10,21,22,10,1.0
DODA,10,21,22,10,1.0
DODA,10,21,22,10,1.0
DODA,10,21,23,10,1.0
DODA,10,21,23,10,1.0
DODA,10,21,23,10,1.0
DODA,10,21,24,10,1.0
DODA,10,21,24,10,1.0
DODA,10,21,24,10,1.0
DODA,10,21,25,10,1.0
DODA,10,21,25,10,1.0
DODA,10,21,25,10,1.0
DODA,10,21,22,10,1.0
DODA,10,21,22,10,1.0
DODA,10,21,22,10,1.0
DODA,10,21,23,10,1.0
DODA,10,21,23,10,1.0
DODA,10,21,23,10,1.0
DODA,10,21,24,10,1.0
DODA,10,21,24,10,1.0
DODA,10,21,24,10,1.0
DODA,10,21,25,10,1.0
DODA,10,21,25,10,1.0
DODA,10,21,25,10,1.0
DODA,10,22,22,10,1.0
DODA,10,22,22,10,1.0
DODA,10,22,23,10,1.0
DODA,10,22,23,10,1.0
DODA,10,22,23,10,1.0
DODA,10,22,24,10,1.0
DODA,10,22,24,10,1.0
DODA,10,22,24,10,1.0
DODA,10,22,25,10,1.0
DODA,10,22,25,10,1.0
DODA,10,22,25,10,1.0
DODA,10,22,22,10,1.0
DODA,10,22,23,10,1.0
DODA,10,22,23,10,1.0
DODA,10,22,23,10,1.0
DODA,10,22,24,10,1.0
DODA,10,22,24,10,1.0
DODA,10,22,24,10,1.0
DODA,10,22,25,10,1.0
DODA,10,22,25,10,1.0
DODA,10,22,25,10,1.0
DODA,10,22,23,10,1.0
DODA,10,22,23,10,1.0
DODA,10,22,23,10,1.0
DODA,10,22,24,10,1.0
DODA,10,22,24,10,1.0
DODA,10,22,24,10,1.0
DODA,10,22,25,10,1.0
DODA,10,22,25,10,1.0
DODA,10,22,25,10,1.0
DODA,10,23,23,10,1.0
DODA,10,23,23,10,1.0
DODA,10,23,24,10,1.0
DODA,10,23,24,10,1.0
DODA,10,23,24,10,1.0
DODA,10,23,25,10,1.0
DODA,10,23,25,10,1.0
DODA,10,23,25,10,1.0
DODA,10,23,23,10,1.0
DODA,10,23,24,10,1.0
DODA,10,23,24,10,1.0
DODA,10,23,24,10,1.0
DODA,10,23,25,10,1.0
DODA,10,23,25,10,1.0
DODA,10,23,25,10,1.0
DODA,10,23,24,10,1.0
DODA,10,23,24,10,1.0
DODA,10,23,24,10,1.0
DODA,10,23,25,10,1.0
DODA,10,23,25,10,1.0
DODA,10,23,25,10,1.0
DODA,10,24,24,10,1.0
DODA,10,24,24,10,1.0
DODA,10,24,25,10,1.0
DODA,10,24,25,10,1.0
DODA,10,24,25,10,1.0
DODA,10,24,24,10,1.0
DODA,10,24,25,10,1.0
DODA,10,24,25,10,1.0
DODA,10,24,25,10,1.0
DODA,10,24,25,10,1.0
DODA,10,24,25,10,1.0
DODA,10,24,25,10,1.0
DODA,10,25,25,10,1.0
DODA,10,25,25,10,1.0
DODA,10,25,25,10,1.0
DODA,15,1,1,15,1.0
DODA,15,1,1,15,1.0
DODA,15,1,2,15,1.0
DODA,15,1,2,15,1.0
DODA,15,1,2,15,1.0
DODA,15,1,3,15,1.0
DODA,15,1,3,15,1.0
DODA,15,1,3,15,1.0
DODA,15,1,4,15,1.0
DODA,15,1,4,15,1.0
DODA,15,1,4,15,1.0
DODA,15,1,5,15,1.0
DODA,15,1,5,15,1.0
DODA,15,1,5,15,1.0
DODA,15,1,6,15,1.0
DODA,15,1,6,15,1.0
DODA,15,1,6,15,1.0
DODA,15,1,7,15,1.0
DODA,15,1,7,15,1.0
DODA,15,1,7,15,1.0
DODA,15,1,8,15,1.0
DODA,15,1,8,15,1.0
DODA,15,1,8,15,1.0
DODA,15,1,9,15,1.0
DODA,15,1,9,15,1.0
DODA,15,1,9,15,1.0
DODA,15,1,10,15,1.0
DODA,15,1,10,15,1.0
DODA,15,1,10,15,1.0
DODA,15,1,11,15,1.0
DODA,15,1,11,15,1.0
DODA,15,1,11,15,1.0
DODA,15,1,12,15,1.0
DODA,15,1,12,15,1.0
DODA,15,1,12,15,1.0
DODA,15,1,13,15,1.0
DODA,15,1,13,15,1.0
DODA,15,1,13,15,1.0
DODA,15,1,14,15,1.0
DODA,15,1,14,15,1.0
DODA,15,1,14,15,1.0
DODA,15,1,15,15,1.0
DODA,15,1,15,15,1.0
DODA,15,1,15,15,1.0
DODA,15,1,16,15,1.0
DODA,15,1,16,15,1.0
DODA,15,1,16,15,1.0
DODA,15,1,17,15,1.0
DODA,15,1,17,15,1.0
DODA,15,1,17,15,1.0
DODA,15,1,18,15,1.0
DODA,15,1,18,15,1.0
DODA,15,1,18,15,1.0
DODA,15,1,19,15,1.0
DODA,15,1,19,15,1.0
DODA,15,1,19,15,1.0
DODA,15,1,20,15,1.0
DODA,15,1,20,15,1.0
DODA,15,1,20,15,1.0
DODA,15,1,21,15,1.0
DODA,15,1,21,15,1.0
DODA,15,1,21,15,1.0
DODA,15,1,22,15,1.0
DODA,15,1,22,15,1.0
DODA,15,1,22,15,1.0
DODA,15,1,23,15,1.0
DODA,15,1,23,15,1.0
DODA,15,1,23,15,1.0
DODA,15,1,24,15,1.0
DODA,15,1,24,15,1.0
DODA,15,1,24,15,1.0
DODA,15,1,25,15,1.0
DODA,15,1,25,15,1.0
DODA,15,1,25,15,1.0
DODA,15,1,1,15,1.0
DODA,15,1,2,15,1.0
DODA,15,1,2,15,1.0
DODA,15,1,2,15,1.0
DODA,15,1,3,15,1.0
DODA,15,1,3,15,1.0
DODA,15,1,3,15,1.0
DODA,15,1,4,15,1.0
DODA,15,1,4,15,1.0
DODA,15,1,4,15,1.0
DODA,15,1,5,15,1.0
DODA,15,1,5,15,1.0
DODA,15,1,5,15,1.0
DODA,15,1,6,15,1.0
DODA,15,1,6,15,1.0
DODA,15,1,6,15,1.0
DODA,15,1,7,15,1.0
DODA,15,1,7,15,1.0
DODA,15,1,7,15,1.0
DODA,15,1,8,15,1.0
DODA,15,1,8,15,1.0
DODA,15,1,8,15,1.0
DODA,15,1,9,15,1.0
DODA,15,1,9,15,1.0
DODA,15,1,9,15,1.0
DODA,15,1,10,15,1.0
DODA,15,1,10,15,1.0
DODA,15,1,10,15,1.0
DODA,15,1,11,15,1.0
DODA,15,1,11,15,1.0
DODA,15,1,11,15,1.0
DODA,15,1,12,15,1.0
DODA,15,1,12,15,1.0
DODA,15,1,12,15,1.0
DODA,15,1,13,15,1.0
DODA,15,1,13,15,1.0
DODA,15,1,13,15,1.0
DODA,15,1,14,15,1.0
DODA,15,1,14,15,1.0
DODA,15,1,14,15,1.0
DODA,15,1,15,15,1.0
DODA,15,1,15,15,1.0
DODA,15,1,15,15,1.0
DODA,15,1,16,15,1.0
DODA,15,1,16,15,1.0
DODA,15,1,16,15,1.0
DODA,15,1,17,15,1.0
DODA,15,1,17,15,1.0
DODA,15,1,17,15,1.0
DODA,15,1,18,15,1.0
DODA,15,1,18,15,1.0
DODA,15,1,18,15,1.0
DODA,15,1,19,15,1.0
DODA,15,1,19,15,1.0
DODA,15,1,19,15,1.0
DODA,15,1,20,15,1.0
DODA,15,1,20,15,1.0
DODA,15,1,20,15,1.0
DODA,15,1,21,15,1.0
DODA,15,1,21,15,1.0
DODA,15,1,21,15,1.0
DODA,15,1,22,15,1.0
DODA,15,1,22,15,1.0
DODA,15,1,22,15,1.0
DODA,15,1,23,15,1.0
DODA,15,1,23,15,1.0
DODA,15,1,23,15,1.0
DODA,15,1,24,15,1.0
DODA,15,1,24,15,1.0
DODA,15,1,24,15,1.0
DODA,15,1,25,15,1.0
DODA,15,1,25,15,1.0
DODA,15,1,25,15,1.0
DODA,15,1,2,15,1.0
DODA,15,1,2,15,1.0
DODA,15,1,2,15,1.0
DODA,15,1,3,15,1.0
DODA,15,1,3,15,1.0
DODA,15,1,3,15,1.0
DODA,15,1,4,15,1.0
DODA,15,1,4,15,1.0
DODA,15,1,4,15,1.0
DODA,15,1,5,15,1.0
DODA,15,1,5,15,1.0
DODA,15,1,5,15,1.0
DODA,15,1,6,15,1.0
DODA,15,1,6,15,1.0
DODA,15,1,6,15,1.0
DODA,15,1,7,15,1.0
DODA,15,1,7,15,1.0
DODA,15,1,7,15,1.0
DODA,15,1,8,15,1.0
DODA,15,1,8,15,1.0
DODA,15,1,8,15,1.0
DODA,15,1,9,15,1.0
DODA,15,1,9,15,1.0
DODA,15,1,9,15,1.0
DODA,15,1,10,15,1.0
DODA,15,1,10,15,1.0
DODA,15,1,10,15,1.0
DODA,15,1,11,15,1.0
DODA,15,1,11,15,1.0
DODA,15,1,11,15,1.0
DODA,15,1,12,15,1.0
DODA,15,1,12,15,1.0
DODA,15,1,12,15,1.0
DODA,15,1,13,15,1.0
DODA,15,1,13,15,1.0
DODA,15,1,13,15,1.0
DODA,15,1,14,15,1.0
DODA,15,1,14,15,1.0
DODA,15,1,14,15,1.0
DODA,15,1,15,15,1.0
DODA,15,1,15,15,1.0
DODA,15,1,15,15,1.0
DODA,15,1,16,15,1.0
DODA,15,1,16,15,1.0
DODA,15,1,16,15,1.0
DODA,15,1,17,15,1.0
DODA,15,1,17,15,1.0
DODA,15,1,17,15,1.0
DODA,15,1,18,15,1.0
DODA,15,1,18,15,1.0
DODA,15,1,18,15,1.0
DODA,15,1,19,15,1.0
DODA,15,1,19,15,1.0
DODA,15,1,19,15,1.0
DODA,15,1,20,15,1.0
DODA,15,1,20,15,1.0
DODA,15,1,20,15,1.0
DODA,15,1,21,15,1.0
DODA,15,1,21,15,1.0
DODA,15,1,21,15,1.0
DODA,15,1,22,15,1.0
DODA,15,1,22,15,1.0
DODA,15,1,22,15,1.0
DODA,15,1,23,15,1.0
DODA,15,1,23,15,1.0
DODA,15,1,23,15,1.0
DODA,15,1,24,15,1.0
DODA,15,1,24,15,1.0
DODA,15,1,24,15,1.0
DODA,15,1,25,15,1.0
DODA,15,1,25,15,1.0
DODA,15,1,25,15,1.0
DODA,15,2,2,15,1.0
DODA,15,2,2,15,1.0
DODA,15,2,3,15,1.0
DODA,15,2,3,15,1.0
DODA,15,2,3,15,1.0
DODA,15,2,4,15,1.0
DODA,15,2,4,15,1.0
DODA,15,2,4,15,1.0
DODA,15,2,5,15,1.0
DODA,15,2,5,15,1.0
DODA,15,2,5,15,1.0
DODA,15,2,6,15,1.0
DODA,15,2,6,15,1.0
DODA,15,2,6,15,1.0
DODA,15,2,7,15,1.0
DODA,15,2,7,15,1.0
DODA,15,2,7,15,1.0
DODA,15,2,8,15,1.0
DODA,15,2,8,15,1.0
DODA,15,2,8,15,1.0
DODA,15,2,9,15,1.0
DODA,15,2,9,15,1.0
DODA,15,2,9,15,1.0
DODA,15,2,10,15,1.0
DODA,15,2,10,15,1.0
DODA,15,2,10,15,1.0
DODA,15,2,11,15,1.0
DODA,15,2,11,15,1.0
DODA,15,2,11,15,1.0
DODA,15,2,12,15,1.0
DODA,15,2,12,15,1.0
DODA,15,2,12,15,1.0
DODA,15,2,13,15,1.0
DODA,15,2,13,15,1.0
DODA,15,2,13,15,1.0
DODA,15,2,14,15,1.0
DODA,15,2,14,15,1.0
DODA,15,2,14,15,1.0
DODA,15,2,15,15,1.0
DODA,15,2,15,15,1.0
DODA,15,2,15,15,1.0
DODA,15,2,16,15,1.0
DODA,15,2,16,15,1.0
DODA,15,2,16,15,1.0
DODA,15,2,17,15,1.0
DODA,15,2,17,15,1.0
DODA,15,2,17,15,1.0
DODA,15,2,18,15,1.0
DODA,15,2,18,15,1.0
DODA,15,2,18,15,1.0
DODA,15,2,19,15,1.0
DODA,15,2,19,15,1.0
DODA,15,2,19,15,1.0
DODA,15,2,20,15,1.0
DODA,15,2,20,15,1.0
DODA,15,2,20,15,1.0
DODA,15,2,21,15,1.0
DODA,15,2,21,15,1.0
DODA,15,2,21,15,1.0
DODA,15,2,22,15,1.0
DODA,15,2,22,15,1.0
DODA,15,2,22,15,1.0
DODA,15,2,23,15,1.0
DODA,15,2,23,15,1.0
DODA,15,2,23,15,1.0
DODA,15,2,24,15,1.0
DODA,15,2,24,15,1.0
DODA,15,2,24,15,1.0
DODA,15,2,25,15,1.0
DODA,15,2,25,15,1.0
DODA,15,2,25,15,1.0
DODA,15,2,2,15,1.0
DODA,15,2,3,15,1.0
DODA,15,2,3,15,1.0
DODA,15,2,3,15,1.0
DODA,15,2,4,15,1.0
DODA,15,2,4,15,1.0
DODA,15,2,4,15,1.0
DODA,15,2,5,15,1.0
DODA,15,2,5,15,1.0
DODA,15,2,5,15,1.0
DODA,15,2,6,15,1.0
DODA,15,2,6,15,1.0
DODA,15,2,6,15,1.0
DODA,15,2,7,15,1.0
DODA,15,2,7,15,1.0
DODA,15,2,7,15,1.0
DODA,15,2,8,15,1.0
DODA,15,2,8,15,1.0
DODA,15,2,8,15,1.0
DODA,15,2,9,15,1.0
DODA,15,2,9,15,1.0
DODA,15,2,9,15,1.0
DODA,15,2,10,15,1.0
DODA,15,2,10,15,1.0
DODA,15,2,10,15,1.0
DODA,15,2,11,15,1.0
DODA,15,2,11,15,1.0
DODA,15,2,11,15,1.0
DODA,15,2,12,15,1.0
DODA,15,2,12,15,1.0
DODA,15,2,12,15,1.0
DODA,15,2,13,15,1.0
DODA,15,2,13,15,1.0
DODA,15,2,13,15,1.0
DODA,15,2,14,15,1.0
DODA,15,2,14,15,1.0
DODA,15,2,14,15,1.0
DODA,15,2,15,15,1.0
DODA,15,2,15,15,1.0
DODA,15,2,15,15,1.0
DODA,15,2,16,15,1.0
DODA,15,2,16,15,1.0
DODA,15,2,16,15,1.0
DODA,15,2,17,15,1.0
DODA,15,2,17,15,1.0
DODA,15,2,17,15,1.0
DODA,15,2,18,15,1.0
DODA,15,2,18,15,1.0
DODA,15,2,18,15,1.0
DODA,15,2,19,15,1.0
DODA,15,2,19,15,1.0
DODA,15,2,19,15,1.0
DODA,15,2,20,15,1.0
DODA,15,2,20,15,1.0
DODA,15,2,20,15,1.0
DODA,15,2,21,15,1.0
DODA,15,2,21,15,1.0
DODA,15,2,21,15,1.0
DODA,15,2,22,15,1.0
DODA,15,2,22,15,1.0
DODA,15,2,22,15,1.0
DODA,15,2,23,15,1.0
DODA,15,2,23,15,1.0
DODA,15,2,23,15,1.0
DODA,15,2,24,15,1.0
DODA,15,2,24,15,1.0
DODA,15,2,24,15,1.0
DODA,15,2,25,15,1.0
DODA,15,2,25,15,1.0
DODA,15,2,25,15,1.0
DODA,15,2,3,15,1.0
DODA,15,2,3,15,1.0
DODA,15,2,3,15,1.0
DODA,15,2,4,15,1.0
DODA,15,2,4,15,1.0
DODA,15,2,4,15,1.0
DODA,15,2,5,15,1.0
DODA,15,2,5,15,1.0
DODA,15,2,5,15,1.0
DODA,15,2,6,15,1.0
DODA,15,2,6,15,1.0
DODA,15,2,6,15,1.0
DODA,15,2,7,15,1.0
DODA,15,2,7,15,1.0
DODA,15,2,7,15,1.0
DODA,15,2,8,15,1.0
DODA,15,2,8,15,1.0
DODA,15,2,8,15,1.0
DODA,15,2,9,15,1.0
DODA,15,2,9,15,1.0
DODA,15,2,9,15,1.0
DODA,15,2,10,15,1.0
DODA,15,2,10,15,1.0
DODA,15,2,10,15,1.0
DODA,15,2,11,15,1.0
DODA,15,2,11,15,1.0
DODA,15,2,11,15,1.0
DODA,15,2,12,15,1.0
DODA,15,2,12,15,1.0
DODA,15,2,12,15,1.0
DODA,15,2,13,15,1.0
DODA,15,2,13,15,1.0
DODA,15,2,13,15,1.0
DODA,15,2,14,15,1.0
DODA,15,2,14,15,1.0
DODA,15,2,14,15,1.0
DODA,15,2,15,15,1.0
DODA,15,2,15,15,1.0
DODA,15,2,15,15,1.0
DODA,15,2,16,15,1.0
DODA,15,2,16,15,1.0
DODA,15,2,16,15,1.0
DODA,15,2,17,15,1.0
DODA,15,2,17,15,1.0
DODA,15,2,17,15,1.0
DODA,15,2,18,15,1.0
DODA,15,2,18,15,1.0
DODA,15,2,18,15,1.0
DODA,15,2,19,15,1.0
DODA,15,2,19,15,1.0
DODA,15,2,19,15,1.0
DODA,15,2,20,15,1.0
DODA,15,2,20,15,1.0
DODA,15,2,20,15,1.0
DODA,15,2,21,15,1.0
DODA,15,2,21,15,1.0
DODA,15,2,21,15,1.0
DODA,15,2,22,15,1.0
DODA,15,2,22,15,1.0
DODA,15,2,22,15,1.0
DODA,15,2,23,15,1.0
DODA,15,2,23,15,1.0
DODA,15,2,23,15,1.0
DODA,15,2,24,15,1.0
DODA,15,2,24,15,1.0
DODA,15,2,24,15,1.0
DODA,15,2,25,15,1.0
DODA,15,2,25,15,1.0
DODA,15,2,25,15,1.0
DODA,15,3,3,15,1.0
DODA,15,3,3,15,1.0
DODA,15,3,4,15,1.0
DODA,15,3,4,15,1.0
DODA,15,3,4,15,1.0
DODA,15,3,5,15,1.0
DODA,15,3,5,15,1.0
DODA,15,3,5,15,1.0
DODA,15,3,6,15,1.0
DODA,15,3,6,15,1.0
DODA,15,3,6,15,1.0
DODA,15,3,7,15,1.0
DODA,15,3,7,15,1.0
DODA,15,3,7,15,1.0
DODA,15,3,8,15,1.0
DODA,15,3,8,15,1.0
DODA,15,3,8,15,1.0
DODA,15,3,9,15,1.0
DODA,15,3,9,15,1.0
DODA,15,3,9,15,1.0
DODA,15,3,10,15,1.0
DODA,15,3,10,15,1.0
DODA,15,3,10,15,1.0
DODA,15,3,11,15,1.0
DODA,15,3,11,15,1.0
DODA,15,3,11,15,1.0
DODA,15,3,12,15,1.0
DODA,15,3,12,15,1.0
DODA,15,3,12,15,1.0
DODA,15,3,13,15,1.0
DODA,15,3,13,15,1.0
DODA,15,3,13,15,1.0
DODA,15,3,14,15,1.0
DODA,15,3,14,15,1.0
DODA,15,3,14,15,1.0
DODA,15,3,15,15,1.0
DODA,15,3,15,15,1.0
DODA,15,3,15,15,1.0
DODA,15,3,16,15,1.0
DODA,15,3,16,15,1.0
DODA,15,3,16,15,1.0
DODA,15,3,17,15,1.0
DODA,15,3,17,15,1.0
DODA,15,3,17,15,1.0
DODA,15,3,18,15,1.0
DODA,15,3,18,15,1.0
DODA,15,3,18,15,1.0
DODA,15,3,19,15,1.0
DODA,15,3,19,15,1.0
DODA,15,3,19,15,1.0
DODA,15,3,20,15,1.0
DODA,15,3,20,15,1.0
DODA,15,3,20,15,1.0
DODA,15,3,21,15,1.0
DODA,15,3,21,15,1.0
DODA,15,3,21,15,1.0
DODA,15,3,22,15,1.0
DODA,15,3,22,15,1.0
DODA,15,3,22,15,1.0
DODA,15,3,23,15,1.0
DODA,15,3,23,15,1.0
DODA,15,3,23,15,1.0
DODA,15,3,24,15,1.0
DODA,15,3,24,15,1.0
DODA,15,3,24,15,1.0
DODA,15,3,25,15,1.0
DODA,15,3,25,15,1.0
DODA,15,3,25,15,1.0
DODA,15,3,3,15,1.0
DODA,15,3,4,15,1.0
DODA,15,3,4,15,1.0
DODA,15,3,4,15,1.0
DODA,15,3,5,15,1.0
DODA,15,3,5,15,1.0
DODA,15,3,5,15,1.0
DODA,15,3,6,15,1.0
DODA,15,3,6,15,1.0
DODA,15,3,6,15,1.0
DODA,15,3,7,15,1.0
DODA,15,3,7,15,1.0
DODA,15,3,7,15,1.0
DODA,15,3,8,15,1.0
DODA,15,3,8,15,1.0
DODA,15,3,8,15,1.0
DODA,15,3,9,15,1.0
DODA,15,3,9,15,1.0
DODA,15,3,9,15,1.0
DODA,15,3,10,15,1.0
DODA,15,3,10,15,1.0
DODA,15,3,10,15,1.0
DODA,15,3,11,15,1.0
DODA,15,3,11,15,1.0
DODA,15,3,11,15,1.0
DODA,15,3,12,15,1.0
DODA,15,3,12,15,1.0
DODA,15,3,12,15,1.0
DODA,15,3,13,15,1.0
DODA,15,3,13,15,1.0
DODA,15,3,13,15,1.0
DODA,15,3,14,15,1.0
DODA,15,3,14,15,1.0
DODA,15,3,14,15,1.0
DODA,15,3,15,15,1.0
DODA,15,3,15,15,1.0
DODA,15,3,15,15,1.0
DODA,15,3,16,15,1.0
DODA,15,3,16,15,1.0
DODA,15,3,16,15,1.0
DODA,15,3,17,15,1.0
DODA,15,3,17,15,1.0
DODA,15,3,17,15,1.0
DODA,15,3,18,15,1.0
DODA,15,3,18,15,1.0
DODA,15,3,18,15,1.0
DODA,15,3,19,15,1.0
DODA,15,3,19,15,1.0
DODA,15,3,19,15,1.0
DODA,15,3,20,15,1.0
DODA,15,3,20,15,1.0
DODA,15,3,20,15,1.0
DODA,15,3,21,15,1.0
DODA,15,3,21,15,1.0
DODA,15,3,21,15,1.0
DODA,15,3,22,15,1.0
DODA,15,3,22,15,1.0
DODA,15,3,22,15,1.0
DODA,15,3,23,15,1.0
DODA,15,3,23,15,1.0
DODA,15,3,23,15,1.0
DODA,15,3,24,15,1.0
DODA,15,3,24,15,1.0
DODA,15,3,24,15,1.0
DODA,15,3,25,15,1.0
DODA,15,3,25,15,1.0
DODA,15,3,25,15,1.0
DODA,15,3,4,15,1.0
DODA,15,3,4,15,1.0
DODA,15,3,4,15,1.0
DODA,15,3,5,15,1.0
DODA,15,3,5,15,1.0
DODA,15,3,5,15,1.0
DODA,15,3,6,15,1.0
DODA,15,3,6,15,1.0
DODA,15,3,6,15,1.0
DODA,15,3,7,15,1.0
DODA,15,3,7,15,1.0
DODA,15,3,7,15,1.0
DODA,15,3,8,15,1.0
DODA,15,3,8,15,1.0
DODA,15,3,8,15,1.0
DODA,15,3,9,15,1.0
DODA,15,3,9,15,1.0
DODA,15,3,9,15,1.0
DODA,15,3,10,15,1.0
DODA,15,3,10,15,1.0
DODA,15,3,10,15,1.0
DODA,15,3,11,15,1.0
DODA,15,3,11,15,1.0
DODA,15,3,11,15,1.0
DODA,15,3,12,15,1.0
DODA,15,3,12,15,1.0
DODA,15,3,12,15,1.0
DODA,15,3,13,15,1.0
DODA,15,3,13,15,1.0
DODA,15,3,13,15,1.0
DODA,15,3,14,15,1.0
DODA,15,3,14,15,1.0
DODA,15,3,14,15,1.0
DODA,15,3,15,15,1.0
DODA,15,3,15,15,1.0
DODA,15,3,15,15,1.0
DODA,15,3,16,15,1.0
DODA,15,3,16,15,1.0
DODA,15,3,16,15,1.0
DODA,15,3,17,15,1.0
DODA,15,3,17,15,1.0
DODA,15,3,17,15,1.0
DODA,15,3,18,15,1.0
DODA,15,3,18,15,1.0
DODA,15,3,18,15,1.0
DODA,15,3,19,15,1.0
DODA,15,3,19,15,1.0
DODA,15,3,19,15,1.0
DODA,15,3,20,15,1.0
DODA,15,3,20,15,1.0
DODA,15,3,20,15,1.0
DODA,15,3,21,15,1.0
DODA,15,3,21,15,1.0
DODA,15,3,21,15,1.0
DODA,15,3,22,15,1.0
DODA,15,3,22,15,1.0
DODA,15,3,22,15,1.0
DODA,15,3,23,15,1.0
DODA,15,3,23,15,1.0
DODA,15,3,23,15,1.0
DODA,15,3,24,15,1.0
DODA,15,3,24,15,1.0
DODA,15,3,24,15,1.0
DODA,15,3,25,15,1.0
DODA,15,3,25,15,1.0
DODA,15,3,25,15,1.0
DODA,15,4,4,15,1.0
DODA,15,4,4,15,1.0
DODA,15,4,5,15,1.0
DODA,15,4,5,15,1.0
DODA,15,4,5,15,1.0
DODA,15,4,6,15,1.0
DODA,15,4,6,15,1.0
DODA,15,4,6,15,1.0
DODA,15,4,7,15,1.0
DODA,15,4,7,15,1.0
DODA,15,4,7,15,1.0
DODA,15,4,8,15,1.0
DODA,15,4,8,15,1.0
DODA,15,4,8,15,1.0
DODA,15,4,9,15,1.0
DODA,15,4,9,15,1.0
DODA,15,4,9,15,1.0
DODA,15,4,10,15,1.0
DODA,15,4,10,15,1.0
DODA,15,4,10,15,1.0
DODA,15,4,11,15,1.0
DODA,15,4,11,15,1.0
DODA,15,4,11,15,1.0
DODA,15,4,12,15,1.0
DODA,15,4,12,15,1.0
DODA,15,4,12,15,1.0
DODA,15,4,13,15,1.0
DODA,15,4,13,15,1.0
DODA,15,4,13,15,1.0
DODA,15,4,14,15,1.0
DODA,15,4,14,15,1.0
DODA,15,4,14,15,1.0
DODA,15,4,15,15,1.0
DODA,15,4,15,15,1.0
DODA,15,4,15,15,1.0
DODA,15,4,16,15,1.0
DODA,15,4,16,15,1.0
DODA,15,4,16,15,1.0
DODA,15,4,17,15,1.0
DODA,15,4,17,15,1.0
DODA,15,4,17,15,1.0
DODA,15,4,18,15,1.0
DODA,15,4,18,15,1.0
DODA,15,4,18,15,1.0
DODA,15,4,19,15,1.0
DODA,15,4,19,15,1.0
DODA,15,4,19,15,1.0
DODA,15,4,20,15,1.0
DODA,15,4,20,15,1.0
DODA,15,4,20,15,1.0
DODA,15,4,21,15,1.0
DODA,15,4,21,15,1.0
DODA,15,4,21,15,1.0
DODA,15,4,22,15,1.0
DODA,15,4,22,15,1.0
DODA,15,4,22,15,1.0
DODA,15,4,23,15,1.0
DODA,15,4,23,15,1.0
DODA,15,4,23,15,1.0
DODA,15,4,24,15,1.0
DODA,15,4,24,15,1.0
DODA,15,4,24,15,1.0
DODA,15,4,25,15,1.0
DODA,15,4,25,15,1.0
DODA,15,4,25,15,1.0
DODA,15,4,4,15,1.0
DODA,15,4,5,15,1.0
DODA,15,4,5,15,1.0
DODA,15,4,5,15,1.0
DODA,15,4,6,15,1.0
DODA,15,4,6,15,1.0
DODA,15,4,6,15,1.0
DODA,15,4,7,15,1.0
DODA,15,4,7,15,1.0
DODA,15,4,7,15,1.0
DODA,15,4,8,15,1.0
DODA,15,4,8,15,1.0
DODA,15,4,8,15,1.0
DODA,15,4,9,15,1.0
DODA,15,4,9,15,1.0
DODA,15,4,9,15,1.0
DODA,15,4,10,15,1.0
DODA,15,4,10,15,1.0
DODA,15,4,10,15,1.0
DODA,15,4,11,15,1.0
DODA,15,4,11,15,1.0
DODA,15,4,11,15,1.0
DODA,15,4,12,15,1.0
DODA,15,4,12,15,1.0
DODA,15,4,12,15,1.0
DODA,15,4,13,15,1.0
DODA,15,4,13,15,1.0
DODA,15,4,13,15,1.0
DODA,15,4,14,15,1.0
DODA,15,4,14,15,1.0
DODA,15,4,14,15,1.0
DODA,15,4,15,15,1.0
DODA,15,4,15,15,1.0
DODA,15,4,15,15,1.0
DODA,15,4,16,15,1.0
DODA,15,4,16,15,1.0
DODA,15,4,16,15,1.0
DODA,15,4,17,15,1.0
DODA,15,4,17,15,1.0
DODA,15,4,17,15,1.0
DODA,15,4,18,15,1.0
DODA,15,4,18,15,1.0
DODA,15,4,18,15,1.0
DODA,15,4,19,15,1.0
DODA,15,4,19,15,1.0
DODA,15,4,19,15,1.0
DODA,15,4,20,15,1.0
DODA,15,4,20,15,1.0
DODA,15,4,20,15,1.0
DODA,15,4,21,15,1.0
DODA,15,4,21,15,1.0
DODA,15,4,21,15,1.0
DODA,15,4,22,15,1.0
DODA,15,4,22,15,1.0
DODA,15,4,22,15,1.0
DODA,15,4,23,15,1.0
DODA,15,4,23,15,1.0
DODA,15,4,23,15,1.0
DODA,15,4,24,15,1.0
DODA,15,4,24,15,1.0
DODA,15,4,24,15,1.0
DODA,15,4,25,15,1.0
DODA,15,4,25,15,1.0
DODA,15,4,25,15,1.0
DODA,15,4,5,15,1.0
DODA,15,4,5,15,1.0
DODA,15,4,5,15,1.0
DODA,15,4,6,15,1.0
DODA,15,4,6,15,1.0
DODA,15,4,6,15,1.0
DODA,15,4,7,15,1.0
DODA,15,4,7,15,1.0
DODA,15,4,7,15,1.0
DODA,15,4,8,15,1.0
DODA,15,4,8,15,1.0
DODA,15,4,8,15,1.0
DODA,15,4,9,15,1.0
DODA,15,4,9,15,1.0
DODA,15,4,9,15,1.0
DODA,15,4,10,15,1.0
DODA,15,4,10,15,1.0
DODA,15,4,10,15,1.0
DODA,15,4,11,15,1.0
DODA,15,4,11,15,1.0
DODA,15,4,11,15,1.0
DODA,15,4,12,15,1.0
DODA,15,4,12,15,1.0
DODA,15,4,12,15,1.0
DODA,15,4,13,15,1.0
DODA,15,4,13,15,1.0
DODA,15,4,13,15,1.0
DODA,15,4,14,15,1.0
DODA,15,4,14,15,1.0
DODA,15,4,14,15,1.0
DODA,15,4,15,15,1.0
DODA,15,4,15,15,1.0
DODA,15,4,15,15,1.0
DODA,15,4,16,15,1.0
DODA,15,4,16,15,1.0
DODA,15,4,16,15,1.0
DODA,15,4,17,15,1.0
DODA,15,4,17,15,1.0
DODA,15,4,17,15,1.0
DODA,15,4,18,15,1.0
DODA,15,4,18,15,1.0
DODA,15,4,18,15,1.0
DODA,15,4,19,15,1.0
DODA,15,4,19,15,1.0
DODA,15,4,19,15,1.0
DODA,15,4,20,15,1.0
DODA,15,4,20,15,1.0
DODA,15,4,20,15,1.0
DODA,15,4,21,15,1.0
DODA,15,4,21,15,1.0
DODA,15,4,21,15,1.0
DODA,15,4,22,15,1.0
DODA,15,4,22,15,1.0
DODA,15,4,22,15,1.0
DODA,15,4,23,15,1.0
DODA,15,4,23,15,1.0
DODA,15,4,23,15,1.0
DODA,15,4,24,15,1.0
DODA,15,4,24,15,1.0
DODA,15,4,24,15,1.0
DODA,15,4,25,15,1.0
DODA,15,4,25,15,1.0
DODA,15,4,25,15,1.0
DODA,15,5,5,15,1.0
DODA,15,5,5,15,1.0
DODA,15,5,6,15,1.0
DODA,15,5,6,15,1.0
DODA,15,5,6,15,1.0
DODA,15,5,7,15,1.0
DODA,15,5,7,15,1.0
DODA,15,5,7,15,1.0
DODA,15,5,8,15,1.0
DODA,15,5,8,15,1.0
DODA,15,5,8,15,1.0
DODA,15,5,9,15,1.0
DODA,15,5,9,15,1.0
DODA,15,5,9,15,1.0
DODA,15,5,10,15,1.0
DODA,15,5,10,15,1.0
DODA,15,5,10,15,1.0
DODA,15,5,11,15,1.0
DODA,15,5,11,15,1.0
DODA,15,5,11,15,1.0
DODA,15,5,12,15,1.0
DODA,15,5,12,15,1.0
DODA,15,5,12,15,1.0
DODA,15,5,13,15,1.0
DODA,15,5,13,15,1.0
DODA,15,5,13,15,1.0
DODA,15,5,14,15,1.0
DODA,15,5,14,15,1.0
DODA,15,5,14,15,1.0
DODA,15,5,15,15,1.0
DODA,15,5,15,15,1.0
DODA,15,5,15,15,1.0
DODA,15,5,16,15,1.0
DODA,15,5,16,15,1.0
DODA,15,5,16,15,1.0
DODA,15,5,17,15,1.0
DODA,15,5,17,15,1.0
DODA,15,5,17,15,1.0
DODA,15,5,18,15,1.0
DODA,15,5,18,15,1.0
DODA,15,5,18,15,1.0
DODA,15,5,19,15,1.0
DODA,15,5,19,15,1.0
DODA,15,5,19,15,1.0
DODA,15,5,20,15,1.0
DODA,15,5,20,15,1.0
DODA,15,5,20,15,1.0
DODA,15,5,21,15,1.0
DODA,15,5,21,15,1.0
DODA,15,5,21,15,1.0
DODA,15,5,22,15,1.0
DODA,15,5,22,15,1.0
DODA,15,5,22,15,1.0
DODA,15,5,23,15,1.0
DODA,15,5,23,15,1.0
DODA,15,5,23,15,1.0
DODA,15,5,24,15,1.0
DODA,15,5,24,15,1.0
DODA,15,5,24,15,1.0
DODA,15,5,25,15,1.0
DODA,15,5,25,15,1.0
DODA,15,5,25,15,1.0
DODA,15,5,5,15,1.0
DODA,15,5,6,15,1.0
DODA,15,5,6,15,1.0
DODA,15,5,6,15,1.0
DODA,15,5,7,15,1.0
DODA,15,5,7,15,1.0
DODA,15,5,7,15,1.0
DODA,15,5,8,15,1.0
DODA,15,5,8,15,1.0
DODA,15,5,8,15,1.0
DODA,15,5,9,15,1.0
DODA,15,5,9,15,1.0
DODA,15,5,9,15,1.0
DODA,15,5,10,15,1.0
DODA,15,5,10,15,1.0
DODA,15,5,10,15,1.0
DODA,15,5,11,15,1.0
DODA,15,5,11,15,1.0
DODA,15,5,11,15,1.0
DODA,15,5,12,15,1.0
DODA,15,5,12,15,1.0
DODA,15,5,12,15,1.0
DODA,15,5,13,15,1.0
DODA,15,5,13,15,1.0
DODA,15,5,13,15,1.0
DODA,15,5,14,15,1.0
DODA,15,5,14,15,1.0
DODA,15,5,14,15,1.0
DODA,15,5,15,15,1.0
DODA,15,5,15,15,1.0
DODA,15,5,15,15,1.0
DODA,15,5,16,15,1.0
DODA,15,5,16,15,1.0
DODA,15,5,16,15,1.0
DODA,15,5,17,15,1.0
DODA,15,5,17,15,1.0
DODA,15,5,17,15,1.0
DODA,15,5,18,15,1.0
DODA,15,5,18,15,1.0
DODA,15,5,18,15,1.0
DODA,15,5,19,15,1.0
DODA,15,5,19,15,1.0
DODA,15,5,19,15,1.0
DODA,15,5,20,15,1.0
DODA,15,5,20,15,1.0
DODA,15,5,20,15,1.0
DODA,15,5,21,15,1.0
DODA,15,5,21,15,1.0
DODA,15,5,21,15,1.0
DODA,15,5,22,15,1.0
DODA,15,5,22,15,1.0
DODA,15,5,22,15,1.0
DODA,15,5,23,15,1.0
DODA,15,5,23,15,1.0
DODA,15,5,23,15,1.0
DODA,15,5,24,15,1.0
DODA,15,5,24,15,1.0
DODA,15,5,24,15,1.0
DODA,15,5,25,15,1.0
DODA,15,5,25,15,1.0
DODA,15,5,25,15,1.0
DODA,15,5,6,15,1.0
DODA,15,5,6,15,1.0
DODA,15,5,6,15,1.0
DODA,15,5,7,15,1.0
DODA,15,5,7,15,1.0
DODA,15,5,7,15,1.0
DODA,15,5,8,15,1.0
DODA,15,5,8,15,1.0
DODA,15,5,8,15,1.0
DODA,15,5,9,15,1.0
DODA,15,5,9,15,1.0
DODA,15,5,9,15,1.0
DODA,15,5,10,15,1.0
DODA,15,5,10,15,1.0
DODA,15,5,10,15,1.0
DODA,15,5,11,15,1.0
DODA,15,5,11,15,1.0
DODA,15,5,11,15,1.0
DODA,15,5,12,15,1.0
DODA,15,5,12,15,1.0
DODA,15,5,12,15,1.0
DODA,15,5,13,15,1.0
DODA,15,5,13,15,1.0
DODA,15,5,13,15,1.0
DODA,15,5,14,15,1.0
DODA,15,5,14,15,1.0
DODA,15,5,14,15,1.0
DODA,15,5,15,15,1.0
DODA,15,5,15,15,1.0
DODA,15,5,15,15,1.0
DODA,15,5,16,15,1.0
DODA,15,5,16,15,1.0
DODA,15,5,16,15,1.0
DODA,15,5,17,15,1.0
DODA,15,5,17,15,1.0
DODA,15,5,17,15,1.0
DODA,15,5,18,15,1.0
DODA,15,5,18,15,1.0
DODA,15,5,18,15,1.0
DODA,15,5,19,15,1.0
DODA,15,5,19,15,1.0
DODA,15,5,19,15,1.0
DODA,15,5,20,15,1.0
DODA,15,5,20,15,1.0
DODA,15,5,20,15,1.0
DODA,15,5,21,15,1.0
DODA,15,5,21,15,1.0
DODA,15,5,21,15,1.0
DODA,15,5,22,15,1.0
DODA,15,5,22,15,1.0
DODA,15,5,22,15,1.0
DODA,15,5,23,15,1.0
DODA,15,5,23,15,1.0
DODA,15,5,23,15,1.0
DODA,15,5,24,15,1.0
DODA,15,5,24,15,1.0
DODA,15,5,24,15,1.0
DODA,15,5,25,15,1.0
DODA,15,5,25,15,1.0
DODA,15,5,25,15,1.0
DODA,15,6,6,15,1.0
DODA,15,6,6,15,1.0
DODA,15,6,7,15,1.0
DODA,15,6,7,15,1.0
DODA,15,6,7,15,1.0
DODA,15,6,8,15,1.0
DODA,15,6,8,15,1.0
DODA,15,6,8,15,1.0
DODA,15,6,9,15,1.0
DODA,15,6,9,15,1.0
DODA,15,6,9,15,1.0
DODA,15,6,10,15,1.0
DODA,15,6,10,15,1.0
DODA,15,6,10,15,1.0
DODA,15,6,11,15,1.0
DODA,15,6,11,15,1.0
DODA,15,6,11,15,1.0
DODA,15,6,12,15,1.0
DODA,15,6,12,15,1.0
DODA,15,6,12,15,1.0
DODA,15,6,13,15,1.0
DODA,15,6,13,15,1.0
DODA,15,6,13,15,1.0
DODA,15,6,14,15,1.0
DODA,15,6,14,15,1.0
DODA,15,6,14,15,1.0
DODA,15,6,15,15,1.0
DODA,15,6,15,15,1.0
DODA,15,6,15,15,1.0
DODA,15,6,16,15,1.0
DODA,15,6,16,15,1.0
DODA,15,6,16,15,1.0
DODA,15,6,17,15,1.0
DODA,15,6,17,15,1.0
DODA,15,6,17,15,1.0
DODA,15,6,18,15,1.0
DODA,15,6,18,15,1.0
DODA,15,6,18,15,1.0
DODA,15,6,19,15,1.0
DODA,15,6,19,15,1.0
DODA,15,6,19,15,1.0
DODA,15,6,20,15,1.0
DODA,15,6,20,15,1.0
DODA,15,6,20,15,1.0
DODA,15,6,21,15,1.0
DODA,15,6,21,15,1.0
DODA,15,6,21,15,1.0
DODA,15,6,22,15,1.0
DODA,15,6,22,15,1.0
DODA,15,6,22,15,1.0
DODA,15,6,23,15,1.0
DODA,15,6,23,15,1.0
DODA,15,6,23,15,1.0
DODA,15,6,24,15,1.0
DODA,15,6,24,15,1.0
DODA,15,6,24,15,1.0
DODA,15,6,25,15,1.0
DODA,15,6,25,15,1.0
DODA,15,6,25,15,1.0
DODA,15,6,6,15,1.0
DODA,15,6,7,15,1.0
DODA,15,6,7,15,1.0
DODA,15,6,7,15,1.0
DODA,15,6,8,15,1.0
DODA,15,6,8,15,1.0
DODA,15,6,8,15,1.0
DODA,15,6,9,15,1.0
DODA,15,6,9,15,1.0
DODA,15,6,9,15,1.0
DODA,15,6,10,15,1.0
DODA,15,6,10,15,1.0
DODA,15,6,10,15,1.0
DODA,15,6,11,15,1.0
DODA,15,6,11,15,1.0
DODA,15,6,11,15,1.0
DODA,15,6,12,15,1.0
DODA,15,6,12,15,1.0
DODA,15,6,12,15,1.0
DODA,15,6,13,15,1.0
DODA,15,6,13,15,1.0
DODA,15,6,13,15,1.0
DODA,15,6,14,15,1.0
DODA,15,6,14,15,1.0
DODA,15,6,14,15,1.0
DODA,15,6,15,15,1.0
DODA,15,6,15,15,1.0
DODA,15,6,15,15,1.0
DODA,15,6,16,15,1.0
DODA,15,6,16,15,1.0
DODA,15,6,16,15,1.0
DODA,15,6,17,15,1.0
DODA,15,6,17,15,1.0
DODA,15,6,17,15,1.0
DODA,15,6,18,15,1.0
DODA,15,6,18,15,1.0
DODA,15,6,18,15,1.0
DODA,15,6,19,15,1.0
DODA,15,6,19,15,1.0
DODA,15,6,19,15,1.0
DODA,15,6,20,15,1.0
DODA,15,6,20,15,1.0
DODA,15,6,20,15,1.0
DODA,15,6,21,15,1.0
DODA,15,6,21,15,1.0
DODA,15,6,21,15,1.0
DODA,15,6,22,15,1.0
DODA,15,6,22,15,1.0
DODA,15,6,22,15,1.0
DODA,15,6,23,15,1.0
DODA,15,6,23,15,1.0
DODA,15,6,23,15,1.0
DODA,15,6,24,15,1.0
DODA,15,6,24,15,1.0
DODA,15,6,24,15,1.0
DODA,15,6,25,15,1.0
DODA,15,6,25,15,1.0
DODA,15,6,25,15,1.0
DODA,15,6,7,15,1.0
DODA,15,6,7,15,1.0
DODA,15,6,7,15,1.0
DODA,15,6,8,15,1.0
DODA,15,6,8,15,1.0
DODA,15,6,8,15,1.0
DODA,15,6,9,15,1.0
DODA,15,6,9,15,1.0
DODA,15,6,9,15,1.0
DODA,15,6,10,15,1.0
DODA,15,6,10,15,1.0
DODA,15,6,10,15,1.0
DODA,15,6,11,15,1.0
DODA,15,6,11,15,1.0
DODA,15,6,11,15,1.0
DODA,15,6,12,15,1.0
DODA,15,6,12,15,1.0
DODA,15,6,12,15,1.0
DODA,15,6,13,15,1.0
DODA,15,6,13,15,1.0
DODA,15,6,13,15,1.0
DODA,15,6,14,15,1.0
DODA,15,6,14,15,1.0
DODA,15,6,14,15,1.0
DODA,15,6,15,15,1.0
DODA,15,6,15,15,1.0
DODA,15,6,15,15,1.0
DODA,15,6,16,15,1.0
DODA,15,6,16,15,1.0
DODA,15,6,16,15,1.0
DODA,15,6,17,15,1.0
DODA,15,6,17,15,1.0
DODA,15,6,17,15,1.0
DODA,15,6,18,15,1.0
DODA,15,6,18,15,1.0
DODA,15,6,18,15,1.0
DODA,15,6,19,15,1.0
DODA,15,6,19,15,1.0
DODA,15,6,19,15,1.0
DODA,15,6,20,15,1.0
DODA,15,6,20,15,1.0
DODA,15,6,20,15,1.0
DODA,15,6,21,15,1.0
DODA,15,6,21,15,1.0
DODA,15,6,21,15,1.0
DODA,15,6,22,15,1.0
DODA,15,6,22,15,1.0
DODA,15,6,22,15,1.0
DODA,15,6,23,15,1.0
DODA,15,6,23,15,1.0
DODA,15,6,23,15,1.0
DODA,15,6,24,15,1.0
DODA,15,6,24,15,1.0
DODA,15,6,24,15,1.0
DODA,15,6,25,15,1.0
DODA,15,6,25,15,1.0
DODA,15,6,25,15,1.0
DODA,15,7,7,15,1.0
DODA,15,7,7,15,1.0
DODA,15,7,8,15,1.0
DODA,15,7,8,15,1.0
DODA,15,7,8,15,1.0
DODA,15,7,9,15,1.0
DODA,15,7,9,15,1.0
DODA,15,7,9,15,1.0
DODA,15,7,10,15,1.0
DODA,15,7,10,15,1.0
DODA,15,7,10,15,1.0
DODA,15,7,11,15,1.0
DODA,15,7,11,15,1.0
DODA,15,7,11,15,1.0
DODA,15,7,12,15,1.0
DODA,15,7,12,15,1.0
DODA,15,7,12,15,1.0
DODA,15,7,13,15,1.0
DODA,15,7,13,15,1.0
DODA,15,7,13,15,1.0
DODA,15,7,14,15,1.0
DODA,15,7,14,15,1.0
DODA,15,7,14,15,1.0
DODA,15,7,15,15,1.0
DODA,15,7,15,15,1.0
DODA,15,7,15,15,1.0
DODA,15,7,16,15,1.0
DODA,15,7,16,15,1.0
DODA,15,7,16,15,1.0
DODA,15,7,17,15,1.0
DODA,15,7,17,15,1.0
DODA,15,7,17,15,1.0
DODA,15,7,18,15,1.0
DODA,15,7,18,15,1.0
DODA,15,7,18,15,1.0
DODA,15,7,19,15,1.0
DODA,15,7,19,15,1.0
DODA,15,7,19,15,1.0
DODA,15,7,20,15,1.0
DODA,15,7,20,15,1.0
DODA,15,7,20,15,1.0
DODA,15,7,21,15,1.0
DODA,15,7,21,15,1.0
DODA,15,7,21,15,1.0
DODA,15,7,22,15,1.0
DODA,15,7,22,15,1.0
DODA,15,7,22,15,1.0
DODA,15,7,23,15,1.0
DODA,15,7,23,15,1.0
DODA,15,7,23,15,1.0
DODA,15,7,24,15,1.0
DODA,15,7,24,15,1.0
DODA,15,7,24,15,1.0
DODA,15,7,25,15,1.0
DODA,15,7,25,15,1.0
DODA,15,7,25,15,1.0
DODA,15,7,7,15,1.0
DODA,15,7,8,15,1.0
DODA,15,7,8,15,1.0
DODA,15,7,8,15,1.0
DODA,15,7,9,15,1.0
DODA,15,7,9,15,1.0
DODA,15,7,9,15,1.0
DODA,15,7,10,15,1.0
DODA,15,7,10,15,1.0
DODA,15,7,10,15,1.0
DODA,15,7,11,15,1.0
DODA,15,7,11,15,1.0
DODA,15,7,11,15,1.0
DODA,15,7,12,15,1.0
DODA,15,7,12,15,1.0
DODA,15,7,12,15,1.0
DODA,15,7,13,15,1.0
DODA,15,7,13,15,1.0
DODA,15,7,13,15,1.0
DODA,15,7,14,15,1.0
DODA,15,7,14,15,1.0
DODA,15,7,14,15,1.0
DODA,15,7,15,15,1.0
DODA,15,7,15,15,1.0
DODA,15,7,15,15,1.0
DODA,15,7,16,15,1.0
DODA,15,7,16,15,1.0
DODA,15,7,16,15,1.0
DODA,15,7,17,15,1.0
DODA,15,7,17,15,1.0
DODA,15,7,17,15,1.0
DODA,15,7,18,15,1.0
DODA,15,7,18,15,1.0
DODA,15,7,18,15,1.0
DODA,15,7,19,15,1.0
DODA,15,7,19,15,1.0
DODA,15,7,19,15,1.0
DODA,15,7,20,15,1.0
DODA,15,7,20,15,1.0
DODA,15,7,20,15,1.0
DODA,15,7,21,15,1.0
DODA,15,7,21,15,1.0
DODA,15,7,21,15,1.0
DODA,15,7,22,15,1.0
DODA,15,7,22,15,1.0
DODA,15,7,22,15,1.0
DODA,15,7,23,15,1.0
DODA,15,7,23,15,1.0
DODA,15,7,23,15,1.0
DODA,15,7,24,15,1.0
DODA,15,7,24,15,1.0
DODA,15,7,24,15,1.0
DODA,15,7,25,15,1.0
DODA,15,7,25,15,1.0
DODA,15,7,25,15,1.0
DODA,15,7,8,15,1.0
DODA,15,7,8,15,1.0
DODA,15,7,8,15,1.0
DODA,15,7,9,15,1.0
DODA,15,7,9,15,1.0
DODA,15,7,9,15,1.0
DODA,15,7,10,15,1.0
DODA,15,7,10,15,1.0
DODA,15,7,10,15,1.0
DODA,15,7,11,15,1.0
DODA,15,7,11,15,1.0
DODA,15,7,11,15,1.0
DODA,15,7,12,15,1.0
DODA,15,7,12,15,1.0
DODA,15,7,12,15,1.0
DODA,15,7,13,15,1.0
DODA,15,7,13,15,1.0
DODA,15,7,13,15,1.0
DODA,15,7,14,15,1.0
DODA,15,7,14,15,1.0
DODA,15,7,14,15,1.0
DODA,15,7,15,15,1.0
DODA,15,7,15,15,1.0
DODA,15,7,15,15,1.0
DODA,15,7,16,15,1.0
DODA,15,7,16,15,1.0
DODA,15,7,16,15,1.0
DODA,15,7,17,15,1.0
DODA,15,7,17,15,1.0
DODA,15,7,17,15,1.0
DODA,15,7,18,15,1.0
DODA,15,7,18,15,1.0
DODA,15,7,18,15,1.0
DODA,15,7,19,15,1.0
DODA,15,7,19,15,1.0
DODA,15,7,19,15,1.0
DODA,15,7,20,15,1.0
DODA,15,7,20,15,1.0
DODA,15,7,20,15,1.0
DODA,15,7,21,15,1.0
DODA,15,7,21,15,1.0
DODA,15,7,21,15,1.0
DODA,15,7,22,15,1.0
DODA,15,7,22,15,1.0
DODA,15,7,22,15,1.0
DODA,15,7,23,15,1.0
DODA,15,7,23,15,1.0
DODA,15,7,23,15,1.0
DODA,15,7,24,15,1.0
DODA,15,7,24,15,1.0
DODA,15,7,24,15,1.0
DODA,15,7,25,15,1.0
DODA,15,7,25,15,1.0
DODA,15,7,25,15,1.0
DODA,15,8,8,15,1.0
DODA,15,8,8,15,1.0
DODA,15,8,9,15,1.0
DODA,15,8,9,15,1.0
DODA,15,8,9,15,1.0
DODA,15,8,10,15,1.0
DODA,15,8,10,15,1.0
DODA,15,8,10,15,1.0
DODA,15,8,11,15,1.0
DODA,15,8,11,15,1.0
DODA,15,8,11,15,1.0
DODA,15,8,12,15,1.0
DODA,15,8,12,15,1.0
DODA,15,8,12,15,1.0
DODA,15,8,13,15,1.0
DODA,15,8,13,15,1.0
DODA,15,8,13,15,1.0
DODA,15,8,14,15,1.0
DODA,15,8,14,15,1.0
DODA,15,8,14,15,1.0
DODA,15,8,15,15,1.0
DODA,15,8,15,15,1.0
DODA,15,8,15,15,1.0
DODA,15,8,16,15,1.0
DODA,15,8,16,15,1.0
DODA,15,8,16,15,1.0
DODA,15,8,17,15,1.0
DODA,15,8,17,15,1.0
DODA,15,8,17,15,1.0
DODA,15,8,18,15,1.0
DODA,15,8,18,15,1.0
DODA,15,8,18,15,1.0
DODA,15,8,19,15,1.0
DODA,15,8,19,15,1.0
DODA,15,8,19,15,1.0
DODA,15,8,20,15,1.0
DODA,15,8,20,15,1.0
DODA,15,8,20,15,1.0
DODA,15,8,21,15,1.0
DODA,15,8,21,15,1.0
DODA,15,8,21,15,1.0
DODA,15,8,22,15,1.0
DODA,15,8,22,15,1.0
DODA,15,8,22,15,1.0
DODA,15,8,23,15,1.0
DODA,15,8,23,15,1.0
DODA,15,8,23,15,1.0
DODA,15,8,24,15,1.0
DODA,15,8,24,15,1.0
DODA,15,8,24,15,1.0
DODA,15,8,25,15,1.0
DODA,15,8,25,15,1.0
DODA,15,8,25,15,1.0
DODA,15,8,8,15,1.0
DODA,15,8,9,15,1.0
DODA,15,8,9,15,1.0
DODA,15,8,9,15,1.0
DODA,15,8,10,15,1.0
DODA,15,8,10,15,1.0
DODA,15,8,10,15,1.0
DODA,15,8,11,15,1.0
DODA,15,8,11,15,1.0
DODA,15,8,11,15,1.0
DODA,15,8,12,15,1.0
DODA,15,8,12,15,1.0
DODA,15,8,12,15,1.0
DODA,15,8,13,15,1.0
DODA,15,8,13,15,1.0
DODA,15,8,13,15,1.0
DODA,15,8,14,15,1.0
DODA,15,8,14,15,1.0
DODA,15,8,14,15,1.0
DODA,15,8,15,15,1.0
DODA,15,8,15,15,1.0
DODA,15,8,15,15,1.0
DODA,15,8,16,15,1.0
DODA,15,8,16,15,1.0
DODA,15,8,16,15,1.0
DODA,15,8,17,15,1.0
DODA,15,8,17,15,1.0
DODA,15,8,17,15,1.0
DODA,15,8,18,15,1.0
DODA,15,8,18,15,1.0
DODA,15,8,18,15,1.0
DODA,15,8,19,15,1.0
DODA,15,8,19,15,1.0
DODA,15,8,19,15,1.0
DODA,15,8,20,15,1.0
DODA,15,8,20,15,1.0
DODA,15,8,20,15,1.0
DODA,15,8,21,15,1.0
DODA,15,8,21,15,1.0
DODA,15,8,21,15,1.0
DODA,15,8,22,15,1.0
DODA,15,8,22,15,1.0
DODA,15,8,22,15,1.0
DODA,15,8,23,15,1.0
DODA,15,8,23,15,1.0
DODA,15,8,23,15,1.0
DODA,15,8,24,15,1.0
DODA,15,8,24,15,1.0
DODA,15,8,24,15,1.0
DODA,15,8,25,15,1.0
DODA,15,8,25,15,1.0
DODA,15,8,25,15,1.0
DODA,15,8,9,15,1.0
DODA,15,8,9,15,1.0
DODA,15,8,9,15,1.0
DODA,15,8,10,15,1.0
DODA,15,8,10,15,1.0
DODA,15,8,10,15,1.0
DODA,15,8,11,15,1.0
DODA,15,8,11,15,1.0
DODA,15,8,11,15,1.0
DODA,15,8,12,15,1.0
DODA,15,8,12,15,1.0
DODA,15,8,12,15,1.0
DODA,15,8,13,15,1.0
DODA,15,8,13,15,1.0
DODA,15,8,13,15,1.0
DODA,15,8,14,15,1.0
DODA,15,8,14,15,1.0
DODA,15,8,14,15,1.0
DODA,15,8,15,15,1.0
DODA,15,8,15,15,1.0
DODA,15,8,15,15,1.0
DODA,15,8,16,15,1.0
DODA,15,8,16,15,1.0
DODA,15,8,16,15,1.0
DODA,15,8,17,15,1.0
DODA,15,8,17,15,1.0
DODA,15,8,17,15,1.0
DODA,15,8,18,15,1.0
DODA,15,8,18,15,1.0
DODA,15,8,18,15,1.0
DODA,15,8,19,15,1.0
DODA,15,8,19,15,1.0
DODA,15,8,19,15,1.0
DODA,15,8,20,15,1.0
DODA,15,8,20,15,1.0
DODA,15,8,20,15,1.0
DODA,15,8,21,15,1.0
DODA,15,8,21,15,1.0
DODA,15,8,21,15,1.0
DODA,15,8,22,15,1.0
DODA,15,8,22,15,1.0
DODA,15,8,22,15,1.0
DODA,15,8,23,15,1.0
DODA,15,8,23,15,1.0
DODA,15,8,23,15,1.0
DODA,15,8,24,15,1.0
DODA,15,8,24,15,1.0
DODA,15,8,24,15,1.0
DODA,15,8,25,15,1.0
DODA,15,8,25,15,1.0
DODA,15,8,25,15,1.0
DODA,15,9,9,15,1.0
DODA,15,9,9,15,1.0
DODA,15,9,10,15,1.0
DODA,15,9,10,15,1.0
DODA,15,9,10,15,1.0
DODA,15,9,11,15,1.0
DODA,15,9,11,15,1.0
DODA,15,9,11,15,1.0
DODA,15,9,12,15,1.0
DODA,15,9,12,15,1.0
DODA,15,9,12,15,1.0
DODA,15,9,13,15,1.0
DODA,15,9,13,15,1.0
DODA,15,9,13,15,1.0
DODA,15,9,14,15,1.0
DODA,15,9,14,15,1.0
DODA,15,9,14,15,1.0
DODA,15,9,15,15,1.0
DODA,15,9,15,15,1.0
DODA,15,9,15,15,1.0
DODA,15,9,16,15,1.0
DODA,15,9,16,15,1.0
DODA,15,9,16,15,1.0
DODA,15,9,17,15,1.0
DODA,15,9,17,15,1.0
DODA,15,9,17,15,1.0
DODA,15,9,18,15,1.0
DODA,15,9,18,15,1.0
DODA,15,9,18,15,1.0
DODA,15,9,19,15,1.0
DODA,15,9,19,15,1.0
DODA,15,9,19,15,1.0
DODA,15,9,20,15,1.0
DODA,15,9,20,15,1.0
DODA,15,9,20,15,1.0
DODA,15,9,21,15,1.0
DODA,15,9,21,15,1.0
DODA,15,9,21,15,1.0
DODA,15,9,22,15,1.0
DODA,15,9,22,15,1.0
DODA,15,9,22,15,1.0
DODA,15,9,23,15,1.0
DODA,15,9,23,15,1.0
DODA,15,9,23,15,1.0
DODA,15,9,24,15,1.0
DODA,15,9,24,15,1.0
DODA,15,9,24,15,1.0
DODA,15,9,25,15,1.0
DODA,15,9,25,15,1.0
DODA,15,9,25,15,1.0
DODA,15,9,9,15,1.0
DODA,15,9,10,15,1.0
DODA,15,9,10,15,1.0
DODA,15,9,10,15,1.0
DODA,15,9,11,15,1.0
DODA,15,9,11,15,1.0
DODA,15,9,11,15,1.0
DODA,15,9,12,15,1.0
DODA,15,9,12,15,1.0
DODA,15,9,12,15,1.0
DODA,15,9,13,15,1.0
DODA,15,9,13,15,1.0
DODA,15,9,13,15,1.0
DODA,15,9,14,15,1.0
DODA,15,9,14,15,1.0
DODA,15,9,14,15,1.0
DODA,15,9,15,15,1.0
DODA,15,9,15,15,1.0
DODA,15,9,15,15,1.0
DODA,15,9,16,15,1.0
DODA,15,9,16,15,1.0
DODA,15,9,16,15,1.0
DODA,15,9,17,15,1.0
DODA,15,9,17,15,1.0
DODA,15,9,17,15,1.0
DODA,15,9,18,15,1.0
DODA,15,9,18,15,1.0
DODA,15,9,18,15,1.0
DODA,15,9,19,15,1.0
DODA,15,9,19,15,1.0
DODA,15,9,19,15,1.0
DODA,15,9,20,15,1.0
DODA,15,9,20,15,1.0
DODA,15,9,20,15,1.0
DODA,15,9,21,15,1.0
DODA,15,9,21,15,1.0
DODA,15,9,21,15,1.0
DODA,15,9,22,15,1.0
DODA,15,9,22,15,1.0
DODA,15,9,22,15,1.0
DODA,15,9,23,15,1.0
DODA,15,9,23,15,1.0
DODA,15,9,23,15,1.0
DODA,15,9,24,15,1.0
DODA,15,9,24,15,1.0
DODA,15,9,24,15,1.0
DODA,15,9,25,15,1.0
DODA,15,9,25,15,1.0
DODA,15,9,25,15,1.0
DODA,15,9,10,15,1.0
DODA,15,9,10,15,1.0
DODA,15,9,10,15,1.0
DODA,15,9,11,15,1.0
DODA,15,9,11,15,1.0
DODA,15,9,11,15,1.0
DODA,15,9,12,15,1.0
DODA,15,9,12,15,1.0
DODA,15,9,12,15,1.0
DODA,15,9,13,15,1.0
DODA,15,9,13,15,1.0
DODA,15,9,13,15,1.0
DODA,15,9,14,15,1.0
DODA,15,9,14,15,1.0
DODA,15,9,14,15,1.0
DODA,15,9,15,15,1.0
DODA,15,9,15,15,1.0
DODA,15,9,15,15,1.0
DODA,15,9,16,15,1.0
DODA,15,9,16,15,1.0
DODA,15,9,16,15,1.0
DODA,15,9,17,15,1.0
DODA,15,9,17,15,1.0
DODA,15,9,17,15,1.0
DODA,15,9,18,15,1.0
DODA,15,9,18,15,1.0
DODA,15,9,18,15,1.0
DODA,15,9,19,15,1.0
DODA,15,9,19,15,1.0
DODA,15,9,19,15,1.0
DODA,15,9,20,15,1.0
DODA,15,9,20,15,1.0
DODA,15,9,20,15,1.0
DODA,15,9,21,15,1.0
DODA,15,9,21,15,1.0
DODA,15,9,21,15,1.0
DODA,15,9,22,15,1.0
DODA,15,9,22,15,1.0
DODA,15,9,22,15,1.0
DODA,15,9,23,15,1.0
DODA,15,9,23,15,1.0
DODA,15,9,23,15,1.0
DODA,15,9,24,15,1.0
DODA,15,9,24,15,1.0
DODA,15,9,24,15,1.0
DODA,15,9,25,15,1.0
DODA,15,9,25,15,1.0
DODA,15,9,25,15,1.0
DODA,15,10,10,15,1.0
DODA,15,10,10,15,1.0
DODA,15,10,11,15,1.0
DODA,15,10,11,15,1.0
DODA,15,10,11,15,1.0
DODA,15,10,12,15,1.0
DODA,15,10,12,15,1.0
DODA,15,10,12,15,1.0
DODA,15,10,13,15,1.0
DODA,15,10,13,15,1.0
DODA,15,10,13,15,1.0
DODA,15,10,14,15,1.0
DODA,15,10,14,15,1.0
DODA,15,10,14,15,1.0
DODA,15,10,15,15,1.0
DODA,15,10,15,15,1.0
DODA,15,10,15,15,1.0
DODA,15,10,16,15,1.0
DODA,15,10,16,15,1.0
DODA,15,10,16,15,1.0
DODA,15,10,17,15,1.0
DODA,15,10,17,15,1.0
DODA,15,10,17,15,1.0
DODA,15,10,18,15,1.0
DODA,15,10,18,15,1.0
DODA,15,10,18,15,1.0
DODA,15,10,19,15,1.0
DODA,15,10,19,15,1.0
DODA,15,10,19,15,1.0
DODA,15,10,20,15,1.0
DODA,15,10,20,15,1.0
DODA,15,10,20,15,1.0
DODA,15,10,21,15,1.0
DODA,15,10,21,15,1.0
DODA,15,10,21,15,1.0
DODA,15,10,22,15,1.0
DODA,15,10,22,15,1.0
DODA,15,10,22,15,1.0
DODA,15,10,23,15,1.0
DODA,15,10,23,15,1.0
DODA,15,10,23,15,1.0
DODA,15,10,24,15,1.0
DODA,15,10,24,15,1.0
DODA,15,10,24,15,1.0
DODA,15,10,25,15,1.0
DODA,15,10,25,15,1.0
DODA,15,10,25,15,1.0
DODA,15,10,10,15,1.0
DODA,15,10,11,15,1.0
DODA,15,10,11,15,1.0
DODA,15,10,11,15,1.0
DODA,15,10,12,15,1.0
DODA,15,10,12,15,1.0
DODA,15,10,12,15,1.0
DODA,15,10,13,15,1.0
DODA,15,10,13,15,1.0
DODA,15,10,13,15,1.0
DODA,15,10,14,15,1.0
DODA,15,10,14,15,1.0
DODA,15,10,14,15,1.0
DODA,15,10,15,15,1.0
DODA,15,10,15,15,1.0
DODA,15,10,15,15,1.0
DODA,15,10,16,15,1.0
DODA,15,10,16,15,1.0
DODA,15,10,16,15,1.0
DODA,15,10,17,15,1.0
DODA,15,10,17,15,1.0
DODA,15,10,17,15,1.0
DODA,15,10,18,15,1.0
DODA,15,10,18,15,1.0
DODA,15,10,18,15,1.0
DODA,15,10,19,15,1.0
DODA,15,10,19,15,1.0
DODA,15,10,19,15,1.0
DODA,15,10,20,15,1.0
DODA,15,10,20,15,1.0
DODA,15,10,20,15,1.0
DODA,15,10,21,15,1.0
DODA,15,10,21,15,1.0
DODA,15,10,21,15,1.0
DODA,15,10,22,15,1.0
DODA,15,10,22,15,1.0
DODA,15,10,22,15,1.0
DODA,15,10,23,15,1.0
DODA,15,10,23,15,1.0
DODA,15,10,23,15,1.0
DODA,15,10,24,15,1.0
DODA,15,10,24,15,1.0
DODA,15,10,24,15,1.0
DODA,15,10,25,15,1.0
DODA,15,10,25,15,1.0
DODA,15,10,25,15,1.0
DODA,15,10,11,15,1.0
DODA,15,10,11,15,1.0
DODA,15,10,11,15,1.0
DODA,15,10,12,15,1.0
DODA,15,10,12,15,1.0
DODA,15,10,12,15,1.0
DODA,15,10,13,15,1.0
DODA,15,10,13,15,1.0
DODA,15,10,13,15,1.0
DODA,15,10,14,15,1.0
DODA,15,10,14,15,1.0
DODA,15,10,14,15,1.0
DODA,15,10,15,15,1.0
DODA,15,10,15,15,1.0
DODA,15,10,15,15,1.0
DODA,15,10,16,15,1.0
DODA,15,10,16,15,1.0
DODA,15,10,16,15,1.0
DODA,15,10,17,15,1.0
DODA,15,10,17,15,1.0
DODA,15,10,17,15,1.0
DODA,15,10,18,15,1.0
DODA,15,10,18,15,1.0
DODA,15,10,18,15,1.0
DODA,15,10,19,15,1.0
DODA,15,10,19,15,1.0
DODA,15,10,19,15,1.0
DODA,15,10,20,15,1.0
DODA,15,10,20,15,1.0
DODA,15,10,20,15,1.0
DODA,15,10,21,15,1.0
DODA,15,10,21,15,1.0
DODA,15,10,21,15,1.0
DODA,15,10,22,15,1.0
DODA,15,10,22,15,1.0
DODA,15,10,22,15,1.0
DODA,15,10,23,15,1.0
DODA,15,10,23,15,1.0
DODA,15,10,23,15,1.0
DODA,15,10,24,15,1.0
DODA,15,10,24,15,1.0
DODA,15,10,24,15,1.0
DODA,15,10,25,15,1.0
DODA,15,10,25,15,1.0
DODA,15,10,25,15,1.0
DODA,15,11,11,15,1.0
DODA,15,11,11,15,1.0
DODA,15,11,12,15,1.0
DODA,15,11,12,15,1.0
DODA,15,11,12,15,1.0
DODA,15,11,13,15,1.0
DODA,15,11,13,15,1.0
DODA,15,11,13,15,1.0
DODA,15,11,14,15,1.0
DODA,15,11,14,15,1.0
DODA,15,11,14,15,1.0
DODA,15,11,15,15,1.0
DODA,15,11,15,15,1.0
DODA,15,11,15,15,1.0
DODA,15,11,16,15,1.0
DODA,15,11,16,15,1.0
DODA,15,11,16,15,1.0
DODA,15,11,17,15,1.0
DODA,15,11,17,15,1.0
DODA,15,11,17,15,1.0
DODA,15,11,18,15,1.0
DODA,15,11,18,15,1.0
DODA,15,11,18,15,1.0
DODA,15,11,19,15,1.0
DODA,15,11,19,15,1.0
DODA,15,11,19,15,1.0
DODA,15,11,20,15,1.0
DODA,15,11,20,15,1.0
DODA,15,11,20,15,1.0
DODA,15,11,21,15,1.0
DODA,15,11,21,15,1.0
DODA,15,11,21,15,1.0
DODA,15,11,22,15,1.0
DODA,15,11,22,15,1.0
DODA,15,11,22,15,1.0
DODA,15,11,23,15,1.0
DODA,15,11,23,15,1.0
DODA,15,11,23,15,1.0
DODA,15,11,24,15,1.0
DODA,15,11,24,15,1.0
DODA,15,11,24,15,1.0
DODA,15,11,25,15,1.0
DODA,15,11,25,15,1.0
DODA,15,11,25,15,1.0
DODA,15,11,11,15,1.0
DODA,15,11,12,15,1.0
DODA,15,11,12,15,1.0
DODA,15,11,12,15,1.0
DODA,15,11,13,15,1.0
DODA,15,11,13,15,1.0
DODA,15,11,13,15,1.0
DODA,15,11,14,15,1.0
DODA,15,11,14,15,1.0
DODA,15,11,14,15,1.0
DODA,15,11,15,15,1.0
DODA,15,11,15,15,1.0
DODA,15,11,15,15,1.0
DODA,15,11,16,15,1.0
DODA,15,11,16,15,1.0
DODA,15,11,16,15,1.0
DODA,15,11,17,15,1.0
DODA,15,11,17,15,1.0
DODA,15,11,17,15,1.0
DODA,15,11,18,15,1.0
DODA,15,11,18,15,1.0
DODA,15,11,18,15,1.0
DODA,15,11,19,15,1.0
DODA,15,11,19,15,1.0
DODA,15,11,19,15,1.0
DODA,15,11,20,15,1.0
DODA,15,11,20,15,1.0
DODA,15,11,20,15,1.0
DODA,15,11,21,15,1.0
DODA,15,11,21,15,1.0
DODA,15,11,21,15,1.0
DODA,15,11,22,15,1.0
DODA,15,11,22,15,1.0
DODA,15,11,22,15,1.0
DODA,15,11,23,15,1.0
DODA,15,11,23,15,1.0
DODA,15,11,23,15,1.0
DODA,15,11,24,15,1.0
DODA,15,11,24,15,1.0
DODA,15,11,24,15,1.0
DODA,15,11,25,15,1.0
DODA,15,11,25,15,1.0
DODA,15,11,25,15,1.0
DODA,15,11,12,15,1.0
DODA,15,11,12,15,1.0
DODA,15,11,12,15,1.0
DODA,15,11,13,15,1.0
DODA,15,11,13,15,1.0
DODA,15,11,13,15,1.0
DODA,15,11,14,15,1.0
DODA,15,11,14,15,1.0
DODA,15,11,14,15,1.0
DODA,15,11,15,15,1.0
DODA,15,11,15,15,1.0
DODA,15,11,15,15,1.0
DODA,15,11,16,15,1.0
DODA,15,11,16,15,1.0
DODA,15,11,16,15,1.0
DODA,15,11,17,15,1.0
DODA,15,11,17,15,1.0
DODA,15,11,17,15,1.0
DODA,15,11,18,15,1.0
DODA,15,11,18,15,1.0
DODA,15,11,18,15,1.0
DODA,15,11,19,15,1.0
DODA,15,11,19,15,1.0
DODA,15,11,19,15,1.0
DODA,15,11,20,15,1.0
DODA,15,11,20,15,1.0
DODA,15,11,20,15,1.0
DODA,15,11,21,15,1.0
DODA,15,11,21,15,1.0
DODA,15,11,21,15,1.0
DODA,15,11,22,15,1.0
DODA,15,11,22,15,1.0
DODA,15,11,22,15,1.0
DODA,15,11,23,15,1.0
DODA,15,11,23,15,1.0
DODA,15,11,23,15,1.0
DODA,15,11,24,15,1.0
DODA,15,11,24,15,1.0
DODA,15,11,24,15,1.0
DODA,15,11,25,15,1.0
DODA,15,11,25,15,1.0
DODA,15,11,25,15,1.0
DODA,15,12,12,15,1.0
DODA,15,12,12,15,1.0
DODA,15,12,13,15,1.0
DODA,15,12,13,15,1.0
DODA,15,12,13,15,1.0
DODA,15,12,14,15,1.0
DODA,15,12,14,15,1.0
DODA,15,12,14,15,1.0
DODA,15,12,15,15,1.0
DODA,15,12,15,15,1.0
DODA,15,12,15,15,1.0
DODA,15,12,16,15,1.0
DODA,15,12,16,15,1.0
DODA,15,12,16,15,1.0
DODA,15,12,17,15,1.0
DODA,15,12,17,15,1.0
DODA,15,12,17,15,1.0
DODA,15,12,18,15,1.0
DODA,15,12,18,15,1.0
DODA,15,12,18,15,1.0
DODA,15,12,19,15,1.0
DODA,15,12,19,15,1.0
DODA,15,12,19,15,1.0
DODA,15,12,20,15,1.0
DODA,15,12,20,15,1.0
DODA,15,12,20,15,1.0
DODA,15,12,21,15,1.0
DODA,15,12,21,15,1.0
DODA,15,12,21,15,1.0
DODA,15,12,22,15,1.0
DODA,15,12,22,15,1.0
DODA,15,12,22,15,1.0
DODA,15,12,23,15,1.0
DODA,15,12,23,15,1.0
DODA,15,12,23,15,1.0
DODA,15,12,24,15,1.0
DODA,15,12,24,15,1.0
DODA,15,12,24,15,1.0
DODA,15,12,25,15,1.0
DODA,15,12,25,15,1.0
DODA,15,12,25,15,1.0
DODA,15,12,12,15,1.0
DODA,15,12,13,15,1.0
DODA,15,12,13,15,1.0
DODA,15,12,13,15,1.0
DODA,15,12,14,15,1.0
DODA,15,12,14,15,1.0
DODA,15,12,14,15,1.0
DODA,15,12,15,15,1.0
DODA,15,12,15,15,1.0
DODA,15,12,15,15,1.0
DODA,15,12,16,15,1.0
DODA,15,12,16,15,1.0
DODA,15,12,16,15,1.0
DODA,15,12,17,15,1.0
DODA,15,12,17,15,1.0
DODA,15,12,17,15,1.0
DODA,15,12,18,15,1.0
DODA,15,12,18,15,1.0
DODA,15,12,18,15,1.0
DODA,15,12,19,15,1.0
DODA,15,12,19,15,1.0
DODA,15,12,19,15,1.0
DODA,15,12,20,15,1.0
DODA,15,12,20,15,1.0
DODA,15,12,20,15,1.0
DODA,15,12,21,15,1.0
DODA,15,12,21,15,1.0
DODA,15,12,21,15,1.0
DODA,15,12,22,15,1.0
DODA,15,12,22,15,1.0
DODA,15,12,22,15,1.0
DODA,15,12,23,15,1.0
DODA,15,12,23,15,1.0
DODA,15,12,23,15,1.0
DODA,15,12,24,15,1.0
DODA,15,12,24,15,1.0
DODA,15,12,24,15,1.0
DODA,15,12,25,15,1.0
DODA,15,12,25,15,1.0
DODA,15,12,25,15,1.0
DODA,15,12,13,15,1.0
DODA,15,12,13,15,1.0
DODA,15,12,13,15,1.0
DODA,15,12,14,15,1.0
DODA,15,12,14,15,1.0
DODA,15,12,14,15,1.0
DODA,15,12,15,15,1.0
DODA,15,12,15,15,1.0
DODA,15,12,15,15,1.0
DODA,15,12,16,15,1.0
DODA,15,12,16,15,1.0
DODA,15,12,16,15,1.0
DODA,15,12,17,15,1.0
DODA,15,12,17,15,1.0
DODA,15,12,17,15,1.0
DODA,15,12,18,15,1.0
DODA,15,12,18,15,1.0
DODA,15,12,18,15,1.0
DODA,15,12,19,15,1.0
DODA,15,12,19,15,1.0
DODA,15,12,19,15,1.0
DODA,15,12,20,15,1.0
DODA,15,12,20,15,1.0
DODA,15,12,20,15,1.0
DODA,15,12,21,15,1.0
DODA,15,12,21,15,1.0
DODA,15,12,21,15,1.0
DODA,15,12,22,15,1.0
DODA,15,12,22,15,1.0
DODA,15,12,22,15,1.0
DODA,15,12,23,15,1.0
DODA,15,12,23,15,1.0
DODA,15,12,23,15,1.0
DODA,15,12,24,15,1.0
DODA,15,12,24,15,1.0
DODA,15,12,24,15,1.0
DODA,15,12,25,15,1.0
DODA,15,12,25,15,1.0
DODA,15,12,25,15,1.0
DODA,15,13,13,15,1.0
DODA,15,13,13,15,1.0
DODA,15,13,14,15,1.0
DODA,15,13,14,15,1.0
DODA,15,13,14,15,1.0
DODA,15,13,15,15,1.0
DODA,15,13,15,15,1.0
DODA,15,13,15,15,1.0
DODA,15,13,16,15,1.0
DODA,15,13,16,15,1.0
DODA,15,13,16,15,1.0
DODA,15,13,17,15,1.0
DODA,15,13,17,15,1.0
DODA,15,13,17,15,1.0
DODA,15,13,18,15,1.0
DODA,15,13,18,15,1.0
DODA,15,13,18,15,1.0
DODA,15,13,19,15,1.0
DODA,15,13,19,15,1.0
DODA,15,13,19,15,1.0
DODA,15,13,20,15,1.0
DODA,15,13,20,15,1.0
DODA,15,13,20,15,1.0
DODA,15,13,21,15,1.0
DODA,15,13,21,15,1.0
DODA,15,13,21,15,1.0
DODA,15,13,22,15,1.0
DODA,15,13,22,15,1.0
DODA,15,13,22,15,1.0
DODA,15,13,23,15,1.0
DODA,15,13,23,15,1.0
DODA,15,13,23,15,1.0
DODA,15,13,24,15,1.0
DODA,15,13,24,15,1.0
DODA,15,13,24,15,1.0
DODA,15,13,25,15,1.0
DODA,15,13,25,15,1.0
DODA,15,13,25,15,1.0
DODA,15,13,13,15,1.0
DODA,15,13,14,15,1.0
DODA,15,13,14,15,1.0
DODA,15,13,14,15,1.0
DODA,15,13,15,15,1.0
DODA,15,13,15,15,1.0
DODA,15,13,15,15,1.0
DODA,15,13,16,15,1.0
DODA,15,13,16,15,1.0
DODA,15,13,16,15,1.0
DODA,15,13,17,15,1.0
DODA,15,13,17,15,1.0
DODA,15,13,17,15,1.0
DODA,15,13,18,15,1.0
DODA,15,13,18,15,1.0
DODA,15,13,18,15,1.0
DODA,15,13,19,15,1.0
DODA,15,13,19,15,1.0
DODA,15,13,19,15,1.0
DODA,15,13,20,15,1.0
DODA,15,13,20,15,1.0
DODA,15,13,20,15,1.0
DODA,15,13,21,15,1.0
DODA,15,13,21,15,1.0
DODA,15,13,21,15,1.0
DODA,15,13,22,15,1.0
DODA,15,13,22,15,1.0
DODA,15,13,22,15,1.0
DODA,15,13,23,15,1.0
DODA,15,13,23,15,1.0
DODA,15,13,23,15,1.0
DODA,15,13,24,15,1.0
DODA,15,13,24,15,1.0
DODA,15,13,24,15,1.0
DODA,15,13,25,15,1.0
DODA,15,13,25,15,1.0
DODA,15,13,25,15,1.0
DODA,15,13,14,15,1.0
DODA,15,13,14,15,1.0
DODA,15,13,14,15,1.0
DODA,15,13,15,15,1.0
DODA,15,13,15,15,1.0
DODA,15,13,15,15,1.0
DODA,15,13,16,15,1.0
DODA,15,13,16,15,1.0
DODA,15,13,16,15,1.0
DODA,15,13,17,15,1.0
DODA,15,13,17,15,1.0
DODA,15,13,17,15,1.0
DODA,15,13,18,15,1.0
DODA,15,13,18,15,1.0
DODA,15,13,18,15,1.0
DODA,15,13,19,15,1.0
DODA,15,13,19,15,1.0
DODA,15,13,19,15,1.0
DODA,15,13,20,15,1.0
DODA,15,13,20,15,1.0
DODA,15,13,20,15,1.0
DODA,15,13,21,15,1.0
DODA,15,13,21,15,1.0
DODA,15,13,21,15,1.0
DODA,15,13,22,15,1.0
DODA,15,13,22,15,1.0
DODA,15,13,22,15,1.0
DODA,15,13,23,15,1.0
DODA,15,13,23,15,1.0
DODA,15,13,23,15,1.0
DODA,15,13,24,15,1.0
DODA,15,13,24,15,1.0
DODA,15,13,24,15,1.0
DODA,15,13,25,15,1.0
DODA,15,13,25,15,1.0
DODA,15,13,25,15,1.0
DODA,15,14,14,15,1.0
DODA,15,14,14,15,1.0
DODA,15,14,15,15,1.0
DODA,15,14,15,15,1.0
DODA,15,14,15,15,1.0
DODA,15,14,16,15,1.0
DODA,15,14,16,15,1.0
DODA,15,14,16,15,1.0
DODA,15,14,17,15,1.0
DODA,15,14,17,15,1.0
DODA,15,14,17,15,1.0
DODA,15,14,18,15,1.0
DODA,15,14,18,15,1.0
DODA,15,14,18,15,1.0
DODA,15,14,19,15,1.0
DODA,15,14,19,15,1.0
DODA,15,14,19,15,1.0
DODA,15,14,20,15,1.0
DODA,15,14,20,15,1.0
DODA,15,14,20,15,1.0
DODA,15,14,21,15,1.0
DODA,15,14,21,15,1.0
DODA,15,14,21,15,1.0
DODA,15,14,22,15,1.0
DODA,15,14,22,15,1.0
DODA,15,14,22,15,1.0
DODA,15,14,23,15,1.0
DODA,15,14,23,15,1.0
DODA,15,14,23,15,1.0
DODA,15,14,24,15,1.0
DODA,15,14,24,15,1.0
DODA,15,14,24,15,1.0
DODA,15,14,25,15,1.0
DODA,15,14,25,15,1.0
DODA,15,14,25,15,1.0
DODA,15,14,14,15,1.0
DODA,15,14,15,15,1.0
DODA,15,14,15,15,1.0
DODA,15,14,15,15,1.0
DODA,15,14,16,15,1.0
DODA,15,14,16,15,1.0
DODA,15,14,16,15,1.0
DODA,15,14,17,15,1.0
DODA,15,14,17,15,1.0
DODA,15,14,17,15,1.0
DODA,15,14,18,15,1.0
DODA,15,14,18,15,1.0
DODA,15,14,18,15,1.0
DODA,15,14,19,15,1.0
DODA,15,14,19,15,1.0
DODA,15,14,19,15,1.0
DODA,15,14,20,15,1.0
DODA,15,14,20,15,1.0
DODA,15,14,20,15,1.0
DODA,15,14,21,15,1.0
DODA,15,14,21,15,1.0
DODA,15,14,21,15,1.0
DODA,15,14,22,15,1.0
DODA,15,14,22,15,1.0
DODA,15,14,22,15,1.0
DODA,15,14,23,15,1.0
DODA,15,14,23,15,1.0
DODA,15,14,23,15,1.0
DODA,15,14,24,15,1.0
DODA,15,14,24,15,1.0
DODA,15,14,24,15,1.0
DODA,15,14,25,15,1.0
DODA,15,14,25,15,1.0
DODA,15,14,25,15,1.0
DODA,15,14,15,15,1.0
DODA,15,14,15,15,1.0
DODA,15,14,15,15,1.0
DODA,15,14,16,15,1.0
DODA,15,14,16,15,1.0
DODA,15,14,16,15,1.0
DODA,15,14,17,15,1.0
DODA,15,14,17,15,1.0
DODA,15,14,17,15,1.0
DODA,15,14,18,15,1.0
DODA,15,14,18,15,1.0
DODA,15,14,18,15,1.0
DODA,15,14,19,15,1.0
DODA,15,14,19,15,1.0
DODA,15,14,19,15,1.0
DODA,15,14,20,15,1.0
DODA,15,14,20,15,1.0
DODA,15,14,20,15,1.0
DODA,15,14,21,15,1.0
DODA,15,14,21,15,1.0
DODA,15,14,21,15,1.0
DODA,15,14,22,15,1.0
DODA,15,14,22,15,1.0
DODA,15,14,22,15,1.0
DODA,15,14,23,15,1.0
DODA,15,14,23,15,1.0
DODA,15,14,23,15,1.0
DODA,15,14,24,15,1.0
DODA,15,14,24,15,1.0
DODA,15,14,24,15,1.0
DODA,15,14,25,15,1.0
DODA,15,14,25,15,1.0
DODA,15,14,25,15,1.0
DODA,15,15,15,15,1.0
DODA,15,15,15,15,1.0
DODA,15,15,16,15,1.0
DODA,15,15,16,15,1.0
DODA,15,15,16,15,1.0
DODA,15,15,17,15,1.0
DODA,15,15,17,15,1.0
DODA,15,15,17,15,1.0
DODA,15,15,18,15,1.0
DODA,15,15,18,15,1.0
DODA,15,15,18,15,1.0
DODA,15,15,19,15,1.0
DODA,15,15,19,15,1.0
DODA,15,15,19,15,1.0
DODA,15,15,20,15,1.0
DODA,15,15,20,15,1.0
DODA,15,15,20,15,1.0
DODA,15,15,21,15,1.0
DODA,15,15,21,15,1.0
DODA,15,15,21,15,1.0
DODA,15,15,22,15,1.0
DODA,15,15,22,15,1.0
DODA,15,15,22,15,1.0
DODA,15,15,23,15,1.0
DODA,15,15,23,15,1.0
DODA,15,15,23,15,1.0
DODA,15,15,24,15,1.0
DODA,15,15,24,15,1.0
DODA,15,15,24,15,1.0
DODA,15,15,25,15,1.0
DODA,15,15,25,15,1.0
DODA,15,15,25,15,1.0
DODA,15,15,15,15,1.0
DODA,15,15,16,15,1.0
DODA,15,15,16,15,1.0
DODA,15,15,16,15,1.0
DODA,15,15,17,15,1.0
DODA,15,15,17,15,1.0
DODA,15,15,17,15,1.0
DODA,15,15,18,15,1.0
DODA,15,15,18,15,1.0
DODA,15,15,18,15,1.0
DODA,15,15,19,15,1.0
DODA,15,15,19,15,1.0
DODA,15,15,19,15,1.0
DODA,15,15,20,15,1.0
DODA,15,15,20,15,1.0
DODA,15,15,20,15,1.0
DODA,15,15,21,15,1.0
DODA,15,15,21,15,1.0
DODA,15,15,21,15,1.0
DODA,15,15,22,15,1.0
DODA,15,15,22,15,1.0
DODA,15,15,22,15,1.0
DODA,15,15,23,15,1.0
DODA,15,15,23,15,1.0
DODA,15,15,23,15,1.0
DODA,15,15,24,15,1.0
DODA,15,15,24,15,1.0
DODA,15,15,24,15,1.0
DODA,15,15,25,15,1.0
DODA,15,15,25,15,1.0
DODA,15,15,25,15,1.0
DODA,15,15,16,15,1.0
DODA,15,15,16,15,1.0
DODA,15,15,16,15,1.0
DODA,15,15,17,15,1.0
DODA,15,15,17,15,1.0
DODA,15,15,17,15,1.0
DODA,15,15,18,15,1.0
DODA,15,15,18,15,1.0
DODA,15,15,18,15,1.0
DODA,15,15,19,15,1.0
DODA,15,15,19,15,1.0
DODA,15,15,19,15,1.0
DODA,15,15,20,15,1.0
DODA,15,15,20,15,1.0
DODA,15,15,20,15,1.0
DODA,15,15,21,15,1.0
DODA,15,15,21,15,1.0
DODA,15,15,21,15,1.0
DODA,15,15,22,15,1.0
DODA,15,15,22,15,1.0
DODA,15,15,22,15,1.0
DODA,15,15,23,15,1.0
DODA,15,15,23,15,1.0
DODA,15,15,23,15,1.0
DODA,15,15,24,15,1.0
DODA,15,15,24,15,1.0
DODA,15,15,24,15,1.0
DODA,15,15,25,15,1.0
DODA,15,15,25,15,1.0
DODA,15,15,25,15,1.0
DODA,15,16,16,15,1.0
DODA,15,16,16,15,1.0
DODA,15,16,17,15,1.0
DODA,15,16,17,15,1.0
DODA,15,16,17,15,1.0
DODA,15,16,18,15,1.0
DODA,15,16,18,15,1.0
DODA,15,16,18,15,1.0
DODA,15,16,19,15,1.0
DODA,15,16,19,15,1.0
DODA,15,16,19,15,1.0
DODA,15,16,20,15,1.0
DODA,15,16,20,15,1.0
DODA,15,16,20,15,1.0
DODA,15,16,21,15,1.0
DODA,15,16,21,15,1.0
DODA,15,16,21,15,1.0
DODA,15,16,22,15,1.0
DODA,15,16,22,15,1.0
DODA,15,16,22,15,1.0
DODA,15,16,23,15,1.0
DODA,15,16,23,15,1.0
DODA,15,16,23,15,1.0
DODA,15,16,24,15,1.0
DODA,15,16,24,15,1.0
DODA,15,16,24,15,1.0
DODA,15,16,25,15,1.0
DODA,15,16,25,15,1.0
DODA,15,16,25,15,1.0
DODA,15,16,16,15,1.0
DODA,15,16,17,15,1.0
DODA,15,16,17,15,1.0
DODA,15,16,17,15,1.0
DODA,15,16,18,15,1.0
DODA,15,16,18,15,1.0
DODA,15,16,18,15,1.0
DODA,15,16,19,15,1.0
DODA,15,16,19,15,1.0
DODA,15,16,19,15,1.0
DODA,15,16,20,15,1.0
DODA,15,16,20,15,1.0
DODA,15,16,20,15,1.0
DODA,15,16,21,15,1.0
DODA,15,16,21,15,1.0
DODA,15,16,21,15,1.0
DODA,15,16,22,15,1.0
DODA,15,16,22,15,1.0
DODA,15,16,22,15,1.0
DODA,15,16,23,15,1.0
DODA,15,16,23,15,1.0
DODA,15,16,23,15,1.0
DODA,15,16,24,15,1.0
DODA,15,16,24,15,1.0
DODA,15,16,24,15,1.0
DODA,15,16,25,15,1.0
DODA,15,16,25,15,1.0
DODA,15,16,25,15,1.0
DODA,15,16,17,15,1.0
DODA,15,16,17,15,1.0
DODA,15,16,17,15,1.0
DODA,15,16,18,15,1.0
DODA,15,16,18,15,1.0
DODA,15,16,18,15,1.0
DODA,15,16,19,15,1.0
DODA,15,16,19,15,1.0
DODA,15,16,19,15,1.0
DODA,15,16,20,15,1.0
DODA,15,16,20,15,1.0
DODA,15,16,20,15,1.0
DODA,15,16,21,15,1.0
DODA,15,16,21,15,1.0
DODA,15,16,21,15,1.0
DODA,15,16,22,15,1.0
DODA,15,16,22,15,1.0
DODA,15,16,22,15,1.0
DODA,15,16,23,15,1.0
DODA,15,16,23,15,1.0
DODA,15,16,23,15,1.0
DODA,15,16,24,15,1.0
DODA,15,16,24,15,1.0
DODA,15,16,24,15,1.0
DODA,15,16,25,15,1.0
DODA,15,16,25,15,1.0
DODA,15,16,25,15,1.0
DODA,15,17,17,15,1.0
DODA,15,17,17,15,1.0
DODA,15,17,18,15,1.0
DODA,15,17,18,15,1.0
DODA,15,17,18,15,1.0
DODA,15,17,19,15,1.0
DODA,15,17,19,15,1.0
DODA,15,17,19,15,1.0
DODA,15,17,20,15,1.0
DODA,15,17,20,15,1.0
DODA,15,17,20,15,1.0
DODA,15,17,21,15,1.0
DODA,15,17,21,15,1.0
DODA,15,17,21,15,1.0
DODA,15,17,22,15,1.0
DODA,15,17,22,15,1.0
DODA,15,17,22,15,1.0
DODA,15,17,23,15,1.0
DODA,15,17,23,15,1.0
DODA,15,17,23,15,1.0
DODA,15,17,24,15,1.0
DODA,15,17,24,15,1.0
DODA,15,17,24,15,1.0
DODA,15,17,25,15,1.0
DODA,15,17,25,15,1.0
DODA,15,17,25,15,1.0
DODA,15,17,17,15,1.0
DODA,15,17,18,15,1.0
DODA,15,17,18,15,1.0
DODA,15,17,18,15,1.0
DODA,15,17,19,15,1.0
DODA,15,17,19,15,1.0
DODA,15,17,19,15,1.0
DODA,15,17,20,15,1.0
DODA,15,17,20,15,1.0
DODA,15,17,20,15,1.0
DODA,15,17,21,15,1.0
DODA,15,17,21,15,1.0
DODA,15,17,21,15,1.0
DODA,15,17,22,15,1.0
DODA,15,17,22,15,1.0
DODA,15,17,22,15,1.0
DODA,15,17,23,15,1.0
DODA,15,17,23,15,1.0
DODA,15,17,23,15,1.0
DODA,15,17,24,15,1.0
DODA,15,17,24,15,1.0
DODA,15,17,24,15,1.0
DODA,15,17,25,15,1.0
DODA,15,17,25,15,1.0
DODA,15,17,25,15,1.0
DODA,15,17,18,15,1.0
DODA,15,17,18,15,1.0
DODA,15,17,18,15,1.0
DODA,15,17,19,15,1.0
DODA,15,17,19,15,1.0
DODA,15,17,19,15,1.0
DODA,15,17,20,15,1.0
DODA,15,17,20,15,1.0
DODA,15,17,20,15,1.0
DODA,15,17,21,15,1.0
DODA,15,17,21,15,1.0
DODA,15,17,21,15,1.0
DODA,15,17,22,15,1.0
DODA,15,17,22,15,1.0
DODA,15,17,22,15,1.0
DODA,15,17,23,15,1.0
DODA,15,17,23,15,1.0
DODA,15,17,23,15,1.0
DODA,15,17,24,15,1.0
DODA,15,17,24,15,1.0
DODA,15,17,24,15,1.0
DODA,15,17,25,15,1.0
DODA,15,17,25,15,1.0
DODA,15,17,25,15,1.0
DODA,15,18,18,15,1.0
DODA,15,18,18,15,1.0
DODA,15,18,19,15,1.0
DODA,15,18,19,15,1.0
DODA,15,18,19,15,1.0
DODA,15,18,20,15,1.0
DODA,15,18,20,15,1.0
DODA,15,18,20,15,1.0
DODA,15,18,21,15,1.0
DODA,15,18,21,15,1.0
DODA,15,18,21,15,1.0
DODA,15,18,22,15,1.0
DODA,15,18,22,15,1.0
DODA,15,18,22,15,1.0
DODA,15,18,23,15,1.0
DODA,15,18,23,15,1.0
DODA,15,18,23,15,1.0
DODA,15,18,24,15,1.0
DODA,15,18,24,15,1.0
DODA,15,18,24,15,1.0
DODA,15,18,25,15,1.0
DODA,15,18,25,15,1.0
DODA,15,18,25,15,1.0
DODA,15,18,18,15,1.0
DODA,15,18,19,15,1.0
DODA,15,18,19,15,1.0
DODA,15,18,19,15,1.0
DODA,15,18,20,15,1.0
DODA,15,18,20,15,1.0
DODA,15,18,20,15,1.0
DODA,15,18,21,15,1.0
DODA,15,18,21,15,1.0
DODA,15,18,21,15,1.0
DODA,15,18,22,15,1.0
DODA,15,18,22,15,1.0
DODA,15,18,22,15,1.0
DODA,15,18,23,15,1.0
DODA,15,18,23,15,1.0
DODA,15,18,23,15,1.0
DODA,15,18,24,15,1.0
DODA,15,18,24,15,1.0
DODA,15,18,24,15,1.0
DODA,15,18,25,15,1.0
DODA,15,18,25,15,1.0
DODA,15,18,25,15,1.0
DODA,15,18,19,15,1.0
DODA,15,18,19,15,1.0
DODA,15,18,19,15,1.0
DODA,15,18,20,15,1.0
DODA,15,18,20,15,1.0
DODA,15,18,20,15,1.0
DODA,15,18,21,15,1.0
DODA,15,18,21,15,1.0
DODA,15,18,21,15,1.0
DODA,15,18,22,15,1.0
DODA,15,18,22,15,1.0
DODA,15,18,22,15,1.0
DODA,15,18,23,15,1.0
DODA,15,18,23,15,1.0
DODA,15,18,23,15,1.0
DODA,15,18,24,15,1.0
DODA,15,18,24,15,1.0
DODA,15,18,24,15,1.0
DODA,15,18,25,15,1.0
DODA,15,18,25,15,1.0
DODA,15,18,25,15,1.0
DODA,15,19,19,15,1.0
DODA,15,19,19,15,1.0
DODA,15,19,20,15,1.0
DODA,15,19,20,15,1.0
DODA,15,19,20,15,1.0
DODA,15,19,21,15,1.0
DODA,15,19,21,15,1.0
DODA,15,19,21,15,1.0
DODA,15,19,22,15,1.0
DODA,15,19,22,15,1.0
DODA,15,19,22,15,1.0
DODA,15,19,23,15,1.0
DODA,15,19,23,15,1.0
DODA,15,19,23,15,1.0
DODA,15,19,24,15,1.0
DODA,15,19,24,15,1.0
DODA,15,19,24,15,1.0
DODA,15,19,25,15,1.0
DODA,15,19,25,15,1.0
DODA,15,19,25,15,1.0
DODA,15,19,19,15,1.0
DODA,15,19,20,15,1.0
DODA,15,19,20,15,1.0
DODA,15,19,20,15,1.0
DODA,15,19,21,15,1.0
DODA,15,19,21,15,1.0
DODA,15,19,21,15,1.0
DODA,15,19,22,15,1.0
DODA,15,19,22,15,1.0
DODA,15,19,22,15,1.0
DODA,15,19,23,15,1.0
DODA,15,19,23,15,1.0
DODA,15,19,23,15,1.0
DODA,15,19,24,15,1.0
DODA,15,19,24,15,1.0
DODA,15,19,24,15,1.0
DODA,15,19,25,15,1.0
DODA,15,19,25,15,1.0
DODA,15,19,25,15,1.0
DODA,15,19,20,15,1.0
DODA,15,19,20,15,1.0
DODA,15,19,20,15,1.0
DODA,15,19,21,15,1.0
DODA,15,19,21,15,1.0
DODA,15,19,21,15,1.0
DODA,15,19,22,15,1.0
DODA,15,19,22,15,1.0
DODA,15,19,22,15,1.0
DODA,15,19,23,15,1.0
DODA,15,19,23,15,1.0
DODA,15,19,23,15,1.0
DODA,15,19,24,15,1.0
DODA,15,19,24,15,1.0
DODA,15,19,24,15,1.0
DODA,15,19,25,15,1.0
DODA,15,19,25,15,1.0
DODA,15,19,25,15,1.0
DODA,15,20,20,15,1.0
DODA,15,20,20,15,1.0
DODA,15,20,21,15,1.0
DODA,15,20,21,15,1.0
DODA,15,20,21,15,1.0
DODA,15,20,22,15,1.0
DODA,15,20,22,15,1.0
DODA,15,20,22,15,1.0
DODA,15,20,23,15,1.0
DODA,15,20,23,15,1.0
DODA,15,20,23,15,1.0
DODA,15,20,24,15,1.0
DODA,15,20,24,15,1.0
DODA,15,20,24,15,1.0
DODA,15,20,25,15,1.0
DODA,15,20,25,15,1.0
DODA,15,20,25,15,1.0
DODA,15,20,20,15,1.0
DODA,15,20,21,15,1.0
DODA,15,20,21,15,1.0
DODA,15,20,21,15,1.0
DODA,15,20,22,15,1.0
DODA,15,20,22,15,1.0
DODA,15,20,22,15,1.0
DODA,15,20,23,15,1.0
DODA,15,20,23,15,1.0
DODA,15,20,23,15,1.0
DODA,15,20,24,15,1.0
DODA,15,20,24,15,1.0
DODA,15,20,24,15,1.0
DODA,15,20,25,15,1.0
DODA,15,20,25,15,1.0
DODA,15,20,25,15,1.0
DODA,15,20,21,15,1.0
DODA,15,20,21,15,1.0
DODA,15,20,21,15,1.0
DODA,15,20,22,15,1.0
DODA,15,20,22,15,1.0
DODA,15,20,22,15,1.0
DODA,15,20,23,15,1.0
DODA,15,20,23,15,1.0
DODA,15,20,23,15,1.0
DODA,15,20,24,15,1.0
DODA,15,20,24,15,1.0
DODA,15,20,24,15,1.0
DODA,15,20,25,15,1.0
DODA,15,20,25,15,1.0
DODA,15,20,25,15,1.0
DODA,15,21,21,15,1.0
DODA,15,21,21,15,1.0
DODA,15,21,22,15,1.0
DODA,15,21,22,15,1.0
DODA,15,21,22,15,1.0
DODA,15,21,23,15,1.0
DODA,15,21,23,15,1.0
DODA,15,21,23,15,1.0
DODA,15,21,24,15,1.0
DODA,15,21,24,15,1.0
DODA,15,21,24,15,1.0
DODA,15,21,25,15,1.0
DODA,15,21,25,15,1.0
DODA,15,21,25,15,1.0
DODA,15,21,21,15,1.0
DODA,15,21,22,15,1.0
DODA,15,21,22,15,1.0
DODA,15,21,22,15,1.0
DODA,15,21,23,15,1.0
DODA,15,21,23,15,1.0
DODA,15,21,23,15,1.0
DODA,15,21,24,15,1.0
DODA,15,21,24,15,1.0
DODA,15,21,24,15,1.0
DODA,15,21,25,15,1.0
DODA,15,21,25,15,1.0
DODA,15,21,25,15,1.0
DODA,15,21,22,15,1.0
DODA,15,21,22,15,1.0
DODA,15,21,22,15,1.0
DODA,15,21,23,15,1.0
DODA,15,21,23,15,1.0
DODA,15,21,23,15,1.0
DODA,15,21,24,15,1.0
DODA,15,21,24,15,1.0
DODA,15,21,24,15,1.0
DODA,15,21,25,15,1.0
DODA,15,21,25,15,1.0
DODA,15,21,25,15,1.0
DODA,15,22,22,15,1.0
DODA,15,22,22,15,1.0
DODA,15,22,23,15,1.0
DODA,15,22,23,15,1.0
DODA,15,22,23,15,1.0
DODA,15,22,24,15,1.0
DODA,15,22,24,15,1.0
DODA,15,22,24,15,1.0
DODA,15,22,25,15,1.0
DODA,15,22,25,15,1.0
DODA,15,22,25,15,1.0
DODA,15,22,22,15,1.0
DODA,15,22,23,15,1.0
DODA,15,22,23,15,1.0
DODA,15,22,23,15,1.0
DODA,15,22,24,15,1.0
DODA,15,22,24,15,1.0
DODA,15,22,24,15,1.0
DODA,15,22,25,15,1.0
DODA,15,22,25,15,1.0
DODA,15,22,25,15,1.0
DODA,15,22,23,15,1.0
DODA,15,22,23,15,1.0
DODA,15,22,23,15,1.0
DODA,15,22,24,15,1.0
DODA,15,22,24,15,1.0
DODA,15,22,24,15,1.0
DODA,15,22,25,15,1.0
DODA,15,22,25,15,1.0
DODA,15,22,25,15,1.0
DODA,15,23,23,15,1.0
DODA,15,23,23,15,1.0
DODA,15,23,24,15,1.0
DODA,15,23,24,15,1.0
DODA,15,23,24,15,1.0
DODA,15,23,25,15,1.0
DODA,15,23,25,15,1.0
DODA,15,23,25,15,1.0
DODA,15,23,23,15,1.0
DODA,15,23,24,15,1.0
DODA,15,23,24,15,1.0
DODA,15,23,24,15,1.0
DODA,15,23,25,15,1.0
DODA,15,23,25,15,1.0
DODA,15,23,25,15,1.0
DODA,15,23,24,15,1.0
DODA,15,23,24,15,1.0
DODA,15,23,24,15,1.0
DODA,15,23,25,15,1.0
DODA,15,23,25,15,1.0
DODA,15,23,25,15,1.0
DODA,15,24,24,15,1.0
DODA,15,24,24,15,1.0
DODA,15,24,25,15,1.0
DODA,15,24,25,15,1.0
DODA,15,24,25,15,1.0
DODA,15,24,24,15,1.0
DODA,15,24,25,15,1.0
DODA,15,24,25,15,1.0
DODA,15,24,25,15,1.0
DODA,15,24,25,15,1.0
DODA,15,24,25,15,1.0
DODA,15,24,25,15,1.0
DODA,15,25,25,15,1.0
DODA,15,25,25,15,1.0
DODA,15,25,25,15,1.0
DODA,20,1,1,20,1.0
DODA,20,1,1,20,1.0
DODA,20,1,2,20,1.0
DODA,20,1,2,20,1.0
DODA,20,1,2,20,1.0
DODA,20,1,3,20,1.0
DODA,20,1,3,20,1.0
DODA,20,1,3,20,1.0
DODA,20,1,4,20,1.0
DODA,20,1,4,20,1.0
DODA,20,1,4,20,1.0
DODA,20,1,5,20,1.0
DODA,20,1,5,20,1.0
DODA,20,1,5,20,1.0
DODA,20,1,6,20,1.0
DODA,20,1,6,20,1.0
DODA,20,1,6,20,1.0
DODA,20,1,7,19,0.85
DODA,20,1,7,19,0.85
DODA,20,1,7,19,0.85
DODA,20,1,8,20,1.0
DODA,20,1,8,20,1.0
DODA,20,1,8,20,1.0
DODA,20,1,9,20,1.0
DODA,20,1,9,20,1.0
DODA,20,1,9,20,1.0
DODA,20,1,10,20,1.0
DODA,20,1,10,20,1.0
DODA,20,1,10,20,1.0
DODA,20,1,11,20,1.0
DODA,20,1,11,20,1.0
DODA,20,1,11,20,1.0
DODA,20,1,12,20,1.0
DODA,20,1,12,20,1.0
DODA,20,1,12,20,1.0
DODA,20,1,13,20,1.0
DODA,20,1,13,20,1.0
DODA,20,1,13,20,1.0
DODA,20,1,14,20,1.0
DODA,20,1,14,20,1.0
DODA,20,1,14,20,1.0
DODA,20,1,15,20,1.0
DODA,20,1,15,20,1.0
DODA,20,1,15,20,1.0
DODA,20,1,16,20,1.0
DODA,20,1,16,20,1.0
DODA,20,1,16,20,1.0
DODA,20,1,17,20,1.0
DODA,20,1,17,20,1.0
DODA,20,1,17,20,1.0
DODA,20,1,18,20,1.0
DODA,20,1,18,20,1.0
DODA,20,1,18,20,1.0
DODA,20,1,19,20,1.0
DODA,20,1,19,20,1.0
DODA,20,1,19,20,1.0
DODA,20,1,20,20,1.0
DODA,20,1,20,20,1.0
DODA,20,1,20,20,1.0
DODA,20,1,21,20,1.0
DODA,20,1,21,20,1.0
DODA,20,1,21,20,1.0
DODA,20,1,22,20,1.0
DODA,20,1,22,20,1.0
DODA,20,1,22,20,1.0
DODA,20,1,23,20,1.0
DODA,20,1,23,20,1.0
DODA,20,1,23,20,1.0
DODA,20,1,24,20,1.0
DODA,20,1,24,20,1.0
DODA,20,1,24,20,1.0
DODA,20,1,25,20,1.0
DODA,20,1,25,20,1.0
DODA,20,1,25,20,1.0
DODA,20,1,1,20,1.0
DODA,20,1,2,20,1.0
DODA,20,1,2,20,1.0
DODA,20,1,2,20,1.0
DODA,20,1,3,20,1.0
DODA,20,1,3,20,1.0
DODA,20,1,3,20,1.0
DODA,20,1,4,20,1.0
DODA,20,1,4,20,1.0
DODA,20,1,4,20,1.0
DODA,20,1,5,20,1.0
DODA,20,1,5,20,1.0
DODA,20,1,5,20,1.0
DODA,20,1,6,20,1.0
DODA,20,1,6,20,1.0
DODA,20,1,6,20,1.0
DODA,20,1,7,19,0.85
DODA,20,1,7,19,0.85
DODA,20,1,7,19,0.85
DODA,20,1,8,20,1.0
DODA,20,1,8,20,1.0
DODA,20,1,8,20,1.0
DODA,20,1,9,20,1.0
DODA,20,1,9,20,1.0
DODA,20,1,9,20,1.0
DODA,20,1,10,20,1.0
DODA,20,1,10,20,1.0
DODA,20,1,10,20,1.0
DODA,20,1,11,20,1.0
DODA,20,1,11,20,1.0
DODA,20,1,11,20,1.0
DODA,20,1,12,20,1.0
DODA,20,1,12,20,1.0
DODA,20,1,12,20,1.0
DODA,20,1,13,20,1.0
DODA,20,1,13,20,1.0
DODA,20,1,13,20,1.0
DODA,20,1,14,20,1.0
DODA,20,1,14,20,1.0
DODA,20,1,14,20,1.0
DODA,20,1,15,20,1.0
DODA,20,1,15,20,1.0
DODA,20,1,15,20,1.0
DODA,20,1,16,20,1.0
DODA,20,1,16,20,1.0
DODA,20,1,16,20,1.0
DODA,20,1,17,20,1.0
DODA,20,1,17,20,1.0
DODA,20,1,17,20,1.0
DODA,20,1,18,20,1.0
DODA,20,1,18,20,1.0
DODA,20,1,18,20,1.0
DODA,20,1,19,20,1.0
DODA,20,1,19,20,1.0
DODA,20,1,19,20,1.0
DODA,20,1,20,20,1.0
DODA,20,1,20,20,1.0
DODA,20,1,20,20,1.0
DODA,20,1,21,20,1.0
DODA,20,1,21,20,1.0
DODA,20,1,21,20,1.0
DODA,20,1,22,20,1.0
DODA,20,1,22,20,1.0
DODA,20,1,22,20,1.0
DODA,20,1,23,20,1.0
DODA,20,1,23,20,1.0
DODA,20,1,23,20,1.0
DODA,20,1,24,20,1.0
DODA,20,1,24,20,1.0
DODA,20,1,24,20,1.0
DODA,20,1,25,20,1.0
DODA,20,1,25,20,1.0
DODA,20,1,25,20,1.0
DODA,20,1,2,20,1.0
DODA,20,1,2,20,1.0
DODA,20,1,2,20,1.0
DODA,20,1,3,20,1.0
DODA,20,1,3,20,1.0
DODA,20,1,3,20,1.0
DODA,20,1,4,20,1.0
DODA,20,1,4,20,1.0
DODA,20,1,4,20,1.0
DODA,20,1,5,20,1.0
DODA,20,1,5,20,1.0
DODA,20,1,5,20,1.0
DODA,20,1,6,20,1.0
DODA,20,1,6,20,1.0
DODA,20,1,6,20,1.0
DODA,20,1,7,19,0.85
DODA,20,1,7,19,0.85
DODA,20,1,7,19,0.85
DODA,20,1,8,20,1.0
DODA,20,1,8,20,1.0
DODA,20,1,8,20,1.0
DODA,20,1,9,20,1.0
DODA,20,1,9,20,1.0
DODA,20,1,9,20,1.0
DODA,20,1,10,20,1.0
DODA,20,1,10,20,1.0
DODA,20,1,10,20,1.0
DODA,20,1,11,20,1.0
DODA,20,1,11,20,1.0
DODA,20,1,11,20,1.0
DODA,20,1,12,20,1.0
DODA,20,1,12,20,1.0
DODA,20,1,12,20,1.0
DODA,20,1,13,20,1.0
DODA,20,1,13,20,1.0
DODA,20,1,13,20,1.0
DODA,20,1,14,20,1.0
DODA,20,1,14,20,1.0
DODA,20,1,14,20,1.0
DODA,20,1,15,20,1.0
DODA,20,1,15,20,1.0
DODA,20,1,15,20,1.0
DODA,20,1,16,20,1.0
DODA,20,1,16,20,1.0
DODA,20,1,16,20,1.0
DODA,20,1,17,20,1.0
DODA,20,1,17,20,1.0
DODA,20,1,17,20,1.0
DODA,20,1,18,20,1.0
DODA,20,1,18,20,1.0
DODA,20,1,18,20,1.0
DODA,20,1,19,20,1.0
DODA,20,1,19,20,1.0
DODA,20,1,19,20,1.0
DODA,20,1,20,20,1.0
DODA,20,1,20,20,1.0
DODA,20,1,20,20,1.0
DODA,20,1,21,20,1.0
DODA,20,1,21,20,1.0
DODA,20,1,21,20,1.0
DODA,20,1,22,20,1.0
DODA,20,1,22,20,1.0
DODA,20,1,22,20,1.0
DODA,20,1,23,20,1.0
DODA,20,1,23,20,1.0
DODA,20,1,23,20,1.0
DODA,20,1,24,20,1.0
DODA,20,1,24,20,1.0
DODA,20,1,24,20,1.0
DODA,20,1,25,20,1.0
DODA,20,1,25,20,1.0
DODA,20,1,25,20,1.0
DODA,20,2,2,20,1.0
DODA,20,2,2,20,1.0
DODA,20,2,3,20,1.0
DODA,20,2,3,20,1.0
DODA,20,2,3,20,1.0
DODA,20,2,4,20,1.0
DODA,20,2,4,20,1.0
DODA,20,2,4,20,1.0
DODA,20,2,5,20,1.0
DODA,20,2,5,20,1.0
DODA,20,2,5,20,1.0
DODA,20,2,6,20,1.0
DODA,20,2,6,20,1.0
DODA,20,2,6,20,1.0
DODA,20,2,7,19,0.85
DODA,20,2,7,19,0.85
DODA,20,2,7,19,0.85
DODA,20,2,8,20,1.0
DODA,20,2,8,20,1.0
DODA,20,2,8,20,1.0
DODA,20,2,9,20,1.0
DODA,20,2,9,20,1.0
DODA,20,2,9,20,1.0
DODA,20,2,10,20,1.0
DODA,20,2,10,20,1.0
DODA,20,2,10,20,1.0
DODA,20,2,11,20,1.0
DODA,20,2,11,20,1.0
DODA,20,2,11,20,1.0
DODA,20,2,12,20,1.0
DODA,20,2,12,20,1.0
DODA,20,2,12,20,1.0
DODA,20,2,13,20,1.0
DODA,20,2,13,20,1.0
DODA,20,2,13,20,1.0
DODA,20,2,14,20,1.0
DODA,20,2,14,20,1.0
DODA,20,2,14,20,1.0
DODA,20,2,15,20,1.0
DODA,20,2,15,20,1.0
DODA,20,2,15,20,1.0
DODA,20,2,16,20,1.0
DODA,20,2,16,20,1.0
DODA,20,2,16,20,1.0
DODA,20,2,17,20,1.0
DODA,20,2,17,20,1.0
DODA,20,2,17,20,1.0
DODA,20,2,18,20,1.0
DODA,20,2,18,20,1.0
DODA,20,2,18,20,1.0
DODA,20,2,19,20,1.0
DODA,20,2,19,20,1.0
DODA,20,2,19,20,1.0
DODA,20,2,20,20,1.0
DODA,20,2,20,20,1.0
DODA,20,2,20,20,1.0
DODA,20,2,21,20,1.0
DODA,20,2,21,20,1.0
DODA,20,2,21,20,1.0
DODA,20,2,22,20,1.0
DODA,20,2,22,20,1.0
DODA,20,2,22,20,1.0
DODA,20,2,23,20,1.0
DODA,20,2,23,20,1.0
DODA,20,2,23,20,1.0
DODA,20,2,24,20,1.0
DODA,20,2,24,20,1.0
DODA,20,2,24,20,1.0
DODA,20,2,25,20,1.0
DODA,20,2,25,20,1.0
DODA,20,2,25,20,1.0
DODA,20,2,2,20,1.0
DODA,20,2,3,20,1.0
DODA,20,2,3,20,1.0
DODA,20,2,3,20,1.0
DODA,20,2,4,20,1.0
DODA,20,2,4,20,1.0
DODA,20,2,4,20,1.0
DODA,20,2,5,20,1.0
DODA,20,2,5,20,1.0
DODA,20,2,5,20,1.0
DODA,20,2,6,20,1.0
DODA,20,2,6,20,1.0
DODA,20,2,6,20,1.0
DODA,20,2,7,19,0.85
DODA,20,2,7,19,0.85
DODA,20,2,7,19,0.85
DODA,20,2,8,20,1.0
DODA,20,2,8,20,1.0
DODA,20,2,8,20,1.0
DODA,20,2,9,20,1.0
DODA,20,2,9,20,1.0
DODA,20,2,9,20,1.0
DODA,20,2,10,20,1.0
DODA,20,2,10,20,1.0
DODA,20,2,10,20,1.0
DODA,20,2,11,20,1.0
DODA,20,2,11,20,1.0
DODA,20,2,11,20,1.0
DODA,20,2,12,20,1.0
DODA,20,2,12,20,1.0
DODA,20,2,12,20,1.0
DODA,20,2,13,20,1.0
DODA,20,2,13,20,1.0
DODA,20,2,13,20,1.0
DODA,20,2,14,20,1.0
DODA,20,2,14,20,1.0
DODA,20,2,14,20,1.0
DODA,20,2,15,20,1.0
DODA,20,2,15,20,1.0
DODA,20,2,15,20,1.0
DODA,20,2,16,20,1.0
DODA,20,2,16,20,1.0
DODA,20,2,16,20,1.0
DODA,20,2,17,20,1.0
DODA,20,2,17,20,1.0
DODA,20,2,17,20,1.0
DODA,20,2,18,20,1.0
DODA,20,2,18,20,1.0
DODA,20,2,18,20,1.0
DODA,20,2,19,20,1.0
DODA,20,2,19,20,1.0
DODA,20,2,19,20,1.0
DODA,20,2,20,20,1.0
DODA,20,2,20,20,1.0
DODA,20,2,20,20,1.0
DODA,20,2,21,20,1.0
DODA,20,2,21,20,1.0
DODA,20,2,21,20,1.0
DODA,20,2,22,20,1.0
DODA,20,2,22,20,1.0
DODA,20,2,22,20,1.0
DODA,20,2,23,20,1.0
DODA,20,2,23,20,1.0
DODA,20,2,23,20,1.0
DODA,20,2,24,20,1.0
DODA,20,2,24,20,1.0
DODA,20,2,24,20,1.0
DODA,20,2,25,20,1.0
DODA,20,2,25,20,1.0
DODA,20,2,25,20,1.0
DODA,20,2,3,20,1.0
DODA,20,2,3,20,1.0
DODA,20,2,3,20,1.0
DODA,20,2,4,20,1.0
DODA,20,2,4,20,1.0
DODA,20,2,4,20,1.0
DODA,20,2,5,20,1.0
DODA,20,2,5,20,1.0
DODA,20,2,5,20,1.0
DODA,20,2,6,20,1.0
DODA,20,2,6,20,1.0
DODA,20,2,6,20,1.0
DODA,20,2,7,19,0.85
DODA,20,2,7,19,0.85
DODA,20,2,7,19,0.85
DODA,20,2,8,20,1.0
DODA,20,2,8,20,1.0
DODA,20,2,8,20,1.0
DODA,20,2,9,20,1.0
DODA,20,2,9,20,1.0
DODA,20,2,9,20,1.0
DODA,20,2,10,20,1.0
DODA,20,2,10,20,1.0
DODA,20,2,10,20,1.0
DODA,20,2,11,20,1.0
DODA,20,2,11,20,1.0
DODA,20,2,11,20,1.0
DODA,20,2,12,20,1.0
DODA,20,2,12,20,1.0
DODA,20,2,12,20,1.0
DODA,20,2,13,20,1.0
DODA,20,2,13,20,1.0
DODA,20,2,13,20,1.0
DODA,20,2,14,20,1.0
DODA,20,2,14,20,1.0
DODA,20,2,14,20,1.0
DODA,20,2,15,20,1.0
DODA,20,2,15,20,1.0
DODA,20,2,15,20,1.0
DODA,20,2,16,20,1.0
DODA,20,2,16,20,1.0
DODA,20,2,16,20,1.0
DODA,20,2,17,20,1.0
DODA,20,2,17,20,1.0
DODA,20,2,17,20,1.0
DODA,20,2,18,20,1.0
DODA,20,2,18,20,1.0
DODA,20,2,18,20,1.0
DODA,20,2,19,20,1.0
DODA,20,2,19,20,1.0
DODA,20,2,19,20,1.0
DODA,20,2,20,20,1.0
DODA,20,2,20,20,1.0
DODA,20,2,20,20,1.0
DODA,20,2,21,20,1.0
DODA,20,2,21,20,1.0
DODA,20,2,21,20,1.0
DODA,20,2,22,20,1.0
DODA,20,2,22,20,1.0
DODA,20,2,22,20,1.0
DODA,20,2,23,20,1.0
DODA,20,2,23,20,1.0
DODA,20,2,23,20,1.0
DODA,20,2,24,20,1.0
DODA,20,2,24,20,1.0
DODA,20,2,24,20,1.0
DODA,20,2,25,20,1.0
DODA,20,2,25,20,1.0
DODA,20,2,25,20,1.0
DODA,20,3,3,20,1.0
DODA,20,3,3,20,1.0
DODA,20,3,4,20,1.0
DODA,20,3,4,20,1.0
DODA,20,3,4,20,1.0
DODA,20,3,5,20,1.0
DODA,20,3,5,20,1.0
DODA,20,3,5,20,1.0
DODA,20,3,6,20,1.0
DODA,20,3,6,20,1.0
DODA,20,3,6,20,1.0
DODA,20,3,7,19,0.85
DODA,20,3,7,19,0.85
DODA,20,3,7,19,0.85
DODA,20,3,8,20,1.0
DODA,20,3,8,20,1.0
DODA,20,3,8,20,1.0
DODA,20,3,9,20,1.0
DODA,20,3,9,20,1.0
DODA,20,3,9,20,1.0
DODA,20,3,10,20,1.0
DODA,20,3,10,20,1.0
DODA,20,3,10,20,1.0
DODA,20,3,11,20,1.0
DODA,20,3,11,20,1.0
DODA,20,3,11,20,1.0
DODA,20,3,12,20,1.0
DODA,20,3,12,20,1.0
DODA,20,3,12,20,1.0
DODA,20,3,13,20,1.0
DODA,20,3,13,20,1.0
DODA,20,3,13,20,1.0
DODA,20,3,14,20,1.0
DODA,20,3,14,20,1.0
DODA,20,3,14,20,1.0
DODA,20,3,15,20,1.0
DODA,20,3,15,20,1.0
DODA,20,3,15,20,1.0
DODA,20,3,16,20,1.0
DODA,20,3,16,20,1.0
DODA,20,3,16,20,1.0
DODA,20,3,17,20,1.0
DODA,20,3,17,20,1.0
DODA,20,3,17,20,1.0
DODA,20,3,18,20,1.0
DODA,20,3,18,20,1.0
DODA,20,3,18,20,1.0
DODA,20,3,19,20,1.0
DODA,20,3,19,20,1.0
DODA,20,3,19,20,1.0
DODA,20,3,20,20,1.0
DODA,20,3,20,20,1.0
DODA,20,3,20,20,1.0
DODA,20,3,21,20,1.0
DODA,20,3,21,20,1.0
DODA,20,3,21,20,1.0
DODA,20,3,22,20,1.0
DODA,20,3,22,20,1.0
DODA,20,3,22,20,1.0
DODA,20,3,23,20,1.0
DODA,20,3,23,20,1.0
DODA,20,3,23,20,1.0
DODA,20,3,24,20,1.0
DODA,20,3,24,20,1.0
DODA,20,3,24,20,1.0
DODA,20,3,25,20,1.0
DODA,20,3,25,20,1.0
DODA,20,3,25,20,1.0
DODA,20,3,3,20,1.0
DODA,20,3,4,20,1.0
DODA,20,3,4,20,1.0
DODA,20,3,4,20,1.0
DODA,20,3,5,20,1.0
DODA,20,3,5,20,1.0
DODA,20,3,5,20,1.0
DODA,20,3,6,20,1.0
DODA,20,3,6,20,1.0
DODA,20,3,6,20,1.0
DODA,20,3,7,19,0.85
DODA,20,3,7,19,0.85
DODA,20,3,7,19,0.85
DODA,20,3,8,20,1.0
DODA,20,3,8,20,1.0
DODA,20,3,8,20,1.0
DODA,20,3,9,20,1.0
DODA,20,3,9,20,1.0
DODA,20,3,9,20,1.0
DODA,20,3,10,20,1.0
DODA,20,3,10,20,1.0
DODA,20,3,10,20,1.0
DODA,20,3,11,20,1.0
DODA,20,3,11,20,1.0
DODA,20,3,11,20,1.0
DODA,20,3,12,20,1.0
DODA,20,3,12,20,1.0
DODA,20,3,12,20,1.0
DODA,20,3,13,20,1.0
DODA,20,3,13,20,1.0
DODA,20,3,13,20,1.0
DODA,20,3,14,20,1.0
DODA,20,3,14,20,1.0
DODA,20,3,14,20,1.0
DODA,20,3,15,20,1.0
DODA,20,3,15,20,1.0
DODA,20,3,15,20,1.0
DODA,20,3,16,20,1.0
DODA,20,3,16,20,1.0
DODA,20,3,16,20,1.0
DODA,20,3,17,20,1.0
DODA,20,3,17,20,1.0
DODA,20,3,17,20,1.0
DODA,20,3,18,20,1.0
DODA,20,3,18,20,1.0
DODA,20,3,18,20,1.0
DODA,20,3,19,20,1.0
DODA,20,3,19,20,1.0
DODA,20,3,19,20,1.0
DODA,20,3,20,20,1.0
DODA,20,3,20,20,1.0
DODA,20,3,20,20,1.0
DODA,20,3,21,20,1.0
DODA,20,3,21,20,1.0
DODA,20,3,21,20,1.0
DODA,20,3,22,20,1.0
DODA,20,3,22,20,1.0
DODA,20,3,22,20,1.0
DODA,20,3,23,20,1.0
DODA,20,3,23,20,1.0
DODA,20,3,23,20,1.0
DODA,20,3,24,20,1.0
DODA,20,3,24,20,1.0
DODA,20,3,24,20,1.0
DODA,20,3,25,20,1.0
DODA,20,3,25,20,1.0
DODA,20,3,25,20,1.0
DODA,20,3,4,20,1.0
DODA,20,3,4,20,1.0
DODA,20,3,4,20,1.0
DODA,20,3,5,20,1.0
DODA,20,3,5,20,1.0
DODA,20,3,5,20,1.0
DODA,20,3,6,20,1.0
DODA,20,3,6,20,1.0
DODA,20,3,6,20,1.0
DODA,20,3,7,19,0.85
DODA,20,3,7,19,0.85
DODA,20,3,7,19,0.85
DODA,20,3,8,20,1.0
DODA,20,3,8,20,1.0
DODA,20,3,8,20,1.0
DODA,20,3,9,20,1.0
DODA,20,3,9,20,1.0
DODA,20,3,9,20,1.0
DODA,20,3,10,20,1.0
DODA,20,3,10,20,1.0
DODA,20,3,10,20,1.0
DODA,20,3,11,20,1.0
DODA,20,3,11,20,1.0
DODA,20,3,11,20,1.0
DODA,20,3,12,20,1.0
DODA,20,3,12,20,1.0
DODA,20,3,12,20,1.0
DODA,20,3,13,20,1.0
DODA,20,3,13,20,1.0
DODA,20,3,13,20,1.0
DODA,20,3,14,20,1.0
DODA,20,3,14,20,1.0
DODA,20,3,14,20,1.0
DODA,20,3,15,20,1.0
DODA,20,3,15,20,1.0
DODA,20,3,15,20,1.0
DODA,20,3,16,20,1.0
DODA,20,3,16,20,1.0
DODA,20,3,16,20,1.0
DODA,20,3,17,20,1.0
DODA,20,3,17,20,1.0
DODA,20,3,17,20,1.0
DODA,20,3,18,20,1.0
DODA,20,3,18,20,1.0
DODA,20,3,18,20,1.0
DODA,20,3,19,20,1.0
DODA,20,3,19,20,1.0
DODA,20,3,19,20,1.0
DODA,20,3,20,20,1.0
DODA,20,3,20,20,1.0
DODA,20,3,20,20,1.0
DODA,20,3,21,20,1.0
DODA,20,3,21,20,1.0
DODA,20,3,21,20,1.0
DODA,20,3,22,20,1.0
DODA,20,3,22,20,1.0
DODA,20,3,22,20,1.0
DODA,20,3,23,20,1.0
DODA,20,3,23,20,1.0
DODA,20,3,23,20,1.0
DODA,20,3,24,20,1.0
DODA,20,3,24,20,1.0
DODA,20,3,24,20,1.0
DODA,20,3,25,20,1.0
DODA,20,3,25,20,1.0
DODA,20,3,25,20,1.0
DODA,20,4,4,20,1.0
DODA,20,4,4,20,1.0
DODA,20,4,5,20,1.0
DODA,20,4,5,20,1.0
DODA,20,4,5,20,1.0
DODA,20,4,6,20,1.0
DODA,20,4,6,20,1.0
DODA,20,4,6,20,1.0
DODA,20,4,7,19,0.85
DODA,20,4,7,19,0.85
DODA,20,4,7,19,0.85
DODA,20,4,8,20,1.0
DODA,20,4,8,20,1.0
DODA,20,4,8,20,1.0
DODA,20,4,9,20,1.0
DODA,20,4,9,20,1.0
DODA,20,4,9,20,1.0
DODA,20,4,10,20,1.0
DODA,20,4,10,20,1.0
DODA,20,4,10,20,1.0
DODA,20,4,11,20,1.0
DODA,20,4,11,20,1.0
DODA,20,4,11,20,1.0
DODA,20,4,12,20,1.0
DODA,20,4,12,20,1.0
DODA,20,4,12,20,1.0
DODA,20,4,13,20,1.0
DODA,20,4,13,20,1.0
DODA,20,4,13,20,1.0
DODA,20,4,14,20,1.0
DODA,20,4,14,20,1.0
DODA,20,4,14,20,1.0
DODA,20,4,15,20,1.0
DODA,20,4,15,20,1.0
DODA,20,4,15,20,1.0
DODA,20,4,16,20,1.0
DODA,20,4,16,20,1.0
DODA,20,4,16,20,1.0
DODA,20,4,17,20,1.0
DODA,20,4,17,20,1.0
DODA,20,4,17,20,1.0
DODA,20,4,18,20,1.0
DODA,20,4,18,20,1.0
DODA,20,4,18,20,1.0
DODA,20,4,19,20,1.0
DODA,20,4,19,20,1.0
DODA,20,4,19,20,1.0
DODA,20,4,20,20,1.0
DODA,20,4,20,20,1.0
DODA,20,4,20,20,1.0
DODA,20,4,21,20,1.0
DODA,20,4,21,20,1.0
DODA,20,4,21,20,1.0
DODA,20,4,22,20,1.0
DODA,20,4,22,20,1.0
DODA,20,4,22,20,1.0
DODA,20,4,23,20,1.0
DODA,20,4,23,20,1.0
DODA,20,4,23,20,1.0
DODA,20,4,24,20,1.0
DODA,20,4,24,20,1.0
DODA,20,4,24,20,1.0
DODA,20,4,25,20,1.0
DODA,20,4,25,20,1.0
DODA,20,4,25,20,1.0
DODA,20,4,4,20,1.0
DODA,20,4,5,20,1.0
DODA,20,4,5,20,1.0
DODA,20,4,5,20,1.0
DODA,20,4,6,20,1.0
DODA,20,4,6,20,1.0
DODA,20,4,6,20,1.0
DODA,20,4,7,19,0.85
DODA,20,4,7,19,0.85
DODA,20,4,7,19,0.85
DODA,20,4,8,20,1.0
DODA,20,4,8,20,1.0
DODA,20,4,8,20,1.0
DODA,20,4,9,20,1.0
DODA,20,4,9,20,1.0
DODA,20,4,9,20,1.0
DODA,20,4,10,20,1.0
DODA,20,4,10,20,1.0
DODA,20,4,10,20,1.0
DODA,20,4,11,20,1.0
DODA,20,4,11,20,1.0
DODA,20,4,11,20,1.0
DODA,20,4,12,20,1.0
DODA,20,4,12,20,1.0
DODA,20,4,12,20,1.0
DODA,20,4,13,20,1.0
DODA,20,4,13,20,1.0
DODA,20,4,13,20,1.0
DODA,20,4,14,20,1.0
DODA,20,4,14,20,1.0
DODA,20,4,14,20,1.0
DODA,20,4,15,20,1.0
DODA,20,4,15,20,1.0
DODA,20,4,15,20,1.0
DODA,20,4,16,20,1.0
DODA,20,4,16,20,1.0
DODA,20,4,16,20,1.0
DODA,20,4,17,20,1.0
DODA,20,4,17,20,1.0
DODA,20,4,17,20,1.0
DODA,20,4,18,20,1.0
DODA,20,4,18,20,1.0
DODA,20,4,18,20,1.0
DODA,20,4,19,20,1.0
DODA,20,4,19,20,1.0
DODA,20,4,19,20,1.0
DODA,20,4,20,20,1.0
DODA,20,4,20,20,1.0
DODA,20,4,20,20,1.0
DODA,20,4,21,20,1.0
DODA,20,4,21,20,1.0
DODA,20,4,21,20,1.0
DODA,20,4,22,20,1.0
DODA,20,4,22,20,1.0
DODA,20,4,22,20,1.0
DODA,20,4,23,20,1.0
DODA,20,4,23,20,1.0
DODA,20,4,23,20,1.0
DODA,20,4,24,20,1.0
DODA,20,4,24,20,1.0
DODA,20,4,24,20,1.0
DODA,20,4,25,20,1.0
DODA,20,4,25,20,1.0
DODA,20,4,25,20,1.0
DODA,20,4,5,20,1.0
DODA,20,4,5,20,1.0
DODA,20,4,5,20,1.0
DODA,20,4,6,20,1.0
DODA,20,4,6,20,1.0
DODA,20,4,6,20,1.0
DODA,20,4,7,19,0.85
DODA,20,4,7,19,0.85
DODA,20,4,7,19,0.85
DODA,20,4,8,20,1.0
DODA,20,4,8,20,1.0
DODA,20,4,8,20,1.0
DODA,20,4,9,20,1.0
DODA,20,4,9,20,1.0
DODA,20,4,9,20,1.0
DODA,20,4,10,20,1.0
DODA,20,4,10,20,1.0
DODA,20,4,10,20,1.0
DODA,20,4,11,20,1.0
DODA,20,4,11,20,1.0
DODA,20,4,11,20,1.0
DODA,20,4,12,20,1.0
DODA,20,4,12,20,1.0
DODA,20,4,12,20,1.0
DODA,20,4,13,20,1.0
DODA,20,4,13,20,1.0
DODA,20,4,13,20,1.0
DODA,20,4,14,20,1.0
DODA,20,4,14,20,1.0
DODA,20,4,14,20,1.0
DODA,20,4,15,20,1.0
DODA,20,4,15,20,1.0
DODA,20,4,15,20,1.0
DODA,20,4,16,20,1.0
DODA,20,4,16,20,1.0
DODA,20,4,16,20,1.0
DODA,20,4,17,20,1.0
DODA,20,4,17,20,1.0
DODA,20,4,17,20,1.0
DODA,20,4,18,20,1.0
DODA,20,4,18,20,1.0
DODA,20,4,18,20,1.0
DODA,20,4,19,20,1.0
DODA,20,4,19,20,1.0
DODA,20,4,19,20,1.0
DODA,20,4,20,20,1.0
DODA,20,4,20,20,1.0
DODA,20,4,20,20,1.0
DODA,20,4,21,20,1.0
DODA,20,4,21,20,1.0
DODA,20,4,21,20,1.0
DODA,20,4,22,20,1.0
DODA,20,4,22,20,1.0
DODA,20,4,22,20,1.0
DODA,20,4,23,20,1.0
DODA,20,4,23,20,1.0
DODA,20,4,23,20,1.0
DODA,20,4,24,20,1.0
DODA,20,4,24,20,1.0
DODA,20,4,24,20,1.0
DODA,20,4,25,20,1.0
DODA,20,4,25,20,1.0
DODA,20,4,25,20,1.0
DODA,20,5,5,20,1.0
DODA,20,5,5,20,1.0
DODA,20,5,6,20,1.0
DODA,20,5,6,20,1.0
DODA,20,5,6,20,1.0
DODA,20,5,7,19,0.85
DODA,20,5,7,19,0.85
DODA,20,5,7,19,0.85
DODA,20,5,8,20,1.0
DODA,20,5,8,20,1.0
DODA,20,5,8,20,1.0
DODA,20,5,9,20,1.0
DODA,20,5,9,20,1.0
DODA,20,5,9,20,1.0
DODA,20,5,10,20,1.0
DODA,20,5,10,20,1.0
DODA,20,5,10,20,1.0
DODA,20,5,11,20,1.0
DODA,20,5,11,20,1.0
DODA,20,5,11,20,1.0
DODA,20,5,12,20,1.0
DODA,20,5,12,20,1.0
DODA,20,5,12,20,1.0
DODA,20,5,13,20,1.0
DODA,20,5,13,20,1.0
DODA,20,5,13,20,1.0
DODA,20,5,14,20,1.0
DODA,20,5,14,20,1.0
DODA,20,5,14,20,1.0
DODA,20,5,15,20,1.0
DODA,20,5,15,20,1.0
DODA,20,5,15,20,1.0
DODA,20,5,16,20,1.0
DODA,20,5,16,20,1.0
DODA,20,5,16,20,1.0
DODA,20,5,17,20,1.0
DODA,20,5,17,20,1.0
DODA,20,5,17,20,1.0
DODA,20,5,18,20,1.0
DODA,20,5,18,20,1.0
DODA,20,5,18,20,1.0
DODA,20,5,19,20,1.0
DODA,20,5,19,20,1.0
DODA,20,5,19,20,1.0
DODA,20,5,20,20,1.0
DODA,20,5,20,20,1.0
DODA,20,5,20,20,1.0
DODA,20,5,21,20,1.0
DODA,20,5,21,20,1.0
DODA,20,5,21,20,1.0
DODA,20,5,22,20,1.0
DODA,20,5,22,20,1.0
DODA,20,5,22,20,1.0
DODA,20,5,23,20,1.0
DODA,20,5,23,20,1.0
DODA,20,5,23,20,1.0
DODA,20,5,24,20,1.0
DODA,20,5,24,20,1.0
DODA,20,5,24,20,1.0
DODA,20,5,25,20,1.0
DODA,20,5,25,20,1.0
DODA,20,5,25,20,1.0
DODA,20,5,5,20,1.0
DODA,20,5,6,20,1.0
DODA,20,5,6,20,1.0
DODA,20,5,6,20,1.0
DODA,20,5,7,19,0.85
DODA,20,5,7,19,0.85
DODA,20,5,7,19,0.85
DODA,20,5,8,20,1.0
DODA,20,5,8,20,1.0
DODA,20,5,8,20,1.0
DODA,20,5,9,20,1.0
DODA,20,5,9,20,1.0
DODA,20,5,9,20,1.0
DODA,20,5,10,20,1.0
DODA,20,5,10,20,1.0
DODA,20,5,10,20,1.0
DODA,20,5,11,20,1.0
DODA,20,5,11,20,1.0
DODA,20,5,11,20,1.0
DODA,20,5,12,20,1.0
DODA,20,5,12,20,1.0
DODA,20,5,12,20,1.0
DODA,20,5,13,20,1.0
DODA,20,5,13,20,1.0
DODA,20,5,13,20,1.0
DODA,20,5,14,20,1.0
DODA,20,5,14,20,1.0
DODA,20,5,14,20,1.0
DODA,20,5,15,20,1.0
DODA,20,5,15,20,1.0
DODA,20,5,15,20,1.0
DODA,20,5,16,20,1.0
DODA,20,5,16,20,1.0
DODA,20,5,16,20,1.0
DODA,20,5,17,20,1.0
DODA,20,5,17,20,1.0
DODA,20,5,17,20,1.0
DODA,20,5,18,20,1.0
DODA,20,5,18,20,1.0
DODA,20,5,18,20,1.0
DODA,20,5,19,20,1.0
DODA,20,5,19,20,1.0
DODA,20,5,19,20,1.0
DODA,20,5,20,20,1.0
DODA,20,5,20,20,1.0
DODA,20,5,20,20,1.0
DODA,20,5,21,20,1.0
DODA,20,5,21,20,1.0
DODA,20,5,21,20,1.0
DODA,20,5,22,20,1.0
DODA,20,5,22,20,1.0
DODA,20,5,22,20,1.0
DODA,20,5,23,20,1.0
DODA,20,5,23,20,1.0
DODA,20,5,23,20,1.0
DODA,20,5,24,20,1.0
DODA,20,5,24,20,1.0
DODA,20,5,24,20,1.0
DODA,20,5,25,20,1.0
DODA,20,5,25,20,1.0
DODA,20,5,25,20,1.0
DODA,20,5,6,20,1.0
DODA,20,5,6,20,1.0
DODA,20,5,6,20,1.0
DODA,20,5,7,19,0.85
DODA,20,5,7,19,0.85
DODA,20,5,7,19,0.85
DODA,20,5,8,20,1.0
DODA,20,5,8,20,1.0
DODA,20,5,8,20,1.0
DODA,20,5,9,20,1.0
DODA,20,5,9,20,1.0
DODA,20,5,9,20,1.0
DODA,20,5,10,20,1.0
DODA,20,5,10,20,1.0
DODA,20,5,10,20,1.0
DODA,20,5,11,20,1.0
DODA,20,5,11,20,1.0
DODA,20,5,11,20,1.0
DODA,20,5,12,20,1.0
DODA,20,5,12,20,1.0
DODA,20,5,12,20,1.0
DODA,20,5,13,20,1.0
DODA,20,5,13,20,1.0
DODA,20,5,13,20,1.0
DODA,20,5,14,20,1.0
DODA,20,5,14,20,1.0
DODA,20,5,14,20,1.0
DODA,20,5,15,20,1.0
DODA,20,5,15,20,1.0
DODA,20,5,15,20,1.0
DODA,20,5,16,20,1.0
DODA,20,5,16,20,1.0
DODA,20,5,16,20,1.0
DODA,20,5,17,20,1.0
DODA,20,5,17,20,1.0
DODA,20,5,17,20,1.0
DODA,20,5,18,20,1.0
DODA,20,5,18,20,1.0
DODA,20,5,18,20,1.0
DODA,20,5,19,20,1.0
DODA,20,5,19,20,1.0
DODA,20,5,19,20,1.0
DODA,20,5,20,20,1.0
DODA,20,5,20,20,1.0
DODA,20,5,20,20,1.0
DODA,20,5,21,20,1.0
DODA,20,5,21,20,1.0
DODA,20,5,21,20,1.0
DODA,20,5,22,20,1.0
DODA,20,5,22,20,1.0
DODA,20,5,22,20,1.0
DODA,20,5,23,20,1.0
DODA,20,5,23,20,1.0
DODA,20,5,23,20,1.0
DODA,20,5,24,20,1.0
DODA,20,5,24,20,1.0
DODA,20,5,24,20,1.0
DODA,20,5,25,20,1.0
DODA,20,5,25,20,1.0
DODA,20,5,25,20,1.0
DODA,20,6,6,20,1.0
DODA,20,6,6,20,1.0
DODA,20,6,7,19,0.85
DODA,20,6,7,19,0.85
DODA,20,6,7,19,0.85
DODA,20,6,8,20,1.0
DODA,20,6,8,20,1.0
DODA,20,6,8,20,1.0
DODA,20,6,9,20,1.0
DODA,20,6,9,20,1.0
DODA,20,6,9,20,1.0
DODA,20,6,10,20,1.0
DODA,20,6,10,20,1.0
DODA,20,6,10,20,1.0
DODA,20,6,11,20,1.0
DODA,20,6,11,20,1.0
DODA,20,6,11,20,1.0
DODA,20,6,12,20,1.0
DODA,20,6,12,20,1.0
DODA,20,6,12,20,1.0
DODA,20,6,13,20,1.0
DODA,20,6,13,20,1.0
DODA,20,6,13,20,1.0
DODA,20,6,14,20,1.0
DODA,20,6,14,20,1.0
DODA,20,6,14,20,1.0
DODA,20,6,15,20,1.0
DODA,20,6,15,20,1.0
DODA,20,6,15,20,1.0
DODA,20,6,16,20,1.0
DODA,20,6,16,20,1.0
DODA,20,6,16,20,1.0
DODA,20,6,17,20,1.0
DODA,20,6,17,20,1.0
DODA,20,6,17,20,1.0
DODA,20,6,18,20,1.0
DODA,20,6,18,20,1.0
DODA,20,6,18,20,1.0
DODA,20,6,19,20,1.0
DODA,20,6,19,20,1.0
DODA,20,6,19,20,1.0
DODA,20,6,20,20,1.0
DODA,20,6,20,20,1.0
DODA,20,6,20,20,1.0
DODA,20,6,21,20,1.0
DODA,20,6,21,20,1.0
DODA,20,6,21,20,1.0
DODA,20,6,22,20,1.0
DODA,20,6,22,20,1.0
DODA,20,6,22,20,1.0
DODA,20,6,23,20,1.0
DODA,20,6,23,20,1.0
DODA,20,6,23,20,1.0
DODA,20,6,24,20,1.0
DODA,20,6,24,20,1.0
DODA,20,6,24,20,1.0
DODA,20,6,25,20,1.0
DODA,20,6,25,20,1.0
DODA,20,6,25,20,1.0
DODA,20,6,6,20,1.0
DODA,20,6,7,19,0.85
DODA,20,6,7,19,0.85
DODA,20,6,7,19,0.85
DODA,20,6,8,20,1.0
DODA,20,6,8,20,1.0
DODA,20,6,8,20,1.0
DODA,20,6,9,20,1.0
DODA,20,6,9,20,1.0
DODA,20,6,9,20,1.0
DODA,20,6,10,20,1.0
DODA,20,6,10,20,1.0
DODA,20,6,10,20,1.0
DODA,20,6,11,20,1.0
DODA,20,6,11,20,1.0
DODA,20,6,11,20,1.0
DODA,20,6,12,20,1.0
DODA,20,6,12,20,1.0
DODA,20,6,12,20,1.0
DODA,20,6,13,20,1.0
DODA,20,6,13,20,1.0
DODA,20,6,13,20,1.0
DODA,20,6,14,20,1.0
DODA,20,6,14,20,1.0
DODA,20,6,14,20,1.0
DODA,20,6,15,20,1.0
DODA,20,6,15,20,1.0
DODA,20,6,15,20,1.0
DODA,20,6,16,20,1.0
DODA,20,6,16,20,1.0
DODA,20,6,16,20,1.0
DODA,20,6,17,20,1.0
DODA,20,6,17,20,1.0
DODA,20,6,17,20,1.0
DODA,20,6,18,20,1.0
DODA,20,6,18,20,1.0
DODA,20,6,18,20,1.0
DODA,20,6,19,20,1.0
DODA,20,6,19,20,1.0
DODA,20,6,19,20,1.0
DODA,20,6,20,20,1.0
DODA,20,6,20,20,1.0
DODA,20,6,20,20,1.0
DODA,20,6,21,20,1.0
DODA,20,6,21,20,1.0
DODA,20,6,21,20,1.0
DODA,20,6,22,20,1.0
DODA,20,6,22,20,1.0
DODA,20,6,22,20,1.0
DODA,20,6,23,20,1.0
DODA,20,6,23,20,1.0
DODA,20,6,23,20,1.0
DODA,20,6,24,20,1.0
DODA,20,6,24,20,1.0
DODA,20,6,24,20,1.0
DODA,20,6,25,20,1.0
DODA,20,6,25,20,1.0
DODA,20,6,25,20,1.0
DODA,20,6,7,19,0.85
DODA,20,6,7,19,0.85
DODA,20,6,7,19,0.85
DODA,20,6,8,20,1.0
DODA,20,6,8,20,1.0
DODA,20,6,8,20,1.0
DODA,20,6,9,20,1.0
DODA,20,6,9,20,1.0
DODA,20,6,9,20,1.0
DODA,20,6,10,20,1.0
DODA,20,6,10,20,1.0
DODA,20,6,10,20,1.0
DODA,20,6,11,20,1.0
DODA,20,6,11,20,1.0
DODA,20,6,11,20,1.0
DODA,20,6,12,20,1.0
DODA,20,6,12,20,1.0
DODA,20,6,12,20,1.0
DODA,20,6,13,20,1.0
DODA,20,6,13,20,1.0
DODA,20,6,13,20,1.0
DODA,20,6,14,20,1.0
DODA,20,6,14,20,1.0
DODA,20,6,14,20,1.0
DODA,20,6,15,20,1.0
DODA,20,6,15,20,1.0
DODA,20,6,15,20,1.0
DODA,20,6,16,20,1.0
DODA,20,6,16,20,1.0
DODA,20,6,16,20,1.0
DODA,20,6,17,20,1.0
DODA,20,6,17,20,1.0
DODA,20,6,17,20,1.0
DODA,20,6,18,20,1.0
DODA,20,6,18,20,1.0
DODA,20,6,18,20,1.0
DODA,20,6,19,20,1.0
DODA,20,6,19,20,1.0
DODA,20,6,19,20,1.0
DODA,20,6,20,20,1.0
DODA,20,6,20,20,1.0
DODA,20,6,20,20,1.0
DODA,20,6,21,20,1.0
DODA,20,6,21,20,1.0
DODA,20,6,21,20,1.0
DODA,20,6,22,20,1.0
DODA,20,6,22,20,1.0
DODA,20,6,22,20,1.0
DODA,20,6,23,20,1.0
DODA,20,6,23,20,1.0
DODA,20,6,23,20,1.0
DODA,20,6,24,20,1.0
DODA,20,6,24,20,1.0
DODA,20,6,24,20,1.0
DODA,20,6,25,20,1.0
DODA,20,6,25,20,1.0
DODA,20,6,25,20,1.0
DODA,20,7,7,20,1.0
DODA,20,7,7,20,1.0
DODA,20,7,8,19,0.85
DODA,20,7,8,19,0.85
DODA,20,7,8,19,0.85
DODA,20,7,9,19,0.85
DODA,20,7,9,19,0.85
DODA,20,7,9,19,0.85
DODA,20,7,10,19,0.85
DODA,20,7,10,19,0.85
DODA,20,7,10,19,0.85
DODA,20,7,11,19,0.85
DODA,20,7,11,19,0.85
DODA,20,7,11,19,0.85
DODA,20,7,12,19,0.85
DODA,20,7,12,19,0.85
DODA,20,7,12,19,0.85
DODA,20,7,13,19,0.85
DODA,20,7,13,19,0.85
DODA,20,7,13,19,0.85
DODA,20,7,14,19,0.85
DODA,20,7,14,19,0.85
DODA,20,7,14,19,0.85
DODA,20,7,15,19,0.85
DODA,20,7,15,19,0.85
DODA,20,7,15,19,0.85
DODA,20,7,16,19,0.85
DODA,20,7,16,19,0.85
DODA,20,7,16,19,0.85
DODA,20,7,17,19,0.85
DODA,20,7,17,19,0.85
DODA,20,7,17,19,0.85
DODA,20,7,18,19,0.85
DODA,20,7,18,19,0.85
DODA,20,7,18,19,0.85
DODA,20,7,19,19,0.85
DODA,20,7,19,19,0.85
DODA,20,7,19,19,0.85
DODA,20,7,20,19,0.85
DODA,20,7,20,19,0.85
DODA,20,7,20,19,0.85
DODA,20,7,21,19,0.85
DODA,20,7,21,19,0.85
DODA,20,7,21,19,0.85
DODA,20,7,22,19,0.85
DODA,20,7,22,19,0.85
DODA,20,7,22,19,0.85
DODA,20,7,23,19,0.85
DODA,20,7,23,19,0.85
DODA,20,7,23,19,0.85
DODA,20,7,24,19,0.85
DODA,20,7,24,19,0.85
DODA,20,7,24,19,0.85
DODA,20,7,25,19,0.85
DODA,20,7,25,19,0.85
DODA,20,7,25,19,0.85
DODA,20,7,7,20,1.0
DODA,20,7,8,19,0.85
DODA,20,7,8,19,0.85
DODA,20,7,8,19,0.85
DODA,20,7,9,19,0.85
DODA,20,7,9,19,0.85
DODA,20,7,9,19,0.85
DODA,20,7,10,19,0.85
DODA,20,7,10,19,0.85
DODA,20,7,10,19,0.85
DODA,20,7,11,19,0.85
DODA,20,7,11,19,0.85
DODA,20,7,11,19,0.85
DODA,20,7,12,19,0.85
DODA,20,7,12,19,0.85
DODA,20,7,12,19,0.85
DODA,20,7,13,19,0.85
DODA,20,7,13,19,0.85
DODA,20,7,13,19,0.85
DODA,20,7,14,19,0.85
DODA,20,7,14,19,0.85
DODA,20,7,14,19,0.85
DODA,20,7,15,19,0.85
DODA,20,7,15,19,0.85
DODA,20,7,15,19,0.85
DODA,20,7,16,19,0.85
DODA,20,7,16,19,0.85
DODA,20,7,16,19,0.85
DODA,20,7,17,19,0.85
DODA,20,7,17,19,0.85
DODA,20,7,17,19,0.85
DODA,20,7,18,19,0.85
DODA,20,7,18,19,0.85
DODA,20,7,18,19,0.85
DODA,20,7,19,19,0.85
DODA,20,7,19,19,0.85
DODA,20,7,19,19,0.85
DODA,20,7,20,19,0.85
DODA,20,7,20,19,0.85
DODA,20,7,20,19,0.85
DODA,20,7,21,19,0.85
DODA,20,7,21,19,0.85
DODA,20,7,21,19,0.85
DODA,20,7,22,19,0.85
DODA,20,7,22,19,0.85
DODA,20,7,22,19,0.85
DODA,20,7,23,19,0.85
DODA,20,7,23,19,0.85
DODA,20,7,23,19,0.85
DODA,20,7,24,19,0.85
DODA,20,7,24,19,0.85
DODA,20,7,24,19,0.85
DODA,20,7,25,19,0.85
DODA,20,7,25,19,0.85
DODA,20,7,25,19,0.85
DODA,20,7,8,19,0.85
DODA,20,7,8,19,0.85
DODA,20,7,8,19,0.85
DODA,20,7,9,19,0.85
DODA,20,7,9,19,0.85
DODA,20,7,9,19,0.85
DODA,20,7,10,19,0.85
DODA,20,7,10,19,0.85
DODA,20,7,10,19,0.85
DODA,20,7,11,19,0.85
DODA,20,7,11,19,0.85
DODA,20,7,11,19,0.85
DODA,20,7,12,19,0.85
DODA,20,7,12,19,0.85
DODA,20,7,12,19,0.85
DODA,20,7,13,19,0.85
DODA,20,7,13,19,0.85
DODA,20,7,13,19,0.85
DODA,20,7,14,19,0.85
DODA,20,7,14,19,0.85
DODA,20,7,14,19,0.85
DODA,20,7,15,19,0.85
DODA,20,7,15,19,0.85
DODA,20,7,15,19,0.85
DODA,20,7,16,19,0.85
DODA,20,7,16,19,0.85
DODA,20,7,16,19,0.85
DODA,20,7,17,19,0.85
DODA,20,7,17,19,0.85
DODA,20,7,17,19,0.85
DODA,20,7,18,19,0.85
DODA,20,7,18,19,0.85
DODA,20,7,18,19,0.85
DODA,20,7,19,19,0.85
DODA,20,7,19,19,0.85
DODA,20,7,19,19,0.85
DODA,20,7,20,19,0.85
DODA,20,7,20,19,0.85
DODA,20,7,20,19,0.85
DODA,20,7,21,19,0.85
DODA,20,7,21,19,0.85
DODA,20,7,21,19,0.85
DODA,20,7,22,19,0.85
DODA,20,7,22,19,0.85
DODA,20,7,22,19,0.85
DODA,20,7,23,19,0.85
DODA,20,7,23,19,0.85
DODA,20,7,23,19,0.85
DODA,20,7,24,19,0.85
DODA,20,7,24,19,0.85
DODA,20,7,24,19,0.85
DODA,20,7,25,19,0.85
DODA,20,7,25,19,0.85
DODA,20,7,25,19,0.85
DODA,20,8,8,20,1.0
DODA,20,8,8,20,1.0
DODA,20,8,9,20,1.0
DODA,20,8,9,20,1.0
DODA,20,8,9,20,1.0
DODA,20,8,10,20,1.0
DODA,20,8,10,20,1.0
DODA,20,8,10,20,1.0
DODA,20,8,11,20,1.0
DODA,20,8,11,20,1.0
DODA,20,8,11,20,1.0
DODA,20,8,12,20,1.0
DODA,20,8,12,20,1.0
DODA,20,8,12,20,1.0
DODA,20,8,13,20,1.0
DODA,20,8,13,20,1.0
DODA,20,8,13,20,1.0
DODA,20,8,14,20,1.0
DODA,20,8,14,20,1.0
DODA,20,8,14,20,1.0
DODA,20,8,15,20,1.0
DODA,20,8,15,20,1.0
DODA,20,8,15,20,1.0
DODA,20,8,16,20,1.0
DODA,20,8,16,20,1.0
DODA,20,8,16,20,1.0
DODA,20,8,17,20,1.0
DODA,20,8,17,20,1.0
DODA,20,8,17,20,1.0
DODA,20,8,18,20,1.0
DODA,20,8,18,20,1.0
DODA,20,8,18,20,1.0
DODA,20,8,19,20,1.0
DODA,20,8,19,20,1.0
DODA,20,8,19,20,1.0
DODA,20,8,20,20,1.0
DODA,20,8,20,20,1.0
DODA,20,8,20,20,1.0
DODA,20,8,21,20,1.0
DODA,20,8,21,20,1.0
DODA,20,8,21,20,1.0
DODA,20,8,22,20,1.0
DODA,20,8,22,20,1.0
DODA,20,8,22,20,1.0
DODA,20,8,23,20,1.0
DODA,20,8,23,20,1.0
DODA,20,8,23,20,1.0
DODA,20,8,24,20,1.0
DODA,20,8,24,20,1.0
DODA,20,8,24,20,1.0
DODA,20,8,25,20,1.0
DODA,20,8,25,20,1.0
DODA,20,8,25,20,1.0
DODA,20,8,8,20,1.0
DODA,20,8,9,20,1.0
DODA,20,8,9,20,1.0
DODA,20,8,9,20,1.0
DODA,20,8,10,20,1.0
DODA,20,8,10,20,1.0
DODA,20,8,10,20,1.0
DODA,20,8,11,20,1.0
DODA,20,8,11,20,1.0
DODA,20,8,11,20,1.0
DODA,20,8,12,20,1.0
DODA,20,8,12,20,1.0
DODA,20,8,12,20,1.0
DODA,20,8,13,20,1.0
DODA,20,8,13,20,1.0
DODA,20,8,13,20,1.0
DODA,20,8,14,20,1.0
DODA,20,8,14,20,1.0
DODA,20,8,14,20,1.0
DODA,20,8,15,20,1.0
DODA,20,8,15,20,1.0
DODA,20,8,15,20,1.0
DODA,20,8,16,20,1.0
DODA,20,8,16,20,1.0
DODA,20,8,16,20,1.0
DODA,20,8,17,20,1.0
DODA,20,8,17,20,1.0
DODA,20,8,17,20,1.0
DODA,20,8,18,20,1.0
DODA,20,8,18,20,1.0
DODA,20,8,18,20,1.0
DODA,20,8,19,20,1.0
DODA,20,8,19,20,1.0
DODA,20,8,19,20,1.0
DODA,20,8,20,20,1.0
DODA,20,8,20,20,1.0
DODA,20,8,20,20,1.0
DODA,20,8,21,20,1.0
DODA,20,8,21,20,1.0
DODA,20,8,21,20,1.0
DODA,20,8,22,20,1.0
DODA,20,8,22,20,1.0
DODA,20,8,22,20,1.0
DODA,20,8,23,20,1.0
DODA,20,8,23,20,1.0
DODA,20,8,23,20,1.0
DODA,20,8,24,20,1.0
DODA,20,8,24,20,1.0
DODA,20,8,24,20,1.0
DODA,20,8,25,20,1.0
DODA,20,8,25,20,1.0
DODA,20,8,25,20,1.0
DODA,20,8,9,20,1.0
DODA,20,8,9,20,1.0
DODA,20,8,9,20,1.0
DODA,20,8,10,20,1.0
DODA,20,8,10,20,1.0
DODA,20,8,10,20,1.0
DODA,20,8,11,20,1.0
DODA,20,8,11,20,1.0
DODA,20,8,11,20,1.0
DODA,20,8,12,20,1.0
DODA,20,8,12,20,1.0
DODA,20,8,12,20,1.0
DODA,20,8,13,20,1.0
DODA,20,8,13,20,1.0
DODA,20,8,13,20,1.0
DODA,20,8,14,20,1.0
DODA,20,8,14,20,1.0
DODA,20,8,14,20,1.0
DODA,20,8,15,20,1.0
DODA,20,8,15,20,1.0
DODA,20,8,15,20,1.0
DODA,20,8,16,20,1.0
DODA,20,8,16,20,1.0
DODA,20,8,16,20,1.0
DODA,20,8,17,20,1.0
DODA,20,8,17,20,1.0
DODA,20,8,17,20,1.0
DODA,20,8,18,20,1.0
DODA,20,8,18,20,1.0
DODA,20,8,18,20,1.0
DODA,20,8,19,20,1.0
DODA,20,8,19,20,1.0
DODA,20,8,19,20,1.0
DODA,20,8,20,20,1.0
DODA,20,8,20,20,1.0
DODA,20,8,20,20,1.0
DODA,20,8,21,20,1.0
DODA,20,8,21,20,1.0
DODA,20,8,21,20,1.0
DODA,20,8,22,20,1.0
DODA,20,8,22,20,1.0
DODA,20,8,22,20,1.0
DODA,20,8,23,20,1.0
DODA,20,8,23,20,1.0
DODA,20,8,23,20,1.0
DODA,20,8,24,20,1.0
DODA,20,8,24,20,1.0
DODA,20,8,24,20,1.0
DODA,20,8,25,20,1.0
DODA,20,8,25,20,1.0
DODA,20,8,25,20,1.0
DODA,20,9,9,20,1.0
DODA,20,9,9,20,1.0
DODA,20,9,10,20,1.0
DODA,20,9,10,20,1.0
DODA,20,9,10,20,1.0
DODA,20,9,11,20,1.0
DODA,20,9,11,20,1.0
DODA,20,9,11,20,1.0
DODA,20,9,12,20,1.0
DODA,20,9,12,20,1.0
DODA,20,9,12,20,1.0
DODA,20,9,13,20,1.0
DODA,20,9,13,20,1.0
DODA,20,9,13,20,1.0
DODA,20,9,14,20,1.0
DODA,20,9,14,20,1.0
DODA,20,9,14,20,1.0
DODA,20,9,15,20,1.0
DODA,20,9,15,20,1.0
DODA,20,9,15,20,1.0
DODA,20,9,16,20,1.0
DODA,20,9,16,20,1.0
DODA,20,9,16,20,1.0
DODA,20,9,17,20,1.0
DODA,20,9,17,20,1.0
DODA,20,9,17,20,1.0
DODA,20,9,18,20,1.0
DODA,20,9,18,20,1.0
DODA,20,9,18,20,1.0
DODA,20,9,19,20,1.0
DODA,20,9,19,20,1.0
DODA,20,9,19,20,1.0
DODA,20,9,20,20,1.0
DODA,20,9,20,20,1.0
DODA,20,9,20,20,1.0
DODA,20,9,21,20,1.0
DODA,20,9,21,20,1.0
DODA,20,9,21,20,1.0
DODA,20,9,22,20,1.0
DODA,20,9,22,20,1.0
DODA,20,9,22,20,1.0
DODA,20,9,23,20,1.0
DODA,20,9,23,20,1.0
DODA,20,9,23,20,1.0
DODA,20,9,24,20,1.0
DODA,20,9,24,20,1.0
DODA,20,9,24,20,1.0
DODA,20,9,25,20,1.0
DODA,20,9,25,20,1.0
DODA,20,9,25,20,1.0
DODA,20,9,9,20,1.0
DODA,20,9,10,20,1.0
DODA,20,9,10,20,1.0
DODA,20,9,10,20,1.0
DODA,20,9,11,20,1.0
DODA,20,9,11,20,1.0
DODA,20,9,11,20,1.0
DODA,20,9,12,20,1.0
DODA,20,9,12,20,1.0
DODA,20,9,12,20,1.0
DODA,20,9,13,20,1.0
DODA,20,9,13,20,1.0
DODA,20,9,13,20,1.0
DODA,20,9,14,20,1.0
DODA,20,9,14,20,1.0
DODA,20,9,14,20,1.0
DODA,20,9,15,20,1.0
DODA,20,9,15,20,1.0
DODA,20,9,15,20,1.0
DODA,20,9,16,20,1.0
DODA,20,9,16,20,1.0
DODA,20,9,16,20,1.0
DODA,20,9,17,20,1.0
DODA,20,9,17,20,1.0
DODA,20,9,17,20,1.0
DODA,20,9,18,20,1.0
DODA,20,9,18,20,1.0
DODA,20,9,18,20,1.0
DODA,20,9,19,20,1.0
DODA,20,9,19,20,1.0
DODA,20,9,19,20,1.0
DODA,20,9,20,20,1.0
DODA,20,9,20,20,1.0
DODA,20,9,20,20,1.0
DODA,20,9,21,20,1.0
DODA,20,9,21,20,1.0
DODA,20,9,21,20,1.0
DODA,20,9,22,20,1.0
DODA,20,9,22,20,1.0
DODA,20,9,22,20,1.0
DODA,20,9,23,20,1.0
DODA,20,9,23,20,1.0
DODA,20,9,23,20,1.0
DODA,20,9,24,20,1.0
DODA,20,9,24,20,1.0
DODA,20,9,24,20,1.0
DODA,20,9,25,20,1.0
DODA,20,9,25,20,1.0
DODA,20,9,25,20,1.0
DODA,20,9,10,20,1.0
DODA,20,9,10,20,1.0
DODA,20,9,10,20,1.0
DODA,20,9,11,20,1.0
DODA,20,9,11,20,1.0
DODA,20,9,11,20,1.0
DODA,20,9,12,20,1.0
DODA,20,9,12,20,1.0
DODA,20,9,12,20,1.0
DODA,20,9,13,20,1.0
DODA,20,9,13,20,1.0
DODA,20,9,13,20,1.0
DODA,20,9,14,20,1.0
DODA,20,9,14,20,1.0
DODA,20,9,14,20,1.0
DODA,20,9,15,20,1.0
DODA,20,9,15,20,1.0
DODA,20,9,15,20,1.0
DODA,20,9,16,20,1.0
DODA,20,9,16,20,1.0
DODA,20,9,16,20,1.0
DODA,20,9,17,20,1.0
DODA,20,9,17,20,1.0
DODA,20,9,17,20,1.0
DODA,20,9,18,20,1.0
DODA,20,9,18,20,1.0
DODA,20,9,18,20,1.0
DODA,20,9,19,20,1.0
DODA,20,9,19,20,1.0
DODA,20,9,19,20,1.0
DODA,20,9,20,20,1.0
DODA,20,9,20,20,1.0
DODA,20,9,20,20,1.0
DODA,20,9,21,20,1.0
DODA,20,9,21,20,1.0
DODA,20,9,21,20,1.0
DODA,20,9,22,20,1.0
DODA,20,9,22,20,1.0
DODA,20,9,22,20,1.0
DODA,20,9,23,20,1.0
DODA,20,9,23,20,1.0
DODA,20,9,23,20,1.0
DODA,20,9,24,20,1.0
DODA,20,9,24,20,1.0
DODA,20,9,24,20,1.0
DODA,20,9,25,20,1.0
DODA,20,9,25,20,1.0
DODA,20,9,25,20,1.0
DODA,20,10,10,20,1.0
DODA,20,10,10,20,1.0
DODA,20,10,11,20,1.0
DODA,20,10,11,20,1.0
DODA,20,10,11,20,1.0
DODA,20,10,12,20,1.0
DODA,20,10,12,20,1.0
DODA,20,10,12,20,1.0
DODA,20,10,13,20,1.0
DODA,20,10,13,20,1.0
DODA,20,10,13,20,1.0
DODA,20,10,14,20,1.0
DODA,20,10,14,20,1.0
DODA,20,10,14,20,1.0
DODA,20,10,15,20,1.0
DODA,20,10,15,20,1.0
DODA,20,10,15,20,1.0
DODA,20,10,16,20,1.0
DODA,20,10,16,20,1.0
DODA,20,10,16,20,1.0
DODA,20,10,17,20,1.0
DODA,20,10,17,20,1.0
DODA,20,10,17,20,1.0
DODA,20,10,18,20,1.0
DODA,20,10,18,20,1.0
DODA,20,10,18,20,1.0
DODA,20,10,19,20,1.0
DODA,20,10,19,20,1.0
DODA,20,10,19,20,1.0
DODA,20,10,20,20,1.0
DODA,20,10,20,20,1.0
DODA,20,10,20,20,1.0
DODA,20,10,21,20,1.0
DODA,20,10,21,20,1.0
DODA,20,10,21,20,1.0
DODA,20,10,22,20,1.0
DODA,20,10,22,20,1.0
DODA,20,10,22,20,1.0
DODA,20,10,23,20,1.0
DODA,20,10,23,20,1.0
DODA,20,10,23,20,1.0
DODA,20,10,24,20,1.0
DODA,20,10,24,20,1.0
DODA,20,10,24,20,1.0
DODA,20,10,25,20,1.0
DODA,20,10,25,20,1.0
DODA,20,10,25,20,1.0
DODA,20,10,10,20,1.0
DODA,20,10,11,20,1.0
DODA,20,10,11,20,1.0
DODA,20,10,11,20,1.0
DODA,20,10,12,20,1.0
DODA,20,10,12,20,1.0
DODA,20,10,12,20,1.0
DODA,20,10,13,20,1.0
DODA,20,10,13,20,1.0
DODA,20,10,13,20,1.0
DODA,20,10,14,20,1.0
DODA,20,10,14,20,1.0
DODA,20,10,14,20,1.0
DODA,20,10,15,20,1.0
DODA,20,10,15,20,1.0
DODA,20,10,15,20,1.0
DODA,20,10,16,20,1.0
DODA,20,10,16,20,1.0
DODA,20,10,16,20,1.0
DODA,20,10,17,20,1.0
DODA,20,10,17,20,1.0
DODA,20,10,17,20,1.0
DODA,20,10,18,20,1.0
DODA,20,10,18,20,1.0
DODA,20,10,18,20,1.0
DODA,20,10,19,20,1.0
DODA,20,10,19,20,1.0
DODA,20,10,19,20,1.0
DODA,20,10,20,20,1.0
DODA,20,10,20,20,1.0
DODA,20,10,20,20,1.0
DODA,20,10,21,20,1.0
DODA,20,10,21,20,1.0
DODA,20,10,21,20,1.0
DODA,20,10,22,20,1.0
DODA,20,10,22,20,1.0
DODA,20,10,22,20,1.0
DODA,20,10,23,20,1.0
DODA,20,10,23,20,1.0
DODA,20,10,23,20,1.0
DODA,20,10,24,20,1.0
DODA,20,10,24,20,1.0
DODA,20,10,24,20,1.0
DODA,20,10,25,20,1.0
DODA,20,10,25,20,1.0
DODA,20,10,25,20,1.0
DODA,20,10,11,20,1.0
DODA,20,10,11,20,1.0
DODA,20,10,11,20,1.0
DODA,20,10,12,20,1.0
DODA,20,10,12,20,1.0
DODA,20,10,12,20,1.0
DODA,20,10,13,20,1.0
DODA,20,10,13,20,1.0
DODA,20,10,13,20,1.0
DODA,20,10,14,20,1.0
DODA,20,10,14,20,1.0
DODA,20,10,14,20,1.0
DODA,20,10,15,20,1.0
DODA,20,10,15,20,1.0
DODA,20,10,15,20,1.0
DODA,20,10,16,20,1.0
DODA,20,10,16,20,1.0
DODA,20,10,16,20,1.0
DODA,20,10,17,20,1.0
DODA,20,10,17,20,1.0
DODA,20,10,17,20,1.0
DODA,20,10,18,20,1.0
DODA,20,10,18,20,1.0
DODA,20,10,18,20,1.0
DODA,20,10,19,20,1.0
DODA,20,10,19,20,1.0
DODA,20,10,19,20,1.0
DODA,20,10,20,20,1.0
DODA,20,10,20,20,1.0
DODA,20,10,20,20,1.0
DODA,20,10,21,20,1.0
DODA,20,10,21,20,1.0
DODA,20,10,21,20,1.0
DODA,20,10,22,20,1.0
DODA,20,10,22,20,1.0
DODA,20,10,22,20,1.0
DODA,20,10,23,20,1.0
DODA,20,10,23,20,1.0
DODA,20,10,23,20,1.0
DODA,20,10,24,20,1.0
DODA,20,10,24,20,1.0
DODA,20,10,24,20,1.0
DODA,20,10,25,20,1.0
DODA,20,10,25,20,1.0
DODA,20,10,25,20,1.0
DODA,20,11,11,20,1.0
DODA,20,11,11,20,1.0
DODA,20,11,12,20,1.0
DODA,20,11,12,20,1.0
DODA,20,11,12,20,1.0
DODA,20,11,13,20,1.0
DODA,20,11,13,20,1.0
DODA,20,11,13,20,1.0
DODA,20,11,14,20,1.0
DODA,20,11,14,20,1.0
DODA,20,11,14,20,1.0
DODA,20,11,15,20,1.0
DODA,20,11,15,20,1.0
DODA,20,11,15,20,1.0
DODA,20,11,16,20,1.0
DODA,20,11,16,20,1.0
DODA,20,11,16,20,1.0
DODA,20,11,17,20,1.0
DODA,20,11,17,20,1.0
DODA,20,11,17,20,1.0
DODA,20,11,18,20,1.0
DODA,20,11,18,20,1.0
DODA,20,11,18,20,1.0
DODA,20,11,19,20,1.0
DODA,20,11,19,20,1.0
DODA,20,11,19,20,1.0
DODA,20,11,20,20,1.0
DODA,20,11,20,20,1.0
DODA,20,11,20,20,1.0
DODA,20,11,21,20,1.0
DODA,20,11,21,20,1.0
DODA,20,11,21,20,1.0
DODA,20,11,22,20,1.0
DODA,20,11,22,20,1.0
DODA,20,11,22,20,1.0
DODA,20,11,23,20,1.0
DODA,20,11,23,20,1.0
DODA,20,11,23,20,1.0
DODA,20,11,24,20,1.0
DODA,20,11,24,20,1.0
DODA,20,11,24,20,1.0
DODA,20,11,25,20,1.0
DODA,20,11,25,20,1.0
DODA,20,11,25,20,1.0
DODA,20,11,11,20,1.0
DODA,20,11,12,20,1.0
DODA,20,11,12,20,1.0
DODA,20,11,12,20,1.0
DODA,20,11,13,20,1.0
DODA,20,11,13,20,1.0
DODA,20,11,13,20,1.0
DODA,20,11,14,20,1.0
DODA,20,11,14,20,1.0
DODA,20,11,14,20,1.0
DODA,20,11,15,20,1.0
DODA,20,11,15,20,1.0
DODA,20,11,15,20,1.0
DODA,20,11,16,20,1.0
DODA,20,11,16,20,1.0
DODA,20,11,16,20,1.0
DODA,20,11,17,20,1.0
DODA,20,11,17,20,1.0
DODA,20,11,17,20,1.0
DODA,20,11,18,20,1.0
DODA,20,11,18,20,1.0
DODA,20,11,18,20,1.0
DODA,20,11,19,20,1.0
DODA,20,11,19,20,1.0
DODA,20,11,19,20,1.0
DODA,20,11,20,20,1.0
DODA,20,11,20,20,1.0
DODA,20,11,20,20,1.0
DODA,20,11,21,20,1.0
DODA,20,11,21,20,1.0
DODA,20,11,21,20,1.0
DODA,20,11,22,20,1.0
DODA,20,11,22,20,1.0
DODA,20,11,22,20,1.0
DODA,20,11,23,20,1.0
DODA,20,11,23,20,1.0
DODA,20,11,23,20,1.0
DODA,20,11,24,20,1.0
DODA,20,11,24,20,1.0
DODA,20,11,24,20,1.0
DODA,20,11,25,20,1.0
DODA,20,11,25,20,1.0
DODA,20,11,25,20,1.0
DODA,20,11,12,20,1.0
DODA,20,11,12,20,1.0
DODA,20,11,12,20,1.0
DODA,20,11,13,20,1.0
DODA,20,11,13,20,1.0
DODA,20,11,13,20,1.0
DODA,20,11,14,20,1.0
DODA,20,11,14,20,1.0
DODA,20,11,14,20,1.0
DODA,20,11,15,20,1.0
DODA,20,11,15,20,1.0
DODA,20,11,15,20,1.0
DODA,20,11,16,20,1.0
DODA,20,11,16,20,1.0
DODA,20,11,16,20,1.0
DODA,20,11,17,20,1.0
DODA,20,11,17,20,1.0
DODA,20,11,17,20,1.0
DODA,20,11,18,20,1.0
DODA,20,11,18,20,1.0
DODA,20,11,18,20,1.0
DODA,20,11,19,20,1.0
DODA,20,11,19,20,1.0
DODA,20,11,19,20,1.0
DODA,20,11,20,20,1.0
DODA,20,11,20,20,1.0
DODA,20,11,20,20,1.0
DODA,20,11,21,20,1.0
DODA,20,11,21,20,1.0
DODA,20,11,21,20,1.0
DODA,20,11,22,20,1.0
DODA,20,11,22,20,1.0
DODA,20,11,22,20,1.0
DODA,20,11,23,20,1.0
DODA,20,11,23,20,1.0
DODA,20,11,23,20,1.0
DODA,20,11,24,20,1.0
DODA,20,11,24,20,1.0
DODA,20,11,24,20,1.0
DODA,20,11,25,20,1.0
DODA,20,11,25,20,1.0
DODA,20,11,25,20,1.0
DODA,20,12,12,20,1.0
DODA,20,12,12,20,1.0
DODA,20,12,13,20,1.0
DODA,20,12,13,20,1.0
DODA,20,12,13,20,1.0
DODA,20,12,14,20,1.0
DODA,20,12,14,20,1.0
DODA,20,12,14,20,1.0
DODA,20,12,15,20,1.0
DODA,20,12,15,20,1.0
DODA,20,12,15,20,1.0
DODA,20,12,16,20,1.0
DODA,20,12,16,20,1.0
DODA,20,12,16,20,1.0
DODA,20,12,17,20,1.0
DODA,20,12,17,20,1.0
DODA,20,12,17,20,1.0
DODA,20,12,18,20,1.0
DODA,20,12,18,20,1.0
DODA,20,12,18,20,1.0
DODA,20,12,19,20,1.0
DODA,20,12,19,20,1.0
DODA,20,12,19,20,1.0
DODA,20,12,20,20,1.0
DODA,20,12,20,20,1.0
DODA,20,12,20,20,1.0
DODA,20,12,21,20,1.0
DODA,20,12,21,20,1.0
DODA,20,12,21,20,1.0
DODA,20,12,22,20,1.0
DODA,20,12,22,20,1.0
DODA,20,12,22,20,1.0
DODA,20,12,23,20,1.0
DODA,20,12,23,20,1.0
DODA,20,12,23,20,1.0
DODA,20,12,24,20,1.0
DODA,20,12,24,20,1.0
DODA,20,12,24,20,1.0
DODA,20,12,25,20,1.0
DODA,20,12,25,20,1.0
DODA,20,12,25,20,1.0
DODA,20,12,12,20,1.0
DODA,20,12,13,20,1.0
DODA,20,12,13,20,1.0
DODA,20,12,13,20,1.0
DODA,20,12,14,20,1.0
DODA,20,12,14,20,1.0
DODA,20,12,14,20,1.0
DODA,20,12,15,20,1.0
DODA,20,12,15,20,1.0
DODA,20,12,15,20,1.0
DODA,20,12,16,20,1.0
DODA,20,12,16,20,1.0
DODA,20,12,16,20,1.0
DODA,20,12,17,20,1.0
DODA,20,12,17,20,1.0
DODA,20,12,17,20,1.0
DODA,20,12,18,20,1.0
DODA,20,12,18,20,1.0
DODA,20,12,18,20,1.0
DODA,20,12,19,20,1.0
DODA,20,12,19,20,1.0
DODA,20,12,19,20,1.0
DODA,20,12,20,20,1.0
DODA,20,12,20,20,1.0
DODA,20,12,20,20,1.0
DODA,20,12,21,20,1.0
DODA,20,12,21,20,1.0
DODA,20,12,21,20,1.0
DODA,20,12,22,20,1.0
DODA,20,12,22,20,1.0
DODA,20,12,22,20,1.0
DODA,20,12,23,20,1.0
DODA,20,12,23,20,1.0
DODA,20,12,23,20,1.0
DODA,20,12,24,20,1.0
DODA,20,12,24,20,1.0
DODA,20,12,24,20,1.0
DODA,20,12,25,20,1.0
DODA,20,12,25,20,1.0
DODA,20,12,25,20,1.0
DODA,20,12,13,20,1.0
DODA,20,12,13,20,1.0
DODA,20,12,13,20,1.0
DODA,20,12,14,20,1.0
DODA,20,12,14,20,1.0
DODA,20,12,14,20,1.0
DODA,20,12,15,20,1.0
DODA,20,12,15,20,1.0
DODA,20,12,15,20,1.0
DODA,20,12,16,20,1.0
DODA,20,12,16,20,1.0
DODA,20,12,16,20,1.0
DODA,20,12,17,20,1.0
DODA,20,12,17,20,1.0
DODA,20,12,17,20,1.0
DODA,20,12,18,20,1.0
DODA,20,12,18,20,1.0
DODA,20,12,18,20,1.0
DODA,20,12,19,20,1.0
DODA,20,12,19,20,1.0
DODA,20,12,19,20,1.0
DODA,20,12,20,20,1.0
DODA,20,12,20,20,1.0
DODA,20,12,20,20,1.0
DODA,20,12,21,20,1.0
DODA,20,12,21,20,1.0
DODA,20,12,21,20,1.0
DODA,20,12,22,20,1.0
DODA,20,12,22,20,1.0
DODA,20,12,22,20,1.0
DODA,20,12,23,20,1.0
DODA,20,12,23,20,1.0
DODA,20,12,23,20,1.0
DODA,20,12,24,20,1.0
DODA,20,12,24,20,1.0
DODA,20,12,24,20,1.0
DODA,20,12,25,20,1.0
DODA,20,12,25,20,1.0
DODA,20,12,25,20,1.0
DODA,20,13,13,20,1.0
DODA,20,13,13,20,1.0
DODA,20,13,14,20,1.0
DODA,20,13,14,20,1.0
DODA,20,13,14,20,1.0
DODA,20,13,15,20,1.0
DODA,20,13,15,20,1.0
DODA,20,13,15,20,1.0
DODA,20,13,16,20,1.0
DODA,20,13,16,20,1.0
DODA,20,13,16,20,1.0
DODA,20,13,17,20,1.0
DODA,20,13,17,20,1.0
DODA,20,13,17,20,1.0
DODA,20,13,18,20,1.0
DODA,20,13,18,20,1.0
DODA,20,13,18,20,1.0
DODA,20,13,19,20,1.0
DODA,20,13,19,20,1.0
DODA,20,13,19,20,1.0
DODA,20,13,20,20,1.0
DODA,20,13,20,20,1.0
DODA,20,13,20,20,1.0
DODA,20,13,21,20,1.0
DODA,20,13,21,20,1.0
DODA,20,13,21,20,1.0
DODA,20,13,22,20,1.0
DODA,20,13,22,20,1.0
DODA,20,13,22,20,1.0
DODA,20,13,23,20,1.0
DODA,20,13,23,20,1.0
DODA,20,13,23,20,1.0
DODA,20,13,24,20,1.0
DODA,20,13,24,20,1.0
DODA,20,13,24,20,1.0
DODA,20,13,25,20,1.0
DODA,20,13,25,20,1.0
DODA,20,13,25,20,1.0
DODA,20,13,13,20,1.0
DODA,20,13,14,20,1.0
DODA,20,13,14,20,1.0
DODA,20,13,14,20,1.0
DODA,20,13,15,20,1.0
DODA,20,13,15,20,1.0
DODA,20,13,15,20,1.0
DODA,20,13,16,20,1.0
DODA,20,13,16,20,1.0
DODA,20,13,16,20,1.0
DODA,20,13,17,20,1.0
DODA,20,13,17,20,1.0
DODA,20,13,17,20,1.0
DODA,20,13,18,20,1.0
DODA,20,13,18,20,1.0
DODA,20,13,18,20,1.0
DODA,20,13,19,20,1.0
DODA,20,13,19,20,1.0
DODA,20,13,19,20,1.0
DODA,20,13,20,20,1.0
DODA,20,13,20,20,1.0
DODA,20,13,20,20,1.0
DODA,20,13,21,20,1.0
DODA,20,13,21,20,1.0
DODA,20,13,21,20,1.0
DODA,20,13,22,20,1.0
DODA,20,13,22,20,1.0
DODA,20,13,22,20,1.0
DODA,20,13,23,20,1.0
DODA,20,13,23,20,1.0
DODA,20,13,23,20,1.0
DODA,20,13,24,20,1.0
DODA,20,13,24,20,1.0
DODA,20,13,24,20,1.0
DODA,20,13,25,20,1.0
DODA,20,13,25,20,1.0
DODA,20,13,25,20,1.0
DODA,20,13,14,20,1.0
DODA,20,13,14,20,1.0
DODA,20,13,14,20,1.0
DODA,20,13,15,20,1.0
DODA,20,13,15,20,1.0
DODA,20,13,15,20,1.0
DODA,20,13,16,20,1.0
DODA,20,13,16,20,1.0
DODA,20,13,16,20,1.0
DODA,20,13,17,20,1.0
DODA,20,13,17,20,1.0
DODA,20,13,17,20,1.0
DODA,20,13,18,20,1.0
DODA,20,13,18,20,1.0
DODA,20,13,18,20,1.0
DODA,20,13,19,20,1.0
DODA,20,13,19,20,1.0
DODA,20,13,19,20,1.0
DODA,20,13,20,20,1.0
DODA,20,13,20,20,1.0
DODA,20,13,20,20,1.0
DODA,20,13,21,20,1.0
DODA,20,13,21,20,1.0
DODA,20,13,21,20,1.0
DODA,20,13,22,20,1.0
DODA,20,13,22,20,1.0
DODA,20,13,22,20,1.0
DODA,20,13,23,20,1.0
DODA,20,13,23,20,1.0
DODA,20,13,23,20,1.0
DODA,20,13,24,20,1.0
DODA,20,13,24,20,1.0
DODA,20,13,24,20,1.0
DODA,20,13,25,20,1.0
DODA,20,13,25,20,1.0
DODA,20,13,25,20,1.0
DODA,20,14,14,20,1.0
DODA,20,14,14,20,1.0
DODA,20,14,15,20,1.0
DODA,20,14,15,20,1.0
DODA,20,14,15,20,1.0
DODA,20,14,16,20,1.0
DODA,20,14,16,20,1.0
DODA,20,14,16,20,1.0
DODA,20,14,17,20,1.0
DODA,20,14,17,20,1.0
DODA,20,14,17,20,1.0
DODA,20,14,18,20,1.0
DODA,20,14,18,20,1.0
DODA,20,14,18,20,1.0
DODA,20,14,19,20,1.0
DODA,20,14,19,20,1.0
DODA,20,14,19,20,1.0
DODA,20,14,20,20,1.0
DODA,20,14,20,20,1.0
DODA,20,14,20,20,1.0
DODA,20,14,21,20,1.0
DODA,20,14,21,20,1.0
DODA,20,14,21,20,1.0
DODA,20,14,22,20,1.0
DODA,20,14,22,20,1.0
DODA,20,14,22,20,1.0
DODA,20,14,23,20,1.0
DODA,20,14,23,20,1.0
DODA,20,14,23,20,1.0
DODA,20,14,24,20,1.0
DODA,20,14,24,20,1.0
DODA,20,14,24,20,1.0
DODA,20,14,25,20,1.0
DODA,20,14,25,20,1.0
DODA,20,14,25,20,1.0
DODA,20,14,14,20,1.0
DODA,20,14,15,20,1.0
DODA,20,14,15,20,1.0
DODA,20,14,15,20,1.0
DODA,20,14,16,20,1.0
DODA,20,14,16,20,1.0
DODA,20,14,16,20,1.0
DODA,20,14,17,20,1.0
DODA,20,14,17,20,1.0
DODA,20,14,17,20,1.0
DODA,20,14,18,20,1.0
DODA,20,14,18,20,1.0
DODA,20,14,18,20,1.0
DODA,20,14,19,20,1.0
DODA,20,14,19,20,1.0
DODA,20,14,19,20,1.0
DODA,20,14,20,20,1.0
DODA,20,14,20,20,1.0
DODA,20,14,20,20,1.0
DODA,20,14,21,20,1.0
DODA,20,14,21,20,1.0
DODA,20,14,21,20,1.0
DODA,20,14,22,20,1.0
DODA,20,14,22,20,1.0
DODA,20,14,22,20,1.0
DODA,20,14,23,20,1.0
DODA,20,14,23,20,1.0
DODA,20,14,23,20,1.0
DODA,20,14,24,20,1.0
DODA,20,14,24,20,1.0
DODA,20,14,24,20,1.0
DODA,20,14,25,20,1.0
DODA,20,14,25,20,1.0
DODA,20,14,25,20,1.0
DODA,20,14,15,20,1.0
DODA,20,14,15,20,1.0
DODA,20,14,15,20,1.0
DODA,20,14,16,20,1.0
DODA,20,14,16,20,1.0
DODA,20,14,16,20,1.0
DODA,20,14,17,20,1.0
DODA,20,14,17,20,1.0
DODA,20,14,17,20,1.0
DODA,20,14,18,20,1.0
DODA,20,14,18,20,1.0
DODA,20,14,18,20,1.0
DODA,20,14,19,20,1.0
DODA,20,14,19,20,1.0
DODA,20,14,19,20,1.0
DODA,20,14,20,20,1.0
DODA,20,14,20,20,1.0
DODA,20,14,20,20,1.0
DODA,20,14,21,20,1.0
DODA,20,14,21,20,1.0
DODA,20,14,21,20,1.0
DODA,20,14,22,20,1.0
DODA,20,14,22,20,1.0
DODA,20,14,22,20,1.0
DODA,20,14,23,20,1.0
DODA,20,14,23,20,1.0
DODA,20,14,23,20,1.0
DODA,20,14,24,20,1.0
DODA,20,14,24,20,1.0
DODA,20,14,24,20,1.0
DODA,20,14,25,20,1.0
DODA,20,14,25,20,1.0
DODA,20,14,25,20,1.0
DODA,20,15,15,20,1.0
DODA,20,15,15,20,1.0
DODA,20,15,16,20,1.0
DODA,20,15,16,20,1.0
DODA,20,15,16,20,1.0
DODA,20,15,17,20,1.0
DODA,20,15,17,20,1.0
DODA,20,15,17,20,1.0
DODA,20,15,18,20,1.0
DODA,20,15,18,20,1.0
DODA,20,15,18,20,1.0
DODA,20,15,19,20,1.0
DODA,20,15,19,20,1.0
DODA,20,15,19,20,1.0
DODA,20,15,20,20,1.0
DODA,20,15,20,20,1.0
DODA,20,15,20,20,1.0
DODA,20,15,21,20,1.0
DODA,20,15,21,20,1.0
DODA,20,15,21,20,1.0
DODA,20,15,22,20,1.0
DODA,20,15,22,20,1.0
DODA,20,15,22,20,1.0
DODA,20,15,23,20,1.0
DODA,20,15,23,20,1.0
DODA,20,15,23,20,1.0
DODA,20,15,24,20,1.0
DODA,20,15,24,20,1.0
DODA,20,15,24,20,1.0
DODA,20,15,25,20,1.0
DODA,20,15,25,20,1.0
DODA,20,15,25,20,1.0
DODA,20,15,15,20,1.0
DODA,20,15,16,20,1.0
DODA,20,15,16,20,1.0
DODA,20,15,16,20,1.0
DODA,20,15,17,20,1.0
DODA,20,15,17,20,1.0
DODA,20,15,17,20,1.0
DODA,20,15,18,20,1.0
DODA,20,15,18,20,1.0
DODA,20,15,18,20,1.0
DODA,20,15,19,20,1.0
DODA,20,15,19,20,1.0
DODA,20,15,19,20,1.0
DODA,20,15,20,20,1.0
DODA,20,15,20,20,1.0
DODA,20,15,20,20,1.0
DODA,20,15,21,20,1.0
DODA,20,15,21,20,1.0
DODA,20,15,21,20,1.0
DODA,20,15,22,20,1.0
DODA,20,15,22,20,1.0
DODA,20,15,22,20,1.0
DODA,20,15,23,20,1.0
DODA,20,15,23,20,1.0
DODA,20,15,23,20,1.0
DODA,20,15,24,20,1.0
DODA,20,15,24,20,1.0
DODA,20,15,24,20,1.0
DODA,20,15,25,20,1.0
DODA,20,15,25,20,1.0
DODA,20,15,25,20,1.0
DODA,20,15,16,20,1.0
DODA,20,15,16,20,1.0
DODA,20,15,16,20,1.0
DODA,20,15,17,20,1.0
DODA,20,15,17,20,1.0
DODA,20,15,17,20,1.0
DODA,20,15,18,20,1.0
DODA,20,15,18,20,1.0
DODA,20,15,18,20,1.0
DODA,20,15,19,20,1.0
DODA,20,15,19,20,1.0
DODA,20,15,19,20,1.0
DODA,20,15,20,20,1.0
DODA,20,15,20,20,1.0
DODA,20,15,20,20,1.0
DODA,20,15,21,20,1.0
DODA,20,15,21,20,1.0
DODA,20,15,21,20,1.0
DODA,20,15,22,20,1.0
DODA,20,15,22,20,1.0
DODA,20,15,22,20,1.0
DODA,20,15,23,20,1.0
DODA,20,15,23,20,1.0
DODA,20,15,23,20,1.0
DODA,20,15,24,20,1.0
DODA,20,15,24,20,1.0
DODA,20,15,24,20,1.0
DODA,20,15,25,20,1.0
DODA,20,15,25,20,1.0
DODA,20,15,25,20,1.0
DODA,20,16,16,20,1.0
DODA,20,16,16,20,1.0
DODA,20,16,17,20,1.0
DODA,20,16,17,20,1.0
DODA,20,16,17,20,1.0
DODA,20,16,18,20,1.0
DODA,20,16,18,20,1.0
DODA,20,16,18,20,1.0
DODA,20,16,19,20,1.0
DODA,20,16,19,20,1.0
DODA,20,16,19,20,1.0
DODA,20,16,20,20,1.0
DODA,20,16,20,20,1.0
DODA,20,16,20,20,1.0
DODA,20,16,21,20,1.0
DODA,20,16,21,20,1.0
DODA,20,16,21,20,1.0
DODA,20,16,22,20,1.0
DODA,20,16,22,20,1.0
DODA,20,16,22,20,1.0
DODA,20,16,23,20,1.0
DODA,20,16,23,20,1.0
DODA,20,16,23,20,1.0
DODA,20,16,24,20,1.0
DODA,20,16,24,20,1.0
DODA,20,16,24,20,1.0
DODA,20,16,25,20,1.0
DODA,20,16,25,20,1.0
DODA,20,16,25,20,1.0
DODA,20,16,16,20,1.0
DODA,20,16,17,20,1.0
DODA,20,16,17,20,1.0
DODA,20,16,17,20,1.0
DODA,20,16,18,20,1.0
DODA,20,16,18,20,1.0
DODA,20,16,18,20,1.0
DODA,20,16,19,20,1.0
DODA,20,16,19,20,1.0
DODA,20,16,19,20,1.0
DODA,20,16,20,20,1.0
DODA,20,16,20,20,1.0
DODA,20,16,20,20,1.0
DODA,20,16,21,20,1.0
DODA,20,16,21,20,1.0
DODA,20,16,21,20,1.0
DODA,20,16,22,20,1.0
DODA,20,16,22,20,1.0
DODA,20,16,22,20,1.0
DODA,20,16,23,20,1.0
DODA,20,16,23,20,1.0
DODA,20,16,23,20,1.0
DODA,20,16,24,20,1.0
DODA,20,16,24,20,1.0
DODA,20,16,24,20,1.0
DODA,20,16,25,20,1.0
DODA,20,16,25,20,1.0
DODA,20,16,25,20,1.0
DODA,20,16,17,20,1.0
DODA,20,16,17,20,1.0
DODA,20,16,17,20,1.0
DODA,20,16,18,20,1.0
DODA,20,16,18,20,1.0
DODA,20,16,18,20,1.0
DODA,20,16,19,20,1.0
DODA,20,16,19,20,1.0
DODA,20,16,19,20,1.0
DODA,20,16,20,20,1.0
DODA,20,16,20,20,1.0
DODA,20,16,20,20,1.0
DODA,20,16,21,20,1.0
DODA,20,16,21,20,1.0
DODA,20,16,21,20,1.0
DODA,20,16,22,20,1.0
DODA,20,16,22,20,1.0
DODA,20,16,22,20,1.0
DODA,20,16,23,20,1.0
DODA,20,16,23,20,1.0
DODA,20,16,23,20,1.0
DODA,20,16,24,20,1.0
DODA,20,16,24,20,1.0
DODA,20,16,24,20,1.0
DODA,20,16,25,20,1.0
DODA,20,16,25,20,1.0
DODA,20,16,25,20,1.0
DODA,20,17,17,20,1.0
DODA,20,17,17,20,1.0
DODA,20,17,18,20,1.0
DODA,20,17,18,20,1.0
DODA,20,17,18,20,1.0
DODA,20,17,19,20,1.0
DODA,20,17,19,20,1.0
DODA,20,17,19,20,1.0
DODA,20,17,20,20,1.0
DODA,20,17,20,20,1.0
DODA,20,17,20,20,1.0
DODA,20,17,21,20,1.0
DODA,20,17,21,20,1.0
DODA,20,17,21,20,1.0
DODA,20,17,22,20,1.0
DODA,20,17,22,20,1.0
DODA,20,17,22,20,1.0
DODA,20,17,23,20,1.0
DODA,20,17,23,20,1.0
DODA,20,17,23,20,1.0
DODA,20,17,24,20,1.0
DODA,20,17,24,20,1.0
DODA,20,17,24,20,1.0
DODA,20,17,25,20,1.0
DODA,20,17,25,20,1.0
DODA,20,17,25,20,1.0
DODA,20,17,17,20,1.0
DODA,20,17,18,20,1.0
DODA,20,17,18,20,1.0
DODA,20,17,18,20,1.0
DODA,20,17,19,20,1.0
DODA,20,17,19,20,1.0
DODA,20,17,19,20,1.0
DODA,20,17,20,20,1.0
DODA,20,17,20,20,1.0
DODA,20,17,20,20,1.0
DODA,20,17,21,20,1.0
DODA,20,17,21,20,1.0
DODA,20,17,21,20,1.0
DODA,20,17,22,20,1.0
DODA,20,17,22,20,1.0
DODA,20,17,22,20,1.0
DODA,20,17,23,20,1.0
DODA,20,17,23,20,1.0
DODA,20,17,23,20,1.0
DODA,20,17,24,20,1.0
DODA,20,17,24,20,1.0
DODA,20,17,24,20,1.0
DODA,20,17,25,20,1.0
DODA,20,17,25,20,1.0
DODA,20,17,25,20,1.0
DODA,20,17,18,20,1.0
DODA,20,17,18,20,1.0
DODA,20,17,18,20,1.0
DODA,20,17,19,20,1.0
DODA,20,17,19,20,1.0
DODA,20,17,19,20,1.0
DODA,20,17,20,20,1.0
DODA,20,17,20,20,1.0
DODA,20,17,20,20,1.0
DODA,20,17,21,20,1.0
DODA,20,17,21,20,1.0
DODA,20,17,21,20,1.0
DODA,20,17,22,20,1.0
DODA,20,17,22,20,1.0
DODA,20,17,22,20,1.0
DODA,20,17,23,20,1.0
DODA,20,17,23,20,1.0
DODA,20,17,23,20,1.0
DODA,20,17,24,20,1.0
DODA,20,17,24,20,1.0
DODA,20,17,24,20,1.0
DODA,20,17,25,20,1.0
DODA,20,17,25,20,1.0
DODA,20,17,25,20,1.0
DODA,20,18,18,20,1.0
DODA,20,18,18,20,1.0
DODA,20,18,19,20,1.0
DODA,20,18,19,20,1.0
DODA,20,18,19,20,1.0
DODA,20,18,20,20,1.0
DODA,20,18,20,20,1.0
DODA,20,18,20,20,1.0
DODA,20,18,21,20,1.0
DODA,20,18,21,20,1.0
DODA,20,18,21,20,1.0
DODA,20,18,22,20,1.0
DODA,20,18,22,20,1.0
DODA,20,18,22,20,1.0
DODA,20,18,23,20,1.0
DODA,20,18,23,20,1.0
DODA,20,18,23,20,1.0
DODA,20,18,24,20,1.0
DODA,20,18,24,20,1.0
DODA,20,18,24,20,1.0
DODA,20,18,25,20,1.0
DODA,20,18,25,20,1.0
DODA,20,18,25,20,1.0
DODA,20,18,18,20,1.0
DODA,20,18,19,20,1.0
DODA,20,18,19,20,1.0
DODA,20,18,19,20,1.0
DODA,20,18,20,20,1.0
DODA,20,18,20,20,1.0
DODA,20,18,20,20,1.0
DODA,20,18,21,20,1.0
DODA,20,18,21,20,1.0
DODA,20,18,21,20,1.0
DODA,20,18,22,20,1.0
DODA,20,18,22,20,1.0
DODA,20,18,22,20,1.0
DODA,20,18,23,20,1.0
DODA,20,18,23,20,1.0
DODA,20,18,23,20,1.0
DODA,20,18,24,20,1.0
DODA,20,18,24,20,1.0
DODA,20,18,24,20,1.0
DODA,20,18,25,20,1.0
DODA,20,18,25,20,1.0
DODA,20,18,25,20,1.0
DODA,20,18,19,20,1.0
DODA,20,18,19,20,1.0
DODA,20,18,19,20,1.0
DODA,20,18,20,20,1.0
DODA,20,18,20,20,1.0
DODA,20,18,20,20,1.0
DODA,20,18,21,20,1.0
DODA,20,18,21,20,1.0
DODA,20,18,21,20,1.0
DODA,20,18,22,20,1.0
DODA,20,18,22,20,1.0
DODA,20,18,22,20,1.0
DODA,20,18,23,20,1.0
DODA,20,18,23,20,1.0
DODA,20,18,23,20,1.0
DODA,20,18,24,20,1.0
DODA,20,18,24,20,1.0
DODA,20,18,24,20,1.0
DODA,20,18,25,20,1.0
DODA,20,18,25,20,1.0
DODA,20,18,25,20,1.0
DODA,20,19,19,20,1.0
DODA,20,19,19,20,1.0
DODA,20,19,20,20,1.0
DODA,20,19,20,20,1.0
DODA,20,19,20,20,1.0
DODA,20,19,21,20,1.0
DODA,20,19,21,20,1.0
DODA,20,19,21,20,1.0
DODA,20,19,22,20,1.0
DODA,20,19,22,20,1.0
DODA,20,19,22,20,1.0
DODA,20,19,23,20,1.0
DODA,20,19,23,20,1.0
DODA,20,19,23,20,1.0
DODA,20,19,24,20,1.0
DODA,20,19,24,20,1.0
DODA,20,19,24,20,1.0
DODA,20,19,25,20,1.0
DODA,20,19,25,20,1.0
DODA,20,19,25,20,1.0
DODA,20,19,19,20,1.0
DODA,20,19,20,20,1.0
DODA,20,19,20,20,1.0
DODA,20,19,20,20,1.0
DODA,20,19,21,20,1.0
DODA,20,19,21,20,1.0
DODA,20,19,21,20,1.0
DODA,20,19,22,20,1.0
DODA,20,19,22,20,1.0
DODA,20,19,22,20,1.0
DODA,20,19,23,20,1.0
DODA,20,19,23,20,1.0
DODA,20,19,23,20,1.0
DODA,20,19,24,20,1.0
DODA,20,19,24,20,1.0
DODA,20,19,24,20,1.0
DODA,20,19,25,20,1.0
DODA,20,19,25,20,1.0
DODA,20,19,25,20,1.0
DODA,20,19,20,20,1.0
DODA,20,19,20,20,1.0
DODA,20,19,20,20,1.0
DODA,20,19,21,20,1.0
DODA,20,19,21,20,1.0
DODA,20,19,21,20,1.0
DODA,20,19,22,20,1.0
DODA,20,19,22,20,1.0
DODA,20,19,22,20,1.0
DODA,20,19,23,20,1.0
DODA,20,19,23,20,1.0
DODA,20,19,23,20,1.0
DODA,20,19,24,20,1.0
DODA,20,19,24,20,1.0
DODA,20,19,24,20,1.0
DODA,20,19,25,20,1.0
DODA,20,19,25,20,1.0
DODA,20,19,25,20,1.0
DODA,20,20,20,20,1.0
DODA,20,20,20,20,1.0
DODA,20,20,21,20,1.0
DODA,20,20,21,20,1.0
DODA,20,20,21,20,1.0
DODA,20,20,22,20,1.0
DODA,20,20,22,20,1.0
DODA,20,20,22,20,1.0
DODA,20,20,23,20,1.0
DODA,20,20,23,20,1.0
DODA,20,20,23,20,1.0
DODA,20,20,24,20,1.0
DODA,20,20,24,20,1.0
DODA,20,20,24,20,1.0
DODA,20,20,25,20,1.0
DODA,20,20,25,20,1.0
DODA,20,20,25,20,1.0
DODA,20,20,20,20,1.0
DODA,20,20,21,20,1.0
DODA,20,20,21,20,1.0
DODA,20,20,21,20,1.0
DODA,20,20,22,20,1.0
DODA,20,20,22,20,1.0
DODA,20,20,22,20,1.0
DODA,20,20,23,20,1.0
DODA,20,20,23,20,1.0
DODA,20,20,23,20,1.0
DODA,20,20,24,20,1.0
DODA,20,20,24,20,1.0
DODA,20,20,24,20,1.0
DODA,20,20,25,20,1.0
DODA,20,20,25,20,1.0
DODA,20,20,25,20,1.0
DODA,20,20,21,20,1.0
DODA,20,20,21,20,1.0
DODA,20,20,21,20,1.0
DODA,20,20,22,20,1.0
DODA,20,20,22,20,1.0
DODA,20,20,22,20,1.0
DODA,20,20,23,20,1.0
DODA,20,20,23,20,1.0
DODA,20,20,23,20,1.0
DODA,20,20,24,20,1.0
DODA,20,20,24,20,1.0
DODA,20,20,24,20,1.0
DODA,20,20,25,20,1.0
DODA,20,20,25,20,1.0
DODA,20,20,25,20,1.0
DODA,20,21,21,20,1.0
DODA,20,21,21,20,1.0
DODA,20,21,22,20,1.0
DODA,20,21,22,20,1.0
DODA,20,21,22,20,1.0
DODA,20,21,23,20,1.0
DODA,20,21,23,20,1.0
DODA,20,21,23,20,1.0
DODA,20,21,24,20,1.0
DODA,20,21,24,20,1.0
DODA,20,21,24,20,1.0
DODA,20,21,25,20,1.0
DODA,20,21,25,20,1.0
DODA,20,21,25,20,1.0
DODA,20,21,21,20,1.0
DODA,20,21,22,20,1.0
DODA,20,21,22,20,1.0
DODA,20,21,22,20,1.0
DODA,20,21,23,20,1.0
DODA,20,21,23,20,1.0
DODA,20,21,23,20,1.0
DODA,20,21,24,20,1.0
DODA,20,21,24,20,1.0
DODA,20,21,24,20,1.0
DODA,20,21,25,20,1.0
DODA,20,21,25,20,1.0
DODA,20,21,25,20,1.0
DODA,20,21,22,20,1.0
DODA,20,21,22,20,1.0
DODA,20,21,22,20,1.0
DODA,20,21,23,20,1.0
DODA,20,21,23,20,1.0
DODA,20,21,23,20,1.0
DODA,20,21,24,20,1.0
DODA,20,21,24,20,1.0
DODA,20,21,24,20,1.0
DODA,20,21,25,20,1.0
DODA,20,21,25,20,1.0
DODA,20,21,25,20,1.0
DODA,20,22,22,20,1.0
DODA,20,22,22,20,1.0
DODA,20,22,23,20,1.0
DODA,20,22,23,20,1.0
DODA,20,22,23,20,1.0
DODA,20,22,24,20,1.0
DODA,20,22,24,20,1.0
DODA,20,22,24,20,1.0
DODA,20,22,25,20,1.0
DODA,20,22,25,20,1.0
DODA,20,22,25,20,1.0
DODA,20,22,22,20,1.0
DODA,20,22,23,20,1.0
DODA,20,22,23,20,1.0
DODA,20,22,23,20,1.0
DODA,20,22,24,20,1.0
DODA,20,22,24,20,1.0
DODA,20,22,24,20,1.0
DODA,20,22,25,20,1.0
DODA,20,22,25,20,1.0
DODA,20,22,25,20,1.0
DODA,20,22,23,20,1.0
DODA,20,22,23,20,1.0
DODA,20,22,23,20,1.0
DODA,20,22,24,20,1.0
DODA,20,22,24,20,1.0
DODA,20,22,24,20,1.0
DODA,20,22,25,20,1.0
DODA,20,22,25,20,1.0
DODA,20,22,25,20,1.0
DODA,20,23,23,20,1.0
DODA,20,23,23,20,1.0
DODA,20,23,24,20,1.0
DODA,20,23,24,20,1.0
DODA,20,23,24,20,1.0
DODA,20,23,25,20,1.0
DODA,20,23,25,20,1.0
DODA,20,23,25,20,1.0
DODA,20,23,23,20,1.0
DODA,20,23,24,20,1.0
DODA,20,23,24,20,1.0
DODA,20,23,24,20,1.0
DODA,20,23,25,20,1.0
DODA,20,23,25,20,1.0
DODA,20,23,25,20,1.0
DODA,20,23,24,20,1.0
DODA,20,23,24,20,1.0
DODA,20,23,24,20,1.0
DODA,20,23,25,20,1.0
DODA,20,23,25,20,1.0
DODA,20,23,25,20,1.0
DODA,20,24,24,20,1.0
DODA,20,24,24,20,1.0
DODA,20,24,25,20,1.0
DODA,20,24,25,20,1.0
DODA,20,24,25,20,1.0
DODA,20,24,24,20,1.0
DODA,20,24,25,20,1.0
DODA,20,24,25,20,1.0
DODA,20,24,25,20,1.0
DODA,20,24,25,20,1.0
DODA,20,24,25,20,1.0
DODA,20,24,25,20,1.0
DODA,20,25,25,20,1.0
DODA,20,25,25,20,1.0
DODA,20,25,25,20,1.0
