Run,Method,Top_K,Model,Accuracy,Precision,Recall,F1,ROC_AUC,Selected_Features
1,ANOVA,5,Logistic Regression,0.5252525252525253,0.5309734513274337,0.594059405940594,0.5607476635514018,0.5244972950903337,"Bp, Sg, Rbcc, Su, Ba"
1,ANOVA,5,Random Forest,0.51010101010101,0.5188679245283019,0.5445544554455446,0.5314009661835749,0.5030621618862917,"Bp, Sg, Rbcc, Su, Ba"
1,ANOVA,5,XGBoost,0.51010101010101,0.5188679245283019,0.5445544554455446,0.5314009661835749,0.5012248647545167,"Bp, Sg, Rbcc, Su, Ba"
1,DODA,5,Logistic Regression,0.5,0.5096153846153846,0.5247524752475248,0.5170731707317073,0.5183219352863121,"Bp, Sg, Sc, Rbcc, Su"
1,DODA,5,Random Forest,0.5252525252525253,0.5353535353535354,0.5247524752475248,0.53,0.5391446361130958,"Bp, Sg, Sc, Rbcc, Su"
1,DODA,5,XGBoost,0.5151515151515151,0.5257731958762887,0.504950495049505,0.5151515151515151,0.5173012146575482,"Bp, Sg, Sc, Rbcc, Su"
1,ANOVA,10,Logistic Regression,0.5151515151515151,0.5242718446601942,0.5346534653465347,0.5294117647058824,0.526895988567929,"Bp, Sg, Rbcc, Su, Ba, Wbcc, Pot, Sc, Sod, Bgr"
1,ANOVA,10,Random Forest,0.5151515151515151,0.5238095238095238,0.5445544554455446,0.5339805825242718,0.5593549045626213,"Bp, Sg, Rbcc, Su, Ba, Wbcc, Pot, Sc, Sod, Bgr"
1,ANOVA,10,XGBoost,0.5606060606060606,0.5660377358490566,0.594059405940594,0.5797101449275363,0.5692558946616311,"Bp, Sg, Rbcc, Su, Ba, Wbcc, Pot, Sc, Sod, Bgr"
1,DODA,10,Logistic Regression,0.5404040404040404,0.5510204081632653,0.5346534653465347,0.542713567839196,0.5351638256609167,"Bp, Sg, Sc, Rbcc, Su, Pot, Ba, Bgr, Sod, Hemo"
1,DODA,10,Random Forest,0.5202020202020202,0.5277777777777778,0.5643564356435643,0.5454545454545454,0.5665509849954068,"Bp, Sg, Sc, Rbcc, Su, Pot, Ba, Bgr, Sod, Hemo"
1,DODA,10,XGBoost,0.5757575757575758,0.5825242718446602,0.594059405940594,0.5882352941176471,0.6008982341533122,"Bp, Sg, Sc, Rbcc, Su, Pot, Ba, Bgr, Sod, Hemo"
1,ANOVA,15,Logistic Regression,0.5252525252525253,0.5346534653465347,0.5346534653465347,0.5346534653465347,0.5183219352863121,"Bp, Sg, Rbcc, Su, Ba, Wbcc, Pot, Sc, Sod, Bgr, Age, Hemo, Pc, Rbc, Appet"
1,ANOVA,15,Random Forest,0.5606060606060606,0.5636363636363636,0.6138613861386139,0.5876777251184834,0.574410533836889,"Bp, Sg, Rbcc, Su, Ba, Wbcc, Pot, Sc, Sod, Bgr, Age, Hemo, Pc, Rbc, Appet"
1,ANOVA,15,XGBoost,0.5909090909090909,0.5943396226415094,0.6237623762376238,0.6086956521739131,0.6159028273961417,"Bp, Sg, Rbcc, Su, Ba, Wbcc, Pot, Sc, Sod, Bgr, Age, Hemo, Pc, Rbc, Appet"
1,DODA,15,Logistic Regression,0.51010101010101,0.5188679245283019,0.5445544554455446,0.5314009661835749,0.5157701337144023,"Bp, Sg, Sc, Rbcc, Su, Pot, Ba, Bgr, Sod, Hemo, Wbcc, Htn, Age, Al, Rbc"
1,DODA,15,Random Forest,0.5656565656565656,0.5663716814159292,0.6336633663366337,0.5981308411214953,0.5885985505767072,"Bp, Sg, Sc, Rbcc, Su, Pot, Ba, Bgr, Sod, Hemo, Wbcc, Htn, Age, Al, Rbc"
1,DODA,15,XGBoost,0.601010101010101,0.6057692307692307,0.6237623762376238,0.6146341463414634,0.623047871797489,"Bp, Sg, Sc, Rbcc, Su, Pot, Ba, Bgr, Sod, Hemo, Wbcc, Htn, Age, Al, Rbc"
1,ANOVA,20,Logistic Regression,0.5151515151515151,0.5252525252525253,0.5148514851485149,0.52,0.5224048178013677,"Bp, Sg, Rbcc, Su, Ba, Wbcc, Pot, Sc, Sod, Bgr, Age, Hemo, Pc, Rbc, Appet, Htn, Ane, Pcv, Pe, Cad"
1,ANOVA,20,Random Forest,0.5353535353535354,0.5405405405405406,0.594059405940594,0.5660377358490566,0.5544044095131163,"Bp, Sg, Rbcc, Su, Ba, Wbcc, Pot, Sc, Sod, Bgr, Age, Hemo, Pc, Rbc, Appet, Htn, Ane, Pcv, Pe, Cad"
1,ANOVA,20,XGBoost,0.6060606060606061,0.6116504854368932,0.6237623762376238,0.6176470588235294,0.6192712054710625,"Bp, Sg, Rbcc, Su, Ba, Wbcc, Pot, Sc, Sod, Bgr, Age, Hemo, Pc, Rbc, Appet, Htn, Ane, Pcv, Pe, Cad"
1,DODA,20,Logistic Regression,0.5252525252525253,0.5333333333333333,0.5544554455445545,0.5436893203883495,0.519342655915076,"Bp, Sg, Sc, Rbcc, Su, Pot, Ba, Bgr, Sod, Hemo, Wbcc, Htn, Age, Al, Rbc, Pc, Ane, Bu, Pcv, Dm"
1,DODA,20,Random Forest,0.5606060606060606,0.5673076923076923,0.5841584158415841,0.5756097560975609,0.5651730121465756,"Bp, Sg, Sc, Rbcc, Su, Pot, Ba, Bgr, Sod, Hemo, Wbcc, Htn, Age, Al, Rbc, Pc, Ane, Bu, Pcv, Dm"
1,DODA,20,XGBoost,0.5606060606060606,0.5636363636363636,0.6138613861386139,0.5876777251184834,0.5837501275900786,"Bp, Sg, Sc, Rbcc, Su, Pot, Ba, Bgr, Sod, Hemo, Wbcc, Htn, Age, Al, Rbc, Pc, Ane, Bu, Pcv, Dm"
2,ANOVA,5,Logistic Regression,0.51010101010101,0.5247524752475248,0.5196078431372549,0.5221674876847291,0.5289011437908497,"Bp, Ba, Pcv, Rbcc, Pot"
2,ANOVA,5,Random Forest,0.5303030303030303,0.5454545454545454,0.5294117647058824,0.5373134328358209,0.5340073529411764,"Bp, Ba, Pcv, Rbcc, Pot"
2,ANOVA,5,XGBoost,0.5050505050505051,0.52,0.5098039215686274,0.5148514851485149,0.49509803921568624,"Bp, Ba, Pcv, Rbcc, Pot"
2,DODA,5,Logistic Regression,0.5,0.5137614678899083,0.5490196078431373,0.5308056872037915,0.5199142156862746,"Bp, Al, Pcv, Sc, Bu"
2,DODA,5,Random Forest,0.5606060606060606,0.5789473684210527,0.5392156862745098,0.5583756345177665,0.5652062908496732,"Bp, Al, Pcv, Sc, Bu"
2,DODA,5,XGBoost,0.5404040404040404,0.5523809523809524,0.5686274509803921,0.5603864734299517,0.5503472222222222,"Bp, Al, Pcv, Sc, Bu"
2,ANOVA,10,Logistic Regression,0.5555555555555556,0.5648148148148148,0.5980392156862745,0.580952380952381,0.5190972222222223,"Bp, Ba, Pcv, Rbcc, Pot, Pe, Al, Bu, Sc, Appet"
2,ANOVA,10,Random Forest,0.5808080808080808,0.6091954022988506,0.5196078431372549,0.5608465608465608,0.5539726307189543,"Bp, Ba, Pcv, Rbcc, Pot, Pe, Al, Bu, Sc, Appet"
2,ANOVA,10,XGBoost,0.5404040404040404,0.5567010309278351,0.5294117647058824,0.542713567839196,0.5514705882352942,"Bp, Ba, Pcv, Rbcc, Pot, Pe, Al, Bu, Sc, Appet"
2,DODA,10,Logistic Regression,0.5151515151515151,0.5283018867924528,0.5490196078431373,0.5384615384615384,0.5210375816993464,"Bp, Al, Pcv, Sc, Bu, Rbcc, Pot, Ba, Pe, Sg"
2,DODA,10,Random Forest,0.5606060606060606,0.5862068965517241,0.5,0.5396825396825397,0.5345690359477124,"Bp, Al, Pcv, Sc, Bu, Rbcc, Pot, Ba, Pe, Sg"
2,DODA,10,XGBoost,0.5151515151515151,0.53,0.5196078431372549,0.5247524752475248,0.5135825163398693,"Bp, Al, Pcv, Sc, Bu, Rbcc, Pot, Ba, Pe, Sg"
2,ANOVA,15,Logistic Regression,0.5454545454545454,0.5555555555555556,0.5882352941176471,0.5714285714285714,0.5125612745098038,"Bp, Ba, Pcv, Rbcc, Pot, Pe, Al, Bu, Sc, Appet, Sg, Pc, Wbcc, Sod, Ane"
2,ANOVA,15,Random Forest,0.5252525252525253,0.5425531914893617,0.5,0.5204081632653061,0.5348243464052288,"Bp, Ba, Pcv, Rbcc, Pot, Pe, Al, Bu, Sc, Appet, Sg, Pc, Wbcc, Sod, Ane"
2,ANOVA,15,XGBoost,0.5,0.5157894736842106,0.4803921568627451,0.49746192893401014,0.501327614379085,"Bp, Ba, Pcv, Rbcc, Pot, Pe, Al, Bu, Sc, Appet, Sg, Pc, Wbcc, Sod, Ane"
2,DODA,15,Logistic Regression,0.5303030303030303,0.5412844036697247,0.5784313725490197,0.5592417061611374,0.5183823529411764,"Bp, Al, Pcv, Sc, Bu, Rbcc, Pot, Ba, Pe, Sg, Htn, Ane, Sod, Pc, Appet"
2,DODA,15,Random Forest,0.51010101010101,0.5263157894736842,0.49019607843137253,0.5076142131979695,0.5212928921568628,"Bp, Al, Pcv, Sc, Bu, Rbcc, Pot, Ba, Pe, Sg, Htn, Ane, Sod, Pc, Appet"
2,DODA,15,XGBoost,0.5202020202020202,0.5346534653465347,0.5294117647058824,0.5320197044334976,0.5322712418300655,"Bp, Al, Pcv, Sc, Bu, Rbcc, Pot, Ba, Pe, Sg, Htn, Ane, Sod, Pc, Appet"
2,ANOVA,20,Logistic Regression,0.5353535353535354,0.5462962962962963,0.5784313725490197,0.5619047619047619,0.5107230392156863,"Bp, Ba, Pcv, Rbcc, Pot, Pe, Al, Bu, Sc, Appet, Sg, Pc, Wbcc, Sod, Ane, Pcc, Su, Htn, Cad, Hemo"
2,ANOVA,20,Random Forest,0.5454545454545454,0.56,0.5490196078431373,0.5544554455445545,0.5400837418300655,"Bp, Ba, Pcv, Rbcc, Pot, Pe, Al, Bu, Sc, Appet, Sg, Pc, Wbcc, Sod, Ane, Pcc, Su, Htn, Cad, Hemo"
2,ANOVA,20,XGBoost,0.48484848484848486,0.5,0.5098039215686274,0.5048543689320388,0.5159313725490196,"Bp, Ba, Pcv, Rbcc, Pot, Pe, Al, Bu, Sc, Appet, Sg, Pc, Wbcc, Sod, Ane, Pcc, Su, Htn, Cad, Hemo"
2,DODA,20,Logistic Regression,0.5252525252525253,0.5384615384615384,0.5490196078431373,0.5436893203883495,0.5147058823529412,"Bp, Al, Pcv, Sc, Bu, Rbcc, Pot, Ba, Pe, Sg, Htn, Ane, Sod, Pc, Appet, Hemo, Wbcc, Su, Dm, Pcc"
2,DODA,20,Random Forest,0.5606060606060606,0.5842696629213483,0.5098039215686274,0.5445026178010471,0.5509599673202613,"Bp, Al, Pcv, Sc, Bu, Rbcc, Pot, Ba, Pe, Sg, Htn, Ane, Sod, Pc, Appet, Hemo, Wbcc, Su, Dm, Pcc"
2,DODA,20,XGBoost,0.4898989898989899,0.5048543689320388,0.5098039215686274,0.5073170731707317,0.5188929738562091,"Bp, Al, Pcv, Sc, Bu, Rbcc, Pot, Ba, Pe, Sg, Htn, Ane, Sod, Pc, Appet, Hemo, Wbcc, Su, Dm, Pcc"
3,ANOVA,5,Logistic Regression,0.51010101010101,0.5217391304347826,0.5882352941176471,0.5529953917050692,0.4875408496732026,"Bp, Pcv, Bgr, Ba, Rbcc"
3,ANOVA,5,Random Forest,0.46464646464646464,0.48,0.47058823529411764,0.4752475247524752,0.44898897058823534,"Bp, Pcv, Bgr, Ba, Rbcc"
3,ANOVA,5,XGBoost,0.5151515151515151,0.5306122448979592,0.5098039215686274,0.52,0.4995915032679738,"Bp, Pcv, Bgr, Ba, Rbcc"
3,DODA,5,Logistic Regression,0.5,0.5128205128205128,0.5882352941176471,0.547945205479452,0.4950980392156863,"Bp, Pcv, Bgr, Sc, Bu"
3,DODA,5,Random Forest,0.4898989898989899,0.5045871559633027,0.5392156862745098,0.5213270142180095,0.49029820261437906,"Bp, Pcv, Bgr, Sc, Bu"
3,DODA,5,XGBoost,0.494949494949495,0.509090909090909,0.5490196078431373,0.5283018867924528,0.48600898692810457,"Bp, Pcv, Bgr, Sc, Bu"
3,ANOVA,10,Logistic Regression,0.5202020202020202,0.5327102803738317,0.5588235294117647,0.5454545454545454,0.5053104575163399,"Bp, Pcv, Bgr, Ba, Rbcc, Su, Ane, Appet, Pot, Pe"
3,ANOVA,10,Random Forest,0.48484848484848486,0.5,0.5098039215686274,0.5048543689320388,0.4739072712418301,"Bp, Pcv, Bgr, Ba, Rbcc, Su, Ane, Appet, Pot, Pe"
3,ANOVA,10,XGBoost,0.4797979797979798,0.4943820224719101,0.43137254901960786,0.4607329842931937,0.4863153594771242,"Bp, Pcv, Bgr, Ba, Rbcc, Su, Ane, Appet, Pot, Pe"
3,DODA,10,Logistic Regression,0.5151515151515151,0.5277777777777778,0.5588235294117647,0.5428571428571428,0.5080678104575164,"Bp, Pcv, Bgr, Sc, Bu, Rbcc, Ane, Al, Su, Ba"
3,DODA,10,Random Forest,0.5050505050505051,0.5175438596491229,0.5784313725490197,0.5462962962962963,0.49407679738562094,"Bp, Pcv, Bgr, Sc, Bu, Rbcc, Ane, Al, Su, Ba"
3,DODA,10,XGBoost,0.5202020202020202,0.5294117647058824,0.6176470588235294,0.5701357466063348,0.4980596405228758,"Bp, Pcv, Bgr, Sc, Bu, Rbcc, Ane, Al, Su, Ba"
3,ANOVA,15,Logistic Regression,0.5202020202020202,0.5321100917431193,0.5686274509803921,0.5497630331753555,0.512561274509804,"Bp, Pcv, Bgr, Ba, Rbcc, Su, Ane, Appet, Pot, Pe, Bu, Sc, Sod, Al, Dm"
3,ANOVA,15,Random Forest,0.45454545454545453,0.4732142857142857,0.5196078431372549,0.4953271028037383,0.47783905228758167,"Bp, Pcv, Bgr, Ba, Rbcc, Su, Ane, Appet, Pot, Pe, Bu, Sc, Sod, Al, Dm"
3,ANOVA,15,XGBoost,0.46464646464646464,0.4811320754716981,0.5,0.49038461538461536,0.47181372549019607,"Bp, Pcv, Bgr, Ba, Rbcc, Su, Ane, Appet, Pot, Pe, Bu, Sc, Sod, Al, Dm"
3,DODA,15,Logistic Regression,0.5202020202020202,0.5321100917431193,0.5686274509803921,0.5497630331753555,0.512561274509804,"Bp, Pcv, Bgr, Sc, Bu, Rbcc, Ane, Al, Su, Ba, Pot, Pe, Dm, Appet, Sod"
3,DODA,15,Random Forest,0.47474747474747475,0.49122807017543857,0.5490196078431373,0.5185185185185185,0.4901450163398693,"Bp, Pcv, Bgr, Sc, Bu, Rbcc, Ane, Al, Su, Ba, Pot, Pe, Dm, Appet, Sod"
3,DODA,15,XGBoost,0.4797979797979798,0.4957983193277311,0.5784313725490197,0.5339366515837104,0.4738562091503268,"Bp, Pcv, Bgr, Sc, Bu, Rbcc, Ane, Al, Su, Ba, Pot, Pe, Dm, Appet, Sod"
3,ANOVA,20,Logistic Regression,0.5050505050505051,0.5181818181818182,0.5588235294117647,0.5377358490566038,0.5098039215686274,"Bp, Pcv, Bgr, Ba, Rbcc, Su, Ane, Appet, Pot, Pe, Bu, Sc, Sod, Al, Dm, Cad, Age, Wbcc, Sg, Htn"
3,ANOVA,20,Random Forest,0.4898989898989899,0.504424778761062,0.5588235294117647,0.5302325581395348,0.4908088235294118,"Bp, Pcv, Bgr, Ba, Rbcc, Su, Ane, Appet, Pot, Pe, Bu, Sc, Sod, Al, Dm, Cad, Age, Wbcc, Sg, Htn"
3,ANOVA,20,XGBoost,0.48484848484848486,0.5,0.5490196078431373,0.5233644859813084,0.47120098039215685,"Bp, Pcv, Bgr, Ba, Rbcc, Su, Ane, Appet, Pot, Pe, Bu, Sc, Sod, Al, Dm, Cad, Age, Wbcc, Sg, Htn"
3,DODA,20,Logistic Regression,0.5050505050505051,0.5181818181818182,0.5588235294117647,0.5377358490566038,0.5101102941176471,"Bp, Pcv, Bgr, Sc, Bu, Rbcc, Ane, Al, Su, Ba, Pot, Pe, Dm, Appet, Sod, Sg, Htn, Age, Hemo, Cad"
3,DODA,20,Random Forest,0.5151515151515151,0.5272727272727272,0.5686274509803921,0.5471698113207547,0.5217013888888888,"Bp, Pcv, Bgr, Sc, Bu, Rbcc, Ane, Al, Su, Ba, Pot, Pe, Dm, Appet, Sod, Sg, Htn, Age, Hemo, Cad"
3,DODA,20,XGBoost,0.5353535353535354,0.5454545454545454,0.5882352941176471,0.5660377358490566,0.5156250000000001,"Bp, Pcv, Bgr, Sc, Bu, Rbcc, Ane, Al, Su, Ba, Pot, Pe, Dm, Appet, Sod, Sg, Htn, Age, Hemo, Cad"
4,ANOVA,5,Logistic Regression,0.5431472081218274,0.5454545454545454,0.6534653465346535,0.5945945945945946,0.5673473597359736,"Bp, Pe, Ba, Pot, Su"
4,ANOVA,5,Random Forest,0.5025380710659898,0.514018691588785,0.5445544554455446,0.5288461538461539,0.4772070957095709,"Bp, Pe, Ba, Pot, Su"
4,ANOVA,5,XGBoost,0.49746192893401014,0.5083333333333333,0.6039603960396039,0.5520361990950227,0.45627062706270627,"Bp, Pe, Ba, Pot, Su"
4,DODA,5,Logistic Regression,0.5634517766497462,0.5630252100840336,0.6633663366336634,0.6090909090909091,0.5465140264026402,"Bp, Bu, Pe, Sc, Pot"
4,DODA,5,Random Forest,0.467005076142132,0.48148148148148145,0.5148514851485149,0.49760765550239233,0.47277227722772275,"Bp, Bu, Pe, Sc, Pot"
4,DODA,5,XGBoost,0.5279187817258884,0.5344827586206896,0.6138613861386139,0.5714285714285714,0.47163778877887785,"Bp, Bu, Pe, Sc, Pot"
4,ANOVA,10,Logistic Regression,0.5989847715736041,0.5964912280701754,0.6732673267326733,0.6325581395348837,0.5714727722772277,"Bp, Pe, Ba, Pot, Su, Bu, Rbcc, Bgr, Appet, Sc"
4,ANOVA,10,Random Forest,0.49746192893401014,0.5084745762711864,0.594059405940594,0.547945205479452,0.4552392739273927,"Bp, Pe, Ba, Pot, Su, Bu, Rbcc, Bgr, Appet, Sc"
4,ANOVA,10,XGBoost,0.49746192893401014,0.5096153846153846,0.5247524752475248,0.5170731707317073,0.492986798679868,"Bp, Pe, Ba, Pot, Su, Bu, Rbcc, Bgr, Appet, Sc"
4,DODA,10,Logistic Regression,0.5482233502538071,0.5517241379310345,0.6336633663366337,0.5898617511520737,0.5551773927392739,"Bp, Bu, Pe, Sc, Pot, Su, Ba, Bgr, Rbcc, Al"
4,DODA,10,Random Forest,0.47715736040609136,0.4909090909090909,0.5346534653465347,0.5118483412322274,0.4558065181518152,"Bp, Bu, Pe, Sc, Pot, Su, Ba, Bgr, Rbcc, Al"
4,DODA,10,XGBoost,0.4873096446700508,0.5,0.5148514851485149,0.5073170731707317,0.4833952145214521,"Bp, Bu, Pe, Sc, Pot, Su, Ba, Bgr, Rbcc, Al"
4,ANOVA,15,Logistic Regression,0.5228426395939086,0.5309734513274337,0.594059405940594,0.5607476635514018,0.5468234323432344,"Bp, Pe, Ba, Pot, Su, Bu, Rbcc, Bgr, Appet, Sc, Sod, Ane, Pcv, Rbc, Wbcc"
4,ANOVA,15,Random Forest,0.467005076142132,0.48214285714285715,0.5346534653465347,0.5070422535211268,0.48597359735973594,"Bp, Pe, Ba, Pot, Su, Bu, Rbcc, Bgr, Appet, Sc, Sod, Ane, Pcv, Rbc, Wbcc"
4,ANOVA,15,XGBoost,0.5025380710659898,0.5142857142857142,0.5346534653465347,0.5242718446601942,0.48215759075907594,"Bp, Pe, Ba, Pot, Su, Bu, Rbcc, Bgr, Appet, Sc, Sod, Ane, Pcv, Rbc, Wbcc"
4,DODA,15,Logistic Regression,0.5329949238578681,0.5405405405405406,0.594059405940594,0.5660377358490566,0.5726072607260727,"Bp, Bu, Pe, Sc, Pot, Su, Ba, Bgr, Rbcc, Al, Ane, Sg, Sod, Pcv, Appet"
4,DODA,15,Random Forest,0.5025380710659898,0.514018691588785,0.5445544554455446,0.5288461538461539,0.487262788778878,"Bp, Bu, Pe, Sc, Pot, Su, Ba, Bgr, Rbcc, Al, Ane, Sg, Sod, Pcv, Appet"
4,DODA,15,XGBoost,0.5126903553299492,0.5242718446601942,0.5346534653465347,0.5294117647058824,0.5158828382838284,"Bp, Bu, Pe, Sc, Pot, Su, Ba, Bgr, Rbcc, Al, Ane, Sg, Sod, Pcv, Appet"
4,ANOVA,20,Logistic Regression,0.5431472081218274,0.5470085470085471,0.6336633663366337,0.5871559633027523,0.5492986798679869,"Bp, Pe, Ba, Pot, Su, Bu, Rbcc, Bgr, Appet, Sc, Sod, Ane, Pcv, Rbc, Wbcc, Sg, Al, Age, Cad, Dm"
4,ANOVA,20,Random Forest,0.4619289340101523,0.4778761061946903,0.5346534653465347,0.5046728971962616,0.47963077557755784,"Bp, Pe, Ba, Pot, Su, Bu, Rbcc, Bgr, Appet, Sc, Sod, Ane, Pcv, Rbc, Wbcc, Sg, Al, Age, Cad, Dm"
4,ANOVA,20,XGBoost,0.5431472081218274,0.5555555555555556,0.5445544554455446,0.55,0.5349628712871287,"Bp, Pe, Ba, Pot, Su, Bu, Rbcc, Bgr, Appet, Sc, Sod, Ane, Pcv, Rbc, Wbcc, Sg, Al, Age, Cad, Dm"
4,DODA,20,Logistic Regression,0.5279187817258884,0.5344827586206896,0.6138613861386139,0.5714285714285714,0.5549711221122112,"Bp, Bu, Pe, Sc, Pot, Su, Ba, Bgr, Rbcc, Al, Ane, Sg, Sod, Pcv, Appet, Rbc, Dm, Htn, Age, Hemo"
4,DODA,20,Random Forest,0.48223350253807107,0.49514563106796117,0.504950495049505,0.5,0.4819513201320132,"Bp, Bu, Pe, Sc, Pot, Su, Ba, Bgr, Rbcc, Al, Ane, Sg, Sod, Pcv, Appet, Rbc, Dm, Htn, Age, Hemo"
4,DODA,20,XGBoost,0.5431472081218274,0.5578947368421052,0.5247524752475248,0.5408163265306123,0.5142326732673267,"Bp, Bu, Pe, Sc, Pot, Su, Ba, Bgr, Rbcc, Al, Ane, Sg, Sod, Pcv, Appet, Rbc, Dm, Htn, Age, Hemo"
5,ANOVA,5,Logistic Regression,0.5025380710659898,0.5126050420168067,0.6039603960396039,0.5545454545454546,0.518667491749175,"Bp, Pcv, Su, Bu, Ba"
5,ANOVA,5,Random Forest,0.5025380710659898,0.5154639175257731,0.49504950495049505,0.5050505050505051,0.5044348184818481,"Bp, Pcv, Su, Bu, Ba"
5,ANOVA,5,XGBoost,0.5025380710659898,0.514018691588785,0.5445544554455446,0.5288461538461539,0.47411303630363033,"Bp, Pcv, Su, Bu, Ba"
5,DODA,5,Logistic Regression,0.49746192893401014,0.5080645161290323,0.6237623762376238,0.56,0.5015470297029703,"Bp, Bu, Pcv, Sc, Su"
5,DODA,5,Random Forest,0.5025380710659898,0.5145631067961165,0.5247524752475248,0.5196078431372549,0.4797854785478548,"Bp, Bu, Pcv, Sc, Su"
5,DODA,5,XGBoost,0.5177664974619289,0.5283018867924528,0.5544554455445545,0.5410628019323671,0.48267326732673266,"Bp, Bu, Pcv, Sc, Su"
5,ANOVA,10,Logistic Regression,0.5177664974619289,0.525,0.6237623762376238,0.5701357466063348,0.5222772277227723,"Bp, Pcv, Su, Bu, Ba, Ane, Rbcc, Appet, Pc, Sc"
5,ANOVA,10,Random Forest,0.49238578680203043,0.5045045045045045,0.5544554455445545,0.5283018867924528,0.4534859735973597,"Bp, Pcv, Su, Bu, Ba, Ane, Rbcc, Appet, Pc, Sc"
5,ANOVA,10,XGBoost,0.49746192893401014,0.5096153846153846,0.5247524752475248,0.5170731707317073,0.48432343234323433,"Bp, Pcv, Su, Bu, Ba, Ane, Rbcc, Appet, Pc, Sc"
5,DODA,10,Logistic Regression,0.5177664974619289,0.5263157894736842,0.594059405940594,0.5581395348837209,0.5270214521452145,"Bp, Bu, Pcv, Sc, Su, Ane, Sg, Htn, Rbcc, Ba"
5,DODA,10,Random Forest,0.45685279187817257,0.47058823529411764,0.4752475247524752,0.4729064039408867,0.45090759075907594,"Bp, Bu, Pcv, Sc, Su, Ane, Sg, Htn, Rbcc, Ba"
5,DODA,10,XGBoost,0.48223350253807107,0.49504950495049505,0.49504950495049505,0.49504950495049505,0.46544966996699666,"Bp, Bu, Pcv, Sc, Su, Ane, Sg, Htn, Rbcc, Ba"
5,ANOVA,15,Logistic Regression,0.5329949238578681,0.5420560747663551,0.5742574257425742,0.5576923076923077,0.5343440594059407,"Bp, Pcv, Su, Bu, Ba, Ane, Rbcc, Appet, Pc, Sc, Sg, Htn, Pot, Bgr, Sod"
5,ANOVA,15,Random Forest,0.4873096446700508,0.5,0.5841584158415841,0.5388127853881278,0.46550123762376233,"Bp, Pcv, Su, Bu, Ba, Ane, Rbcc, Appet, Pc, Sc, Sg, Htn, Pot, Bgr, Sod"
5,ANOVA,15,XGBoost,0.4720812182741117,0.4857142857142857,0.504950495049505,0.49514563106796117,0.4734942244224422,"Bp, Pcv, Su, Bu, Ba, Ane, Rbcc, Appet, Pc, Sc, Sg, Htn, Pot, Bgr, Sod"
5,DODA,15,Logistic Regression,0.5329949238578681,0.5412844036697247,0.5841584158415841,0.5619047619047619,0.5320750825082509,"Bp, Bu, Pcv, Sc, Su, Ane, Sg, Htn, Rbcc, Ba, Al, Pc, Appet, Bgr, Pot"
5,DODA,15,Random Forest,0.48223350253807107,0.4954954954954955,0.5445544554455446,0.5188679245283019,0.4634385313531353,"Bp, Bu, Pcv, Sc, Su, Ane, Sg, Htn, Rbcc, Ba, Al, Pc, Appet, Bgr, Pot"
5,DODA,15,XGBoost,0.47715736040609136,0.49056603773584906,0.5148514851485149,0.5024154589371981,0.46895627062706274,"Bp, Bu, Pcv, Sc, Su, Ane, Sg, Htn, Rbcc, Ba, Al, Pc, Appet, Bgr, Pot"
5,ANOVA,20,Logistic Regression,0.5228426395939086,0.5309734513274337,0.594059405940594,0.5607476635514018,0.5273308580858086,"Bp, Pcv, Su, Bu, Ba, Ane, Rbcc, Appet, Pc, Sc, Sg, Htn, Pot, Bgr, Sod, Pcc, Pe, Al, Rbc, Hemo"
5,ANOVA,20,Random Forest,0.5228426395939086,0.5333333333333333,0.5544554455445545,0.5436893203883495,0.4904084158415842,"Bp, Pcv, Su, Bu, Ba, Ane, Rbcc, Appet, Pc, Sc, Sg, Htn, Pot, Bgr, Sod, Pcc, Pe, Al, Rbc, Hemo"
5,ANOVA,20,XGBoost,0.5025380710659898,0.514018691588785,0.5445544554455446,0.5288461538461539,0.5062912541254125,"Bp, Pcv, Su, Bu, Ba, Ane, Rbcc, Appet, Pc, Sc, Sg, Htn, Pot, Bgr, Sod, Pcc, Pe, Al, Rbc, Hemo"
5,DODA,20,Logistic Regression,0.5329949238578681,0.5412844036697247,0.5841584158415841,0.5619047619047619,0.5355816831683168,"Bp, Bu, Pcv, Sc, Su, Ane, Sg, Htn, Rbcc, Ba, Al, Pc, Appet, Bgr, Pot, Sod, Pe, Hemo, Dm, Rbc"
5,DODA,20,Random Forest,0.49238578680203043,0.5045045045045045,0.5544554455445545,0.5283018867924528,0.4989686468646865,"Bp, Bu, Pcv, Sc, Su, Ane, Sg, Htn, Rbcc, Ba, Al, Pc, Appet, Bgr, Pot, Sod, Pe, Hemo, Dm, Rbc"
5,DODA,20,XGBoost,0.49238578680203043,0.5045045045045045,0.5544554455445545,0.5283018867924528,0.47937293729372943,"Bp, Bu, Pcv, Sc, Su, Ane, Sg, Htn, Rbcc, Ba, Al, Pc, Appet, Bgr, Pot, Sod, Pe, Hemo, Dm, Rbc"
6,ANOVA,5,Logistic Regression,0.5252525252525253,0.5315315315315315,0.5841584158415841,0.5566037735849056,0.5095437378789425,"Bp, Pcv, Ba, Sg, Sod"
6,ANOVA,5,Random Forest,0.5454545454545454,0.5544554455445545,0.5544554455445545,0.5544554455445545,0.518526079412065,"Bp, Pcv, Ba, Sg, Sod"
6,ANOVA,5,XGBoost,0.5202020202020202,0.5306122448979592,0.5148514851485149,0.5226130653266332,0.5458813922629376,"Bp, Pcv, Ba, Sg, Sod"
6,DODA,5,Logistic Regression,0.4797979797979798,0.4909090909090909,0.5346534653465347,0.5118483412322274,0.5055629274267633,"Bp, Sg, Pcv, Bu, Sod"
6,DODA,5,Random Forest,0.5303030303030303,0.5384615384615384,0.5544554455445545,0.5463414634146342,0.5250076554047157,"Bp, Sg, Pcv, Bu, Sod"
6,DODA,5,XGBoost,0.5252525252525253,0.5333333333333333,0.5544554455445545,0.5436893203883495,0.5365928345411861,"Bp, Sg, Pcv, Bu, Sod"
6,ANOVA,10,Logistic Regression,0.5151515151515151,0.5225225225225225,0.5742574257425742,0.5471698113207547,0.5323058079003776,"Bp, Pcv, Ba, Sg, Sod, Rbcc, Bu, Appet, Pot, Su"
6,ANOVA,10,Random Forest,0.46464646464646464,0.4774774774774775,0.5247524752475248,0.5,0.4624374808614883,"Bp, Pcv, Ba, Sg, Sod, Rbcc, Bu, Appet, Pot, Su"
6,ANOVA,10,XGBoost,0.5151515151515151,0.5242718446601942,0.5346534653465347,0.5294117647058824,0.4960702255792589,"Bp, Pcv, Ba, Sg, Sod, Rbcc, Bu, Appet, Pot, Su"
6,DODA,10,Logistic Regression,0.5050505050505051,0.5130434782608696,0.5841584158415841,0.5462962962962963,0.5267939165050526,"Bp, Sg, Pcv, Bu, Sod, Ba, Al, Rbcc, Pot, Bgr"
6,DODA,10,Random Forest,0.4494949494949495,0.4649122807017544,0.5247524752475248,0.4930232558139535,0.446463203021333,"Bp, Sg, Pcv, Bu, Sod, Ba, Al, Rbcc, Pot, Bgr"
6,DODA,10,XGBoost,0.48484848484848486,0.49504950495049505,0.49504950495049505,0.49504950495049505,0.5017862611003369,"Bp, Sg, Pcv, Bu, Sod, Ba, Al, Rbcc, Pot, Bgr"
6,ANOVA,15,Logistic Regression,0.5202020202020202,0.5263157894736842,0.594059405940594,0.5581395348837209,0.5242421149331428,"Bp, Pcv, Ba, Sg, Sod, Rbcc, Bu, Appet, Pot, Su, Pe, Bgr, Pcc, Al, Pc"
6,ANOVA,15,Random Forest,0.5,0.5092592592592593,0.5445544554455446,0.5263157894736842,0.4718281106461162,"Bp, Pcv, Ba, Sg, Sod, Rbcc, Bu, Appet, Pot, Su, Pe, Bgr, Pcc, Al, Pc"
6,ANOVA,15,XGBoost,0.5,0.5092592592592593,0.5445544554455446,0.5263157894736842,0.4999489639685618,"Bp, Pcv, Ba, Sg, Sod, Rbcc, Bu, Appet, Pot, Su, Pe, Bgr, Pcc, Al, Pc"
6,DODA,15,Logistic Regression,0.5,0.509090909090909,0.5544554455445545,0.5308056872037915,0.5300602225170971,"Bp, Sg, Pcv, Bu, Sod, Ba, Al, Rbcc, Pot, Bgr, Pe, Su, Sc, Appet, Hemo"
6,DODA,15,Random Forest,0.48484848484848486,0.49514563106796117,0.504950495049505,0.5,0.48509747882004695,"Bp, Sg, Pcv, Bu, Sod, Ba, Al, Rbcc, Pot, Bgr, Pe, Su, Sc, Appet, Hemo"
6,DODA,15,XGBoost,0.5252525252525253,0.5315315315315315,0.5841584158415841,0.5566037735849056,0.516994998468919,"Bp, Sg, Pcv, Bu, Sod, Ba, Al, Rbcc, Pot, Bgr, Pe, Su, Sc, Appet, Hemo"
6,ANOVA,20,Logistic Regression,0.494949494949495,0.504424778761062,0.5643564356435643,0.5327102803738317,0.5118913953250995,"Bp, Pcv, Ba, Sg, Sod, Rbcc, Bu, Appet, Pot, Su, Pe, Bgr, Pcc, Al, Pc, Wbcc, Age, Rbc, Hemo, Sc"
6,ANOVA,20,Random Forest,0.4292929292929293,0.4444444444444444,0.4752475247524752,0.45933014354066987,0.4660610390936001,"Bp, Pcv, Ba, Sg, Sod, Rbcc, Bu, Appet, Pot, Su, Pe, Bgr, Pcc, Al, Pc, Wbcc, Age, Rbc, Hemo, Sc"
6,ANOVA,20,XGBoost,0.48484848484848486,0.4948453608247423,0.4752475247524752,0.48484848484848486,0.5074002245585384,"Bp, Pcv, Ba, Sg, Sod, Rbcc, Bu, Appet, Pot, Su, Pe, Bgr, Pcc, Al, Pc, Wbcc, Age, Rbc, Hemo, Sc"
6,DODA,20,Logistic Regression,0.5,0.5086206896551724,0.5841584158415841,0.543778801843318,0.511993467387976,"Bp, Sg, Pcv, Bu, Sod, Ba, Al, Rbcc, Pot, Bgr, Pe, Su, Sc, Appet, Hemo, Htn, Pc, Pcc, Age, Dm"
6,DODA,20,Random Forest,0.4595959595959596,0.4716981132075472,0.49504950495049505,0.4830917874396135,0.4542206797999388,"Bp, Sg, Pcv, Bu, Sod, Ba, Al, Rbcc, Pot, Bgr, Pe, Su, Sc, Appet, Hemo, Htn, Pc, Pcc, Age, Dm"
6,DODA,20,XGBoost,0.5454545454545454,0.5544554455445545,0.5544554455445545,0.5544554455445545,0.5153618454628968,"Bp, Sg, Pcv, Bu, Sod, Ba, Al, Rbcc, Pot, Bgr, Pe, Su, Sc, Appet, Hemo, Htn, Pc, Pcc, Age, Dm"
7,ANOVA,5,Logistic Regression,0.5151515151515151,0.5258620689655172,0.5980392156862745,0.5596330275229358,0.5305351307189542,"Bp, Rbcc, Bu, Su, Ba"
7,ANOVA,5,Random Forest,0.4797979797979798,0.4953271028037383,0.5196078431372549,0.507177033492823,0.468545751633987,"Bp, Rbcc, Bu, Su, Ba"
7,ANOVA,5,XGBoost,0.4494949494949495,0.46846846846846846,0.5098039215686274,0.48826291079812206,0.4422998366013072,"Bp, Rbcc, Bu, Su, Ba"
7,DODA,5,Logistic Regression,0.5151515151515151,0.5254237288135594,0.6078431372549019,0.5636363636363636,0.5053104575163399,"Bp, Bu, Sc, Rbcc, Su"
7,DODA,5,Random Forest,0.46464646464646464,0.4818181818181818,0.5196078431372549,0.5,0.45909926470588236,"Bp, Bu, Sc, Rbcc, Su"
7,DODA,5,XGBoost,0.4444444444444444,0.46551724137931033,0.5294117647058824,0.4954128440366973,0.42401960784313725,"Bp, Bu, Sc, Rbcc, Su"
7,ANOVA,10,Logistic Regression,0.4797979797979798,0.4954954954954955,0.5392156862745098,0.5164319248826291,0.5042892156862745,"Bp, Rbcc, Bu, Su, Ba, Sc, Ane, Pcv, Pot, Pcc"
7,ANOVA,10,Random Forest,0.46464646464646464,0.48148148148148145,0.5098039215686274,0.49523809523809526,0.42815563725490197,"Bp, Rbcc, Bu, Su, Ba, Sc, Ane, Pcv, Pot, Pcc"
7,ANOVA,10,XGBoost,0.4393939393939394,0.4594594594594595,0.5,0.4788732394366197,0.4254493464052288,"Bp, Rbcc, Bu, Su, Ba, Sc, Ane, Pcv, Pot, Pcc"
7,DODA,10,Logistic Regression,0.51010101010101,0.5217391304347826,0.5882352941176471,0.5529953917050692,0.5225694444444444,"Bp, Bu, Sc, Rbcc, Su, Ane, Pcv, Sg, Ba, Pot"
7,DODA,10,Random Forest,0.47474747474747475,0.49038461538461536,0.5,0.49514563106796117,0.44424019607843135,"Bp, Bu, Sc, Rbcc, Su, Ane, Pcv, Sg, Ba, Pot"
7,DODA,10,XGBoost,0.4898989898989899,0.5043478260869565,0.5686274509803921,0.5345622119815668,0.4320874183006536,"Bp, Bu, Sc, Rbcc, Su, Ane, Pcv, Sg, Ba, Pot"
7,ANOVA,15,Logistic Regression,0.47474747474747475,0.49056603773584906,0.5098039215686274,0.5,0.4946895424836601,"Bp, Rbcc, Bu, Su, Ba, Sc, Ane, Pcv, Pot, Pcc, Sod, Pe, Sg, Appet, Pc"
7,ANOVA,15,Random Forest,0.45454545454545453,0.4732142857142857,0.5196078431372549,0.4953271028037383,0.43351715686274506,"Bp, Rbcc, Bu, Su, Ba, Sc, Ane, Pcv, Pot, Pcc, Sod, Pe, Sg, Appet, Pc"
7,ANOVA,15,XGBoost,0.4444444444444444,0.46296296296296297,0.49019607843137253,0.47619047619047616,0.4226919934640523,"Bp, Rbcc, Bu, Su, Ba, Sc, Ane, Pcv, Pot, Pcc, Sod, Pe, Sg, Appet, Pc"
7,DODA,15,Logistic Regression,0.4898989898989899,0.5045871559633027,0.5392156862745098,0.5213270142180095,0.5160334967320261,"Bp, Bu, Sc, Rbcc, Su, Ane, Pcv, Sg, Ba, Pot, Sod, Al, Htn, Pe, Hemo"
7,DODA,15,Random Forest,0.4797979797979798,0.4956521739130435,0.5588235294117647,0.5253456221198156,0.4388786764705883,"Bp, Bu, Sc, Rbcc, Su, Ane, Pcv, Sg, Ba, Pot, Sod, Al, Htn, Pe, Hemo"
7,DODA,15,XGBoost,0.4898989898989899,0.5041322314049587,0.5980392156862745,0.547085201793722,0.44464869281045755,"Bp, Bu, Sc, Rbcc, Su, Ane, Pcv, Sg, Ba, Pot, Sod, Al, Htn, Pe, Hemo"
7,ANOVA,20,Logistic Regression,0.4444444444444444,0.4636363636363636,0.5,0.4811320754716981,0.48937908496732024,"Bp, Rbcc, Bu, Su, Ba, Sc, Ane, Pcv, Pot, Pcc, Sod, Pe, Sg, Appet, Pc, Hemo, Htn, Cad, Bgr, Al"
7,ANOVA,20,Random Forest,0.494949494949495,0.5098039215686274,0.5098039215686274,0.5098039215686274,0.45276756535947715,"Bp, Rbcc, Bu, Su, Ba, Sc, Ane, Pcv, Pot, Pcc, Sod, Pe, Sg, Appet, Pc, Hemo, Htn, Cad, Bgr, Al"
7,ANOVA,20,XGBoost,0.47474747474747475,0.49074074074074076,0.5196078431372549,0.5047619047619047,0.4441380718954248,"Bp, Rbcc, Bu, Su, Ba, Sc, Ane, Pcv, Pot, Pcc, Sod, Pe, Sg, Appet, Pc, Hemo, Htn, Cad, Bgr, Al"
7,DODA,20,Logistic Regression,0.46464646464646464,0.4818181818181818,0.5196078431372549,0.5,0.49387254901960786,"Bp, Bu, Sc, Rbcc, Su, Ane, Pcv, Sg, Ba, Pot, Sod, Al, Htn, Pe, Hemo, Pcc, Pc, Bgr, Dm, Appet"
7,DODA,20,Random Forest,0.46464646464646464,0.48148148148148145,0.5098039215686274,0.49523809523809526,0.47497957516339867,"Bp, Bu, Sc, Rbcc, Su, Ane, Pcv, Sg, Ba, Pot, Sod, Al, Htn, Pe, Hemo, Pcc, Pc, Bgr, Dm, Appet"
7,DODA,20,XGBoost,0.5,0.5132743362831859,0.5686274509803921,0.5395348837209303,0.452920751633987,"Bp, Bu, Sc, Rbcc, Su, Ane, Pcv, Sg, Ba, Pot, Sod, Al, Htn, Pe, Hemo, Pcc, Pc, Bgr, Dm, Appet"
8,ANOVA,5,Logistic Regression,0.5252525252525253,0.5392156862745098,0.5392156862745098,0.5392156862745098,0.5540236928104576,"Bp, Pe, Ba, Pot, Su"
8,ANOVA,5,Random Forest,0.5151515151515151,0.5272727272727272,0.5686274509803921,0.5471698113207547,0.5197610294117647,"Bp, Pe, Ba, Pot, Su"
8,ANOVA,5,XGBoost,0.5252525252525253,0.5363636363636364,0.5784313725490197,0.5566037735849056,0.5248161764705882,"Bp, Pe, Ba, Pot, Su"
8,DODA,5,Logistic Regression,0.5404040404040404,0.544,0.6666666666666666,0.5991189427312775,0.5489174836601307,"Bp, Pe, Bu, Pot, Sc"
8,DODA,5,Random Forest,0.494949494949495,0.5080645161290323,0.6176470588235294,0.5575221238938053,0.47288602941176466,"Bp, Pe, Bu, Pot, Sc"
8,DODA,5,XGBoost,0.5404040404040404,0.5454545454545454,0.6470588235294118,0.5919282511210763,0.5461601307189542,"Bp, Pe, Bu, Pot, Sc"
8,ANOVA,10,Logistic Regression,0.5606060606060606,0.5688073394495413,0.6078431372549019,0.5876777251184834,0.5441176470588236,"Bp, Pe, Ba, Pot, Su, Rbcc, Wbcc, Appet, Bu, Pcv"
8,ANOVA,10,Random Forest,0.494949494949495,0.5086206896551724,0.5784313725490197,0.5412844036697247,0.48687704248366015,"Bp, Pe, Ba, Pot, Su, Rbcc, Wbcc, Appet, Bu, Pcv"
8,ANOVA,10,XGBoost,0.5303030303030303,0.536,0.6568627450980392,0.5903083700440529,0.5089869281045751,"Bp, Pe, Ba, Pot, Su, Rbcc, Wbcc, Appet, Bu, Pcv"
8,DODA,10,Logistic Regression,0.5454545454545454,0.5588235294117647,0.5588235294117647,0.5588235294117647,0.5713848039215687,"Bp, Pe, Bu, Pot, Sc, Su, Ba, Rbcc, Pcv, Sg"
8,DODA,10,Random Forest,0.48484848484848486,0.5,0.5392156862745098,0.5188679245283019,0.49688521241830064,"Bp, Pe, Bu, Pot, Sc, Su, Ba, Rbcc, Pcv, Sg"
8,DODA,10,XGBoost,0.5151515151515151,0.5277777777777778,0.5588235294117647,0.5428571428571428,0.5183823529411765,"Bp, Pe, Bu, Pot, Sc, Su, Ba, Rbcc, Pcv, Sg"
8,ANOVA,15,Logistic Regression,0.5303030303030303,0.5398230088495575,0.5980392156862745,0.5674418604651162,0.5501429738562091,"Bp, Pe, Ba, Pot, Su, Rbcc, Wbcc, Appet, Bu, Pcv, Ane, Bgr, Sc, Sg, Age"
8,ANOVA,15,Random Forest,0.5252525252525253,0.5327868852459017,0.6372549019607843,0.5803571428571429,0.5543300653594772,"Bp, Pe, Ba, Pot, Su, Rbcc, Wbcc, Appet, Bu, Pcv, Ane, Bgr, Sc, Sg, Age"
8,ANOVA,15,XGBoost,0.5454545454545454,0.5491803278688525,0.6568627450980392,0.5982142857142857,0.5674019607843137,"Bp, Pe, Ba, Pot, Su, Rbcc, Wbcc, Appet, Bu, Pcv, Ane, Bgr, Sc, Sg, Age"
8,DODA,15,Logistic Regression,0.5505050505050505,0.5607476635514018,0.5882352941176471,0.5741626794258373,0.5504493464052287,"Bp, Pe, Bu, Pot, Sc, Su, Ba, Rbcc, Pcv, Sg, Ane, Bgr, Wbcc, Appet, Dm"
8,DODA,15,Random Forest,0.5151515151515151,0.525,0.6176470588235294,0.5675675675675675,0.523999183006536,"Bp, Pe, Bu, Pot, Sc, Su, Ba, Rbcc, Pcv, Sg, Ane, Bgr, Wbcc, Appet, Dm"
8,DODA,15,XGBoost,0.5303030303030303,0.5365853658536586,0.6470588235294118,0.5866666666666667,0.5359477124183006,"Bp, Pe, Bu, Pot, Sc, Su, Ba, Rbcc, Pcv, Sg, Ane, Bgr, Wbcc, Appet, Dm"
8,ANOVA,20,Logistic Regression,0.5404040404040404,0.5504587155963303,0.5882352941176471,0.5687203791469194,0.5466707516339868,"Bp, Pe, Ba, Pot, Su, Rbcc, Wbcc, Appet, Bu, Pcv, Ane, Bgr, Sc, Sg, Age, Dm, Hemo, Cad, Pc, Sod"
8,ANOVA,20,Random Forest,0.5555555555555556,0.5538461538461539,0.7058823529411765,0.6206896551724138,0.5582107843137255,"Bp, Pe, Ba, Pot, Su, Rbcc, Wbcc, Appet, Bu, Pcv, Ane, Bgr, Sc, Sg, Age, Dm, Hemo, Cad, Pc, Sod"
8,ANOVA,20,XGBoost,0.5555555555555556,0.5546875,0.696078431372549,0.6173913043478261,0.5820057189542484,"Bp, Pe, Ba, Pot, Su, Rbcc, Wbcc, Appet, Bu, Pcv, Ane, Bgr, Sc, Sg, Age, Dm, Hemo, Cad, Pc, Sod"
8,DODA,20,Logistic Regression,0.5404040404040404,0.5523809523809524,0.5686274509803921,0.5603864734299517,0.5496323529411764,"Bp, Pe, Bu, Pot, Sc, Su, Ba, Rbcc, Pcv, Sg, Ane, Bgr, Wbcc, Appet, Dm, Al, Hemo, Htn, Age, Sod"
8,DODA,20,Random Forest,0.5707070707070707,0.5714285714285714,0.6666666666666666,0.6153846153846154,0.5706188725490196,"Bp, Pe, Bu, Pot, Sc, Su, Ba, Rbcc, Pcv, Sg, Ane, Bgr, Wbcc, Appet, Dm, Al, Hemo, Htn, Age, Sod"
8,DODA,20,XGBoost,0.5959595959595959,0.5901639344262295,0.7058823529411765,0.6428571428571429,0.6108047385620915,"Bp, Pe, Bu, Pot, Sc, Su, Ba, Rbcc, Pcv, Sg, Ane, Bgr, Wbcc, Appet, Dm, Al, Hemo, Htn, Age, Sod"
9,ANOVA,5,Logistic Regression,0.45685279187817257,0.47368421052631576,0.5346534653465347,0.5023255813953489,0.4688531353135313,"Bp, Ba, Bgr, Ane, Al"
9,ANOVA,5,Random Forest,0.5126903553299492,0.5217391304347826,0.594059405940594,0.5555555555555556,0.4971122112211221,"Bp, Ba, Bgr, Ane, Al"
9,ANOVA,5,XGBoost,0.49238578680203043,0.5051546391752577,0.48514851485148514,0.494949494949495,0.4834983498349835,"Bp, Ba, Bgr, Ane, Al"
9,DODA,5,Logistic Regression,0.4720812182741117,0.48672566371681414,0.5445544554455446,0.514018691588785,0.4729785478547855,"Bp, Al, Bgr, Sg, Ane"
9,DODA,5,Random Forest,0.5025380710659898,0.5154639175257731,0.49504950495049505,0.5050505050505051,0.5011860561056105,"Bp, Al, Bgr, Sg, Ane"
9,DODA,5,XGBoost,0.4720812182741117,0.48484848484848486,0.4752475247524752,0.48,0.4823638613861386,"Bp, Al, Bgr, Sg, Ane"
9,ANOVA,10,Logistic Regression,0.45685279187817257,0.4727272727272727,0.5148514851485149,0.4928909952606635,0.4501856435643564,"Bp, Ba, Bgr, Ane, Al, Rbcc, Sg, Hemo, Wbcc, Pot"
9,ANOVA,10,Random Forest,0.4873096446700508,0.5,0.5346534653465347,0.5167464114832536,0.44977310231023104,"Bp, Ba, Bgr, Ane, Al, Rbcc, Sg, Hemo, Wbcc, Pot"
9,ANOVA,10,XGBoost,0.4873096446700508,0.5,0.5346534653465347,0.5167464114832536,0.4936056105610561,"Bp, Ba, Bgr, Ane, Al, Rbcc, Sg, Hemo, Wbcc, Pot"
9,DODA,10,Logistic Regression,0.4873096446700508,0.5,0.5247524752475248,0.5120772946859904,0.47761963696369636,"Bp, Al, Bgr, Sg, Ane, Sc, Ba, Hemo, Rbcc, Pot"
9,DODA,10,Random Forest,0.5126903553299492,0.5242718446601942,0.5346534653465347,0.5294117647058824,0.5126856435643564,"Bp, Al, Bgr, Sg, Ane, Sc, Ba, Hemo, Rbcc, Pot"
9,DODA,10,XGBoost,0.5025380710659898,0.5145631067961165,0.5247524752475248,0.5196078431372549,0.5257838283828383,"Bp, Al, Bgr, Sg, Ane, Sc, Ba, Hemo, Rbcc, Pot"
9,ANOVA,15,Logistic Regression,0.5177664974619289,0.5263157894736842,0.594059405940594,0.5581395348837209,0.4575082508250825,"Bp, Ba, Bgr, Ane, Al, Rbcc, Sg, Hemo, Wbcc, Pot, Pc, Sc, Pcv, Rbc, Htn"
9,ANOVA,15,Random Forest,0.4517766497461929,0.46956521739130436,0.5346534653465347,0.5,0.4330651815181518,"Bp, Ba, Bgr, Ane, Al, Rbcc, Sg, Hemo, Wbcc, Pot, Pc, Sc, Pcv, Rbc, Htn"
9,ANOVA,15,XGBoost,0.49238578680203043,0.504424778761062,0.5643564356435643,0.5327102803738317,0.4892739273927393,"Bp, Ba, Bgr, Ane, Al, Rbcc, Sg, Hemo, Wbcc, Pot, Pc, Sc, Pcv, Rbc, Htn"
9,DODA,15,Logistic Regression,0.5177664974619289,0.5263157894736842,0.594059405940594,0.5581395348837209,0.4575082508250825,"Bp, Al, Bgr, Sg, Ane, Sc, Ba, Hemo, Rbcc, Pot, Htn, Pcv, Pc, Wbcc, Rbc"
9,DODA,15,Random Forest,0.4517766497461929,0.46956521739130436,0.5346534653465347,0.5,0.45895214521452143,"Bp, Al, Bgr, Sg, Ane, Sc, Ba, Hemo, Rbcc, Pot, Htn, Pcv, Pc, Wbcc, Rbc"
9,DODA,15,XGBoost,0.4467005076142132,0.4636363636363636,0.504950495049505,0.4834123222748815,0.4762788778877888,"Bp, Al, Bgr, Sg, Ane, Sc, Ba, Hemo, Rbcc, Pot, Htn, Pcv, Pc, Wbcc, Rbc"
9,ANOVA,20,Logistic Regression,0.5126903553299492,0.5221238938053098,0.5841584158415841,0.5514018691588785,0.47153465346534656,"Bp, Ba, Bgr, Ane, Al, Rbcc, Sg, Hemo, Wbcc, Pot, Pc, Sc, Pcv, Rbc, Htn, Appet, Pe, Su, Age, Sod"
9,ANOVA,20,Random Forest,0.5177664974619289,0.5267857142857143,0.5841584158415841,0.5539906103286385,0.5252165841584159,"Bp, Ba, Bgr, Ane, Al, Rbcc, Sg, Hemo, Wbcc, Pot, Pc, Sc, Pcv, Rbc, Htn, Appet, Pe, Su, Age, Sod"
9,ANOVA,20,XGBoost,0.5228426395939086,0.5294117647058824,0.6237623762376238,0.5727272727272728,0.5342409240924092,"Bp, Ba, Bgr, Ane, Al, Rbcc, Sg, Hemo, Wbcc, Pot, Pc, Sc, Pcv, Rbc, Htn, Appet, Pe, Su, Age, Sod"
9,DODA,20,Logistic Regression,0.5228426395939086,0.5321100917431193,0.5742574257425742,0.5523809523809524,0.474009900990099,"Bp, Al, Bgr, Sg, Ane, Sc, Ba, Hemo, Rbcc, Pot, Htn, Pcv, Pc, Wbcc, Rbc, Bu, Dm, Pe, Su, Sod"
9,DODA,20,Random Forest,0.49746192893401014,0.509090909090909,0.5544554455445545,0.5308056872037915,0.5166047854785479,"Bp, Al, Bgr, Sg, Ane, Sc, Ba, Hemo, Rbcc, Pot, Htn, Pcv, Pc, Wbcc, Rbc, Bu, Dm, Pe, Su, Sod"
9,DODA,20,XGBoost,0.49238578680203043,0.5045871559633027,0.5445544554455446,0.5238095238095238,0.5202145214521452,"Bp, Al, Bgr, Sg, Ane, Sc, Ba, Hemo, Rbcc, Pot, Htn, Pcv, Pc, Wbcc, Rbc, Bu, Dm, Pe, Su, Sod"
10,ANOVA,5,Logistic Regression,0.47715736040609136,0.49038461538461536,0.504950495049505,0.4975609756097561,0.4575082508250825,"Bp, Su, Pcv, Sc, Rbcc"
10,ANOVA,5,Random Forest,0.4263959390862944,0.4318181818181818,0.37623762376237624,0.4021164021164021,0.42037953795379535,"Bp, Su, Pcv, Sc, Rbcc"
10,ANOVA,5,XGBoost,0.4213197969543147,0.42168674698795183,0.3465346534653465,0.3804347826086957,0.39748349834983493,"Bp, Su, Pcv, Sc, Rbcc"
10,DODA,5,Logistic Regression,0.47715736040609136,0.49038461538461536,0.504950495049505,0.4975609756097561,0.4575082508250825,"Bp, Sc, Pcv, Su, Rbcc"
10,DODA,5,Random Forest,0.4467005076142132,0.4523809523809524,0.37623762376237624,0.41081081081081083,0.4066109735973597,"Bp, Sc, Pcv, Su, Rbcc"
10,DODA,5,XGBoost,0.4263959390862944,0.43023255813953487,0.36633663366336633,0.39572192513368987,0.38923267326732675,"Bp, Sc, Pcv, Su, Rbcc"
10,ANOVA,10,Logistic Regression,0.4720812182741117,0.4854368932038835,0.49504950495049505,0.49019607843137253,0.4455445544554455,"Bp, Su, Pcv, Sc, Rbcc, Cad, Pot, Appet, Wbcc, Dm"
10,ANOVA,10,Random Forest,0.4720812182741117,0.4842105263157895,0.45544554455445546,0.46938775510204084,0.435437293729373,"Bp, Su, Pcv, Sc, Rbcc, Cad, Pot, Appet, Wbcc, Dm"
10,ANOVA,10,XGBoost,0.41116751269035534,0.4157303370786517,0.36633663366336633,0.3894736842105263,0.41656353135313534,"Bp, Su, Pcv, Sc, Rbcc, Cad, Pot, Appet, Wbcc, Dm"
10,DODA,10,Logistic Regression,0.4720812182741117,0.4857142857142857,0.504950495049505,0.49514563106796117,0.45224834983498347,"Bp, Sc, Pcv, Su, Rbcc, Dm, Pot, Cad, Al, Sod"
10,DODA,10,Random Forest,0.467005076142132,0.4791666666666667,0.45544554455445546,0.467005076142132,0.4603444719471947,"Bp, Sc, Pcv, Su, Rbcc, Dm, Pot, Cad, Al, Sod"
10,DODA,10,XGBoost,0.45685279187817257,0.4666666666666667,0.4158415841584158,0.4397905759162304,0.456476897689769,"Bp, Sc, Pcv, Su, Rbcc, Dm, Pot, Cad, Al, Sod"
10,ANOVA,15,Logistic Regression,0.4720812182741117,0.48514851485148514,0.48514851485148514,0.48514851485148514,0.4620462046204621,"Bp, Su, Pcv, Sc, Rbcc, Cad, Pot, Appet, Wbcc, Dm, Sod, Pcc, Bgr, Ane, Ba"
10,ANOVA,15,Random Forest,0.49746192893401014,0.5102040816326531,0.49504950495049505,0.5025125628140703,0.4796307755775578,"Bp, Su, Pcv, Sc, Rbcc, Cad, Pot, Appet, Wbcc, Dm, Sod, Pcc, Bgr, Ane, Ba"
10,ANOVA,15,XGBoost,0.49746192893401014,0.5111111111111111,0.45544554455445546,0.4816753926701571,0.4809199669966997,"Bp, Su, Pcv, Sc, Rbcc, Cad, Pot, Appet, Wbcc, Dm, Sod, Pcc, Bgr, Ane, Ba"
10,DODA,15,Logistic Regression,0.4720812182741117,0.48514851485148514,0.48514851485148514,0.48514851485148514,0.46782178217821785,"Bp, Sc, Pcv, Su, Rbcc, Dm, Pot, Cad, Al, Sod, Bu, Bgr, Appet, Ane, Wbcc"
10,DODA,15,Random Forest,0.5076142131979695,0.5208333333333334,0.49504950495049505,0.5076142131979695,0.4759694719471947,"Bp, Sc, Pcv, Su, Rbcc, Dm, Pot, Cad, Al, Sod, Bu, Bgr, Appet, Ane, Wbcc"
10,DODA,15,XGBoost,0.5532994923857868,0.5670103092783505,0.5445544554455446,0.5555555555555556,0.5015470297029703,"Bp, Sc, Pcv, Su, Rbcc, Dm, Pot, Cad, Al, Sod, Bu, Bgr, Appet, Ane, Wbcc"
10,ANOVA,20,Logistic Regression,0.5076142131979695,0.52,0.5148514851485149,0.5174129353233831,0.4741130363036304,"Bp, Su, Pcv, Sc, Rbcc, Cad, Pot, Appet, Wbcc, Dm, Sod, Pcc, Bgr, Ane, Ba, Hemo, Pe, Bu, Al, Sg"
10,ANOVA,20,Random Forest,0.5228426395939086,0.5384615384615384,0.48514851485148514,0.5104166666666666,0.5323329207920792,"Bp, Su, Pcv, Sc, Rbcc, Cad, Pot, Appet, Wbcc, Dm, Sod, Pcc, Bgr, Ane, Ba, Hemo, Pe, Bu, Al, Sg"
10,ANOVA,20,XGBoost,0.4873096446700508,0.5,0.44554455445544555,0.4712041884816754,0.49515264026402644,"Bp, Su, Pcv, Sc, Rbcc, Cad, Pot, Appet, Wbcc, Dm, Sod, Pcc, Bgr, Ane, Ba, Hemo, Pe, Bu, Al, Sg"
10,DODA,20,Logistic Regression,0.49746192893401014,0.5098039215686274,0.5148514851485149,0.5123152709359606,0.46637788778877887,"Bp, Sc, Pcv, Su, Rbcc, Dm, Pot, Cad, Al, Sod, Bu, Bgr, Appet, Ane, Wbcc, Hemo, Sg, Pcc, Htn, Pe"
10,DODA,20,Random Forest,0.5228426395939086,0.5368421052631579,0.504950495049505,0.5204081632653061,0.5139232673267327,"Bp, Sc, Pcv, Su, Rbcc, Dm, Pot, Cad, Al, Sod, Bu, Bgr, Appet, Ane, Wbcc, Hemo, Sg, Pcc, Htn, Pe"
10,DODA,20,XGBoost,0.5228426395939086,0.5393258426966292,0.4752475247524752,0.5052631578947369,0.5180486798679869,"Bp, Sc, Pcv, Su, Rbcc, Dm, Pot, Cad, Al, Sod, Bu, Bgr, Appet, Ane, Wbcc, Hemo, Sg, Pcc, Htn, Pe"
11,ANOVA,5,Logistic Regression,0.4797979797979798,0.49056603773584906,0.5148514851485149,0.5024154589371981,0.5021945493518424,"Bp, Su, Ba, Rbcc, Pot"
11,ANOVA,5,Random Forest,0.5151515151515151,0.5268817204301075,0.48514851485148514,0.5051546391752577,0.5208737368582219,"Bp, Su, Ba, Rbcc, Pot"
11,ANOVA,5,XGBoost,0.5202020202020202,0.5283018867924528,0.5544554455445545,0.5410628019323671,0.48433193834847404,"Bp, Su, Ba, Rbcc, Pot"
11,DODA,5,Logistic Regression,0.5151515151515151,0.52,0.6435643564356436,0.5752212389380531,0.5118913953250995,"Bp, Su, Bu, Rbcc, Pot"
11,DODA,5,Random Forest,0.48484848484848486,0.49504950495049505,0.49504950495049505,0.49504950495049505,0.5031131979177299,"Bp, Su, Bu, Rbcc, Pot"
11,DODA,5,XGBoost,0.5454545454545454,0.5514018691588785,0.5841584158415841,0.5673076923076923,0.5116872511993468,"Bp, Su, Bu, Rbcc, Pot"
11,ANOVA,10,Logistic Regression,0.4797979797979798,0.49193548387096775,0.6039603960396039,0.5422222222222223,0.5140349086455037,"Bp, Su, Ba, Rbcc, Pot, Pcv, Pe, Bu, Bgr, Sg"
11,ANOVA,10,Random Forest,0.51010101010101,0.5181818181818182,0.5643564356435643,0.5402843601895735,0.5088292334388078,"Bp, Su, Ba, Rbcc, Pot, Pcv, Pe, Bu, Bgr, Sg"
11,ANOVA,10,XGBoost,0.494949494949495,0.5047619047619047,0.5247524752475248,0.5145631067961165,0.4820863529651934,"Bp, Su, Ba, Rbcc, Pot, Pcv, Pe, Bu, Bgr, Sg"
11,DODA,10,Logistic Regression,0.48484848484848486,0.49572649572649574,0.5742574257425742,0.5321100917431193,0.5194447279779524,"Bp, Su, Bu, Rbcc, Pot, Pcv, Sg, Sc, Ba, Pe"
11,DODA,10,Random Forest,0.5454545454545454,0.5504587155963303,0.594059405940594,0.5714285714285714,0.5278146371338165,"Bp, Su, Bu, Rbcc, Pot, Pcv, Sg, Sc, Ba, Pe"
11,DODA,10,XGBoost,0.494949494949495,0.5045871559633027,0.5445544554455446,0.5238095238095238,0.4949474328876187,"Bp, Su, Bu, Rbcc, Pot, Pcv, Sg, Sc, Ba, Pe"
11,ANOVA,15,Logistic Regression,0.5303030303030303,0.5333333333333333,0.6336633663366337,0.579185520361991,0.5205675206695928,"Bp, Su, Ba, Rbcc, Pot, Pcv, Pe, Bu, Bgr, Sg, Ane, Wbcc, Sc, Appet, Age"
11,ANOVA,15,Random Forest,0.5202020202020202,0.5277777777777778,0.5643564356435643,0.5454545454545454,0.5236296825558845,"Bp, Su, Ba, Rbcc, Pot, Pcv, Pe, Bu, Bgr, Sg, Ane, Wbcc, Sc, Appet, Age"
11,ANOVA,15,XGBoost,0.494949494949495,0.5047619047619047,0.5247524752475248,0.5145631067961165,0.5143411248341329,"Bp, Su, Ba, Rbcc, Pot, Pcv, Pe, Bu, Bgr, Sg, Ane, Wbcc, Sc, Appet, Age"
11,DODA,15,Logistic Regression,0.5404040404040404,0.5423728813559322,0.6336633663366337,0.5844748858447488,0.5211799530468512,"Bp, Su, Bu, Rbcc, Pot, Pcv, Sg, Sc, Ba, Pe, Bgr, Ane, Al, Dm, Age"
11,DODA,15,Random Forest,0.5151515151515151,0.5229357798165137,0.5643564356435643,0.5428571428571428,0.5348576094722874,"Bp, Su, Bu, Rbcc, Pot, Pcv, Sg, Sc, Ba, Pe, Bgr, Ane, Al, Dm, Age"
11,DODA,15,XGBoost,0.5454545454545454,0.5555555555555556,0.5445544554455446,0.55,0.5393487802388486,"Bp, Su, Bu, Rbcc, Pot, Pcv, Sg, Sc, Ba, Pe, Bgr, Ane, Al, Dm, Age"
11,ANOVA,20,Logistic Regression,0.5151515151515151,0.5221238938053098,0.5841584158415841,0.5514018691588785,0.510972746759212,"Bp, Su, Ba, Rbcc, Pot, Pcv, Pe, Bu, Bgr, Sg, Ane, Wbcc, Sc, Appet, Age, Rbc, Sod, Pc, Dm, Pcc"
11,ANOVA,20,Random Forest,0.5151515151515151,0.5238095238095238,0.5445544554455446,0.5339805825242718,0.5089313055016842,"Bp, Su, Ba, Rbcc, Pot, Pcv, Pe, Bu, Bgr, Sg, Ane, Wbcc, Sc, Appet, Age, Rbc, Sod, Pc, Dm, Pcc"
11,ANOVA,20,XGBoost,0.5252525252525253,0.5339805825242718,0.5445544554455446,0.5392156862745098,0.5235276104930081,"Bp, Su, Ba, Rbcc, Pot, Pcv, Pe, Bu, Bgr, Sg, Ane, Wbcc, Sc, Appet, Age, Rbc, Sod, Pc, Dm, Pcc"
11,DODA,20,Logistic Regression,0.494949494949495,0.5043478260869565,0.5742574257425742,0.5370370370370371,0.5057670715525161,"Bp, Su, Bu, Rbcc, Pot, Pcv, Sg, Sc, Ba, Pe, Bgr, Ane, Al, Dm, Age, Wbcc, Htn, Sod, Rbc, Hemo"
11,DODA,20,Random Forest,0.5858585858585859,0.594059405940594,0.594059405940594,0.594059405940594,0.5600694090027559,"Bp, Su, Bu, Rbcc, Pot, Pcv, Sg, Sc, Ba, Pe, Bgr, Ane, Al, Dm, Age, Wbcc, Htn, Sod, Rbc, Hemo"
11,DODA,20,XGBoost,0.5505050505050505,0.5576923076923077,0.5742574257425742,0.5658536585365853,0.5743594978054507,"Bp, Su, Bu, Rbcc, Pot, Pcv, Sg, Sc, Ba, Pe, Bgr, Ane, Al, Dm, Age, Wbcc, Htn, Sod, Rbc, Hemo"
12,ANOVA,5,Logistic Regression,0.5555555555555556,0.5614035087719298,0.6274509803921569,0.5925925925925926,0.5497344771241829,"Bp, Rbcc, Ba, Su, Ane"
12,ANOVA,5,Random Forest,0.5353535353535354,0.5520833333333334,0.5196078431372549,0.5353535353535354,0.5515727124183007,"Bp, Rbcc, Ba, Su, Ane"
12,ANOVA,5,XGBoost,0.5858585858585859,0.5961538461538461,0.6078431372549019,0.6019417475728155,0.5870098039215687,"Bp, Rbcc, Ba, Su, Ane"
12,DODA,5,Logistic Regression,0.5303030303030303,0.5398230088495575,0.5980392156862745,0.5674418604651162,0.5573937908496732,"Bp, Bu, Rbcc, Ane, Sg"
12,DODA,5,Random Forest,0.5505050505050505,0.5631067961165048,0.5686274509803921,0.5658536585365853,0.5606107026143791,"Bp, Bu, Rbcc, Ane, Sg"
12,DODA,5,XGBoost,0.5404040404040404,0.5514018691588785,0.5784313725490197,0.5645933014354066,0.5800653594771242,"Bp, Bu, Rbcc, Ane, Sg"
12,ANOVA,10,Logistic Regression,0.5757575757575758,0.59,0.5784313725490197,0.5841584158415841,0.5788398692810457,"Bp, Rbcc, Ba, Su, Ane, Pcv, Bu, Sod, Sg, Pot"
12,ANOVA,10,Random Forest,0.5454545454545454,0.56,0.5490196078431373,0.5544554455445545,0.5702614379084967,"Bp, Rbcc, Ba, Su, Ane, Pcv, Bu, Sod, Sg, Pot"
12,ANOVA,10,XGBoost,0.5454545454545454,0.5625,0.5294117647058824,0.5454545454545454,0.5453431372549019,"Bp, Rbcc, Ba, Su, Ane, Pcv, Bu, Sod, Sg, Pot"
12,DODA,10,Logistic Regression,0.5707070707070707,0.5765765765765766,0.6274509803921569,0.6009389671361502,0.5670955882352942,"Bp, Bu, Rbcc, Ane, Sg, Su, Pcv, Sc, Al, Ba"
12,DODA,10,Random Forest,0.6060606060606061,0.6132075471698113,0.6372549019607843,0.625,0.5764910130718954,"Bp, Bu, Rbcc, Ane, Sg, Su, Pcv, Sc, Al, Ba"
12,DODA,10,XGBoost,0.5454545454545454,0.5576923076923077,0.5686274509803921,0.5631067961165048,0.5498366013071896,"Bp, Bu, Rbcc, Ane, Sg, Su, Pcv, Sc, Al, Ba"
12,ANOVA,15,Logistic Regression,0.5707070707070707,0.5841584158415841,0.5784313725490197,0.5812807881773399,0.5738357843137255,"Bp, Rbcc, Ba, Su, Ane, Pcv, Bu, Sod, Sg, Pot, Pe, Sc, Al, Bgr, Hemo"
12,ANOVA,15,Random Forest,0.5555555555555556,0.5636363636363636,0.6078431372549019,0.5849056603773585,0.5389093137254902,"Bp, Rbcc, Ba, Su, Ane, Pcv, Bu, Sod, Sg, Pot, Pe, Sc, Al, Bgr, Hemo"
12,ANOVA,15,XGBoost,0.5707070707070707,0.5794392523364486,0.6078431372549019,0.5933014354066986,0.5474877450980392,"Bp, Rbcc, Ba, Su, Ane, Pcv, Bu, Sod, Sg, Pot, Pe, Sc, Al, Bgr, Hemo"
12,DODA,15,Logistic Regression,0.5707070707070707,0.5841584158415841,0.5784313725490197,0.5812807881773399,0.5738357843137255,"Bp, Bu, Rbcc, Ane, Sg, Su, Pcv, Sc, Al, Ba, Sod, Pot, Pe, Hemo, Bgr"
12,DODA,15,Random Forest,0.5656565656565656,0.58,0.5686274509803921,0.5742574257425742,0.5737847222222223,"Bp, Bu, Rbcc, Ane, Sg, Su, Pcv, Sc, Al, Ba, Sod, Pot, Pe, Hemo, Bgr"
12,DODA,15,XGBoost,0.5707070707070707,0.580952380952381,0.5980392156862745,0.5893719806763285,0.5755718954248366,"Bp, Bu, Rbcc, Ane, Sg, Su, Pcv, Sc, Al, Ba, Sod, Pot, Pe, Hemo, Bgr"
12,ANOVA,20,Logistic Regression,0.5909090909090909,0.6039603960396039,0.5980392156862745,0.6009852216748769,0.5775122549019607,"Bp, Rbcc, Ba, Su, Ane, Pcv, Bu, Sod, Sg, Pot, Pe, Sc, Al, Bgr, Hemo, Appet, Pc, Rbc, Age, Pcc"
12,ANOVA,20,Random Forest,0.5555555555555556,0.5636363636363636,0.6078431372549019,0.5849056603773585,0.5813419117647058,"Bp, Rbcc, Ba, Su, Ane, Pcv, Bu, Sod, Sg, Pot, Pe, Sc, Al, Bgr, Hemo, Appet, Pc, Rbc, Age, Pcc"
12,ANOVA,20,XGBoost,0.5909090909090909,0.6019417475728155,0.6078431372549019,0.6048780487804878,0.6108047385620916,"Bp, Rbcc, Ba, Su, Ane, Pcv, Bu, Sod, Sg, Pot, Pe, Sc, Al, Bgr, Hemo, Appet, Pc, Rbc, Age, Pcc"
12,DODA,20,Logistic Regression,0.5909090909090909,0.6060606060606061,0.5882352941176471,0.5970149253731343,0.5693423202614378,"Bp, Bu, Rbcc, Ane, Sg, Su, Pcv, Sc, Al, Ba, Sod, Pot, Pe, Hemo, Bgr, Htn, Dm, Rbc, Pc, Age"
12,DODA,20,Random Forest,0.5454545454545454,0.5555555555555556,0.5882352941176471,0.5714285714285714,0.6016135620915033,"Bp, Bu, Rbcc, Ane, Sg, Su, Pcv, Sc, Al, Ba, Sod, Pot, Pe, Hemo, Bgr, Htn, Dm, Rbc, Pc, Age"
12,DODA,20,XGBoost,0.5606060606060606,0.5728155339805825,0.5784313725490197,0.5756097560975609,0.5926266339869282,"Bp, Bu, Rbcc, Ane, Sg, Su, Pcv, Sc, Al, Ba, Sod, Pot, Pe, Hemo, Bgr, Htn, Dm, Rbc, Pc, Age"
13,ANOVA,5,Logistic Regression,0.5202020202020202,0.5321100917431193,0.5686274509803921,0.5497630331753555,0.5224673202614379,"Bp, Pcv, Ba, Rbcc, Pot"
13,ANOVA,5,Random Forest,0.5404040404040404,0.5486725663716814,0.6078431372549019,0.5767441860465117,0.5067912581699346,"Bp, Pcv, Ba, Rbcc, Pot"
13,ANOVA,5,XGBoost,0.5353535353535354,0.5409836065573771,0.6470588235294118,0.5892857142857143,0.48304738562091504,"Bp, Pcv, Ba, Rbcc, Pot"
13,DODA,5,Logistic Regression,0.5252525252525253,0.5370370370370371,0.5686274509803921,0.5523809523809524,0.5285947712418301,"Bp, Pcv, Sg, Sc, Rbcc"
13,DODA,5,Random Forest,0.48484848484848486,0.5,0.5392156862745098,0.5188679245283019,0.48177083333333337,"Bp, Pcv, Sg, Sc, Rbcc"
13,DODA,5,XGBoost,0.5,0.5142857142857142,0.5294117647058824,0.5217391304347826,0.48549836601307184,"Bp, Pcv, Sg, Sc, Rbcc"
13,ANOVA,10,Logistic Regression,0.494949494949495,0.509090909090909,0.5490196078431373,0.5283018867924528,0.5269607843137255,"Bp, Pcv, Ba, Rbcc, Pot, Pe, Sg, Appet, Bgr, Sc"
13,ANOVA,10,Random Forest,0.4696969696969697,0.4864864864864865,0.5294117647058824,0.5070422535211268,0.4617544934640523,"Bp, Pcv, Ba, Rbcc, Pot, Pe, Sg, Appet, Bgr, Sc"
13,ANOVA,10,XGBoost,0.5,0.5148514851485149,0.5098039215686274,0.5123152709359606,0.4728349673202615,"Bp, Pcv, Ba, Rbcc, Pot, Pe, Sg, Appet, Bgr, Sc"
13,DODA,10,Logistic Regression,0.5202020202020202,0.5327102803738317,0.5588235294117647,0.5454545454545454,0.5248161764705882,"Bp, Pcv, Sg, Sc, Rbcc, Pot, Pe, Ba, Htn, Bgr"
13,DODA,10,Random Forest,0.4595959595959596,0.4778761061946903,0.5294117647058824,0.5023255813953489,0.45481004901960786,"Bp, Pcv, Sg, Sc, Rbcc, Pot, Pe, Ba, Htn, Bgr"
13,DODA,10,XGBoost,0.5,0.5148514851485149,0.5098039215686274,0.5123152709359606,0.45669934640522875,"Bp, Pcv, Sg, Sc, Rbcc, Pot, Pe, Ba, Htn, Bgr"
13,ANOVA,15,Logistic Regression,0.5404040404040404,0.5478260869565217,0.6176470588235294,0.5806451612903226,0.5287990196078433,"Bp, Pcv, Ba, Rbcc, Pot, Pe, Sg, Appet, Bgr, Sc, Su, Htn, Sod, Wbcc, Hemo"
13,ANOVA,15,Random Forest,0.45454545454545453,0.4722222222222222,0.5,0.4857142857142857,0.4719158496732026,"Bp, Pcv, Ba, Rbcc, Pot, Pe, Sg, Appet, Bgr, Sc, Su, Htn, Sod, Wbcc, Hemo"
13,ANOVA,15,XGBoost,0.4696969696969697,0.4854368932038835,0.49019607843137253,0.4878048780487805,0.47977941176470584,"Bp, Pcv, Ba, Rbcc, Pot, Pe, Sg, Appet, Bgr, Sc, Su, Htn, Sod, Wbcc, Hemo"
13,DODA,15,Logistic Regression,0.5252525252525253,0.5377358490566038,0.5588235294117647,0.5480769230769231,0.5404411764705883,"Bp, Pcv, Sg, Sc, Rbcc, Pot, Pe, Ba, Htn, Bgr, Bu, Su, Appet, Dm, Al"
13,DODA,15,Random Forest,0.48484848484848486,0.5,0.5196078431372549,0.5096153846153846,0.4658394607843137,"Bp, Pcv, Sg, Sc, Rbcc, Pot, Pe, Ba, Htn, Bgr, Bu, Su, Appet, Dm, Al"
13,DODA,15,XGBoost,0.46464646464646464,0.4807692307692308,0.49019607843137253,0.4854368932038835,0.48457924836601307,"Bp, Pcv, Sg, Sc, Rbcc, Pot, Pe, Ba, Htn, Bgr, Bu, Su, Appet, Dm, Al"
13,ANOVA,20,Logistic Regression,0.5252525252525253,0.5363636363636364,0.5784313725490197,0.5566037735849056,0.5373774509803922,"Bp, Pcv, Ba, Rbcc, Pot, Pe, Sg, Appet, Bgr, Sc, Su, Htn, Sod, Wbcc, Hemo, Dm, Ane, Bu, Rbc, Pcc"
13,ANOVA,20,Random Forest,0.4797979797979798,0.49523809523809526,0.5098039215686274,0.5024154589371981,0.5050551470588236,"Bp, Pcv, Ba, Rbcc, Pot, Pe, Sg, Appet, Bgr, Sc, Su, Htn, Sod, Wbcc, Hemo, Dm, Ane, Bu, Rbc, Pcc"
13,ANOVA,20,XGBoost,0.5050505050505051,0.52,0.5098039215686274,0.5148514851485149,0.4953022875816993,"Bp, Pcv, Ba, Rbcc, Pot, Pe, Sg, Appet, Bgr, Sc, Su, Htn, Sod, Wbcc, Hemo, Dm, Ane, Bu, Rbc, Pcc"
13,DODA,20,Logistic Regression,0.5252525252525253,0.5363636363636364,0.5784313725490197,0.5566037735849056,0.5364583333333334,"Bp, Pcv, Sg, Sc, Rbcc, Pot, Pe, Ba, Htn, Bgr, Bu, Su, Appet, Dm, Al, Hemo, Sod, Ane, Wbcc, Rbc"
13,DODA,20,Random Forest,0.47474747474747475,0.49019607843137253,0.49019607843137253,0.49019607843137253,0.5027062908496731,"Bp, Pcv, Sg, Sc, Rbcc, Pot, Pe, Ba, Htn, Bgr, Bu, Su, Appet, Dm, Al, Hemo, Sod, Ane, Wbcc, Rbc"
13,DODA,20,XGBoost,0.5404040404040404,0.5544554455445545,0.5490196078431373,0.5517241379310345,0.5294117647058824,"Bp, Pcv, Sg, Sc, Rbcc, Pot, Pe, Ba, Htn, Bgr, Bu, Su, Appet, Dm, Al, Hemo, Sod, Ane, Wbcc, Rbc"
14,ANOVA,5,Logistic Regression,0.5989847715736041,0.5873015873015873,0.7326732673267327,0.6519823788546255,0.5829207920792079,"Bp, Su, Appet, Bu, Ba"
14,ANOVA,5,Random Forest,0.5177664974619289,0.5267857142857143,0.5841584158415841,0.5539906103286385,0.5073741749174918,"Bp, Su, Appet, Bu, Ba"
14,ANOVA,5,XGBoost,0.5431472081218274,0.5514018691588785,0.5841584158415841,0.5673076923076923,0.5336221122112211,"Bp, Su, Appet, Bu, Ba"
14,DODA,5,Logistic Regression,0.583756345177665,0.5785123966942148,0.693069306930693,0.6306306306306306,0.588799504950495,"Bp, Bu, Su, Sg, Pot"
14,DODA,5,Random Forest,0.5228426395939086,0.5360824742268041,0.5148514851485149,0.5252525252525253,0.5417182343234325,"Bp, Bu, Su, Sg, Pot"
14,DODA,5,XGBoost,0.5380710659898477,0.5480769230769231,0.5643564356435643,0.5560975609756098,0.5209364686468647,"Bp, Bu, Su, Sg, Pot"
14,ANOVA,10,Logistic Regression,0.5736040609137056,0.5752212389380531,0.6435643564356436,0.6074766355140186,0.588490099009901,"Bp, Su, Appet, Bu, Ba, Pot, Sg, Pe, Sod, Hemo"
14,ANOVA,10,Random Forest,0.5228426395939086,0.5339805825242718,0.5445544554455446,0.5392156862745098,0.5612623762376238,"Bp, Su, Appet, Bu, Ba, Pot, Sg, Pe, Sod, Hemo"
14,ANOVA,10,XGBoost,0.5380710659898477,0.5462962962962963,0.5841584158415841,0.5645933014354066,0.5491955445544554,"Bp, Su, Appet, Bu, Ba, Pot, Sg, Pe, Sod, Hemo"
14,DODA,10,Logistic Regression,0.5888324873096447,0.5892857142857143,0.6534653465346535,0.6197183098591549,0.588799504950495,"Bp, Bu, Su, Sg, Pot, Appet, Sc, Hemo, Pe, Ba"
14,DODA,10,Random Forest,0.5279187817258884,0.5363636363636364,0.5841584158415841,0.5592417061611374,0.5483704620462045,"Bp, Bu, Su, Sg, Pot, Appet, Sc, Hemo, Pe, Ba"
14,DODA,10,XGBoost,0.5329949238578681,0.5391304347826087,0.6138613861386139,0.5740740740740741,0.5325907590759076,"Bp, Bu, Su, Sg, Pot, Appet, Sc, Hemo, Pe, Ba"
14,ANOVA,15,Logistic Regression,0.5786802030456852,0.5803571428571429,0.6435643564356436,0.6103286384976526,0.6083952145214522,"Bp, Su, Appet, Bu, Ba, Pot, Sg, Pe, Sod, Hemo, Pcv, Ane, Rbcc, Sc, Bgr"
14,ANOVA,15,Random Forest,0.5583756345177665,0.5660377358490566,0.594059405940594,0.5797101449275363,0.570802392739274,"Bp, Su, Appet, Bu, Ba, Pot, Sg, Pe, Sod, Hemo, Pcv, Ane, Rbcc, Sc, Bgr"
14,ANOVA,15,XGBoost,0.5685279187817259,0.5754716981132075,0.6039603960396039,0.5893719806763285,0.5595090759075907,"Bp, Su, Appet, Bu, Ba, Pot, Sg, Pe, Sod, Hemo, Pcv, Ane, Rbcc, Sc, Bgr"
14,DODA,15,Logistic Regression,0.5634517766497462,0.5663716814159292,0.6336633663366337,0.5981308411214953,0.5906559405940593,"Bp, Bu, Su, Sg, Pot, Appet, Sc, Hemo, Pe, Ba, Sod, Pcv, Ane, Al, Htn"
14,DODA,15,Random Forest,0.5583756345177665,0.5636363636363636,0.6138613861386139,0.5876777251184834,0.5406353135313532,"Bp, Bu, Su, Sg, Pot, Appet, Sc, Hemo, Pe, Ba, Sod, Pcv, Ane, Al, Htn"
14,DODA,15,XGBoost,0.5888324873096447,0.5847457627118644,0.6831683168316832,0.6301369863013698,0.5681724422442245,"Bp, Bu, Su, Sg, Pot, Appet, Sc, Hemo, Pe, Ba, Sod, Pcv, Ane, Al, Htn"
14,ANOVA,20,Logistic Regression,0.583756345177665,0.5871559633027523,0.6336633663366337,0.6095238095238096,0.590552805280528,"Bp, Su, Appet, Bu, Ba, Pot, Sg, Pe, Sod, Hemo, Pcv, Ane, Rbcc, Sc, Bgr, Pcc, Pc, Wbcc, Htn, Cad"
14,ANOVA,20,Random Forest,0.5786802030456852,0.5833333333333334,0.6237623762376238,0.6028708133971292,0.5704929867986799,"Bp, Su, Appet, Bu, Ba, Pot, Sg, Pe, Sod, Hemo, Pcv, Ane, Rbcc, Sc, Bgr, Pcc, Pc, Wbcc, Htn, Cad"
14,ANOVA,20,XGBoost,0.5583756345177665,0.5636363636363636,0.6138613861386139,0.5876777251184834,0.5500206270627063,"Bp, Su, Appet, Bu, Ba, Pot, Sg, Pe, Sod, Hemo, Pcv, Ane, Rbcc, Sc, Bgr, Pcc, Pc, Wbcc, Htn, Cad"
14,DODA,20,Logistic Regression,0.5634517766497462,0.5714285714285714,0.594059405940594,0.5825242718446602,0.599009900990099,"Bp, Bu, Su, Sg, Pot, Appet, Sc, Hemo, Pe, Ba, Sod, Pcv, Ane, Al, Htn, Bgr, Rbcc, Dm, Pc, Pcc"
14,DODA,20,Random Forest,0.5482233502538071,0.5576923076923077,0.5742574257425742,0.5658536585365853,0.582095709570957,"Bp, Bu, Su, Sg, Pot, Appet, Sc, Hemo, Pe, Ba, Sod, Pcv, Ane, Al, Htn, Bgr, Rbcc, Dm, Pc, Pcc"
14,DODA,20,XGBoost,0.5482233502538071,0.5555555555555556,0.594059405940594,0.5741626794258373,0.5652846534653465,"Bp, Bu, Su, Sg, Pot, Appet, Sc, Hemo, Pe, Ba, Sod, Pcv, Ane, Al, Htn, Bgr, Rbcc, Dm, Pc, Pcc"
15,ANOVA,5,Logistic Regression,0.5736040609137056,0.580952380952381,0.6039603960396039,0.5922330097087378,0.5574463696369637,"Bp, Pcv, Pot, Rbcc, Ba"
15,ANOVA,5,Random Forest,0.5431472081218274,0.5567010309278351,0.5346534653465347,0.5454545454545454,0.5691006600660066,"Bp, Pcv, Pot, Rbcc, Ba"
15,ANOVA,5,XGBoost,0.5126903553299492,0.5242718446601942,0.5346534653465347,0.5294117647058824,0.5359942244224422,"Bp, Pcv, Pot, Rbcc, Ba"
15,DODA,5,Logistic Regression,0.5076142131979695,0.5204081632653061,0.504950495049505,0.5125628140703518,0.5114480198019802,"Bp, Sc, Pcv, Pot, Htn"
15,DODA,5,Random Forest,0.4619289340101523,0.4731182795698925,0.43564356435643564,0.4536082474226804,0.4849938118811881,"Bp, Sc, Pcv, Pot, Htn"
15,DODA,5,XGBoost,0.47715736040609136,0.4888888888888889,0.43564356435643564,0.4607329842931937,0.4536922442244224,"Bp, Sc, Pcv, Pot, Htn"
15,ANOVA,10,Logistic Regression,0.5329949238578681,0.5445544554455446,0.5445544554455446,0.5445544554455446,0.5500206270627063,"Bp, Pcv, Pot, Rbcc, Ba, Sc, Ane, Htn, Su, Appet"
15,ANOVA,10,Random Forest,0.5177664974619289,0.5319148936170213,0.49504950495049505,0.5128205128205128,0.5391914191419142,"Bp, Pcv, Pot, Rbcc, Ba, Sc, Ane, Htn, Su, Appet"
15,ANOVA,10,XGBoost,0.48223350253807107,0.4946236559139785,0.45544554455445546,0.4742268041237113,0.5008250825082508,"Bp, Pcv, Pot, Rbcc, Ba, Sc, Ane, Htn, Su, Appet"
15,DODA,10,Logistic Regression,0.5126903553299492,0.5252525252525253,0.5148514851485149,0.52,0.5335189768976897,"Bp, Sc, Pcv, Pot, Htn, Rbcc, Al, Ane, Bu, Ba"
15,DODA,10,Random Forest,0.5076142131979695,0.5222222222222223,0.46534653465346537,0.49214659685863876,0.5466171617161716,"Bp, Sc, Pcv, Pot, Htn, Rbcc, Al, Ane, Bu, Ba"
15,DODA,10,XGBoost,0.49238578680203043,0.5054945054945055,0.45544554455445546,0.4791666666666667,0.5295998349834984,"Bp, Sc, Pcv, Pot, Htn, Rbcc, Al, Ane, Bu, Ba"
15,ANOVA,15,Logistic Regression,0.5380710659898477,0.5543478260869565,0.504950495049505,0.5284974093264249,0.5419760726072608,"Bp, Pcv, Pot, Rbcc, Ba, Sc, Ane, Htn, Su, Appet, Bgr, Bu, Al, Pe, Pcc"
15,ANOVA,15,Random Forest,0.5532994923857868,0.5783132530120482,0.4752475247524752,0.5217391304347826,0.5758044554455446,"Bp, Pcv, Pot, Rbcc, Ba, Sc, Ane, Htn, Su, Appet, Bgr, Bu, Al, Pe, Pcc"
15,ANOVA,15,XGBoost,0.5228426395939086,0.5353535353535354,0.5247524752475248,0.53,0.565387788778878,"Bp, Pcv, Pot, Rbcc, Ba, Sc, Ane, Htn, Su, Appet, Bgr, Bu, Al, Pe, Pcc"
15,DODA,15,Logistic Regression,0.5736040609137056,0.580952380952381,0.6039603960396039,0.5922330097087378,0.5458952145214522,"Bp, Sc, Pcv, Pot, Htn, Rbcc, Al, Ane, Bu, Ba, Bgr, Su, Sg, Pe, Hemo"
15,DODA,15,Random Forest,0.5380710659898477,0.5490196078431373,0.5544554455445545,0.5517241379310345,0.5526505775577558,"Bp, Sc, Pcv, Pot, Htn, Rbcc, Al, Ane, Bu, Ba, Bgr, Su, Sg, Pe, Hemo"
15,DODA,15,XGBoost,0.5583756345177665,0.57,0.5643564356435643,0.5671641791044776,0.5651815181518152,"Bp, Sc, Pcv, Pot, Htn, Rbcc, Al, Ane, Bu, Ba, Bgr, Su, Sg, Pe, Hemo"
15,ANOVA,20,Logistic Regression,0.5279187817258884,0.5392156862745098,0.5445544554455446,0.541871921182266,0.5343440594059405,"Bp, Pcv, Pot, Rbcc, Ba, Sc, Ane, Htn, Su, Appet, Bgr, Bu, Al, Pe, Pcc, Sod, Hemo, Sg, Wbcc, Dm"
15,ANOVA,20,Random Forest,0.5329949238578681,0.5463917525773195,0.5247524752475248,0.5353535353535354,0.5368708745874589,"Bp, Pcv, Pot, Rbcc, Ba, Sc, Ane, Htn, Su, Appet, Bgr, Bu, Al, Pe, Pcc, Sod, Hemo, Sg, Wbcc, Dm"
15,ANOVA,20,XGBoost,0.5126903553299492,0.5263157894736842,0.49504950495049505,0.5102040816326531,0.5274339933993399,"Bp, Pcv, Pot, Rbcc, Ba, Sc, Ane, Htn, Su, Appet, Bgr, Bu, Al, Pe, Pcc, Sod, Hemo, Sg, Wbcc, Dm"
15,DODA,20,Logistic Regression,0.5431472081218274,0.5533980582524272,0.5643564356435643,0.5588235294117647,0.5377475247524752,"Bp, Sc, Pcv, Pot, Htn, Rbcc, Al, Ane, Bu, Ba, Bgr, Su, Sg, Pe, Hemo, Appet, Dm, Sod, Pcc, Pc"
15,DODA,20,Random Forest,0.5025380710659898,0.5161290322580645,0.4752475247524752,0.4948453608247423,0.5341893564356436,"Bp, Sc, Pcv, Pot, Htn, Rbcc, Al, Ane, Bu, Ba, Bgr, Su, Sg, Pe, Hemo, Appet, Dm, Sod, Pcc, Pc"
15,DODA,20,XGBoost,0.5076142131979695,0.5208333333333334,0.49504950495049505,0.5076142131979695,0.5547648514851485,"Bp, Sc, Pcv, Pot, Htn, Rbcc, Al, Ane, Bu, Ba, Bgr, Su, Sg, Pe, Hemo, Appet, Dm, Sod, Pcc, Pc"
16,ANOVA,5,Logistic Regression,0.47474747474747475,0.48717948717948717,0.5643564356435643,0.5229357798165137,0.47871797489027257,"Bp, Pot, Pcv, Su, Pcc"
16,ANOVA,5,Random Forest,0.4898989898989899,0.5,0.5148514851485149,0.5073170731707317,0.4851485148514852,"Bp, Pot, Pcv, Su, Pcc"
16,ANOVA,5,XGBoost,0.46464646464646464,0.47572815533980584,0.48514851485148514,0.4803921568627451,0.4663672552822293,"Bp, Pot, Pcv, Su, Pcc"
16,DODA,5,Logistic Regression,0.494949494949495,0.5045045045045045,0.5544554455445545,0.5283018867924528,0.49362049607022557,"Bp, Pot, Pcv, Su, Bgr"
16,DODA,5,Random Forest,0.5151515151515151,0.5225225225225225,0.5742574257425742,0.5471698113207547,0.4972950903337757,"Bp, Pot, Pcv, Su, Bgr"
16,DODA,5,XGBoost,0.47474747474747475,0.48598130841121495,0.5148514851485149,0.5,0.511483107073594,"Bp, Pot, Pcv, Su, Bgr"
16,ANOVA,10,Logistic Regression,0.494949494949495,0.504424778761062,0.5643564356435643,0.5327102803738317,0.49974481984280905,"Bp, Pot, Pcv, Su, Pcc, Bgr, Ane, Ba, Pe, Rbcc"
16,ANOVA,10,Random Forest,0.4797979797979798,0.49038461538461536,0.504950495049505,0.4975609756097561,0.45692558946616313,"Bp, Pot, Pcv, Su, Pcc, Bgr, Ane, Ba, Pe, Rbcc"
16,ANOVA,10,XGBoost,0.4898989898989899,0.5,0.5544554455445545,0.5258215962441315,0.5108706746963356,"Bp, Pot, Pcv, Su, Pcc, Bgr, Ane, Ba, Pe, Rbcc"
16,DODA,10,Logistic Regression,0.5,0.5086206896551724,0.5841584158415841,0.543778801843318,0.49719301827089935,"Bp, Pot, Pcv, Su, Bgr, Ane, Bu, Sc, Pcc, Pe"
16,DODA,10,Random Forest,0.4595959595959596,0.47368421052631576,0.5346534653465347,0.5023255813953489,0.4789221190160254,"Bp, Pot, Pcv, Su, Bgr, Ane, Bu, Sc, Pcc, Pe"
16,DODA,10,XGBoost,0.494949494949495,0.5046728971962616,0.5346534653465347,0.5192307692307693,0.5360824742268041,"Bp, Pot, Pcv, Su, Bgr, Ane, Bu, Sc, Pcc, Pe"
16,ANOVA,15,Logistic Regression,0.494949494949495,0.5043478260869565,0.5742574257425742,0.5370370370370371,0.5097478820046953,"Bp, Pot, Pcv, Su, Pcc, Bgr, Ane, Ba, Pe, Rbcc, Age, Bu, Appet, Sod, Sc"
16,ANOVA,15,Random Forest,0.494949494949495,0.5046728971962616,0.5346534653465347,0.5192307692307693,0.5092375216903133,"Bp, Pot, Pcv, Su, Pcc, Bgr, Ane, Ba, Pe, Rbcc, Age, Bu, Appet, Sod, Sc"
16,ANOVA,15,XGBoost,0.5606060606060606,0.5648148148148148,0.6039603960396039,0.583732057416268,0.5767071552516077,"Bp, Pot, Pcv, Su, Pcc, Bgr, Ane, Ba, Pe, Rbcc, Age, Bu, Appet, Sod, Sc"
16,DODA,15,Logistic Regression,0.5,0.5087719298245614,0.5742574257425742,0.5395348837209303,0.5093395937531899,"Bp, Pot, Pcv, Su, Bgr, Ane, Bu, Sc, Pcc, Pe, Rbcc, Sg, Age, Ba, Htn"
16,DODA,15,Random Forest,0.4898989898989899,0.5,0.49504950495049505,0.4975124378109453,0.510972746759212,"Bp, Pot, Pcv, Su, Bgr, Ane, Bu, Sc, Pcc, Pe, Rbcc, Sg, Age, Ba, Htn"
16,DODA,15,XGBoost,0.5202020202020202,0.5288461538461539,0.5445544554455446,0.5365853658536586,0.5520057160355211,"Bp, Pot, Pcv, Su, Bgr, Ane, Bu, Sc, Pcc, Pe, Rbcc, Sg, Age, Ba, Htn"
16,ANOVA,20,Logistic Regression,0.4898989898989899,0.5,0.5643564356435643,0.5302325581395348,0.5100540981933246,"Bp, Pot, Pcv, Su, Pcc, Bgr, Ane, Ba, Pe, Rbcc, Age, Bu, Appet, Sod, Sc, Wbcc, Sg, Htn, Pc, Rbc"
16,ANOVA,20,Random Forest,0.51010101010101,0.5178571428571429,0.5742574257425742,0.5446009389671361,0.5145452689598857,"Bp, Pot, Pcv, Su, Pcc, Bgr, Ane, Ba, Pe, Rbcc, Age, Bu, Appet, Sod, Sc, Wbcc, Sg, Htn, Pc, Rbc"
16,ANOVA,20,XGBoost,0.5303030303030303,0.5377358490566038,0.5643564356435643,0.5507246376811594,0.5549658058589364,"Bp, Pot, Pcv, Su, Pcc, Bgr, Ane, Ba, Pe, Rbcc, Age, Bu, Appet, Sod, Sc, Wbcc, Sg, Htn, Pc, Rbc"
16,DODA,20,Logistic Regression,0.51010101010101,0.5178571428571429,0.5742574257425742,0.5446009389671361,0.5149535572113912,"Bp, Pot, Pcv, Su, Bgr, Ane, Bu, Sc, Pcc, Pe, Rbcc, Sg, Age, Ba, Htn, Sod, Al, Dm, Appet, Hemo"
16,DODA,20,Random Forest,0.5656565656565656,0.5652173913043478,0.6435643564356436,0.6018518518518519,0.5448096356027355,"Bp, Pot, Pcv, Su, Bgr, Ane, Bu, Sc, Pcc, Pe, Rbcc, Sg, Age, Ba, Htn, Sod, Al, Dm, Appet, Hemo"
16,DODA,20,XGBoost,0.5858585858585859,0.5904761904761905,0.6138613861386139,0.6019417475728155,0.5764009390629785,"Bp, Pot, Pcv, Su, Bgr, Ane, Bu, Sc, Pcc, Pe, Rbcc, Sg, Age, Ba, Htn, Sod, Al, Dm, Appet, Hemo"
17,ANOVA,5,Logistic Regression,0.51010101010101,0.5233644859813084,0.5490196078431373,0.5358851674641149,0.4887663398692811,"Bp, Ba, Su, Rbcc, Bu"
17,ANOVA,5,Random Forest,0.4898989898989899,0.5048543689320388,0.5098039215686274,0.5073170731707317,0.47411151960784315,"Bp, Ba, Su, Rbcc, Bu"
17,ANOVA,5,XGBoost,0.5252525252525253,0.5350877192982456,0.5980392156862745,0.5648148148148148,0.4965277777777778,"Bp, Ba, Su, Rbcc, Bu"
17,DODA,5,Logistic Regression,0.494949494949495,0.51,0.5,0.504950495049505,0.49581290849673204,"Bp, Bu, Sc, Su, Rbcc"
17,DODA,5,Random Forest,0.3939393939393939,0.41509433962264153,0.43137254901960786,0.4230769230769231,0.3991523692810457,"Bp, Bu, Sc, Su, Rbcc"
17,DODA,5,XGBoost,0.4444444444444444,0.4636363636363636,0.5,0.4811320754716981,0.43811274509803927,"Bp, Bu, Sc, Su, Rbcc"
17,ANOVA,10,Logistic Regression,0.4595959595959596,0.47474747474747475,0.46078431372549017,0.46766169154228854,0.4714052287581699,"Bp, Ba, Su, Rbcc, Bu, Pe, Ane, Dm, Pcc, Sc"
17,ANOVA,10,Random Forest,0.4494949494949495,0.4666666666666667,0.4803921568627451,0.47342995169082125,0.4676266339869281,"Bp, Ba, Su, Rbcc, Bu, Pe, Ane, Dm, Pcc, Sc"
17,ANOVA,10,XGBoost,0.4444444444444444,0.46226415094339623,0.4803921568627451,0.47115384615384615,0.43729575163398693,"Bp, Ba, Su, Rbcc, Bu, Pe, Ane, Dm, Pcc, Sc"
17,DODA,10,Logistic Regression,0.45454545454545453,0.47058823529411764,0.47058823529411764,0.47058823529411764,0.48508986928104575,"Bp, Bu, Sc, Su, Rbcc, Dm, Ba, Pe, Ane, Bgr"
17,DODA,10,Random Forest,0.43434343434343436,0.44565217391304346,0.4019607843137255,0.422680412371134,0.43586601307189543,"Bp, Bu, Sc, Su, Rbcc, Dm, Ba, Pe, Ane, Bgr"
17,DODA,10,XGBoost,0.41414141414141414,0.43,0.4215686274509804,0.42574257425742573,0.4241217320261438,"Bp, Bu, Sc, Su, Rbcc, Dm, Ba, Pe, Ane, Bgr"
17,ANOVA,15,Logistic Regression,0.5050505050505051,0.52,0.5098039215686274,0.5148514851485149,0.47651143790849676,"Bp, Ba, Su, Rbcc, Bu, Pe, Ane, Dm, Pcc, Sc, Rbc, Pot, Bgr, Appet, Sod"
17,ANOVA,15,Random Forest,0.45454545454545453,0.46938775510204084,0.45098039215686275,0.46,0.46451184640522875,"Bp, Ba, Su, Rbcc, Bu, Pe, Ane, Dm, Pcc, Sc, Rbc, Pot, Bgr, Appet, Sod"
17,ANOVA,15,XGBoost,0.4292929292929293,0.4485981308411215,0.47058823529411764,0.45933014354066987,0.43167892156862747,"Bp, Ba, Su, Rbcc, Bu, Pe, Ane, Dm, Pcc, Sc, Rbc, Pot, Bgr, Appet, Sod"
17,DODA,15,Logistic Regression,0.5050505050505051,0.52,0.5098039215686274,0.5148514851485149,0.47324346405228757,"Bp, Bu, Sc, Su, Rbcc, Dm, Ba, Pe, Ane, Bgr, Pot, Rbc, Al, Pcc, Sod"
17,DODA,15,Random Forest,0.494949494949495,0.5092592592592593,0.5392156862745098,0.5238095238095238,0.4921364379084967,"Bp, Bu, Sc, Su, Rbcc, Dm, Ba, Pe, Ane, Bgr, Pot, Rbc, Al, Pcc, Sod"
17,DODA,15,XGBoost,0.48484848484848486,0.5,0.5294117647058824,0.5142857142857142,0.4509803921568627,"Bp, Bu, Sc, Su, Rbcc, Dm, Ba, Pe, Ane, Bgr, Pot, Rbc, Al, Pcc, Sod"
17,ANOVA,20,Logistic Regression,0.4898989898989899,0.5048543689320388,0.5098039215686274,0.5073170731707317,0.4682393790849674,"Bp, Ba, Su, Rbcc, Bu, Pe, Ane, Dm, Pcc, Sc, Rbc, Pot, Bgr, Appet, Sod, Pc, Cad, Pcv, Wbcc, Age"
17,ANOVA,20,Random Forest,0.47474747474747475,0.49074074074074076,0.5196078431372549,0.5047619047619047,0.4856515522875817,"Bp, Ba, Su, Rbcc, Bu, Pe, Ane, Dm, Pcc, Sc, Rbc, Pot, Bgr, Appet, Sod, Pc, Cad, Pcv, Wbcc, Age"
17,ANOVA,20,XGBoost,0.45454545454545453,0.4727272727272727,0.5098039215686274,0.49056603773584906,0.4781454248366013,"Bp, Ba, Su, Rbcc, Bu, Pe, Ane, Dm, Pcc, Sc, Rbc, Pot, Bgr, Appet, Sod, Pc, Cad, Pcv, Wbcc, Age"
17,DODA,20,Logistic Regression,0.48484848484848486,0.5,0.49019607843137253,0.49504950495049505,0.4750816993464052,"Bp, Bu, Sc, Su, Rbcc, Dm, Ba, Pe, Ane, Bgr, Pot, Rbc, Al, Pcc, Sod, Sg, Pcv, Htn, Pc, Appet"
17,DODA,20,Random Forest,0.5050505050505051,0.5196078431372549,0.5196078431372549,0.5196078431372549,0.49382148692810457,"Bp, Bu, Sc, Su, Rbcc, Dm, Ba, Pe, Ane, Bgr, Pot, Rbc, Al, Pcc, Sod, Sg, Pcv, Htn, Pc, Appet"
17,DODA,20,XGBoost,0.4494949494949495,0.46601941747572817,0.47058823529411764,0.4682926829268293,0.4281045751633987,"Bp, Bu, Sc, Su, Rbcc, Dm, Ba, Pe, Ane, Bgr, Pot, Rbc, Al, Pcc, Sod, Sg, Pcv, Htn, Pc, Appet"
18,ANOVA,5,Logistic Regression,0.5,0.512,0.6274509803921569,0.5638766519823789,0.539828431372549,"Bp, Pcv, Appet, Bu, Rbcc"
18,ANOVA,5,Random Forest,0.5404040404040404,0.5495495495495496,0.5980392156862745,0.5727699530516432,0.5162377450980392,"Bp, Pcv, Appet, Bu, Rbcc"
18,ANOVA,5,XGBoost,0.5202020202020202,0.5309734513274337,0.5882352941176471,0.5581395348837209,0.5161356209150326,"Bp, Pcv, Appet, Bu, Rbcc"
18,DODA,5,Logistic Regression,0.5454545454545454,0.5483870967741935,0.6666666666666666,0.6017699115044248,0.5441176470588235,"Bp, Bu, Sc, Pcv, Sg"
18,DODA,5,Random Forest,0.51010101010101,0.5225225225225225,0.5686274509803921,0.5446009389671361,0.4696180555555555,"Bp, Bu, Sc, Pcv, Sg"
18,DODA,5,XGBoost,0.48484848484848486,0.5,0.5294117647058824,0.5142857142857142,0.4907066993464052,"Bp, Bu, Sc, Pcv, Sg"
18,ANOVA,10,Logistic Regression,0.5454545454545454,0.5508474576271186,0.6372549019607843,0.5909090909090909,0.5652573529411765,"Bp, Pcv, Appet, Bu, Rbcc, Sc, Sg, Bgr, Ba, Pot"
18,ANOVA,10,Random Forest,0.48484848484848486,0.5,0.5490196078431373,0.5233644859813084,0.4720690359477124,"Bp, Pcv, Appet, Bu, Rbcc, Sc, Sg, Bgr, Ba, Pot"
18,ANOVA,10,XGBoost,0.5,0.5132743362831859,0.5686274509803921,0.5395348837209303,0.4919321895424837,"Bp, Pcv, Appet, Bu, Rbcc, Sc, Sg, Bgr, Ba, Pot"
18,DODA,10,Logistic Regression,0.5505050505050505,0.5546218487394958,0.6470588235294118,0.5972850678733032,0.5300245098039215,"Bp, Bu, Sc, Pcv, Sg, Al, Rbcc, Appet, Bgr, Pot"
18,DODA,10,Random Forest,0.4696969696969697,0.48514851485148514,0.4803921568627451,0.4827586206896552,0.48034109477124187,"Bp, Bu, Sc, Pcv, Sg, Al, Rbcc, Appet, Bgr, Pot"
18,DODA,10,XGBoost,0.5,0.5135135135135135,0.5588235294117647,0.5352112676056338,0.481515522875817,"Bp, Bu, Sc, Pcv, Sg, Al, Rbcc, Appet, Bgr, Pot"
18,ANOVA,15,Logistic Regression,0.5454545454545454,0.5508474576271186,0.6372549019607843,0.5909090909090909,0.5481004901960784,"Bp, Pcv, Appet, Bu, Rbcc, Sc, Sg, Bgr, Ba, Pot, Al, Sod, Pe, Pc, Age"
18,ANOVA,15,Random Forest,0.5202020202020202,0.5315315315315315,0.5784313725490197,0.5539906103286385,0.5034722222222222,"Bp, Pcv, Appet, Bu, Rbcc, Sc, Sg, Bgr, Ba, Pot, Al, Sod, Pe, Pc, Age"
18,ANOVA,15,XGBoost,0.5151515151515151,0.5272727272727272,0.5686274509803921,0.5471698113207547,0.5214460784313725,"Bp, Pcv, Appet, Bu, Rbcc, Sc, Sg, Bgr, Ba, Pot, Al, Sod, Pe, Pc, Age"
18,DODA,15,Logistic Regression,0.5454545454545454,0.5508474576271186,0.6372549019607843,0.5909090909090909,0.5481004901960784,"Bp, Bu, Sc, Pcv, Sg, Al, Rbcc, Appet, Bgr, Pot, Sod, Pe, Ba, Age, Pc"
18,DODA,15,Random Forest,0.4898989898989899,0.5045871559633027,0.5392156862745098,0.5213270142180095,0.49760008169934644,"Bp, Bu, Sc, Pcv, Sg, Al, Rbcc, Appet, Bgr, Pot, Sod, Pe, Ba, Age, Pc"
18,DODA,15,XGBoost,0.494949494949495,0.5092592592592593,0.5392156862745098,0.5238095238095238,0.5054125816993464,"Bp, Bu, Sc, Pcv, Sg, Al, Rbcc, Appet, Bgr, Pot, Sod, Pe, Ba, Age, Pc"
18,ANOVA,20,Logistic Regression,0.5505050505050505,0.5546218487394958,0.6470588235294118,0.5972850678733032,0.5520833333333333,"Bp, Pcv, Appet, Bu, Rbcc, Sc, Sg, Bgr, Ba, Pot, Al, Sod, Pe, Pc, Age, Cad, Su, Ane, Pcc, Wbcc"
18,ANOVA,20,Random Forest,0.5252525252525253,0.5338983050847458,0.6176470588235294,0.5727272727272728,0.4894812091503268,"Bp, Pcv, Appet, Bu, Rbcc, Sc, Sg, Bgr, Ba, Pot, Al, Sod, Pe, Pc, Age, Cad, Su, Ane, Pcc, Wbcc"
18,ANOVA,20,XGBoost,0.48484848484848486,0.5,0.5588235294117647,0.5277777777777778,0.49622140522875813,"Bp, Pcv, Appet, Bu, Rbcc, Sc, Sg, Bgr, Ba, Pot, Al, Sod, Pe, Pc, Age, Cad, Su, Ane, Pcc, Wbcc"
18,DODA,20,Logistic Regression,0.5505050505050505,0.5555555555555556,0.6372549019607843,0.593607305936073,0.5564746732026143,"Bp, Bu, Sc, Pcv, Sg, Al, Rbcc, Appet, Bgr, Pot, Sod, Pe, Ba, Age, Pc, Ane, Htn, Su, Dm, Hemo"
18,DODA,20,Random Forest,0.5151515151515151,0.5258620689655172,0.5980392156862745,0.5596330275229358,0.5064338235294118,"Bp, Bu, Sc, Pcv, Sg, Al, Rbcc, Appet, Bgr, Pot, Sod, Pe, Ba, Age, Pc, Ane, Htn, Su, Dm, Hemo"
18,DODA,20,XGBoost,0.5,0.514018691588785,0.5392156862745098,0.5263157894736842,0.5217524509803921,"Bp, Bu, Sc, Pcv, Sg, Al, Rbcc, Appet, Bgr, Pot, Sod, Pe, Ba, Age, Pc, Ane, Htn, Su, Dm, Hemo"
19,ANOVA,5,Logistic Regression,0.49238578680203043,0.5045871559633027,0.5445544554455446,0.5238095238095238,0.5081476897689768,"Bp, Su, Rbcc, Ba, Pcv"
19,ANOVA,5,Random Forest,0.5329949238578681,0.5494505494505495,0.49504950495049505,0.5208333333333334,0.5090243399339934,"Bp, Su, Rbcc, Ba, Pcv"
19,ANOVA,5,XGBoost,0.5025380710659898,0.5142857142857142,0.5346534653465347,0.5242718446601942,0.47019389438943887,"Bp, Su, Rbcc, Ba, Pcv"
19,DODA,5,Logistic Regression,0.5482233502538071,0.5555555555555556,0.594059405940594,0.5741626794258373,0.5272277227722773,"Bp, Su, Bu, Rbcc, Pcv"
19,DODA,5,Random Forest,0.5126903553299492,0.5257731958762887,0.504950495049505,0.5151515151515151,0.5011344884488449,"Bp, Su, Bu, Rbcc, Pcv"
19,DODA,5,XGBoost,0.5279187817258884,0.54,0.5346534653465347,0.5373134328358209,0.5143358085808581,"Bp, Su, Bu, Rbcc, Pcv"
19,ANOVA,10,Logistic Regression,0.4873096446700508,0.5,0.5445544554455446,0.5213270142180095,0.49669966996699666,"Bp, Su, Rbcc, Ba, Pcv, Pe, Ane, Appet, Bu, Sg"
19,ANOVA,10,Random Forest,0.4873096446700508,0.5,0.5346534653465347,0.5167464114832536,0.4686468646864687,"Bp, Su, Rbcc, Ba, Pcv, Pe, Ane, Appet, Bu, Sg"
19,ANOVA,10,XGBoost,0.5177664974619289,0.5288461538461539,0.5445544554455446,0.5365853658536586,0.4849422442244224,"Bp, Su, Rbcc, Ba, Pcv, Pe, Ane, Appet, Bu, Sg"
19,DODA,10,Logistic Regression,0.49746192893401014,0.509090909090909,0.5544554455445545,0.5308056872037915,0.47823844884488453,"Bp, Su, Bu, Rbcc, Pcv, Al, Sg, Pe, Ane, Ba"
19,DODA,10,Random Forest,0.49746192893401014,0.509090909090909,0.5544554455445545,0.5308056872037915,0.46787334983498347,"Bp, Su, Bu, Rbcc, Pcv, Al, Sg, Pe, Ane, Ba"
19,DODA,10,XGBoost,0.5025380710659898,0.514018691588785,0.5445544554455446,0.5288461538461539,0.48813943894389444,"Bp, Su, Bu, Rbcc, Pcv, Al, Sg, Pe, Ane, Ba"
19,ANOVA,15,Logistic Regression,0.4720812182741117,0.4857142857142857,0.504950495049505,0.49514563106796117,0.4783415841584159,"Bp, Su, Rbcc, Ba, Pcv, Pe, Ane, Appet, Bu, Sg, Al, Hemo, Age, Pot, Pc"
19,ANOVA,15,Random Forest,0.5126903553299492,0.5233644859813084,0.5544554455445545,0.5384615384615384,0.5038675742574257,"Bp, Su, Rbcc, Ba, Pcv, Pe, Ane, Appet, Bu, Sg, Al, Hemo, Age, Pot, Pc"
19,ANOVA,15,XGBoost,0.5279187817258884,0.5344827586206896,0.6138613861386139,0.5714285714285714,0.5199051155115512,"Bp, Su, Rbcc, Ba, Pcv, Pe, Ane, Appet, Bu, Sg, Al, Hemo, Age, Pot, Pc"
19,DODA,15,Logistic Regression,0.45685279187817257,0.4722222222222222,0.504950495049505,0.4880382775119617,0.4826732673267327,"Bp, Su, Bu, Rbcc, Pcv, Al, Sg, Pe, Ane, Ba, Sc, Hemo, Appet, Dm, Pot"
19,DODA,15,Random Forest,0.5228426395939086,0.5339805825242718,0.5445544554455446,0.5392156862745098,0.5222256600660066,"Bp, Su, Bu, Rbcc, Pcv, Al, Sg, Pe, Ane, Ba, Sc, Hemo, Appet, Dm, Pot"
19,DODA,15,XGBoost,0.5532994923857868,0.5585585585585585,0.6138613861386139,0.5849056603773585,0.5536303630363036,"Bp, Su, Bu, Rbcc, Pcv, Al, Sg, Pe, Ane, Ba, Sc, Hemo, Appet, Dm, Pot"
19,ANOVA,20,Logistic Regression,0.467005076142132,0.4807692307692308,0.49504950495049505,0.4878048780487805,0.4771039603960396,"Bp, Su, Rbcc, Ba, Pcv, Pe, Ane, Appet, Bu, Sg, Al, Hemo, Age, Pot, Pc, Wbcc, Sc, Dm, Sod, Cad"
19,ANOVA,20,Random Forest,0.5482233502538071,0.5508474576271186,0.6435643564356436,0.593607305936073,0.5456373762376238,"Bp, Su, Rbcc, Ba, Pcv, Pe, Ane, Appet, Bu, Sg, Al, Hemo, Age, Pot, Pc, Wbcc, Sc, Dm, Sod, Cad"
19,ANOVA,20,XGBoost,0.5076142131979695,0.5196078431372549,0.5247524752475248,0.5221674876847291,0.5396039603960396,"Bp, Su, Rbcc, Ba, Pcv, Pe, Ane, Appet, Bu, Sg, Al, Hemo, Age, Pot, Pc, Wbcc, Sc, Dm, Sod, Cad"
19,DODA,20,Logistic Regression,0.4619289340101523,0.47619047619047616,0.49504950495049505,0.4854368932038835,0.47916666666666663,"Bp, Su, Bu, Rbcc, Pcv, Al, Sg, Pe, Ane, Ba, Sc, Hemo, Appet, Dm, Pot, Age, Htn, Pc, Sod, Wbcc"
19,DODA,20,Random Forest,0.5126903553299492,0.5225225225225225,0.5742574257425742,0.5471698113207547,0.5278465346534653,"Bp, Su, Bu, Rbcc, Pcv, Al, Sg, Pe, Ane, Ba, Sc, Hemo, Appet, Dm, Pot, Age, Htn, Pc, Sod, Wbcc"
19,DODA,20,XGBoost,0.5228426395939086,0.5333333333333333,0.5544554455445545,0.5436893203883495,0.5444513201320131,"Bp, Su, Bu, Rbcc, Pcv, Al, Sg, Pe, Ane, Ba, Sc, Hemo, Appet, Dm, Pot, Age, Htn, Pc, Sod, Wbcc"
20,ANOVA,5,Logistic Regression,0.5228426395939086,0.5327102803738317,0.5643564356435643,0.5480769230769231,0.5266089108910891,"Bp, Sg, Pcv, Ba, Sc"
20,ANOVA,5,Random Forest,0.5025380710659898,0.5145631067961165,0.5247524752475248,0.5196078431372549,0.4864892739273927,"Bp, Sg, Pcv, Ba, Sc"
20,ANOVA,5,XGBoost,0.49746192893401014,0.5108695652173914,0.46534653465346537,0.48704663212435234,0.4782384488448845,"Bp, Sg, Pcv, Ba, Sc"
20,DODA,5,Logistic Regression,0.49746192893401014,0.51,0.504950495049505,0.5074626865671642,0.5094884488448844,"Bp, Sg, Sc, Pcv, Htn"
20,DODA,5,Random Forest,0.5076142131979695,0.5208333333333334,0.49504950495049505,0.5076142131979695,0.5104682343234324,"Bp, Sg, Sc, Pcv, Htn"
20,DODA,5,XGBoost,0.5025380710659898,0.5151515151515151,0.504950495049505,0.51,0.49814356435643564,"Bp, Sg, Sc, Pcv, Htn"
20,ANOVA,10,Logistic Regression,0.5126903553299492,0.5247524752475248,0.5247524752475248,0.5247524752475248,0.5184612211221122,"Bp, Sg, Pcv, Ba, Sc, Htn, Bgr, Pot, Rbcc, Sod"
20,ANOVA,10,Random Forest,0.5025380710659898,0.5137614678899083,0.5544554455445545,0.5333333333333333,0.5243399339933994,"Bp, Sg, Pcv, Ba, Sc, Htn, Bgr, Pot, Rbcc, Sod"
20,ANOVA,10,XGBoost,0.48223350253807107,0.49514563106796117,0.504950495049505,0.5,0.5211427392739274,"Bp, Sg, Pcv, Ba, Sc, Htn, Bgr, Pot, Rbcc, Sod"
20,DODA,10,Logistic Regression,0.5025380710659898,0.5145631067961165,0.5247524752475248,0.5196078431372549,0.5182549504950494,"Bp, Sg, Sc, Pcv, Htn, Bgr, Ba, Pot, Bu, Sod"
20,DODA,10,Random Forest,0.5532994923857868,0.5607476635514018,0.594059405940594,0.5769230769230769,0.5362520627062707,"Bp, Sg, Sc, Pcv, Htn, Bgr, Ba, Pot, Bu, Sod"
20,DODA,10,XGBoost,0.5482233502538071,0.5588235294117647,0.5643564356435643,0.5615763546798029,0.5406353135313532,"Bp, Sg, Sc, Pcv, Htn, Bgr, Ba, Pot, Bu, Sod"
20,ANOVA,15,Logistic Regression,0.49238578680203043,0.5051546391752577,0.48514851485148514,0.494949494949495,0.5322813531353136,"Bp, Sg, Pcv, Ba, Sc, Htn, Bgr, Pot, Rbcc, Sod, Su, Pc, Appet, Pcc, Bu"
20,ANOVA,15,Random Forest,0.5431472081218274,0.5544554455445545,0.5544554455445545,0.5544554455445545,0.5474938118811882,"Bp, Sg, Pcv, Ba, Sc, Htn, Bgr, Pot, Rbcc, Sod, Su, Pc, Appet, Pcc, Bu"
20,ANOVA,15,XGBoost,0.5279187817258884,0.5370370370370371,0.5742574257425742,0.5550239234449761,0.540016501650165,"Bp, Sg, Pcv, Ba, Sc, Htn, Bgr, Pot, Rbcc, Sod, Su, Pc, Appet, Pcc, Bu"
20,DODA,15,Logistic Regression,0.49238578680203043,0.5051546391752577,0.48514851485148514,0.494949494949495,0.5327970297029704,"Bp, Sg, Sc, Pcv, Htn, Bgr, Ba, Pot, Bu, Sod, Rbcc, Su, Al, Pc, Hemo"
20,DODA,15,Random Forest,0.5380710659898477,0.5490196078431373,0.5544554455445545,0.5517241379310345,0.5473391089108911,"Bp, Sg, Sc, Pcv, Htn, Bgr, Ba, Pot, Bu, Sod, Rbcc, Su, Al, Pc, Hemo"
20,DODA,15,XGBoost,0.5431472081218274,0.5523809523809524,0.5742574257425742,0.5631067961165048,0.5496080858085808,"Bp, Sg, Sc, Pcv, Htn, Bgr, Ba, Pot, Bu, Sod, Rbcc, Su, Al, Pc, Hemo"
20,ANOVA,20,Logistic Regression,0.49238578680203043,0.5050505050505051,0.49504950495049505,0.5,0.5288778877887789,"Bp, Sg, Pcv, Ba, Sc, Htn, Bgr, Pot, Rbcc, Sod, Su, Pc, Appet, Pcc, Bu, Ane, Hemo, Rbc, Age, Dm"
20,ANOVA,20,Random Forest,0.5431472081218274,0.5495495495495496,0.6039603960396039,0.5754716981132075,0.557704207920792,"Bp, Sg, Pcv, Ba, Sc, Htn, Bgr, Pot, Rbcc, Sod, Su, Pc, Appet, Pcc, Bu, Ane, Hemo, Rbc, Age, Dm"
20,ANOVA,20,XGBoost,0.5736040609137056,0.5858585858585859,0.5742574257425742,0.58,0.5971534653465346,"Bp, Sg, Pcv, Ba, Sc, Htn, Bgr, Pot, Rbcc, Sod, Su, Pc, Appet, Pcc, Bu, Ane, Hemo, Rbc, Age, Dm"
20,DODA,20,Logistic Regression,0.49746192893401014,0.5104166666666666,0.48514851485148514,0.49746192893401014,0.5300123762376238,"Bp, Sg, Sc, Pcv, Htn, Bgr, Ba, Pot, Bu, Sod, Rbcc, Su, Al, Pc, Hemo, Ane, Dm, Appet, Pcc, Rbc"
20,DODA,20,Random Forest,0.5279187817258884,0.5416666666666666,0.5148514851485149,0.5279187817258884,0.5355301155115513,"Bp, Sg, Sc, Pcv, Htn, Bgr, Ba, Pot, Bu, Sod, Rbcc, Su, Al, Pc, Hemo, Ane, Dm, Appet, Pcc, Rbc"
20,DODA,20,XGBoost,0.5685279187817259,0.5784313725490197,0.5841584158415841,0.5812807881773399,0.5601278877887789,"Bp, Sg, Sc, Pcv, Htn, Bgr, Ba, Pot, Bu, Sod, Rbcc, Su, Al, Pc, Hemo, Ane, Dm, Appet, Pcc, Rbc"
21,ANOVA,5,Logistic Regression,0.5707070707070707,0.5689655172413793,0.6534653465346535,0.6082949308755761,0.583341839338573,"Bp, Pcv, Pe, Pot, Ba"
21,ANOVA,5,Random Forest,0.5202020202020202,0.532608695652174,0.48514851485148514,0.5077720207253886,0.5254159436562212,"Bp, Pcv, Pe, Pot, Ba"
21,ANOVA,5,XGBoost,0.5202020202020202,0.53125,0.504950495049505,0.5177664974619289,0.5140349086455037,"Bp, Pcv, Pe, Pot, Ba"
21,DODA,5,Logistic Regression,0.5757575757575758,0.5779816513761468,0.6237623762376238,0.6,0.5783403082576298,"Bp, Sc, Pcv, Pe, Pot"
21,DODA,5,Random Forest,0.5050505050505051,0.5151515151515151,0.504950495049505,0.51,0.4967336939879555,"Bp, Sc, Pcv, Pe, Pot"
21,DODA,5,XGBoost,0.5303030303030303,0.5434782608695652,0.49504950495049505,0.5181347150259067,0.5075022966214147,"Bp, Sc, Pcv, Pe, Pot"
21,ANOVA,10,Logistic Regression,0.5656565656565656,0.5663716814159292,0.6336633663366337,0.5981308411214953,0.5900785954884148,"Bp, Pcv, Pe, Pot, Ba, Sc, Rbcc, Sod, Age, Su"
21,ANOVA,10,Random Forest,0.5353535353535354,0.5445544554455446,0.5445544554455446,0.5445544554455446,0.5707359395733388,"Bp, Pcv, Pe, Pot, Ba, Sc, Rbcc, Sod, Age, Su"
21,ANOVA,10,XGBoost,0.5454545454545454,0.5544554455445545,0.5544554455445545,0.5544554455445545,0.5478207614575891,"Bp, Pcv, Pe, Pot, Ba, Sc, Rbcc, Sod, Age, Su"
21,DODA,10,Logistic Regression,0.5404040404040404,0.5480769230769231,0.5643564356435643,0.5560975609756098,0.567418597529856,"Bp, Sc, Pcv, Pe, Pot, Dm, Sod, Rbcc, Ba, Age"
21,DODA,10,Random Forest,0.5252525252525253,0.5353535353535354,0.5247524752475248,0.53,0.5183219352863121,"Bp, Sc, Pcv, Pe, Pot, Dm, Sod, Rbcc, Ba, Age"
21,DODA,10,XGBoost,0.5555555555555556,0.5698924731182796,0.5247524752475248,0.5463917525773195,0.5375114831070735,"Bp, Sc, Pcv, Pe, Pot, Dm, Sod, Rbcc, Ba, Age"
21,ANOVA,15,Logistic Regression,0.5303030303030303,0.5377358490566038,0.5643564356435643,0.5507246376811594,0.571603552107788,"Bp, Pcv, Pe, Pot, Ba, Sc, Rbcc, Sod, Age, Su, Dm, Ane, Wbcc, Rbc, Bgr"
21,ANOVA,15,Random Forest,0.5454545454545454,0.5495495495495496,0.6039603960396039,0.5754716981132075,0.5152597734000204,"Bp, Pcv, Pe, Pot, Ba, Sc, Rbcc, Sod, Age, Su, Dm, Ane, Wbcc, Rbc, Bgr"
21,ANOVA,15,XGBoost,0.51010101010101,0.5196078431372549,0.5247524752475248,0.5221674876847291,0.5178115749719302,"Bp, Pcv, Pe, Pot, Ba, Sc, Rbcc, Sod, Age, Su, Dm, Ane, Wbcc, Rbc, Bgr"
21,DODA,15,Logistic Regression,0.5707070707070707,0.5740740740740741,0.6138613861386139,0.5933014354066986,0.5860977850362356,"Bp, Sc, Pcv, Pe, Pot, Dm, Sod, Rbcc, Ba, Age, Bu, Ane, Su, Htn, Hemo"
21,DODA,15,Random Forest,0.5808080808080808,0.59375,0.5643564356435643,0.5786802030456852,0.6028376033479637,"Bp, Sc, Pcv, Pe, Pot, Dm, Sod, Rbcc, Ba, Age, Bu, Ane, Su, Htn, Hemo"
21,DODA,15,XGBoost,0.5858585858585859,0.6043956043956044,0.5445544554455446,0.5729166666666666,0.5998775135245483,"Bp, Sc, Pcv, Pe, Pot, Dm, Sod, Rbcc, Ba, Age, Bu, Ane, Su, Htn, Hemo"
21,ANOVA,20,Logistic Regression,0.5252525252525253,0.5333333333333333,0.5544554455445545,0.5436893203883495,0.5752781463713382,"Bp, Pcv, Pe, Pot, Ba, Sc, Rbcc, Sod, Age, Su, Dm, Ane, Wbcc, Rbc, Bgr, Hemo, Bu, Htn, Pc, Sg"
21,ANOVA,20,Random Forest,0.5757575757575758,0.580952380952381,0.6039603960396039,0.5922330097087378,0.5756353985914054,"Bp, Pcv, Pe, Pot, Ba, Sc, Rbcc, Sod, Age, Su, Dm, Ane, Wbcc, Rbc, Bgr, Hemo, Bu, Htn, Pc, Sg"
21,ANOVA,20,XGBoost,0.5454545454545454,0.5567010309278351,0.5346534653465347,0.5454545454545454,0.5542513014188016,"Bp, Pcv, Pe, Pot, Ba, Sc, Rbcc, Sod, Age, Su, Dm, Ane, Wbcc, Rbc, Bgr, Hemo, Bu, Htn, Pc, Sg"
21,DODA,20,Logistic Regression,0.5555555555555556,0.5619047619047619,0.5841584158415841,0.5728155339805825,0.5820149025211799,"Bp, Sc, Pcv, Pe, Pot, Dm, Sod, Rbcc, Ba, Age, Bu, Ane, Su, Htn, Hemo, Bgr, Al, Sg, Rbc, Wbcc"
21,DODA,20,Random Forest,0.5606060606060606,0.5714285714285714,0.5544554455445545,0.5628140703517588,0.583852199652955,"Bp, Sc, Pcv, Pe, Pot, Dm, Sod, Rbcc, Ba, Age, Bu, Ane, Su, Htn, Hemo, Bgr, Al, Sg, Rbc, Wbcc"
21,DODA,20,XGBoost,0.5404040404040404,0.5531914893617021,0.5148514851485149,0.5333333333333333,0.5499642747779934,"Bp, Sc, Pcv, Pe, Pot, Dm, Sod, Rbcc, Ba, Age, Bu, Ane, Su, Htn, Hemo, Bgr, Al, Sg, Rbc, Wbcc"
22,ANOVA,5,Logistic Regression,0.5454545454545454,0.5566037735849056,0.5784313725490197,0.5673076923076923,0.5276756535947713,"Bp, Ba, Sod, Pcv, Rbcc"
22,ANOVA,5,Random Forest,0.51010101010101,0.5238095238095238,0.5392156862745098,0.5314009661835749,0.5002553104575164,"Bp, Ba, Sod, Pcv, Rbcc"
22,ANOVA,5,XGBoost,0.51010101010101,0.5238095238095238,0.5392156862745098,0.5314009661835749,0.49816176470588236,"Bp, Ba, Sod, Pcv, Rbcc"
22,DODA,5,Logistic Regression,0.5404040404040404,0.5486725663716814,0.6078431372549019,0.5767441860465117,0.5267565359477124,"Bp, Sod, Pcv, Sc, Htn"
22,DODA,5,Random Forest,0.5454545454545454,0.56,0.5490196078431373,0.5544554455445545,0.5283394607843137,"Bp, Sod, Pcv, Sc, Htn"
22,DODA,5,XGBoost,0.494949494949495,0.51,0.5,0.504950495049505,0.5124591503267975,"Bp, Sod, Pcv, Sc, Htn"
22,ANOVA,10,Logistic Regression,0.51010101010101,0.5257731958762887,0.5,0.5125628140703518,0.5141952614379085,"Bp, Ba, Sod, Pcv, Rbcc, Appet, Ane, Su, Htn, Sg"
22,ANOVA,10,Random Forest,0.5,0.514018691588785,0.5392156862745098,0.5263157894736842,0.4868770424836601,"Bp, Ba, Sod, Pcv, Rbcc, Appet, Ane, Su, Htn, Sg"
22,ANOVA,10,XGBoost,0.51010101010101,0.5252525252525253,0.5098039215686274,0.5174129353233831,0.4863153594771242,"Bp, Ba, Sod, Pcv, Rbcc, Appet, Ane, Su, Htn, Sg"
22,DODA,10,Logistic Regression,0.51010101010101,0.5247524752475248,0.5196078431372549,0.5221674876847291,0.5176674836601307,"Bp, Sod, Pcv, Sc, Htn, Ba, Sg, Rbcc, Ane, Bu"
22,DODA,10,Random Forest,0.5151515151515151,0.5294117647058824,0.5294117647058824,0.5294117647058824,0.517361111111111,"Bp, Sod, Pcv, Sc, Htn, Ba, Sg, Rbcc, Ane, Bu"
22,DODA,10,XGBoost,0.51010101010101,0.5247524752475248,0.5196078431372549,0.5221674876847291,0.4982638888888889,"Bp, Sod, Pcv, Sc, Htn, Ba, Sg, Rbcc, Ane, Bu"
22,ANOVA,15,Logistic Regression,0.5252525252525253,0.5416666666666666,0.5098039215686274,0.5252525252525253,0.540951797385621,"Bp, Ba, Sod, Pcv, Rbcc, Appet, Ane, Su, Htn, Sg, Sc, Bgr, Pot, Bu, Pe"
22,ANOVA,15,Random Forest,0.5151515151515151,0.5272727272727272,0.5686274509803921,0.5471698113207547,0.5063316993464052,"Bp, Ba, Sod, Pcv, Rbcc, Appet, Ane, Su, Htn, Sg, Sc, Bgr, Pot, Bu, Pe"
22,ANOVA,15,XGBoost,0.4797979797979798,0.4953271028037383,0.5196078431372549,0.507177033492823,0.46537990196078427,"Bp, Ba, Sod, Pcv, Rbcc, Appet, Ane, Su, Htn, Sg, Sc, Bgr, Pot, Bu, Pe"
22,DODA,15,Logistic Regression,0.5151515151515151,0.5306122448979592,0.5098039215686274,0.52,0.5396241830065359,"Bp, Sod, Pcv, Sc, Htn, Ba, Sg, Rbcc, Ane, Bu, Su, Appet, Bgr, Al, Pot"
22,DODA,15,Random Forest,0.5454545454545454,0.56,0.5490196078431373,0.5544554455445545,0.5292075163398693,"Bp, Sod, Pcv, Sc, Htn, Ba, Sg, Rbcc, Ane, Bu, Su, Appet, Bgr, Al, Pot"
22,DODA,15,XGBoost,0.4898989898989899,0.5048543689320388,0.5098039215686274,0.5073170731707317,0.47007761437908496,"Bp, Sod, Pcv, Sc, Htn, Ba, Sg, Rbcc, Ane, Bu, Su, Appet, Bgr, Al, Pot"
22,ANOVA,20,Logistic Regression,0.5252525252525253,0.5425531914893617,0.5,0.5204081632653061,0.5402369281045752,"Bp, Ba, Sod, Pcv, Rbcc, Appet, Ane, Su, Htn, Sg, Sc, Bgr, Pot, Bu, Pe, Age, Pc, Pcc, Dm, Al"
22,ANOVA,20,Random Forest,0.5252525252525253,0.5384615384615384,0.5490196078431373,0.5436893203883495,0.5283394607843137,"Bp, Ba, Sod, Pcv, Rbcc, Appet, Ane, Su, Htn, Sg, Sc, Bgr, Pot, Bu, Pe, Age, Pc, Pcc, Dm, Al"
22,ANOVA,20,XGBoost,0.494949494949495,0.51,0.5,0.504950495049505,0.4987745098039216,"Bp, Ba, Sod, Pcv, Rbcc, Appet, Ane, Su, Htn, Sg, Sc, Bgr, Pot, Bu, Pe, Age, Pc, Pcc, Dm, Al"
22,DODA,20,Logistic Regression,0.5151515151515151,0.53125,0.5,0.5151515151515151,0.5357434640522875,"Bp, Sod, Pcv, Sc, Htn, Ba, Sg, Rbcc, Ane, Bu, Su, Appet, Bgr, Al, Pot, Dm, Pe, Age, Pc, Hemo"
22,DODA,20,Random Forest,0.5,0.5145631067961165,0.5196078431372549,0.5170731707317073,0.529156454248366,"Bp, Sod, Pcv, Sc, Htn, Ba, Sg, Rbcc, Ane, Bu, Su, Appet, Bgr, Al, Pot, Dm, Pe, Age, Pc, Hemo"
22,DODA,20,XGBoost,0.494949494949495,0.5098039215686274,0.5098039215686274,0.5098039215686274,0.5042892156862745,"Bp, Sod, Pcv, Sc, Htn, Ba, Sg, Rbcc, Ane, Bu, Su, Appet, Bgr, Al, Pot, Dm, Pe, Age, Pc, Hemo"
23,ANOVA,5,Logistic Regression,0.4797979797979798,0.4956521739130435,0.5588235294117647,0.5253456221198156,0.4606821895424837,"Bp, Ba, Su, Appet, Rbcc"
23,ANOVA,5,Random Forest,0.4696969696969697,0.488,0.5980392156862745,0.5374449339207048,0.46369485294117646,"Bp, Ba, Su, Appet, Rbcc"
23,ANOVA,5,XGBoost,0.5454545454545454,0.5526315789473685,0.6176470588235294,0.5833333333333334,0.511233660130719,"Bp, Ba, Su, Appet, Rbcc"
23,DODA,5,Logistic Regression,0.4797979797979798,0.49572649572649574,0.5686274509803921,0.5296803652968036,0.4769199346405229,"Bp, Su, Pcv, Ba, Rbcc"
23,DODA,5,Random Forest,0.494949494949495,0.5092592592592593,0.5392156862745098,0.5238095238095238,0.45629084967320255,"Bp, Su, Pcv, Ba, Rbcc"
23,DODA,5,XGBoost,0.5,0.5137614678899083,0.5490196078431373,0.5308056872037915,0.4647671568627451,"Bp, Su, Pcv, Ba, Rbcc"
23,ANOVA,10,Logistic Regression,0.4898989898989899,0.5045871559633027,0.5392156862745098,0.5213270142180095,0.4709967320261438,"Bp, Ba, Su, Appet, Rbcc, Pcv, Pe, Bgr, Pot, Rbc"
23,ANOVA,10,Random Forest,0.4444444444444444,0.4574468085106383,0.4215686274509804,0.4387755102040816,0.4397977941176471,"Bp, Ba, Su, Appet, Rbcc, Pcv, Pe, Bgr, Pot, Rbc"
23,ANOVA,10,XGBoost,0.4797979797979798,0.4954128440366973,0.5294117647058824,0.5118483412322274,0.4686478758169935,"Bp, Ba, Su, Appet, Rbcc, Pcv, Pe, Bgr, Pot, Rbc"
23,DODA,10,Logistic Regression,0.4696969696969697,0.4864864864864865,0.5294117647058824,0.5070422535211268,0.47824754901960786,"Bp, Su, Pcv, Ba, Rbcc, Bgr, Pe, Bu, Sg, Appet"
23,DODA,10,Random Forest,0.45454545454545453,0.4732142857142857,0.5196078431372549,0.4953271028037383,0.4738562091503268,"Bp, Su, Pcv, Ba, Rbcc, Bgr, Pe, Bu, Sg, Appet"
23,DODA,10,XGBoost,0.5151515151515151,0.5272727272727272,0.5686274509803921,0.5471698113207547,0.4774305555555556,"Bp, Su, Pcv, Ba, Rbcc, Bgr, Pe, Bu, Sg, Appet"
23,ANOVA,15,Logistic Regression,0.47474747474747475,0.49019607843137253,0.49019607843137253,0.49019607843137253,0.47824754901960786,"Bp, Ba, Su, Appet, Rbcc, Pcv, Pe, Bgr, Pot, Rbc, Cad, Sg, Bu, Hemo, Age"
23,ANOVA,15,Random Forest,0.5202020202020202,0.5327102803738317,0.5588235294117647,0.5454545454545454,0.5248161764705882,"Bp, Ba, Su, Appet, Rbcc, Pcv, Pe, Bgr, Pot, Rbc, Cad, Sg, Bu, Hemo, Age"
23,ANOVA,15,XGBoost,0.51010101010101,0.5233644859813084,0.5490196078431373,0.5358851674641149,0.5163398692810457,"Bp, Ba, Su, Appet, Rbcc, Pcv, Pe, Bgr, Pot, Rbc, Cad, Sg, Bu, Hemo, Age"
23,DODA,15,Logistic Regression,0.48484848484848486,0.5,0.5,0.5,0.4839665032679739,"Bp, Su, Pcv, Ba, Rbcc, Bgr, Pe, Bu, Sg, Appet, Pot, Al, Htn, Rbc, Hemo"
23,DODA,15,Random Forest,0.51010101010101,0.5213675213675214,0.5980392156862745,0.5570776255707762,0.501327614379085,"Bp, Su, Pcv, Ba, Rbcc, Bgr, Pe, Bu, Sg, Appet, Pot, Al, Htn, Rbc, Hemo"
23,DODA,15,XGBoost,0.5,0.5128205128205128,0.5882352941176471,0.547945205479452,0.49397467320261434,"Bp, Su, Pcv, Ba, Rbcc, Bgr, Pe, Bu, Sg, Appet, Pot, Al, Htn, Rbc, Hemo"
23,ANOVA,20,Logistic Regression,0.4696969696969697,0.48484848484848486,0.47058823529411764,0.47761194029850745,0.47406045751633985,"Bp, Ba, Su, Appet, Rbcc, Pcv, Pe, Bgr, Pot, Rbc, Cad, Sg, Bu, Hemo, Age, Htn, Ane, Al, Sod, Sc"
23,ANOVA,20,Random Forest,0.5353535353535354,0.543859649122807,0.6078431372549019,0.5740740740740741,0.533547794117647,"Bp, Ba, Su, Appet, Rbcc, Pcv, Pe, Bgr, Pot, Rbc, Cad, Sg, Bu, Hemo, Age, Htn, Ane, Al, Sod, Sc"
23,ANOVA,20,XGBoost,0.47474747474747475,0.49107142857142855,0.5392156862745098,0.514018691588785,0.5116421568627451,"Bp, Ba, Su, Appet, Rbcc, Pcv, Pe, Bgr, Pot, Rbc, Cad, Sg, Bu, Hemo, Age, Htn, Ane, Al, Sod, Sc"
23,DODA,20,Logistic Regression,0.46464646464646464,0.48,0.47058823529411764,0.4752475247524752,0.47824754901960786,"Bp, Su, Pcv, Ba, Rbcc, Bgr, Pe, Bu, Sg, Appet, Pot, Al, Htn, Rbc, Hemo, Sc, Cad, Ane, Age, Dm"
23,DODA,20,Random Forest,0.5050505050505051,0.5175438596491229,0.5784313725490197,0.5462962962962963,0.49673202614379086,"Bp, Su, Pcv, Ba, Rbcc, Bgr, Pe, Bu, Sg, Appet, Pot, Al, Htn, Rbc, Hemo, Sc, Cad, Ane, Age, Dm"
23,DODA,20,XGBoost,0.4797979797979798,0.4954128440366973,0.5294117647058824,0.5118483412322274,0.5153186274509804,"Bp, Su, Pcv, Ba, Rbcc, Bgr, Pe, Bu, Sg, Appet, Pot, Al, Htn, Rbc, Hemo, Sc, Cad, Ane, Age, Dm"
24,ANOVA,5,Logistic Regression,0.5228426395939086,0.5309734513274337,0.594059405940594,0.5607476635514018,0.5235148514851484,"Bp, Pot, Pcv, Rbcc, Sc"
24,ANOVA,5,Random Forest,0.5482233502538071,0.5625,0.5346534653465347,0.5482233502538071,0.5943688118811882,"Bp, Pot, Pcv, Rbcc, Sc"
24,ANOVA,5,XGBoost,0.5482233502538071,0.5555555555555556,0.594059405940594,0.5741626794258373,0.5815800330033003,"Bp, Pot, Pcv, Rbcc, Sc"
24,DODA,5,Logistic Regression,0.49746192893401014,0.5096153846153846,0.5247524752475248,0.5170731707317073,0.5068069306930694,"Bp, Sc, Bu, Pot, Pcv"
24,DODA,5,Random Forest,0.5989847715736041,0.6078431372549019,0.6138613861386139,0.6108374384236454,0.6057652640264026,"Bp, Sc, Bu, Pot, Pcv"
24,DODA,5,XGBoost,0.5939086294416244,0.5929203539823009,0.6633663366336634,0.6261682242990654,0.6169554455445545,"Bp, Sc, Bu, Pot, Pcv"
24,ANOVA,10,Logistic Regression,0.5228426395939086,0.5368421052631579,0.504950495049505,0.5204081632653061,0.5272277227722773,"Bp, Pot, Pcv, Rbcc, Sc, Bgr, Bu, Su, Pe, Sod"
24,ANOVA,10,Random Forest,0.5126903553299492,0.5252525252525253,0.5148514851485149,0.52,0.538727310231023,"Bp, Pot, Pcv, Rbcc, Sc, Bgr, Bu, Su, Pe, Sod"
24,ANOVA,10,XGBoost,0.5736040609137056,0.580952380952381,0.6039603960396039,0.5922330097087378,0.59375,"Bp, Pot, Pcv, Rbcc, Sc, Bgr, Bu, Su, Pe, Sod"
24,DODA,10,Logistic Regression,0.5076142131979695,0.5196078431372549,0.5247524752475248,0.5221674876847291,0.524236798679868,"Bp, Sc, Bu, Pot, Pcv, Rbcc, Bgr, Sg, Pe, Su"
24,DODA,10,Random Forest,0.5025380710659898,0.5154639175257731,0.49504950495049505,0.5050505050505051,0.5367677392739274,"Bp, Sc, Bu, Pot, Pcv, Rbcc, Bgr, Sg, Pe, Su"
24,DODA,10,XGBoost,0.5532994923857868,0.5565217391304348,0.6336633663366337,0.5925925925925926,0.5826113861386139,"Bp, Sc, Bu, Pot, Pcv, Rbcc, Bgr, Sg, Pe, Su"
24,ANOVA,15,Logistic Regression,0.5177664974619289,0.53,0.5247524752475248,0.527363184079602,0.5190800330033004,"Bp, Pot, Pcv, Rbcc, Sc, Bgr, Bu, Su, Pe, Sod, Ane, Wbcc, Sg, Ba, Pc"
24,ANOVA,15,Random Forest,0.467005076142132,0.48148148148148145,0.5148514851485149,0.49760765550239233,0.5194410066006601,"Bp, Pot, Pcv, Rbcc, Sc, Bgr, Bu, Su, Pe, Sod, Ane, Wbcc, Sg, Ba, Pc"
24,ANOVA,15,XGBoost,0.5532994923857868,0.5565217391304348,0.6336633663366337,0.5925925925925926,0.5629125412541254,"Bp, Pot, Pcv, Rbcc, Sc, Bgr, Bu, Su, Pe, Sod, Ane, Wbcc, Sg, Ba, Pc"
24,DODA,15,Logistic Regression,0.5279187817258884,0.5392156862745098,0.5445544554455446,0.541871921182266,0.5126856435643564,"Bp, Sc, Bu, Pot, Pcv, Rbcc, Bgr, Sg, Pe, Su, Ane, Al, Sod, Htn, Dm"
24,DODA,15,Random Forest,0.5025380710659898,0.5157894736842106,0.48514851485148514,0.5,0.5261963696369637,"Bp, Sc, Bu, Pot, Pcv, Rbcc, Bgr, Sg, Pe, Su, Ane, Al, Sod, Htn, Dm"
24,DODA,15,XGBoost,0.5634517766497462,0.5652173913043478,0.6435643564356436,0.6018518518518519,0.5474422442244224,"Bp, Sc, Bu, Pot, Pcv, Rbcc, Bgr, Sg, Pe, Su, Ane, Al, Sod, Htn, Dm"
24,ANOVA,20,Logistic Regression,0.5076142131979695,0.5196078431372549,0.5247524752475248,0.5221674876847291,0.5133044554455446,"Bp, Pot, Pcv, Rbcc, Sc, Bgr, Bu, Su, Pe, Sod, Ane, Wbcc, Sg, Ba, Pc, Appet, Cad, Htn, Age, Al"
24,ANOVA,20,Random Forest,0.5228426395939086,0.5327102803738317,0.5643564356435643,0.5480769230769231,0.5130981848184819,"Bp, Pot, Pcv, Rbcc, Sc, Bgr, Bu, Su, Pe, Sod, Ane, Wbcc, Sg, Ba, Pc, Appet, Cad, Htn, Age, Al"
24,ANOVA,20,XGBoost,0.5279187817258884,0.5344827586206896,0.6138613861386139,0.5714285714285714,0.5360973597359737,"Bp, Pot, Pcv, Rbcc, Sc, Bgr, Bu, Su, Pe, Sod, Ane, Wbcc, Sg, Ba, Pc, Appet, Cad, Htn, Age, Al"
24,DODA,20,Logistic Regression,0.5076142131979695,0.5188679245283019,0.5445544554455446,0.5314009661835749,0.49257425742574257,"Bp, Sc, Bu, Pot, Pcv, Rbcc, Bgr, Sg, Pe, Su, Ane, Al, Sod, Htn, Dm, Wbcc, Hemo, Pc, Age, Cad"
24,DODA,20,Random Forest,0.5228426395939086,0.5346534653465347,0.5346534653465347,0.5346534653465347,0.5398617986798679,"Bp, Sc, Bu, Pot, Pcv, Rbcc, Bgr, Sg, Pe, Su, Ane, Al, Sod, Htn, Dm, Wbcc, Hemo, Pc, Age, Cad"
24,DODA,20,XGBoost,0.5177664974619289,0.5263157894736842,0.594059405940594,0.5581395348837209,0.5528052805280529,"Bp, Sc, Bu, Pot, Pcv, Rbcc, Bgr, Sg, Pe, Su, Ane, Al, Sod, Htn, Dm, Wbcc, Hemo, Pc, Age, Cad"
25,ANOVA,5,Logistic Regression,0.4873096446700508,0.5,0.5544554455445545,0.5258215962441315,0.47792904290429045,"Bp, Sg, Su, Bu, Rbcc"
25,ANOVA,5,Random Forest,0.4873096446700508,0.5,0.49504950495049505,0.4975124378109453,0.5201113861386139,"Bp, Sg, Su, Bu, Rbcc"
25,ANOVA,5,XGBoost,0.5177664974619289,0.5263157894736842,0.594059405940594,0.5581395348837209,0.5144389438943895,"Bp, Sg, Su, Bu, Rbcc"
25,DODA,5,Logistic Regression,0.49238578680203043,0.5043478260869565,0.5742574257425742,0.5370370370370371,0.4732879537953795,"Bp, Sg, Bu, Sc, Su"
25,DODA,5,Random Forest,0.49238578680203043,0.504424778761062,0.5643564356435643,0.5327102803738317,0.49267739273927397,"Bp, Sg, Bu, Sc, Su"
25,DODA,5,XGBoost,0.49746192893401014,0.5089285714285714,0.5643564356435643,0.5352112676056338,0.49133663366336644,"Bp, Sg, Bu, Sc, Su"
25,ANOVA,10,Logistic Regression,0.5126903553299492,0.5217391304347826,0.594059405940594,0.5555555555555556,0.5061881188118812,"Bp, Sg, Su, Bu, Rbcc, Ane, Sc, Pcv, Ba, Appet"
25,ANOVA,10,Random Forest,0.5228426395939086,0.5299145299145299,0.6138613861386139,0.5688073394495413,0.4960292904290429,"Bp, Sg, Su, Bu, Rbcc, Ane, Sc, Pcv, Ba, Appet"
25,ANOVA,10,XGBoost,0.5025380710659898,0.5130434782608696,0.5841584158415841,0.5462962962962963,0.5021658415841584,"Bp, Sg, Su, Bu, Rbcc, Ane, Sc, Pcv, Ba, Appet"
25,DODA,10,Logistic Regression,0.5228426395939086,0.5304347826086957,0.6039603960396039,0.5648148148148148,0.48370462046204626,"Bp, Sg, Bu, Sc, Su, Ane, Al, Rbcc, Pcv, Hemo"
25,DODA,10,Random Forest,0.49746192893401014,0.5098039215686274,0.5148514851485149,0.5123152709359606,0.5191831683168316,"Bp, Sg, Bu, Sc, Su, Ane, Al, Rbcc, Pcv, Hemo"
25,DODA,10,XGBoost,0.5025380710659898,0.5137614678899083,0.5544554455445545,0.5333333333333333,0.5158828382838283,"Bp, Sg, Bu, Sc, Su, Ane, Al, Rbcc, Pcv, Hemo"
25,ANOVA,15,Logistic Regression,0.5329949238578681,0.5391304347826087,0.6138613861386139,0.5740740740740741,0.5100041254125413,"Bp, Sg, Su, Bu, Rbcc, Ane, Sc, Pcv, Ba, Appet, Pot, Al, Hemo, Bgr, Age"
25,ANOVA,15,Random Forest,0.5126903553299492,0.5225225225225225,0.5742574257425742,0.5471698113207547,0.5118605610561057,"Bp, Sg, Su, Bu, Rbcc, Ane, Sc, Pcv, Ba, Appet, Pot, Al, Hemo, Bgr, Age"
25,ANOVA,15,XGBoost,0.5380710659898477,0.5510204081632653,0.5346534653465347,0.542713567839196,0.5233085808580858,"Bp, Sg, Su, Bu, Rbcc, Ane, Sc, Pcv, Ba, Appet, Pot, Al, Hemo, Bgr, Age"
25,DODA,15,Logistic Regression,0.5279187817258884,0.5357142857142857,0.594059405940594,0.5633802816901409,0.5112417491749175,"Bp, Sg, Bu, Sc, Su, Ane, Al, Rbcc, Pcv, Hemo, Pot, Htn, Bgr, Ba, Appet"
25,DODA,15,Random Forest,0.5076142131979695,0.5188679245283019,0.5445544554455446,0.5314009661835749,0.5099009900990099,"Bp, Sg, Bu, Sc, Su, Ane, Al, Rbcc, Pcv, Hemo, Pot, Htn, Bgr, Ba, Appet"
25,DODA,15,XGBoost,0.5177664974619289,0.5277777777777778,0.5643564356435643,0.5454545454545454,0.4984529702970298,"Bp, Sg, Bu, Sc, Su, Ane, Al, Rbcc, Pcv, Hemo, Pot, Htn, Bgr, Ba, Appet"
25,ANOVA,20,Logistic Regression,0.5228426395939086,0.5299145299145299,0.6138613861386139,0.5688073394495413,0.5149546204620462,"Bp, Sg, Su, Bu, Rbcc, Ane, Sc, Pcv, Ba, Appet, Pot, Al, Hemo, Bgr, Age, Pe, Cad, Htn, Wbcc, Sod"
25,ANOVA,20,Random Forest,0.5177664974619289,0.5272727272727272,0.5742574257425742,0.5497630331753555,0.526454207920792,"Bp, Sg, Su, Bu, Rbcc, Ane, Sc, Pcv, Ba, Appet, Pot, Al, Hemo, Bgr, Age, Pe, Cad, Htn, Wbcc, Sod"
25,ANOVA,20,XGBoost,0.5380710659898477,0.5462962962962963,0.5841584158415841,0.5645933014354066,0.5267120462046205,"Bp, Sg, Su, Bu, Rbcc, Ane, Sc, Pcv, Ba, Appet, Pot, Al, Hemo, Bgr, Age, Pe, Cad, Htn, Wbcc, Sod"
25,DODA,20,Logistic Regression,0.5380710659898477,0.5423728813559322,0.6336633663366337,0.5844748858447488,0.5153671617161716,"Bp, Sg, Bu, Sc, Su, Ane, Al, Rbcc, Pcv, Hemo, Pot, Htn, Bgr, Ba, Appet, Pe, Age, Dm, Sod, Cad"
25,DODA,20,Random Forest,0.5177664974619289,0.5267857142857143,0.5841584158415841,0.5539906103286385,0.5187706270627062,"Bp, Sg, Bu, Sc, Su, Ane, Al, Rbcc, Pcv, Hemo, Pot, Htn, Bgr, Ba, Appet, Pe, Age, Dm, Sod, Cad"
25,DODA,20,XGBoost,0.5126903553299492,0.5242718446601942,0.5346534653465347,0.5294117647058824,0.5402227722772277,"Bp, Sg, Bu, Sc, Su, Ane, Al, Rbcc, Pcv, Hemo, Pot, Htn, Bgr, Ba, Appet, Pe, Age, Dm, Sod, Cad"
