Run,Method,Top_K,Model,Selected_Features,Accuracy,Precision,Recall,F1,ROC_AUC
1,Boruta,5,Logistic Regression,"Bu, Bp, Hemo, Sc, Bgr",0.5606060606060606,0.5686274509803921,0.5742574257425742,0.5714285714285714,0.5521077880983976
1,Boruta,5,Random Forest,"Bu, Bp, Hemo, Sc, Bgr",0.5606060606060606,0.5636363636363636,0.6138613861386139,0.5876777251184834,0.5836990915586404
1,Boruta,5,XGBoost,"Bu, Bp, Hemo, Sc, Bgr",0.5757575757575758,0.5841584158415841,0.5841584158415841,0.5841584158415841,0.5975298560783914
1,DODA,5,Logistic Regression,"Bu, Sc, Bp, Hemo, Bgr",0.5606060606060606,0.5686274509803921,0.5742574257425742,0.5714285714285714,0.5521077880983976
1,DODA,5,Random Forest,"Bu, Sc, Bp, Hemo, Bgr",0.5202020202020202,0.5272727272727272,0.5742574257425742,0.5497630331753555,0.5703786873532715
1,DODA,5,XGBoost,"Bu, Sc, Bp, Hemo, Bgr",0.5606060606060606,0.5686274509803921,0.5742574257425742,0.5714285714285714,0.6046749004797387
1,Boruta,10,Logistic Regression,"Bu, Bp, Hemo, Sc, Bgr, Age, Pot, Wbcc, Rbcc, Pcv",0.5555555555555556,0.5596330275229358,0.6039603960396039,0.580952380952381,0.5536388690415435
1,Boruta,10,Random Forest,"Bu, Bp, Hemo, Sc, Bgr, Age, Pot, Wbcc, Rbcc, Pcv",0.5707070707070707,0.5784313725490197,0.5841584158415841,0.5812807881773399,0.6020210268449525
1,Boruta,10,XGBoost,"Bu, Bp, Hemo, Sc, Bgr, Age, Pot, Wbcc, Rbcc, Pcv",0.5808080808080808,0.5818181818181818,0.6336633663366337,0.6066350710900474,0.6144738185158722
1,DODA,10,Logistic Regression,"Bu, Sc, Bp, Hemo, Bgr, Pot, Al, Sg, Age, Pcv",0.5252525252525253,0.5339805825242718,0.5445544554455446,0.5392156862745098,0.5103603143819536
1,DODA,10,Random Forest,"Bu, Sc, Bp, Hemo, Bgr, Pot, Al, Sg, Age, Pcv",0.5202020202020202,0.5263157894736842,0.594059405940594,0.5581395348837209,0.5601714810656324
1,DODA,10,XGBoost,"Bu, Sc, Bp, Hemo, Bgr, Pot, Al, Sg, Age, Pcv",0.5959595959595959,0.6039603960396039,0.6039603960396039,0.6039603960396039,0.6158007553332653
1,Boruta,15,Logistic Regression,"Bu, Bp, Hemo, Sc, Bgr, Age, Pot, Wbcc, Rbcc, Pcv, Sod, Sg, Su, Al, Ba",0.5303030303030303,0.5377358490566038,0.5643564356435643,0.5507246376811594,0.5209758089210983
1,Boruta,15,Random Forest,"Bu, Bp, Hemo, Sc, Bgr, Age, Pot, Wbcc, Rbcc, Pcv, Sod, Sg, Su, Al, Ba",0.5707070707070707,0.5754716981132075,0.6039603960396039,0.5893719806763285,0.574716750025518
1,Boruta,15,XGBoost,"Bu, Bp, Hemo, Sc, Bgr, Age, Pot, Wbcc, Rbcc, Pcv, Sod, Sg, Su, Al, Ba",0.5757575757575758,0.5794392523364486,0.6138613861386139,0.5961538461538461,0.59191589262019
1,DODA,15,Logistic Regression,"Bu, Sc, Bp, Hemo, Bgr, Pot, Al, Sg, Age, Pcv, Rbcc, Sod, Wbcc, Htn, Dm",0.5454545454545454,0.5470085470085471,0.6336633663366337,0.5871559633027523,0.5120955394508523
1,DODA,15,Random Forest,"Bu, Sc, Bp, Hemo, Bgr, Pot, Al, Sg, Age, Pcv, Rbcc, Sod, Wbcc, Htn, Dm",0.5353535353535354,0.5420560747663551,0.5742574257425742,0.5576923076923077,0.5796162090435848
1,DODA,15,XGBoost,"Bu, Sc, Bp, Hemo, Bgr, Pot, Al, Sg, Age, Pcv, Rbcc, Sod, Wbcc, Htn, Dm",0.5858585858585859,0.5871559633027523,0.6336633663366337,0.6095238095238096,0.5908951719914259
1,Boruta,20,Logistic Regression,"Bu, Bp, Hemo, Sc, Bgr, Age, Pot, Wbcc, Rbcc, Pcv, Sod, Sg, Su, Al, Ba, Dm, Rbc, Htn, Pc, Ane",0.5252525252525253,0.5333333333333333,0.5544554455445545,0.5436893203883495,0.519342655915076
1,Boruta,20,Random Forest,"Bu, Bp, Hemo, Sc, Bgr, Age, Pot, Wbcc, Rbcc, Pcv, Sod, Sg, Su, Al, Ba, Dm, Rbc, Htn, Pc, Ane",0.5555555555555556,0.5607476635514018,0.594059405940594,0.5769230769230769,0.5730325609880577
1,Boruta,20,XGBoost,"Bu, Bp, Hemo, Sc, Bgr, Age, Pot, Wbcc, Rbcc, Pcv, Sod, Sg, Su, Al, Ba, Dm, Rbc, Htn, Pc, Ane",0.5656565656565656,0.5675675675675675,0.6237623762376238,0.5943396226415094,0.5964070633867511
1,DODA,20,Logistic Regression,"Bu, Sc, Bp, Hemo, Bgr, Pot, Al, Sg, Age, Pcv, Rbcc, Sod, Wbcc, Htn, Dm, Su, Ane, Rbc, Pe, Pc",0.5151515151515151,0.5233644859813084,0.5544554455445545,0.5384615384615384,0.516484638154537
1,DODA,20,Random Forest,"Bu, Sc, Bp, Hemo, Bgr, Pot, Al, Sg, Age, Pcv, Rbcc, Sod, Wbcc, Htn, Dm, Su, Ane, Rbc, Pe, Pc",0.5404040404040404,0.5490196078431373,0.5544554455445545,0.5517241379310345,0.5486883739920383
1,DODA,20,XGBoost,"Bu, Sc, Bp, Hemo, Bgr, Pot, Al, Sg, Age, Pcv, Rbcc, Sod, Wbcc, Htn, Dm, Su, Ane, Rbc, Pe, Pc",0.5707070707070707,0.5769230769230769,0.594059405940594,0.5853658536585366,0.5875267939165051
2,Boruta,5,Logistic Regression,"Bp, Bu, Sc, Pot, Hemo",0.5303030303030303,0.5412844036697247,0.5784313725490197,0.5592417061611374,0.5558619281045752
2,Boruta,5,Random Forest,"Bp, Bu, Sc, Pot, Hemo",0.5404040404040404,0.5632183908045977,0.4803921568627451,0.5185185185185185,0.5760314542483659
2,Boruta,5,XGBoost,"Bp, Bu, Sc, Pot, Hemo",0.5909090909090909,0.6019417475728155,0.6078431372549019,0.6048780487804878,0.6059027777777778
2,DODA,5,Logistic Regression,"Sc, Bu, Bp, Hemo, Al",0.5303030303030303,0.5420560747663551,0.5686274509803921,0.5550239234449761,0.5380923202614378
2,DODA,5,Random Forest,"Sc, Bu, Bp, Hemo, Al",0.5505050505050505,0.5714285714285714,0.5098039215686274,0.538860103626943,0.590124591503268
2,DODA,5,XGBoost,"Sc, Bu, Bp, Hemo, Al",0.5909090909090909,0.6,0.6176470588235294,0.6086956521739131,0.5891544117647058
2,Boruta,10,Logistic Regression,"Bp, Bu, Sc, Pot, Hemo, Wbcc, Bgr, Age, Pcv, Rbcc",0.5454545454545454,0.5588235294117647,0.5588235294117647,0.5588235294117647,0.5419730392156863
2,Boruta,10,Random Forest,"Bp, Bu, Sc, Pot, Hemo, Wbcc, Bgr, Age, Pcv, Rbcc",0.5252525252525253,0.5384615384615384,0.5490196078431373,0.5436893203883495,0.5354881535947712
2,Boruta,10,XGBoost,"Bp, Bu, Sc, Pot, Hemo, Wbcc, Bgr, Age, Pcv, Rbcc",0.4595959595959596,0.47368421052631576,0.4411764705882353,0.45685279187817257,0.4858047385620915
2,DODA,10,Logistic Regression,"Sc, Bu, Bp, Hemo, Al, Pot, Bgr, Sg, Pcv, Age",0.5404040404040404,0.5533980582524272,0.5588235294117647,0.5560975609756098,0.5318627450980392
2,DODA,10,Random Forest,"Sc, Bu, Bp, Hemo, Al, Pot, Bgr, Sg, Pcv, Age",0.5050505050505051,0.5217391304347826,0.47058823529411764,0.4948453608247423,0.5046466503267975
2,DODA,10,XGBoost,"Sc, Bu, Bp, Hemo, Al, Pot, Bgr, Sg, Pcv, Age",0.4797979797979798,0.4945054945054945,0.4411764705882353,0.46632124352331605,0.5065359477124183
2,Boruta,15,Logistic Regression,"Bp, Bu, Sc, Pot, Hemo, Wbcc, Bgr, Age, Pcv, Rbcc, Sod, Al, Sg, Su, Ba",0.5050505050505051,0.5196078431372549,0.5196078431372549,0.5196078431372549,0.5348243464052288
2,Boruta,15,Random Forest,"Bp, Bu, Sc, Pot, Hemo, Wbcc, Bgr, Age, Pcv, Rbcc, Sod, Al, Sg, Su, Ba",0.5252525252525253,0.5363636363636364,0.5784313725490197,0.5566037735849056,0.5165441176470589
2,Boruta,15,XGBoost,"Bp, Bu, Sc, Pot, Hemo, Wbcc, Bgr, Age, Pcv, Rbcc, Sod, Al, Sg, Su, Ba",0.5303030303030303,0.5405405405405406,0.5882352941176471,0.5633802816901409,0.5261437908496732
2,DODA,15,Logistic Regression,"Sc, Bu, Bp, Hemo, Al, Pot, Bgr, Sg, Pcv, Age, Htn, Wbcc, Sod, Rbcc, Su",0.5404040404040404,0.5533980582524272,0.5588235294117647,0.5560975609756098,0.5404411764705882
2,DODA,15,Random Forest,"Sc, Bu, Bp, Hemo, Al, Pot, Bgr, Sg, Pcv, Age, Htn, Wbcc, Sod, Rbcc, Su",0.5707070707070707,0.5858585858585859,0.5686274509803921,0.5771144278606966,0.5616319444444444
2,DODA,15,XGBoost,"Sc, Bu, Bp, Hemo, Al, Pot, Bgr, Sg, Pcv, Age, Htn, Wbcc, Sod, Rbcc, Su",0.45454545454545453,0.4727272727272727,0.5098039215686274,0.49056603773584906,0.4969362745098039
2,Boruta,20,Logistic Regression,"Bp, Bu, Sc, Pot, Hemo, Wbcc, Bgr, Age, Pcv, Rbcc, Sod, Al, Sg, Su, Ba, Pe, Htn, Rbc, Pc, Dm",0.5,0.514018691588785,0.5392156862745098,0.5263157894736842,0.5121527777777778
2,Boruta,20,Random Forest,"Bp, Bu, Sc, Pot, Hemo, Wbcc, Bgr, Age, Pcv, Rbcc, Sod, Al, Sg, Su, Ba, Pe, Htn, Rbc, Pc, Dm",0.5050505050505051,0.52,0.5098039215686274,0.5148514851485149,0.5262459150326798
2,Boruta,20,XGBoost,"Bp, Bu, Sc, Pot, Hemo, Wbcc, Bgr, Age, Pcv, Rbcc, Sod, Al, Sg, Su, Ba, Pe, Htn, Rbc, Pc, Dm",0.4696969696969697,0.48514851485148514,0.4803921568627451,0.4827586206896552,0.5160334967320261
2,DODA,20,Logistic Regression,"Sc, Bu, Bp, Hemo, Al, Pot, Bgr, Sg, Pcv, Age, Htn, Wbcc, Sod, Rbcc, Su, Pe, Dm, Rbc, Ba, Ane",0.5252525252525253,0.5377358490566038,0.5588235294117647,0.5480769230769231,0.5247140522875817
2,DODA,20,Random Forest,"Sc, Bu, Bp, Hemo, Al, Pot, Bgr, Sg, Pcv, Age, Htn, Wbcc, Sod, Rbcc, Su, Pe, Dm, Rbc, Ba, Ane",0.5252525252525253,0.54,0.5294117647058824,0.5346534653465347,0.5204248366013071
2,DODA,20,XGBoost,"Sc, Bu, Bp, Hemo, Al, Pot, Bgr, Sg, Pcv, Age, Htn, Wbcc, Sod, Rbcc, Su, Pe, Dm, Rbc, Ba, Ane",0.4696969696969697,0.4864864864864865,0.5294117647058824,0.5070422535211268,0.49417892156862747
3,Boruta,5,Logistic Regression,"Sc, Hemo, Bp, Wbcc, Pot",0.5303030303030303,0.5391304347826087,0.6078431372549019,0.5714285714285714,0.5317606209150327
3,Boruta,5,Random Forest,"Sc, Hemo, Bp, Wbcc, Pot",0.4393939393939394,0.4563106796116505,0.46078431372549017,0.4585365853658537,0.43479370915032683
3,Boruta,5,XGBoost,"Sc, Hemo, Bp, Wbcc, Pot",0.41919191919191917,0.44036697247706424,0.47058823529411764,0.4549763033175355,0.43790849673202614
3,DODA,5,Logistic Regression,"Sc, Hemo, Bp, Bu, Pot",0.5202020202020202,0.5299145299145299,0.6078431372549019,0.5662100456621004,0.539828431372549
3,DODA,5,Random Forest,"Sc, Hemo, Bp, Bu, Pot",0.5,0.5157894736842106,0.4803921568627451,0.49746192893401014,0.4848345588235294
3,DODA,5,XGBoost,"Sc, Hemo, Bp, Bu, Pot",0.494949494949495,0.51,0.5,0.504950495049505,0.4907066993464052
3,Boruta,10,Logistic Regression,"Sc, Hemo, Bp, Wbcc, Pot, Bgr, Bu, Pcv, Age, Rbcc",0.5202020202020202,0.5309734513274337,0.5882352941176471,0.5581395348837209,0.5049019607843137
3,Boruta,10,Random Forest,"Sc, Hemo, Bp, Wbcc, Pot, Bgr, Bu, Pcv, Age, Rbcc",0.45454545454545453,0.47058823529411764,0.47058823529411764,0.47058823529411764,0.466656454248366
3,Boruta,10,XGBoost,"Sc, Hemo, Bp, Wbcc, Pot, Bgr, Bu, Pcv, Age, Rbcc",0.46464646464646464,0.48148148148148145,0.5098039215686274,0.49523809523809526,0.46640114379084974
3,DODA,10,Logistic Regression,"Sc, Hemo, Bp, Bu, Pot, Bgr, Al, Pcv, Wbcc, Sg",0.5252525252525253,0.5344827586206896,0.6078431372549019,0.5688073394495413,0.507250816993464
3,DODA,10,Random Forest,"Sc, Hemo, Bp, Bu, Pot, Bgr, Al, Pcv, Wbcc, Sg",0.4444444444444444,0.45918367346938777,0.4411764705882353,0.45,0.4430657679738563
3,DODA,10,XGBoost,"Sc, Hemo, Bp, Bu, Pot, Bgr, Al, Pcv, Wbcc, Sg",0.4898989898989899,0.5046728971962616,0.5294117647058824,0.5167464114832536,0.45414624183006536
3,Boruta,15,Logistic Regression,"Sc, Hemo, Bp, Wbcc, Pot, Bgr, Bu, Pcv, Age, Rbcc, Sod, Al, Su, Sg, Ane",0.5353535353535354,0.5454545454545454,0.5882352941176471,0.5660377358490566,0.5102124183006536
3,Boruta,15,Random Forest,"Sc, Hemo, Bp, Wbcc, Pot, Bgr, Bu, Pcv, Age, Rbcc, Sod, Al, Su, Sg, Ane",0.48484848484848486,0.5,0.5,0.5,0.4890216503267974
3,Boruta,15,XGBoost,"Sc, Hemo, Bp, Wbcc, Pot, Bgr, Bu, Pcv, Age, Rbcc, Sod, Al, Su, Sg, Ane",0.4797979797979798,0.49557522123893805,0.5490196078431373,0.5209302325581395,0.49377042483660133
3,DODA,15,Logistic Regression,"Sc, Hemo, Bp, Bu, Pot, Bgr, Al, Pcv, Wbcc, Sg, Age, Sod, Rbcc, Ane, Dm",0.494949494949495,0.5087719298245614,0.5686274509803921,0.5370370370370371,0.5055147058823529
3,DODA,15,Random Forest,"Sc, Hemo, Bp, Bu, Pot, Bgr, Al, Pcv, Wbcc, Sg, Age, Sod, Rbcc, Ane, Dm",0.5050505050505051,0.5196078431372549,0.5196078431372549,0.5196078431372549,0.5044934640522876
3,DODA,15,XGBoost,"Sc, Hemo, Bp, Bu, Pot, Bgr, Al, Pcv, Wbcc, Sg, Age, Sod, Rbcc, Ane, Dm",0.5,0.5135135135135135,0.5588235294117647,0.5352112676056338,0.49223856209150324
3,Boruta,20,Logistic Regression,"Sc, Hemo, Bp, Wbcc, Pot, Bgr, Bu, Pcv, Age, Rbcc, Sod, Al, Su, Sg, Ane, Pc, Appet, Ba, Dm, Pcc",0.4797979797979798,0.4954954954954955,0.5392156862745098,0.5164319248826291,0.5087826797385622
3,Boruta,20,Random Forest,"Sc, Hemo, Bp, Wbcc, Pot, Bgr, Bu, Pcv, Age, Rbcc, Sod, Al, Su, Sg, Ane, Pc, Appet, Ba, Dm, Pcc",0.51010101010101,0.5229357798165137,0.5588235294117647,0.5402843601895735,0.49974468954248363
3,Boruta,20,XGBoost,"Sc, Hemo, Bp, Wbcc, Pot, Bgr, Bu, Pcv, Age, Rbcc, Sod, Al, Su, Sg, Ane, Pc, Appet, Ba, Dm, Pcc",0.4797979797979798,0.4954954954954955,0.5392156862745098,0.5164319248826291,0.47834967320261434
3,DODA,20,Logistic Regression,"Sc, Hemo, Bp, Bu, Pot, Bgr, Al, Pcv, Wbcc, Sg, Age, Sod, Rbcc, Ane, Dm, Su, Htn, Pc, Pe, Rbc",0.51010101010101,0.5225225225225225,0.5686274509803921,0.5446009389671361,0.5129697712418301
3,DODA,20,Random Forest,"Sc, Hemo, Bp, Bu, Pot, Bgr, Al, Pcv, Wbcc, Sg, Age, Sod, Rbcc, Ane, Dm, Su, Htn, Pc, Pe, Rbc",0.4444444444444444,0.46226415094339623,0.4803921568627451,0.47115384615384615,0.46696282679738566
3,DODA,20,XGBoost,"Sc, Hemo, Bp, Bu, Pot, Bgr, Al, Pcv, Wbcc, Sg, Age, Sod, Rbcc, Ane, Dm, Su, Htn, Pc, Pe, Rbc",0.48484848484848486,0.5,0.5294117647058824,0.5142857142857142,0.4930555555555556
4,Boruta,5,Logistic Regression,"Sc, Bu, Pot, Bp, Wbcc",0.5482233502538071,0.5508474576271186,0.6435643564356436,0.593607305936073,0.5512582508250825
4,Boruta,5,Random Forest,"Sc, Bu, Pot, Bp, Wbcc",0.4467005076142132,0.46551724137931033,0.5346534653465347,0.4976958525345622,0.4596225247524752
4,Boruta,5,XGBoost,"Sc, Bu, Pot, Bp, Wbcc",0.48223350253807107,0.4954128440366973,0.5346534653465347,0.5142857142857142,0.48597359735973594
4,DODA,5,Logistic Regression,"Sc, Bu, Bp, Pot, Hemo",0.5583756345177665,0.5583333333333333,0.6633663366336634,0.6063348416289592,0.5646658415841584
4,DODA,5,Random Forest,"Sc, Bu, Bp, Pot, Hemo",0.5126903553299492,0.5229357798165137,0.5643564356435643,0.5428571428571428,0.5110870462046204
4,DODA,5,XGBoost,"Sc, Bu, Bp, Pot, Hemo",0.5076142131979695,0.5204081632653061,0.504950495049505,0.5125628140703518,0.4986592409240924
4,Boruta,10,Logistic Regression,"Sc, Bu, Pot, Bp, Wbcc, Bgr, Hemo, Age, Pcv, Sod",0.5532994923857868,0.5575221238938053,0.6237623762376238,0.5887850467289719,0.5619843234323434
4,Boruta,10,Random Forest,"Sc, Bu, Pot, Bp, Wbcc, Bgr, Hemo, Age, Pcv, Sod",0.47715736040609136,0.49,0.48514851485148514,0.48756218905472637,0.49871080858085803
4,Boruta,10,XGBoost,"Sc, Bu, Pot, Bp, Wbcc, Bgr, Hemo, Age, Pcv, Sod",0.5228426395939086,0.5339805825242718,0.5445544554455446,0.5392156862745098,0.5237211221122112
4,DODA,10,Logistic Regression,"Sc, Bu, Bp, Pot, Hemo, Bgr, Al, Pcv, Wbcc, Age",0.5329949238578681,0.5378151260504201,0.6336633663366337,0.5818181818181818,0.5627062706270627
4,DODA,10,Random Forest,"Sc, Bu, Bp, Pot, Hemo, Bgr, Al, Pcv, Wbcc, Age",0.47715736040609136,0.4891304347826087,0.44554455445544555,0.46632124352331605,0.4892223597359736
4,DODA,10,XGBoost,"Sc, Bu, Bp, Pot, Hemo, Bgr, Al, Pcv, Wbcc, Age",0.49238578680203043,0.5048543689320388,0.5148514851485149,0.5098039215686274,0.49370874587458746
4,Boruta,15,Logistic Regression,"Sc, Bu, Pot, Bp, Wbcc, Bgr, Hemo, Age, Pcv, Sod, Rbcc, Su, Al, Sg, Ba",0.5583756345177665,0.5625,0.6237623762376238,0.5915492957746479,0.5673473597359736
4,Boruta,15,Random Forest,"Sc, Bu, Pot, Bp, Wbcc, Bgr, Hemo, Age, Pcv, Sod, Rbcc, Su, Al, Sg, Ba",0.5025380710659898,0.5135135135135135,0.5643564356435643,0.5377358490566038,0.4955651815181518
4,Boruta,15,XGBoost,"Sc, Bu, Pot, Bp, Wbcc, Bgr, Hemo, Age, Pcv, Sod, Rbcc, Su, Al, Sg, Ba",0.5532994923857868,0.5631067961165048,0.5742574257425742,0.5686274509803921,0.5210396039603961
4,DODA,15,Logistic Regression,"Sc, Bu, Bp, Pot, Hemo, Bgr, Al, Pcv, Wbcc, Age, Sg, Sod, Rbcc, Dm, Su",0.5685279187817259,0.5727272727272728,0.6237623762376238,0.5971563981042654,0.578279702970297
4,DODA,15,Random Forest,"Sc, Bu, Bp, Pot, Hemo, Bgr, Al, Pcv, Wbcc, Age, Sg, Sod, Rbcc, Dm, Su",0.4619289340101523,0.47619047619047616,0.49504950495049505,0.4854368932038835,0.48664397689768973
4,DODA,15,XGBoost,"Sc, Bu, Bp, Pot, Hemo, Bgr, Al, Pcv, Wbcc, Age, Sg, Sod, Rbcc, Dm, Su",0.5177664974619289,0.5306122448979592,0.5148514851485149,0.5226130653266332,0.5051567656765676
4,Boruta,20,Logistic Regression,"Sc, Bu, Pot, Bp, Wbcc, Bgr, Hemo, Age, Pcv, Sod, Rbcc, Su, Al, Sg, Ba, Dm, Pe, Ane, Rbc, Cad",0.5279187817258884,0.5357142857142857,0.594059405940594,0.5633802816901409,0.5380569306930694
4,Boruta,20,Random Forest,"Sc, Bu, Pot, Bp, Wbcc, Bgr, Hemo, Age, Pcv, Sod, Rbcc, Su, Al, Sg, Ba, Dm, Pe, Ane, Rbc, Cad",0.4619289340101523,0.4752475247524752,0.4752475247524752,0.4752475247524752,0.4735973597359736
4,Boruta,20,XGBoost,"Sc, Bu, Pot, Bp, Wbcc, Bgr, Hemo, Age, Pcv, Sod, Rbcc, Su, Al, Sg, Ba, Dm, Pe, Ane, Rbc, Cad",0.5076142131979695,0.5208333333333334,0.49504950495049505,0.5076142131979695,0.5039191419141915
4,DODA,20,Logistic Regression,"Sc, Bu, Bp, Pot, Hemo, Bgr, Al, Pcv, Wbcc, Age, Sg, Sod, Rbcc, Dm, Su, Htn, Ane, Pe, Rbc, Ba",0.5126903553299492,0.5242718446601942,0.5346534653465347,0.5294117647058824,0.5388820132013201
4,DODA,20,Random Forest,"Sc, Bu, Bp, Pot, Hemo, Bgr, Al, Pcv, Wbcc, Age, Sg, Sod, Rbcc, Dm, Su, Htn, Ane, Pe, Rbc, Ba",0.4720812182741117,0.48598130841121495,0.5148514851485149,0.5,0.4693688118811881
4,DODA,20,XGBoost,"Sc, Bu, Bp, Pot, Hemo, Bgr, Al, Pcv, Wbcc, Age, Sg, Sod, Rbcc, Dm, Su, Htn, Ane, Pe, Rbc, Ba",0.5329949238578681,0.5463917525773195,0.5247524752475248,0.5353535353535354,0.5255775577557756
5,Boruta,5,Logistic Regression,"Bu, Bgr, Hemo, Age, Bp",0.5279187817258884,0.5344827586206896,0.6138613861386139,0.5714285714285714,0.5395008250825083
5,Boruta,5,Random Forest,"Bu, Bgr, Hemo, Age, Bp",0.5685279187817259,0.5833333333333334,0.5544554455445545,0.5685279187817259,0.5525990099009901
5,Boruta,5,XGBoost,"Bu, Bgr, Hemo, Age, Bp",0.5431472081218274,0.5567010309278351,0.5346534653465347,0.5454545454545454,0.5496080858085809
5,DODA,5,Logistic Regression,"Bu, Sc, Bgr, Hemo, Bp",0.5431472081218274,0.5462184873949579,0.6435643564356436,0.5909090909090909,0.5499174917491749
5,DODA,5,Random Forest,"Bu, Sc, Bgr, Hemo, Bp",0.5482233502538071,0.56,0.5544554455445545,0.5572139303482587,0.5055177392739274
5,DODA,5,XGBoost,"Bu, Sc, Bgr, Hemo, Bp",0.5685279187817259,0.5754716981132075,0.6039603960396039,0.5893719806763285,0.5416666666666667
5,Boruta,10,Logistic Regression,"Bu, Bgr, Hemo, Age, Bp, Sc, Wbcc, Pot, Pcv, Rbcc",0.5380710659898477,0.5409836065573771,0.6534653465346535,0.5919282511210763,0.543523102310231
5,Boruta,10,Random Forest,"Bu, Bgr, Hemo, Age, Bp, Sc, Wbcc, Pot, Pcv, Rbcc",0.4720812182741117,0.4857142857142857,0.504950495049505,0.49514563106796117,0.5038675742574257
5,Boruta,10,XGBoost,"Bu, Bgr, Hemo, Age, Bp, Sc, Wbcc, Pot, Pcv, Rbcc",0.5228426395939086,0.5321100917431193,0.5742574257425742,0.5523809523809524,0.5145420792079208
5,DODA,10,Logistic Regression,"Bu, Sc, Bgr, Hemo, Bp, Al, Age, Pcv, Pot, Sg",0.5177664974619289,0.5241935483870968,0.6435643564356436,0.5777777777777777,0.5238242574257426
5,DODA,10,Random Forest,"Bu, Sc, Bgr, Hemo, Bp, Al, Age, Pcv, Pot, Sg",0.49746192893401014,0.509090909090909,0.5544554455445545,0.5308056872037915,0.48798473597359737
5,DODA,10,XGBoost,"Bu, Sc, Bgr, Hemo, Bp, Al, Age, Pcv, Pot, Sg",0.5126903553299492,0.5225225225225225,0.5742574257425742,0.5471698113207547,0.5299092409240924
5,Boruta,15,Logistic Regression,"Bu, Bgr, Hemo, Age, Bp, Sc, Wbcc, Pot, Pcv, Rbcc, Sod, Su, Al, Sg, Ba",0.5329949238578681,0.5384615384615384,0.6237623762376238,0.5779816513761468,0.5408415841584159
5,Boruta,15,Random Forest,"Bu, Bgr, Hemo, Age, Bp, Sc, Wbcc, Pot, Pcv, Rbcc, Sod, Su, Al, Sg, Ba",0.5279187817258884,0.5344827586206896,0.6138613861386139,0.5714285714285714,0.5176361386138614
5,Boruta,15,XGBoost,"Bu, Bgr, Hemo, Age, Bp, Sc, Wbcc, Pot, Pcv, Rbcc, Sod, Su, Al, Sg, Ba",0.49238578680203043,0.504424778761062,0.5643564356435643,0.5327102803738317,0.5090759075907592
5,DODA,15,Logistic Regression,"Bu, Sc, Bgr, Hemo, Bp, Al, Age, Pcv, Pot, Sg, Sod, Htn, Wbcc, Rbcc, Su",0.5076142131979695,0.5163934426229508,0.6237623762376238,0.5650224215246636,0.5190800330033003
5,DODA,15,Random Forest,"Bu, Sc, Bgr, Hemo, Bp, Al, Age, Pcv, Pot, Sg, Sod, Htn, Wbcc, Rbcc, Su",0.5228426395939086,0.5304347826086957,0.6039603960396039,0.5648148148148148,0.5258353960396039
5,DODA,15,XGBoost,"Bu, Sc, Bgr, Hemo, Bp, Al, Age, Pcv, Pot, Sg, Sod, Htn, Wbcc, Rbcc, Su",0.5076142131979695,0.5172413793103449,0.594059405940594,0.5529953917050692,0.5123762376237624
5,Boruta,20,Logistic Regression,"Bu, Bgr, Hemo, Age, Bp, Sc, Wbcc, Pot, Pcv, Rbcc, Sod, Su, Al, Sg, Ba, Htn, Pcc, Cad, Dm, Appet",0.49746192893401014,0.509090909090909,0.5544554455445545,0.5308056872037915,0.5327970297029703
5,Boruta,20,Random Forest,"Bu, Bgr, Hemo, Age, Bp, Sc, Wbcc, Pot, Pcv, Rbcc, Sod, Su, Al, Sg, Ba, Htn, Pcc, Cad, Dm, Appet",0.4720812182741117,0.4864864864864865,0.5346534653465347,0.5094339622641509,0.479115099009901
5,Boruta,20,XGBoost,"Bu, Bgr, Hemo, Age, Bp, Sc, Wbcc, Pot, Pcv, Rbcc, Sod, Su, Al, Sg, Ba, Htn, Pcc, Cad, Dm, Appet",0.49746192893401014,0.509090909090909,0.5544554455445545,0.5308056872037915,0.5111386138613861
5,DODA,20,Logistic Regression,"Bu, Sc, Bgr, Hemo, Bp, Al, Age, Pcv, Pot, Sg, Sod, Htn, Wbcc, Rbcc, Su, Dm, Ane, Ba, Pe, Rbc",0.5228426395939086,0.5309734513274337,0.594059405940594,0.5607476635514018,0.5472359735973598
5,DODA,20,Random Forest,"Bu, Sc, Bgr, Hemo, Bp, Al, Age, Pcv, Pot, Sg, Sod, Htn, Wbcc, Rbcc, Su, Dm, Ane, Ba, Pe, Rbc",0.5177664974619289,0.5277777777777778,0.5643564356435643,0.5454545454545454,0.508766501650165
5,DODA,20,XGBoost,"Bu, Sc, Bgr, Hemo, Bp, Al, Age, Pcv, Pot, Sg, Sod, Htn, Wbcc, Rbcc, Su, Dm, Ane, Ba, Pe, Rbc",0.48223350253807107,0.49557522123893805,0.5544554455445545,0.5233644859813084,0.49989686468646866
6,Boruta,5,Logistic Regression,"Bp, Bu, Hemo, Pot, Bgr",0.5555555555555556,0.5537190082644629,0.6633663366336634,0.6036036036036037,0.573134633050934
6,Boruta,5,Random Forest,"Bp, Bu, Hemo, Pot, Bgr",0.5959595959595959,0.5945945945945946,0.6534653465346535,0.6226415094339622,0.6029907114422782
6,Boruta,5,XGBoost,"Bp, Bu, Hemo, Pot, Bgr",0.5404040404040404,0.5446428571428571,0.6039603960396039,0.5727699530516432,0.5916096764315606
6,DODA,5,Logistic Regression,"Bu, Bp, Sc, Hemo, Pot",0.5404040404040404,0.5423728813559322,0.6336633663366337,0.5844748858447488,0.566091660712463
6,DODA,5,Random Forest,"Bu, Bp, Sc, Hemo, Pot",0.5353535353535354,0.5398230088495575,0.6039603960396039,0.5700934579439252,0.5851791364703481
6,DODA,5,XGBoost,"Bu, Bp, Sc, Hemo, Pot",0.5555555555555556,0.5607476635514018,0.594059405940594,0.5769230769230769,0.6045728284168623
6,Boruta,10,Logistic Regression,"Bp, Bu, Hemo, Pot, Bgr, Sc, Wbcc, Age, Pcv, Rbcc",0.5353535353535354,0.5371900826446281,0.6435643564356436,0.5855855855855856,0.5580279677452282
6,Boruta,10,Random Forest,"Bp, Bu, Hemo, Pot, Bgr, Sc, Wbcc, Age, Pcv, Rbcc",0.5454545454545454,0.5504587155963303,0.594059405940594,0.5714285714285714,0.5664999489639686
6,Boruta,10,XGBoost,"Bp, Bu, Hemo, Pot, Bgr, Sc, Wbcc, Age, Pcv, Rbcc",0.5151515151515151,0.5225225225225225,0.5742574257425742,0.5471698113207547,0.5670103092783505
6,DODA,10,Logistic Regression,"Bu, Bp, Sc, Hemo, Pot, Bgr, Al, Pcv, Sg, Age",0.5353535353535354,0.5412844036697247,0.5841584158415841,0.5619047619047619,0.5258752679391651
6,DODA,10,Random Forest,"Bu, Bp, Sc, Hemo, Pot, Bgr, Al, Pcv, Sg, Age",0.5252525252525253,0.5321100917431193,0.5742574257425742,0.5523809523809524,0.5760436868429111
6,DODA,10,XGBoost,"Bu, Bp, Sc, Hemo, Pot, Bgr, Al, Pcv, Sg, Age",0.5303030303030303,0.5377358490566038,0.5643564356435643,0.5507246376811594,0.5821169745840563
6,Boruta,15,Logistic Regression,"Bp, Bu, Hemo, Pot, Bgr, Sc, Wbcc, Age, Pcv, Rbcc, Sod, Al, Sg, Su, Dm",0.5202020202020202,0.5272727272727272,0.5742574257425742,0.5497630331753555,0.525364907624783
6,Boruta,15,Random Forest,"Bp, Bu, Hemo, Pot, Bgr, Sc, Wbcc, Age, Pcv, Rbcc, Sod, Al, Sg, Su, Dm",0.4797979797979798,0.49107142857142855,0.5445544554455446,0.5164319248826291,0.48754720832908033
6,Boruta,15,XGBoost,"Bp, Bu, Hemo, Pot, Bgr, Sc, Wbcc, Age, Pcv, Rbcc, Sod, Al, Sg, Su, Dm",0.5353535353535354,0.5445544554455446,0.5445544554455446,0.5445544554455446,0.545166887822803
6,DODA,15,Logistic Regression,"Bu, Bp, Sc, Hemo, Pot, Bgr, Al, Pcv, Sg, Age, Dm, Wbcc, Sod, Rbcc, Htn",0.5151515151515151,0.5229357798165137,0.5643564356435643,0.5428571428571428,0.5207716647953455
6,DODA,15,Random Forest,"Bu, Bp, Sc, Hemo, Pot, Bgr, Al, Pcv, Sg, Age, Dm, Wbcc, Sod, Rbcc, Htn",0.4898989898989899,0.5,0.5445544554455446,0.5213270142180095,0.5316933755231193
6,DODA,15,XGBoost,"Bu, Bp, Sc, Hemo, Pot, Bgr, Al, Pcv, Sg, Age, Dm, Wbcc, Sod, Rbcc, Htn",0.51010101010101,0.5204081632653061,0.504950495049505,0.5125628140703518,0.526895988567929
6,Boruta,20,Logistic Regression,"Bp, Bu, Hemo, Pot, Bgr, Sc, Wbcc, Age, Pcv, Rbcc, Sod, Al, Sg, Su, Dm, Appet, Pe, Ba, Rbc, Pc",0.5050505050505051,0.5135135135135135,0.5643564356435643,0.5377358490566038,0.5206695927324692
6,Boruta,20,Random Forest,"Bp, Bu, Hemo, Pot, Bgr, Sc, Wbcc, Age, Pcv, Rbcc, Sod, Al, Sg, Su, Dm, Appet, Pe, Ba, Rbc, Pc",0.48484848484848486,0.49504950495049505,0.49504950495049505,0.49504950495049505,0.4815249566193732
6,Boruta,20,XGBoost,"Bp, Bu, Hemo, Pot, Bgr, Sc, Wbcc, Age, Pcv, Rbcc, Sod, Al, Sg, Su, Dm, Appet, Pe, Ba, Rbc, Pc",0.5,0.5094339622641509,0.5346534653465347,0.5217391304347826,0.5126058997652342
6,DODA,20,Logistic Regression,"Bu, Bp, Sc, Hemo, Pot, Bgr, Al, Pcv, Sg, Age, Dm, Wbcc, Sod, Rbcc, Htn, Su, Pe, Rbc, Ane, Appet",0.5252525252525253,0.5321100917431193,0.5742574257425742,0.5523809523809524,0.5189343676635705
6,DODA,20,Random Forest,"Bu, Bp, Sc, Hemo, Pot, Bgr, Al, Pcv, Sg, Age, Dm, Wbcc, Sod, Rbcc, Htn, Su, Pe, Rbc, Ane, Appet",0.5,0.5092592592592593,0.5445544554455446,0.5263157894736842,0.5072471164642237
6,DODA,20,XGBoost,"Bu, Bp, Sc, Hemo, Pot, Bgr, Al, Pcv, Sg, Age, Dm, Wbcc, Sod, Rbcc, Htn, Su, Pe, Rbc, Ane, Appet",0.5,0.5094339622641509,0.5346534653465347,0.5217391304347826,0.5175053587833011
7,Boruta,5,Logistic Regression,"Sc, Bu, Hemo, Bp, Wbcc",0.51010101010101,0.5221238938053098,0.5784313725490197,0.5488372093023256,0.5131740196078431
7,Boruta,5,Random Forest,"Sc, Bu, Hemo, Bp, Wbcc",0.494949494949495,0.5108695652173914,0.46078431372549017,0.4845360824742268,0.498468137254902
7,Boruta,5,XGBoost,"Sc, Bu, Hemo, Bp, Wbcc",0.48484848484848486,0.5,0.5098039215686274,0.5048543689320388,0.5020424836601307
7,DODA,5,Logistic Regression,"Sc, Bu, Hemo, Bp, Pot",0.5151515151515151,0.5272727272727272,0.5686274509803921,0.5471698113207547,0.5222630718954249
7,DODA,5,Random Forest,"Sc, Bu, Hemo, Bp, Pot",0.494949494949495,0.5096153846153846,0.5196078431372549,0.5145631067961165,0.501531862745098
7,DODA,5,XGBoost,"Sc, Bu, Hemo, Bp, Pot",0.5454545454545454,0.5545454545454546,0.5980392156862745,0.5754716981132075,0.4961192810457516
7,Boruta,10,Logistic Regression,"Sc, Bu, Hemo, Bp, Wbcc, Pot, Age, Bgr, Pcv, Rbcc",0.5555555555555556,0.5614035087719298,0.6274509803921569,0.5925925925925926,0.5380923202614379
7,Boruta,10,Random Forest,"Sc, Bu, Hemo, Bp, Wbcc, Pot, Age, Bgr, Pcv, Rbcc",0.5151515151515151,0.5306122448979592,0.5098039215686274,0.52,0.4911151960784314
7,Boruta,10,XGBoost,"Sc, Bu, Hemo, Bp, Wbcc, Pot, Age, Bgr, Pcv, Rbcc",0.5353535353535354,0.5490196078431373,0.5490196078431373,0.5490196078431373,0.4954044117647059
7,DODA,10,Logistic Regression,"Sc, Bu, Hemo, Bp, Pot, Al, Bgr, Pcv, Age, Sg",0.5,0.5128205128205128,0.5882352941176471,0.547945205479452,0.5362540849673202
7,DODA,10,Random Forest,"Sc, Bu, Hemo, Bp, Pot, Al, Bgr, Pcv, Age, Sg",0.5,0.5142857142857142,0.5294117647058824,0.5217391304347826,0.5111825980392156
7,DODA,10,XGBoost,"Sc, Bu, Hemo, Bp, Pot, Al, Bgr, Pcv, Age, Sg",0.5555555555555556,0.5686274509803921,0.5686274509803921,0.5686274509803921,0.5066380718954249
7,Boruta,15,Logistic Regression,"Sc, Bu, Hemo, Bp, Wbcc, Pot, Age, Bgr, Pcv, Rbcc, Sod, Su, Sg, Al, Pcc",0.4797979797979798,0.4956521739130435,0.5588235294117647,0.5253456221198156,0.5037785947712419
7,Boruta,15,Random Forest,"Sc, Bu, Hemo, Bp, Wbcc, Pot, Age, Bgr, Pcv, Rbcc, Sod, Su, Sg, Al, Pcc",0.5404040404040404,0.5523809523809524,0.5686274509803921,0.5603864734299517,0.5280330882352942
7,Boruta,15,XGBoost,"Sc, Bu, Hemo, Bp, Wbcc, Pot, Age, Bgr, Pcv, Rbcc, Sod, Su, Sg, Al, Pcc",0.4898989898989899,0.5048543689320388,0.5098039215686274,0.5073170731707317,0.465890522875817
7,DODA,15,Logistic Regression,"Sc, Bu, Hemo, Bp, Pot, Al, Bgr, Pcv, Age, Sg, Wbcc, Sod, Rbcc, Htn, Su",0.5,0.5135135135135135,0.5588235294117647,0.5352112676056338,0.5224673202614379
7,DODA,15,Random Forest,"Sc, Bu, Hemo, Bp, Pot, Al, Bgr, Pcv, Age, Sg, Wbcc, Sod, Rbcc, Htn, Su",0.494949494949495,0.509090909090909,0.5490196078431373,0.5283018867924528,0.5075571895424837
7,DODA,15,XGBoost,"Sc, Bu, Hemo, Bp, Pot, Al, Bgr, Pcv, Age, Sg, Wbcc, Sod, Rbcc, Htn, Su",0.5252525252525253,0.5384615384615384,0.5490196078431373,0.5436893203883495,0.4896854575163399
7,Boruta,20,Logistic Regression,"Sc, Bu, Hemo, Bp, Wbcc, Pot, Age, Bgr, Pcv, Rbcc, Sod, Su, Sg, Al, Pcc, Ane, Htn, Ba, Rbc, Appet",0.5050505050505051,0.5178571428571429,0.5686274509803921,0.5420560747663551,0.5084763071895424
7,Boruta,20,Random Forest,"Sc, Bu, Hemo, Bp, Wbcc, Pot, Age, Bgr, Pcv, Rbcc, Sod, Su, Sg, Al, Pcc, Ane, Htn, Ba, Rbc, Appet",0.51010101010101,0.5247524752475248,0.5196078431372549,0.5221674876847291,0.49611928104575165
7,Boruta,20,XGBoost,"Sc, Bu, Hemo, Bp, Wbcc, Pot, Age, Bgr, Pcv, Rbcc, Sod, Su, Sg, Al, Pcc, Ane, Htn, Ba, Rbc, Appet",0.5252525252525253,0.5377358490566038,0.5588235294117647,0.5480769230769231,0.4959150326797385
7,DODA,20,Logistic Regression,"Sc, Bu, Hemo, Bp, Pot, Al, Bgr, Pcv, Age, Sg, Wbcc, Sod, Rbcc, Htn, Su, Ane, Dm, Pcc, Rbc, Ba",0.48484848484848486,0.5,0.5490196078431373,0.5233644859813084,0.4990808823529412
7,DODA,20,Random Forest,"Sc, Bu, Hemo, Bp, Pot, Al, Bgr, Pcv, Age, Sg, Wbcc, Sod, Rbcc, Htn, Su, Ane, Dm, Pcc, Rbc, Ba",0.5505050505050505,0.5607476635514018,0.5882352941176471,0.5741626794258373,0.5106209150326798
7,DODA,20,XGBoost,"Sc, Bu, Hemo, Bp, Pot, Al, Bgr, Pcv, Age, Sg, Wbcc, Sod, Rbcc, Htn, Su, Ane, Dm, Pcc, Rbc, Ba",0.51010101010101,0.5233644859813084,0.5490196078431373,0.5358851674641149,0.49254493464052296
8,Boruta,5,Logistic Regression,"Pot, Wbcc, Bu, Hemo, Bp",0.5404040404040404,0.5478260869565217,0.6176470588235294,0.5806451612903226,0.5564746732026145
8,Boruta,5,Random Forest,"Pot, Wbcc, Bu, Hemo, Bp",0.5555555555555556,0.5603448275862069,0.6372549019607843,0.5963302752293578,0.5508578431372549
8,Boruta,5,XGBoost,"Pot, Wbcc, Bu, Hemo, Bp",0.5303030303030303,0.5391304347826087,0.6078431372549019,0.5714285714285714,0.5590277777777778
8,DODA,5,Logistic Regression,"Bu, Sc, Pot, Hemo, Bp",0.6060606060606061,0.603448275862069,0.6862745098039216,0.6422018348623854,0.5947712418300654
8,DODA,5,Random Forest,"Bu, Sc, Pot, Hemo, Bp",0.5050505050505051,0.5181818181818182,0.5588235294117647,0.5377358490566038,0.5363562091503268
8,DODA,5,XGBoost,"Bu, Sc, Pot, Hemo, Bp",0.5707070707070707,0.5779816513761468,0.6176470588235294,0.5971563981042654,0.582312091503268
8,Boruta,10,Logistic Regression,"Pot, Wbcc, Bu, Hemo, Bp, Bgr, Sc, Age, Pcv, Rbcc",0.5606060606060606,0.5652173913043478,0.6372549019607843,0.5990783410138248,0.5806781045751634
8,Boruta,10,Random Forest,"Pot, Wbcc, Bu, Hemo, Bp, Bgr, Sc, Age, Pcv, Rbcc",0.5707070707070707,0.5714285714285714,0.6666666666666666,0.6153846153846154,0.577563316993464
8,Boruta,10,XGBoost,"Pot, Wbcc, Bu, Hemo, Bp, Bgr, Sc, Age, Pcv, Rbcc",0.5959595959595959,0.5887096774193549,0.7156862745098039,0.6460176991150443,0.6113153594771242
8,DODA,10,Logistic Regression,"Bu, Sc, Pot, Hemo, Bp, Bgr, Wbcc, Al, Pcv, Sg",0.5757575757575758,0.576271186440678,0.6666666666666666,0.6181818181818182,0.5886437908496733
8,DODA,10,Random Forest,"Bu, Sc, Pot, Hemo, Bp, Bgr, Wbcc, Al, Pcv, Sg",0.5353535353535354,0.5416666666666666,0.6372549019607843,0.5855855855855856,0.5424836601307189
8,DODA,10,XGBoost,"Bu, Sc, Pot, Hemo, Bp, Bgr, Wbcc, Al, Pcv, Sg",0.5353535353535354,0.5416666666666666,0.6372549019607843,0.5855855855855856,0.5522875816993464
8,Boruta,15,Logistic Regression,"Pot, Wbcc, Bu, Hemo, Bp, Bgr, Sc, Age, Pcv, Rbcc, Sod, Su, Al, Sg, Ba",0.5303030303030303,0.5420560747663551,0.5686274509803921,0.5550239234449761,0.5790441176470588
8,Boruta,15,Random Forest,"Pot, Wbcc, Bu, Hemo, Bp, Bgr, Sc, Age, Pcv, Rbcc, Sod, Su, Al, Sg, Ba",0.5757575757575758,0.5789473684210527,0.6470588235294118,0.6111111111111112,0.5852736928104575
8,Boruta,15,XGBoost,"Pot, Wbcc, Bu, Hemo, Bp, Bgr, Sc, Age, Pcv, Rbcc, Sod, Su, Al, Sg, Ba",0.6111111111111112,0.6,0.7352941176470589,0.6607929515418502,0.6131535947712418
8,DODA,15,Logistic Regression,"Bu, Sc, Pot, Hemo, Bp, Bgr, Wbcc, Al, Pcv, Sg, Age, Sod, Rbcc, Dm, Su",0.5656565656565656,0.5701754385964912,0.6372549019607843,0.6018518518518519,0.586703431372549
8,DODA,15,Random Forest,"Bu, Sc, Pot, Hemo, Bp, Bgr, Wbcc, Al, Pcv, Sg, Age, Sod, Rbcc, Dm, Su",0.5505050505050505,0.5537190082644629,0.6568627450980392,0.600896860986547,0.5922181372549019
8,DODA,15,XGBoost,"Bu, Sc, Pot, Hemo, Bp, Bgr, Wbcc, Al, Pcv, Sg, Age, Sod, Rbcc, Dm, Su",0.5707070707070707,0.5691056910569106,0.6862745098039216,0.6222222222222222,0.5870098039215685
8,Boruta,20,Logistic Regression,"Pot, Wbcc, Bu, Hemo, Bp, Bgr, Sc, Age, Pcv, Rbcc, Sod, Su, Al, Sg, Ba, Pe, Dm, Appet, Cad, Ane",0.5454545454545454,0.5555555555555556,0.5882352941176471,0.5714285714285714,0.545547385620915
8,Boruta,20,Random Forest,"Pot, Wbcc, Bu, Hemo, Bp, Bgr, Sc, Age, Pcv, Rbcc, Sod, Su, Al, Sg, Ba, Pe, Dm, Appet, Cad, Ane",0.5353535353535354,0.5423728813559322,0.6274509803921569,0.5818181818181818,0.5666360294117647
8,Boruta,20,XGBoost,"Pot, Wbcc, Bu, Hemo, Bp, Bgr, Sc, Age, Pcv, Rbcc, Sod, Su, Al, Sg, Ba, Pe, Dm, Appet, Cad, Ane",0.5555555555555556,0.5564516129032258,0.6764705882352942,0.6106194690265486,0.5934436274509803
8,DODA,20,Logistic Regression,"Bu, Sc, Pot, Hemo, Bp, Bgr, Wbcc, Al, Pcv, Sg, Age, Sod, Rbcc, Dm, Su, Pe, Htn, Ane, Ba, Rbc",0.5303030303030303,0.5412844036697247,0.5784313725490197,0.5592417061611374,0.5505514705882353
8,DODA,20,Random Forest,"Bu, Sc, Pot, Hemo, Bp, Bgr, Wbcc, Al, Pcv, Sg, Age, Sod, Rbcc, Dm, Su, Pe, Htn, Ane, Ba, Rbc",0.5454545454545454,0.5483870967741935,0.6666666666666666,0.6017699115044248,0.5529003267973857
8,DODA,20,XGBoost,"Bu, Sc, Pot, Hemo, Bp, Bgr, Wbcc, Al, Pcv, Sg, Age, Sod, Rbcc, Dm, Su, Pe, Htn, Ane, Ba, Rbc",0.5757575757575758,0.575,0.6764705882352942,0.6216216216216216,0.5816993464052288
9,Boruta,5,Logistic Regression,"Bp, Wbcc, Pot, Bgr, Hemo",0.4873096446700508,0.5,0.5445544554455446,0.5213270142180095,0.4711221122112211
9,Boruta,5,Random Forest,"Bp, Wbcc, Pot, Bgr, Hemo",0.4619289340101523,0.4766355140186916,0.504950495049505,0.49038461538461536,0.45482673267326734
9,Boruta,5,XGBoost,"Bp, Wbcc, Pot, Bgr, Hemo",0.49746192893401014,0.5089285714285714,0.5643564356435643,0.5352112676056338,0.497937293729373
9,DODA,5,Logistic Regression,"Sc, Bp, Bu, Hemo, Pot",0.5482233502538071,0.5508474576271186,0.6435643564356436,0.593607305936073,0.5298061056105611
9,DODA,5,Random Forest,"Sc, Bp, Bu, Hemo, Pot",0.5634517766497462,0.5688073394495413,0.6138613861386139,0.5904761904761905,0.5713696369636964
9,DODA,5,XGBoost,"Sc, Bp, Bu, Hemo, Pot",0.583756345177665,0.5871559633027523,0.6336633663366337,0.6095238095238096,0.6239686468646864
9,Boruta,10,Logistic Regression,"Bp, Wbcc, Pot, Bgr, Hemo, Sc, Bu, Age, Rbcc, Pcv",0.5025380710659898,0.5135135135135135,0.5643564356435643,0.5377358490566038,0.5037128712871287
9,Boruta,10,Random Forest,"Bp, Wbcc, Pot, Bgr, Hemo, Sc, Bu, Age, Rbcc, Pcv",0.49746192893401014,0.509090909090909,0.5544554455445545,0.5308056872037915,0.5337768151815181
9,Boruta,10,XGBoost,"Bp, Wbcc, Pot, Bgr, Hemo, Sc, Bu, Age, Rbcc, Pcv",0.5279187817258884,0.5370370370370371,0.5742574257425742,0.5550239234449761,0.5580651815181519
9,DODA,10,Logistic Regression,"Sc, Bp, Bu, Hemo, Pot, Bgr, Al, Wbcc, Age, Pcv",0.49746192893401014,0.5092592592592593,0.5445544554455446,0.5263157894736842,0.4674092409240925
9,DODA,10,Random Forest,"Sc, Bp, Bu, Hemo, Pot, Bgr, Al, Wbcc, Age, Pcv",0.5025380710659898,0.5130434782608696,0.5841584158415841,0.5462962962962963,0.5034550330033003
9,DODA,10,XGBoost,"Sc, Bp, Bu, Hemo, Pot, Bgr, Al, Wbcc, Age, Pcv",0.5228426395939086,0.5333333333333333,0.5544554455445545,0.5436893203883495,0.5307343234323433
9,Boruta,15,Logistic Regression,"Bp, Wbcc, Pot, Bgr, Hemo, Sc, Bu, Age, Rbcc, Pcv, Sod, Al, Su, Sg, Ba",0.5126903553299492,0.5217391304347826,0.594059405940594,0.5555555555555556,0.4879331683168317
9,Boruta,15,Random Forest,"Bp, Wbcc, Pot, Bgr, Hemo, Sc, Bu, Age, Rbcc, Pcv, Sod, Al, Su, Sg, Ba",0.5126903553299492,0.5213675213675214,0.6039603960396039,0.5596330275229358,0.5194410066006601
9,Boruta,15,XGBoost,"Bp, Wbcc, Pot, Bgr, Hemo, Sc, Bu, Age, Rbcc, Pcv, Sod, Al, Su, Sg, Ba",0.5431472081218274,0.5514018691588785,0.5841584158415841,0.5673076923076923,0.5652846534653465
9,DODA,15,Logistic Regression,"Sc, Bp, Bu, Hemo, Pot, Bgr, Al, Wbcc, Age, Pcv, Sg, Rbcc, Sod, Htn, Su",0.49238578680203043,0.5045871559633027,0.5445544554455446,0.5238095238095238,0.4852516501650165
9,DODA,15,Random Forest,"Sc, Bp, Bu, Hemo, Pot, Bgr, Al, Wbcc, Age, Pcv, Sg, Rbcc, Sod, Htn, Su",0.4720812182741117,0.4857142857142857,0.504950495049505,0.49514563106796117,0.5077867161716172
9,DODA,15,XGBoost,"Sc, Bp, Bu, Hemo, Pot, Bgr, Al, Wbcc, Age, Pcv, Sg, Rbcc, Sod, Htn, Su",0.5228426395939086,0.5333333333333333,0.5544554455445545,0.5436893203883495,0.554042904290429
9,Boruta,20,Logistic Regression,"Bp, Wbcc, Pot, Bgr, Hemo, Sc, Bu, Age, Rbcc, Pcv, Sod, Al, Su, Sg, Ba, Ane, Pcc, Pc, Rbc, Dm",0.49238578680203043,0.5045871559633027,0.5445544554455446,0.5238095238095238,0.47153465346534656
9,Boruta,20,Random Forest,"Bp, Wbcc, Pot, Bgr, Hemo, Sc, Bu, Age, Rbcc, Pcv, Sod, Al, Su, Sg, Ba, Ane, Pcc, Pc, Rbc, Dm",0.49746192893401014,0.5094339622641509,0.5346534653465347,0.5217391304347826,0.510519801980198
9,Boruta,20,XGBoost,"Bp, Wbcc, Pot, Bgr, Hemo, Sc, Bu, Age, Rbcc, Pcv, Sod, Al, Su, Sg, Ba, Ane, Pcc, Pc, Rbc, Dm",0.5126903553299492,0.5225225225225225,0.5742574257425742,0.5471698113207547,0.5198019801980198
9,DODA,20,Logistic Regression,"Sc, Bp, Bu, Hemo, Pot, Bgr, Al, Wbcc, Age, Pcv, Sg, Rbcc, Sod, Htn, Su, Dm, Ane, Rbc, Pe, Pc",0.4619289340101523,0.47572815533980584,0.48514851485148514,0.4803921568627451,0.4686468646864687
9,DODA,20,Random Forest,"Sc, Bp, Bu, Hemo, Pot, Bgr, Al, Wbcc, Age, Pcv, Sg, Rbcc, Sod, Htn, Su, Dm, Ane, Rbc, Pe, Pc",0.5025380710659898,0.5132743362831859,0.5742574257425742,0.5420560747663551,0.5095915841584159
9,DODA,20,XGBoost,"Sc, Bp, Bu, Hemo, Pot, Bgr, Al, Wbcc, Age, Pcv, Sg, Rbcc, Sod, Htn, Su, Dm, Ane, Rbc, Pe, Pc",0.5025380710659898,0.5148514851485149,0.5148514851485149,0.5148514851485149,0.5408415841584159
10,Boruta,5,Logistic Regression,"Sc, Bp, Pot, Bu, Wbcc",0.5177664974619289,0.5288461538461539,0.5445544554455446,0.5365853658536586,0.5014438943894389
10,Boruta,5,Random Forest,"Sc, Bp, Pot, Bu, Wbcc",0.5329949238578681,0.5542168674698795,0.45544554455445546,0.5,0.5222772277227723
10,Boruta,5,XGBoost,"Sc, Bp, Pot, Bu, Wbcc",0.5076142131979695,0.5208333333333334,0.49504950495049505,0.5076142131979695,0.4864892739273927
10,DODA,5,Logistic Regression,"Sc, Bp, Bu, Pot, Hemo",0.5228426395939086,0.5346534653465347,0.5346534653465347,0.5346534653465347,0.49804042904290435
10,DODA,5,Random Forest,"Sc, Bp, Bu, Pot, Hemo",0.5025380710659898,0.5151515151515151,0.504950495049505,0.51,0.5382116336633663
10,DODA,5,XGBoost,"Sc, Bp, Bu, Pot, Hemo",0.5583756345177665,0.5777777777777777,0.5148514851485149,0.5445026178010471,0.5389851485148516
10,Boruta,10,Logistic Regression,"Sc, Bp, Pot, Bu, Wbcc, Age, Hemo, Bgr, Pcv, Rbcc",0.5177664974619289,0.53125,0.504950495049505,0.5177664974619289,0.4984529702970297
10,Boruta,10,Random Forest,"Sc, Bp, Pot, Bu, Wbcc, Age, Hemo, Bgr, Pcv, Rbcc",0.5025380710659898,0.5172413793103449,0.44554455445544555,0.4787234042553192,0.49927805280528054
10,Boruta,10,XGBoost,"Sc, Bp, Pot, Bu, Wbcc, Age, Hemo, Bgr, Pcv, Rbcc",0.5025380710659898,0.5189873417721519,0.40594059405940597,0.45555555555555555,0.49463696369636967
10,DODA,10,Logistic Regression,"Sc, Bp, Bu, Pot, Hemo, Al, Bgr, Age, Pcv, Sg",0.5025380710659898,0.5148514851485149,0.5148514851485149,0.5148514851485149,0.5
10,DODA,10,Random Forest,"Sc, Bp, Bu, Pot, Hemo, Al, Bgr, Age, Pcv, Sg",0.5329949238578681,0.5517241379310345,0.4752475247524752,0.5106382978723404,0.5180486798679867
10,DODA,10,XGBoost,"Sc, Bp, Bu, Pot, Hemo, Al, Bgr, Age, Pcv, Sg",0.5228426395939086,0.5384615384615384,0.48514851485148514,0.5104166666666666,0.5298061056105611
10,Boruta,15,Logistic Regression,"Sc, Bp, Pot, Bu, Wbcc, Age, Hemo, Bgr, Pcv, Rbcc, Sod, Su, Al, Sg, Ba",0.5025380710659898,0.5145631067961165,0.5247524752475248,0.5196078431372549,0.48391089108910895
10,Boruta,15,Random Forest,"Sc, Bp, Pot, Bu, Wbcc, Age, Hemo, Bgr, Pcv, Rbcc, Sod, Su, Al, Sg, Ba",0.5076142131979695,0.524390243902439,0.42574257425742573,0.46994535519125685,0.5067037953795379
10,Boruta,15,XGBoost,"Sc, Bp, Pot, Bu, Wbcc, Age, Hemo, Bgr, Pcv, Rbcc, Sod, Su, Al, Sg, Ba",0.5431472081218274,0.5591397849462365,0.5148514851485149,0.5360824742268041,0.5282590759075907
10,DODA,15,Logistic Regression,"Sc, Bp, Bu, Pot, Hemo, Al, Bgr, Age, Pcv, Sg, Wbcc, Sod, Rbcc, Su, Htn",0.49746192893401014,0.5096153846153846,0.5247524752475248,0.5170731707317073,0.47782590759075905
10,DODA,15,Random Forest,"Sc, Bp, Bu, Pot, Hemo, Al, Bgr, Age, Pcv, Sg, Wbcc, Sod, Rbcc, Su, Htn",0.5329949238578681,0.5569620253164557,0.43564356435643564,0.4888888888888889,0.5429558580858086
10,DODA,15,XGBoost,"Sc, Bp, Bu, Pot, Hemo, Al, Bgr, Age, Pcv, Sg, Wbcc, Sod, Rbcc, Su, Htn",0.49238578680203043,0.5051546391752577,0.48514851485148514,0.494949494949495,0.503506600660066
10,Boruta,20,Logistic Regression,"Sc, Bp, Pot, Bu, Wbcc, Age, Hemo, Bgr, Pcv, Rbcc, Sod, Su, Al, Sg, Ba, Appet, Cad, Pcc, Pe, Rbc",0.5177664974619289,0.5294117647058824,0.5346534653465347,0.5320197044334976,0.48040429042904287
10,Boruta,20,Random Forest,"Sc, Bp, Pot, Bu, Wbcc, Age, Hemo, Bgr, Pcv, Rbcc, Sod, Su, Al, Sg, Ba, Appet, Cad, Pcc, Pe, Rbc",0.5025380710659898,0.5176470588235295,0.43564356435643564,0.4731182795698925,0.5362004950495051
10,Boruta,20,XGBoost,"Sc, Bp, Pot, Bu, Wbcc, Age, Hemo, Bgr, Pcv, Rbcc, Sod, Su, Al, Sg, Ba, Appet, Cad, Pcc, Pe, Rbc",0.5329949238578681,0.550561797752809,0.48514851485148514,0.5157894736842106,0.49566831683168316
10,DODA,20,Logistic Regression,"Sc, Bp, Bu, Pot, Hemo, Al, Bgr, Age, Pcv, Sg, Wbcc, Sod, Rbcc, Su, Htn, Dm, Pe, Ane, Ba, Cad",0.49746192893401014,0.5094339622641509,0.5346534653465347,0.5217391304347826,0.4732879537953796
10,DODA,20,Random Forest,"Sc, Bp, Bu, Pot, Hemo, Al, Bgr, Age, Pcv, Sg, Wbcc, Sod, Rbcc, Su, Htn, Dm, Pe, Ane, Ba, Cad",0.5126903553299492,0.5274725274725275,0.4752475247524752,0.5,0.5170173267326732
10,DODA,20,XGBoost,"Sc, Bp, Bu, Pot, Hemo, Al, Bgr, Age, Pcv, Sg, Wbcc, Sod, Rbcc, Su, Htn, Dm, Pe, Ane, Ba, Cad",0.5228426395939086,0.5402298850574713,0.46534653465346537,0.5,0.5132013201320131
11,Boruta,5,Logistic Regression,"Bu, Bp, Sc, Wbcc, Bgr",0.5,0.5079365079365079,0.6336633663366337,0.5638766519823789,0.5100540981933246
11,Boruta,5,Random Forest,"Bu, Bp, Sc, Wbcc, Bgr",0.4393939393939394,0.4537037037037037,0.48514851485148514,0.4688995215311005,0.4534551393283658
11,Boruta,5,XGBoost,"Bu, Bp, Sc, Wbcc, Bgr",0.47474747474747475,0.48484848484848486,0.4752475247524752,0.48,0.48188220883944066
11,DODA,5,Logistic Regression,"Bu, Sc, Bp, Bgr, Hemo",0.5,0.5075757575757576,0.6633663366336634,0.575107296137339,0.5132183321424926
11,DODA,5,Random Forest,"Bu, Sc, Bp, Bgr, Hemo",0.51010101010101,0.5188679245283019,0.5445544554455446,0.5314009661835749,0.5103603143819537
11,DODA,5,XGBoost,"Bu, Sc, Bp, Bgr, Hemo",0.45454545454545453,0.4672897196261682,0.49504950495049505,0.4807692307692308,0.49321220781872005
11,Boruta,10,Logistic Regression,"Bu, Bp, Sc, Wbcc, Bgr, Pot, Hemo, Age, Rbcc, Pcv",0.5353535353535354,0.5371900826446281,0.6435643564356436,0.5855855855855856,0.5278146371338165
11,Boruta,10,Random Forest,"Bu, Bp, Sc, Wbcc, Bgr, Pot, Hemo, Age, Rbcc, Pcv",0.5555555555555556,0.5619047619047619,0.5841584158415841,0.5728155339805825,0.5696131468816985
11,Boruta,10,XGBoost,"Bu, Bp, Sc, Wbcc, Bgr, Pot, Hemo, Age, Rbcc, Pcv",0.5555555555555556,0.5643564356435643,0.5643564356435643,0.5643564356435643,0.557211391242217
11,DODA,10,Logistic Regression,"Bu, Sc, Bp, Bgr, Hemo, Al, Pot, Wbcc, Pcv, Age",0.5202020202020202,0.5245901639344263,0.6336633663366337,0.5739910313901345,0.5226089619271206
11,DODA,10,Random Forest,"Bu, Sc, Bp, Bgr, Hemo, Al, Pot, Wbcc, Pcv, Age",0.5505050505050505,0.56,0.5544554455445545,0.5572139303482587,0.5662958048382157
11,DODA,10,XGBoost,"Bu, Sc, Bp, Bgr, Hemo, Al, Pot, Wbcc, Pcv, Age",0.5353535353535354,0.5428571428571428,0.5643564356435643,0.5533980582524272,0.5717056241706645
11,Boruta,15,Logistic Regression,"Bu, Bp, Sc, Wbcc, Bgr, Pot, Hemo, Age, Rbcc, Pcv, Sod, Su, Al, Sg, Ba",0.5202020202020202,0.5272727272727272,0.5742574257425742,0.5497630331753555,0.5126058997652343
11,Boruta,15,Random Forest,"Bu, Bp, Sc, Wbcc, Bgr, Pot, Hemo, Age, Rbcc, Pcv, Sod, Su, Al, Sg, Ba",0.5353535353535354,0.5428571428571428,0.5643564356435643,0.5533980582524272,0.5383280596100848
11,Boruta,15,XGBoost,"Bu, Bp, Sc, Wbcc, Bgr, Pot, Hemo, Age, Rbcc, Pcv, Sod, Su, Al, Sg, Ba",0.5252525252525253,0.5353535353535354,0.5247524752475248,0.53,0.5413902214963764
11,DODA,15,Logistic Regression,"Bu, Sc, Bp, Bgr, Hemo, Al, Pot, Wbcc, Pcv, Age, Sg, Rbcc, Sod, Su, Dm",0.5151515151515151,0.5213675213675214,0.6039603960396039,0.5596330275229358,0.5105644585077065
11,DODA,15,Random Forest,"Bu, Sc, Bp, Bgr, Hemo, Al, Pot, Wbcc, Pcv, Age, Sg, Rbcc, Sod, Su, Dm",0.5606060606060606,0.5673076923076923,0.5841584158415841,0.5756097560975609,0.5841584158415841
11,DODA,15,XGBoost,"Bu, Sc, Bp, Bgr, Hemo, Al, Pot, Wbcc, Pcv, Age, Sg, Rbcc, Sod, Su, Dm",0.5151515151515151,0.5233644859813084,0.5544554455445545,0.5384615384615384,0.560069409002756
11,Boruta,20,Logistic Regression,"Bu, Bp, Sc, Wbcc, Bgr, Pot, Hemo, Age, Rbcc, Pcv, Sod, Su, Al, Sg, Ba, Cad, Pcc, Pc, Dm, Ane",0.51010101010101,0.5178571428571429,0.5742574257425742,0.5446009389671361,0.5131162600796162
11,Boruta,20,Random Forest,"Bu, Bp, Sc, Wbcc, Bgr, Pot, Hemo, Age, Rbcc, Pcv, Sod, Su, Al, Sg, Ba, Cad, Pcc, Pc, Dm, Ane",0.5454545454545454,0.5523809523809524,0.5742574257425742,0.5631067961165048,0.5253138715933449
11,Boruta,20,XGBoost,"Bu, Bp, Sc, Wbcc, Bgr, Pot, Hemo, Age, Rbcc, Pcv, Sod, Su, Al, Sg, Ba, Cad, Pcc, Pc, Dm, Ane",0.5505050505050505,0.5638297872340425,0.5247524752475248,0.5435897435897435,0.5520057160355211
11,DODA,20,Logistic Regression,"Bu, Sc, Bp, Bgr, Hemo, Al, Pot, Wbcc, Pcv, Age, Sg, Rbcc, Sod, Su, Dm, Htn, Ane, Cad, Ba, Pc",0.5202020202020202,0.5263157894736842,0.594059405940594,0.5581395348837209,0.516994998468919
11,DODA,20,Random Forest,"Bu, Sc, Bp, Bgr, Hemo, Al, Pot, Wbcc, Pcv, Age, Sg, Rbcc, Sod, Su, Dm, Htn, Ane, Cad, Ba, Pc",0.5555555555555556,0.5607476635514018,0.594059405940594,0.5769230769230769,0.5474124732060835
11,DODA,20,XGBoost,"Bu, Sc, Bp, Bgr, Hemo, Al, Pot, Wbcc, Pcv, Age, Sg, Rbcc, Sod, Su, Dm, Htn, Ane, Cad, Ba, Pc",0.5505050505050505,0.56,0.5544554455445545,0.5572139303482587,0.559048688373992
12,Boruta,5,Logistic Regression,"Pot, Bp, Sc, Bgr, Wbcc",0.5656565656565656,0.5701754385964912,0.6372549019607843,0.6018518518518519,0.6031454248366013
12,Boruta,5,Random Forest,"Pot, Bp, Sc, Bgr, Wbcc",0.5151515151515151,0.5288461538461539,0.5392156862745098,0.5339805825242718,0.49964256535947715
12,Boruta,5,XGBoost,"Pot, Bp, Sc, Bgr, Wbcc",0.51010101010101,0.5233644859813084,0.5490196078431373,0.5358851674641149,0.494281045751634
12,DODA,5,Logistic Regression,"Sc, Bp, Pot, Bu, Bgr",0.5656565656565656,0.5701754385964912,0.6372549019607843,0.6018518518518519,0.5918096405228757
12,DODA,5,Random Forest,"Sc, Bp, Pot, Bu, Bgr",0.5252525252525253,0.5384615384615384,0.5490196078431373,0.5436893203883495,0.5205269607843137
12,DODA,5,XGBoost,"Sc, Bp, Pot, Bu, Bgr",0.5353535353535354,0.5480769230769231,0.5588235294117647,0.5533980582524272,0.5429942810457516
12,Boruta,10,Logistic Regression,"Pot, Bp, Sc, Bgr, Wbcc, Hemo, Bu, Age, Rbcc, Pcv",0.5909090909090909,0.5963302752293578,0.6372549019607843,0.6161137440758294,0.5861928104575164
12,Boruta,10,Random Forest,"Pot, Bp, Sc, Bgr, Wbcc, Hemo, Bu, Age, Rbcc, Pcv",0.5555555555555556,0.5729166666666666,0.5392156862745098,0.5555555555555556,0.5645424836601306
12,Boruta,10,XGBoost,"Pot, Bp, Sc, Bgr, Wbcc, Hemo, Bu, Age, Rbcc, Pcv",0.5656565656565656,0.5754716981132075,0.5980392156862745,0.5865384615384616,0.5666870915032679
12,DODA,10,Logistic Regression,"Sc, Bp, Pot, Bu, Bgr, Hemo, Al, Wbcc, Pcv, Age",0.5555555555555556,0.5614035087719298,0.6274509803921569,0.5925925925925926,0.5931372549019607
12,DODA,10,Random Forest,"Sc, Bp, Pot, Bu, Bgr, Hemo, Al, Wbcc, Pcv, Age",0.5656565656565656,0.5769230769230769,0.5882352941176471,0.5825242718446602,0.5638786764705882
12,DODA,10,XGBoost,"Sc, Bp, Pot, Bu, Bgr, Hemo, Al, Wbcc, Pcv, Age",0.5757575757575758,0.5818181818181818,0.6274509803921569,0.6037735849056604,0.5934436274509804
12,Boruta,15,Logistic Regression,"Pot, Bp, Sc, Bgr, Wbcc, Hemo, Bu, Age, Rbcc, Pcv, Sod, Al, Su, Sg, Ba",0.5707070707070707,0.5858585858585859,0.5686274509803921,0.5771144278606966,0.5777165032679739
12,Boruta,15,Random Forest,"Pot, Bp, Sc, Bgr, Wbcc, Hemo, Bu, Age, Rbcc, Pcv, Sod, Al, Su, Sg, Ba",0.5454545454545454,0.5588235294117647,0.5588235294117647,0.5588235294117647,0.5723039215686274
12,Boruta,15,XGBoost,"Pot, Bp, Sc, Bgr, Wbcc, Hemo, Bu, Age, Rbcc, Pcv, Sod, Al, Su, Sg, Ba",0.5808080808080808,0.5959595959595959,0.5784313725490197,0.5870646766169154,0.594873366013072
12,DODA,15,Logistic Regression,"Sc, Bp, Pot, Bu, Bgr, Hemo, Al, Wbcc, Pcv, Age, Sg, Rbcc, Sod, Htn, Dm",0.5808080808080808,0.584070796460177,0.6470588235294118,0.6139534883720931,0.5746527777777779
12,DODA,15,Random Forest,"Sc, Bp, Pot, Bu, Bgr, Hemo, Al, Wbcc, Pcv, Age, Sg, Rbcc, Sod, Htn, Dm",0.5353535353535354,0.5480769230769231,0.5588235294117647,0.5533980582524272,0.5548917483660131
12,DODA,15,XGBoost,"Sc, Bp, Pot, Bu, Bgr, Hemo, Al, Wbcc, Pcv, Age, Sg, Rbcc, Sod, Htn, Dm",0.5707070707070707,0.5794392523364486,0.6078431372549019,0.5933014354066986,0.5802696078431373
12,Boruta,20,Logistic Regression,"Pot, Bp, Sc, Bgr, Wbcc, Hemo, Bu, Age, Rbcc, Pcv, Sod, Al, Su, Sg, Ba, Ane, Htn, Pcc, Dm, Rbc",0.5808080808080808,0.5959595959595959,0.5784313725490197,0.5870646766169154,0.5704656862745098
12,Boruta,20,Random Forest,"Pot, Bp, Sc, Bgr, Wbcc, Hemo, Bu, Age, Rbcc, Pcv, Sod, Al, Su, Sg, Ba, Ane, Htn, Pcc, Dm, Rbc",0.5808080808080808,0.594059405940594,0.5882352941176471,0.5911330049261084,0.5863970588235294
12,Boruta,20,XGBoost,"Pot, Bp, Sc, Bgr, Wbcc, Hemo, Bu, Age, Rbcc, Pcv, Sod, Al, Su, Sg, Ba, Ane, Htn, Pcc, Dm, Rbc",0.5757575757575758,0.5882352941176471,0.5882352941176471,0.5882352941176471,0.5808823529411765
12,DODA,20,Logistic Regression,"Sc, Bp, Pot, Bu, Bgr, Hemo, Al, Wbcc, Pcv, Age, Sg, Rbcc, Sod, Htn, Dm, Su, Ane, Rbc, Ba, Pe",0.5757575757575758,0.5882352941176471,0.5882352941176471,0.5882352941176471,0.5713848039215687
12,DODA,20,Random Forest,"Sc, Bp, Pot, Bu, Bgr, Hemo, Al, Wbcc, Pcv, Age, Sg, Rbcc, Sod, Htn, Dm, Su, Ane, Rbc, Ba, Pe",0.5656565656565656,0.5851063829787234,0.5392156862745098,0.5612244897959183,0.5644403594771242
12,DODA,20,XGBoost,"Sc, Bp, Pot, Bu, Bgr, Hemo, Al, Wbcc, Pcv, Age, Sg, Rbcc, Sod, Htn, Dm, Su, Ane, Rbc, Ba, Pe",0.5606060606060606,0.5700934579439252,0.5980392156862745,0.583732057416268,0.6091707516339869
13,Boruta,5,Logistic Regression,"Sc, Bp, Bu, Hemo, Wbcc",0.5404040404040404,0.5470085470085471,0.6274509803921569,0.5844748858447488,0.5418709150326798
13,Boruta,5,Random Forest,"Sc, Bp, Bu, Hemo, Wbcc",0.5202020202020202,0.5360824742268041,0.5098039215686274,0.5226130653266332,0.5002553104575164
13,Boruta,5,XGBoost,"Sc, Bp, Bu, Hemo, Wbcc",0.5404040404040404,0.5533980582524272,0.5588235294117647,0.5560975609756098,0.5551470588235294
13,DODA,5,Logistic Regression,"Sc, Bu, Bp, Hemo, Pot",0.5353535353535354,0.543859649122807,0.6078431372549019,0.5740740740740741,0.5471813725490196
13,DODA,5,Random Forest,"Sc, Bu, Bp, Hemo, Pot",0.5707070707070707,0.5779816513761468,0.6176470588235294,0.5971563981042654,0.5731209150326797
13,DODA,5,XGBoost,"Sc, Bu, Bp, Hemo, Pot",0.5505050505050505,0.5607476635514018,0.5882352941176471,0.5741626794258373,0.5757761437908497
13,Boruta,10,Logistic Regression,"Sc, Bp, Bu, Hemo, Wbcc, Pot, Bgr, Pcv, Age, Rbcc",0.5353535353535354,0.5446428571428571,0.5980392156862745,0.5700934579439252,0.5423815359477124
13,Boruta,10,Random Forest,"Sc, Bp, Bu, Hemo, Wbcc, Pot, Bgr, Pcv, Age, Rbcc",0.5555555555555556,0.57,0.5588235294117647,0.5643564356435643,0.5362030228758171
13,Boruta,10,XGBoost,"Sc, Bp, Bu, Hemo, Wbcc, Pot, Bgr, Pcv, Age, Rbcc",0.5505050505050505,0.5643564356435643,0.5588235294117647,0.5615763546798029,0.5452410130718954
13,DODA,10,Logistic Regression,"Sc, Bu, Bp, Hemo, Pot, Bgr, Al, Pcv, Wbcc, Sg",0.5505050505050505,0.5596330275229358,0.5980392156862745,0.5781990521327014,0.5300245098039216
13,DODA,10,Random Forest,"Sc, Bu, Bp, Hemo, Pot, Bgr, Al, Pcv, Wbcc, Sg",0.5353535353535354,0.5480769230769231,0.5588235294117647,0.5533980582524272,0.5460069444444444
13,DODA,10,XGBoost,"Sc, Bu, Bp, Hemo, Pot, Bgr, Al, Pcv, Wbcc, Sg",0.4898989898989899,0.5050505050505051,0.49019607843137253,0.4975124378109453,0.5346200980392157
13,Boruta,15,Logistic Regression,"Sc, Bp, Bu, Hemo, Wbcc, Pot, Bgr, Pcv, Age, Rbcc, Sod, Su, Al, Sg, Ba",0.5404040404040404,0.5495495495495496,0.5980392156862745,0.5727699530516432,0.5406454248366013
13,Boruta,15,Random Forest,"Sc, Bp, Bu, Hemo, Wbcc, Pot, Bgr, Pcv, Age, Rbcc, Sod, Su, Al, Sg, Ba",0.5404040404040404,0.5514018691588785,0.5784313725490197,0.5645933014354066,0.5558619281045752
13,Boruta,15,XGBoost,"Sc, Bp, Bu, Hemo, Wbcc, Pot, Bgr, Pcv, Age, Rbcc, Sod, Su, Al, Sg, Ba",0.5151515151515151,0.53125,0.5,0.5151515151515151,0.5568831699346405
13,DODA,15,Logistic Regression,"Sc, Bu, Bp, Hemo, Pot, Bgr, Al, Pcv, Wbcc, Sg, Age, Sod, Htn, Rbcc, Su",0.5404040404040404,0.5504587155963303,0.5882352941176471,0.5687203791469194,0.546875
13,DODA,15,Random Forest,"Sc, Bu, Bp, Hemo, Pot, Bgr, Al, Pcv, Wbcc, Sg, Age, Sod, Htn, Rbcc, Su",0.5252525252525253,0.5408163265306123,0.5196078431372549,0.53,0.5206290849673202
13,DODA,15,XGBoost,"Sc, Bu, Bp, Hemo, Pot, Bgr, Al, Pcv, Wbcc, Sg, Age, Sod, Htn, Rbcc, Su",0.5303030303030303,0.5436893203883495,0.5490196078431373,0.5463414634146342,0.547998366013072
13,Boruta,20,Logistic Regression,"Sc, Bp, Bu, Hemo, Wbcc, Pot, Bgr, Pcv, Age, Rbcc, Sod, Su, Al, Sg, Ba, Ane, Htn, Cad, Appet, Pc",0.5202020202020202,0.5304347826086957,0.5980392156862745,0.5622119815668203,0.5381944444444444
13,Boruta,20,Random Forest,"Sc, Bp, Bu, Hemo, Wbcc, Pot, Bgr, Pcv, Age, Rbcc, Sod, Su, Al, Sg, Ba, Ane, Htn, Cad, Appet, Pc",0.5252525252525253,0.54,0.5294117647058824,0.5346534653465347,0.5281352124183006
13,Boruta,20,XGBoost,"Sc, Bp, Bu, Hemo, Wbcc, Pot, Bgr, Pcv, Age, Rbcc, Sod, Su, Al, Sg, Ba, Ane, Htn, Cad, Appet, Pc",0.5202020202020202,0.5333333333333333,0.5490196078431373,0.5410628019323671,0.5448325163398694
13,DODA,20,Logistic Regression,"Sc, Bu, Bp, Hemo, Pot, Bgr, Al, Pcv, Wbcc, Sg, Age, Sod, Htn, Rbcc, Su, Ane, Dm, Pe, Ba, Rbc",0.5,0.5137614678899083,0.5490196078431373,0.5308056872037915,0.5362540849673203
13,DODA,20,Random Forest,"Sc, Bu, Bp, Hemo, Pot, Bgr, Al, Pcv, Wbcc, Sg, Age, Sod, Htn, Rbcc, Su, Ane, Dm, Pe, Ba, Rbc",0.5505050505050505,0.5656565656565656,0.5490196078431373,0.5572139303482587,0.5391646241830065
13,DODA,20,XGBoost,"Sc, Bu, Bp, Hemo, Pot, Bgr, Al, Pcv, Wbcc, Sg, Age, Sod, Htn, Rbcc, Su, Ane, Dm, Pe, Ba, Rbc",0.5151515151515151,0.5267857142857143,0.5784313725490197,0.5514018691588785,0.5318627450980393
14,Boruta,5,Logistic Regression,"Bgr, Bp, Pot, Wbcc, Sc",0.5786802030456852,0.576271186440678,0.6732673267326733,0.6210045662100456,0.5988036303630363
14,Boruta,5,Random Forest,"Bgr, Bp, Pot, Wbcc, Sc",0.5076142131979695,0.5185185185185185,0.5544554455445545,0.5358851674641149,0.5094884488448845
14,Boruta,5,XGBoost,"Bgr, Bp, Pot, Wbcc, Sc",0.5786802030456852,0.5818181818181818,0.6336633663366337,0.6066350710900474,0.5589933993399341
14,DODA,5,Logistic Regression,"Sc, Bp, Bu, Bgr, Pot",0.5888324873096447,0.5862068965517241,0.6732673267326733,0.6267281105990783,0.5914810231023102
14,DODA,5,Random Forest,"Sc, Bp, Bu, Bgr, Pot",0.5380710659898477,0.5490196078431373,0.5544554455445545,0.5517241379310345,0.5411509900990099
14,DODA,5,XGBoost,"Sc, Bp, Bu, Bgr, Pot",0.5126903553299492,0.5252525252525253,0.5148514851485149,0.52,0.539707095709571
14,Boruta,10,Logistic Regression,"Bgr, Bp, Pot, Wbcc, Sc, Bu, Hemo, Age, Pcv, Rbcc",0.5888324873096447,0.5847457627118644,0.6831683168316832,0.6301369863013698,0.5973597359735974
14,Boruta,10,Random Forest,"Bgr, Bp, Pot, Wbcc, Sc, Bu, Hemo, Age, Pcv, Rbcc",0.5126903553299492,0.5221238938053098,0.5841584158415841,0.5514018691588785,0.5607982673267327
14,Boruta,10,XGBoost,"Bgr, Bp, Pot, Wbcc, Sc, Bu, Hemo, Age, Pcv, Rbcc",0.5228426395939086,0.5315315315315315,0.5841584158415841,0.5566037735849056,0.5357879537953796
14,DODA,10,Logistic Regression,"Sc, Bp, Bu, Bgr, Pot, Hemo, Al, Wbcc, Pcv, Age",0.5685279187817259,0.5666666666666667,0.6732673267326733,0.6153846153846154,0.5889026402640265
14,DODA,10,Random Forest,"Sc, Bp, Bu, Bgr, Pot, Hemo, Al, Wbcc, Pcv, Age",0.5431472081218274,0.5495495495495496,0.6039603960396039,0.5754716981132075,0.5229476072607261
14,DODA,10,XGBoost,"Sc, Bp, Bu, Bgr, Pot, Hemo, Al, Wbcc, Pcv, Age",0.5228426395939086,0.5321100917431193,0.5742574257425742,0.5523809523809524,0.5407384488448845
14,Boruta,15,Logistic Regression,"Bgr, Bp, Pot, Wbcc, Sc, Bu, Hemo, Age, Pcv, Rbcc, Sod, Su, Al, Sg, Appet",0.5685279187817259,0.5677966101694916,0.6633663366336634,0.6118721461187214,0.5800330033003301
14,Boruta,15,Random Forest,"Bgr, Bp, Pot, Wbcc, Sc, Bu, Hemo, Age, Pcv, Rbcc, Sod, Su, Al, Sg, Appet",0.5279187817258884,0.5350877192982456,0.6039603960396039,0.5674418604651162,0.5466687293729373
14,Boruta,15,XGBoost,"Bgr, Bp, Pot, Wbcc, Sc, Bu, Hemo, Age, Pcv, Rbcc, Sod, Su, Al, Sg, Appet",0.5228426395939086,0.5289256198347108,0.6336633663366337,0.5765765765765766,0.5454826732673267
14,DODA,15,Logistic Regression,"Sc, Bp, Bu, Bgr, Pot, Hemo, Al, Wbcc, Pcv, Age, Sg, Sod, Rbcc, Htn, Su",0.5736040609137056,0.5726495726495726,0.6633663366336634,0.6146788990825688,0.5950907590759076
14,DODA,15,Random Forest,"Sc, Bp, Bu, Bgr, Pot, Hemo, Al, Wbcc, Pcv, Age, Sg, Sod, Rbcc, Htn, Su",0.5279187817258884,0.5357142857142857,0.594059405940594,0.5633802816901409,0.553733498349835
14,DODA,15,XGBoost,"Sc, Bp, Bu, Bgr, Pot, Hemo, Al, Wbcc, Pcv, Age, Sg, Sod, Rbcc, Htn, Su",0.5431472081218274,0.5454545454545454,0.6534653465346535,0.5945945945945946,0.5388820132013201
14,Boruta,20,Logistic Regression,"Bgr, Bp, Pot, Wbcc, Sc, Bu, Hemo, Age, Pcv, Rbcc, Sod, Su, Al, Sg, Appet, Ane, Ba, Dm, Htn, Pc",0.5634517766497462,0.5652173913043478,0.6435643564356436,0.6018518518518519,0.5905528052805281
14,Boruta,20,Random Forest,"Bgr, Bp, Pot, Wbcc, Sc, Bu, Hemo, Age, Pcv, Rbcc, Sod, Su, Al, Sg, Appet, Ane, Ba, Dm, Htn, Pc",0.5380710659898477,0.543859649122807,0.6138613861386139,0.5767441860465117,0.5574463696369637
14,Boruta,20,XGBoost,"Bgr, Bp, Pot, Wbcc, Sc, Bu, Hemo, Age, Pcv, Rbcc, Sod, Su, Al, Sg, Appet, Ane, Ba, Dm, Htn, Pc",0.5532994923857868,0.5565217391304348,0.6336633663366337,0.5925925925925926,0.5452764026402641
14,DODA,20,Logistic Regression,"Sc, Bp, Bu, Bgr, Pot, Hemo, Al, Wbcc, Pcv, Age, Sg, Sod, Rbcc, Htn, Su, Dm, Ane, Pe, Appet, Rbc",0.5634517766497462,0.5652173913043478,0.6435643564356436,0.6018518518518519,0.5841584158415841
14,DODA,20,Random Forest,"Sc, Bp, Bu, Bgr, Pot, Hemo, Al, Wbcc, Pcv, Age, Sg, Sod, Rbcc, Htn, Su, Dm, Ane, Pe, Appet, Rbc",0.5177664974619289,0.5267857142857143,0.5841584158415841,0.5539906103286385,0.5251134488448845
14,DODA,20,XGBoost,"Sc, Bp, Bu, Bgr, Pot, Hemo, Al, Wbcc, Pcv, Age, Sg, Sod, Rbcc, Htn, Su, Dm, Ane, Pe, Appet, Rbc",0.49746192893401014,0.5087719298245614,0.5742574257425742,0.5395348837209303,0.522174092409241
15,Boruta,5,Logistic Regression,"Bu, Bp, Sc, Bgr, Pot",0.5685279187817259,0.5833333333333334,0.5544554455445545,0.5685279187817259,0.5464108910891089
15,Boruta,5,Random Forest,"Bu, Bp, Sc, Bgr, Pot",0.4873096446700508,0.5,0.40594059405940597,0.44808743169398907,0.48927392739273934
15,Boruta,5,XGBoost,"Bu, Bp, Sc, Bgr, Pot",0.5532994923857868,0.5670103092783505,0.5445544554455446,0.5555555555555556,0.5623968646864687
15,DODA,5,Logistic Regression,"Bu, Sc, Bp, Bgr, Al",0.5279187817258884,0.5416666666666666,0.5148514851485149,0.5279187817258884,0.5325907590759076
15,DODA,5,Random Forest,"Bu, Sc, Bp, Bgr, Al",0.5177664974619289,0.5348837209302325,0.45544554455445546,0.4919786096256685,0.5211943069306931
15,DODA,5,XGBoost,"Bu, Sc, Bp, Bgr, Al",0.5888324873096447,0.6041666666666666,0.5742574257425742,0.5888324873096447,0.5891089108910891
15,Boruta,10,Logistic Regression,"Bu, Bp, Sc, Bgr, Pot, Wbcc, Age, Hemo, Pcv, Rbcc",0.5329949238578681,0.5517241379310345,0.4752475247524752,0.5106382978723404,0.5307343234323433
15,Boruta,10,Random Forest,"Bu, Bp, Sc, Bgr, Pot, Wbcc, Age, Hemo, Pcv, Rbcc",0.5482233502538071,0.5588235294117647,0.5643564356435643,0.5615763546798029,0.5509488448844884
15,Boruta,10,XGBoost,"Bu, Bp, Sc, Bgr, Pot, Wbcc, Age, Hemo, Pcv, Rbcc",0.5228426395939086,0.5376344086021505,0.49504950495049505,0.5154639175257731,0.5567244224422442
15,DODA,10,Logistic Regression,"Bu, Sc, Bp, Bgr, Al, Pot, Hemo, Age, Pcv, Sg",0.5177664974619289,0.532608695652174,0.48514851485148514,0.5077720207253886,0.5200082508250824
15,DODA,10,Random Forest,"Bu, Sc, Bp, Bgr, Al, Pot, Hemo, Age, Pcv, Sg",0.5583756345177665,0.5760869565217391,0.5247524752475248,0.5492227979274611,0.5891089108910892
15,DODA,10,XGBoost,"Bu, Sc, Bp, Bgr, Al, Pot, Hemo, Age, Pcv, Sg",0.5076142131979695,0.5238095238095238,0.43564356435643564,0.4756756756756757,0.5587871287128713
15,Boruta,15,Logistic Regression,"Bu, Bp, Sc, Bgr, Pot, Wbcc, Age, Hemo, Pcv, Rbcc, Sod, Al, Sg, Su, Ane",0.5329949238578681,0.5436893203883495,0.5544554455445545,0.5490196078431373,0.5398102310231023
15,Boruta,15,Random Forest,"Bu, Bp, Sc, Bgr, Pot, Wbcc, Age, Hemo, Pcv, Rbcc, Sod, Al, Sg, Su, Ane",0.5482233502538071,0.5566037735849056,0.5841584158415841,0.5700483091787439,0.5821472772277227
15,Boruta,15,XGBoost,"Bu, Bp, Sc, Bgr, Pot, Wbcc, Age, Hemo, Pcv, Rbcc, Sod, Al, Sg, Su, Ane",0.5380710659898477,0.5568181818181818,0.48514851485148514,0.5185185185185185,0.5673473597359736
15,DODA,15,Logistic Regression,"Bu, Sc, Bp, Bgr, Al, Pot, Hemo, Age, Pcv, Sg, Wbcc, Sod, Rbcc, Ane, Dm",0.49238578680203043,0.5048543689320388,0.5148514851485149,0.5098039215686274,0.519286303630363
15,DODA,15,Random Forest,"Bu, Sc, Bp, Bgr, Al, Pot, Hemo, Age, Pcv, Sg, Wbcc, Sod, Rbcc, Ane, Dm",0.5076142131979695,0.5196078431372549,0.5247524752475248,0.5221674876847291,0.5462561881188118
15,DODA,15,XGBoost,"Bu, Sc, Bp, Bgr, Al, Pot, Hemo, Age, Pcv, Sg, Wbcc, Sod, Rbcc, Ane, Dm",0.5279187817258884,0.5444444444444444,0.48514851485148514,0.5130890052356021,0.5561056105610561
15,Boruta,20,Logistic Regression,"Bu, Bp, Sc, Bgr, Pot, Wbcc, Age, Hemo, Pcv, Rbcc, Sod, Al, Sg, Su, Ane, Ba, Pcc, Cad, Appet, Dm",0.5329949238578681,0.5412844036697247,0.5841584158415841,0.5619047619047619,0.5389851485148516
15,Boruta,20,Random Forest,"Bu, Bp, Sc, Bgr, Pot, Wbcc, Age, Hemo, Pcv, Rbcc, Sod, Al, Sg, Su, Ane, Ba, Pcc, Cad, Appet, Dm",0.5126903553299492,0.5252525252525253,0.5148514851485149,0.52,0.5447091584158417
15,Boruta,20,XGBoost,"Bu, Bp, Sc, Bgr, Pot, Wbcc, Age, Hemo, Pcv, Rbcc, Sod, Al, Sg, Su, Ane, Ba, Pcc, Cad, Appet, Dm",0.5634517766497462,0.5757575757575758,0.5643564356435643,0.57,0.5750825082508252
15,DODA,20,Logistic Regression,"Bu, Sc, Bp, Bgr, Al, Pot, Hemo, Age, Pcv, Sg, Wbcc, Sod, Rbcc, Ane, Dm, Su, Htn, Pe, Rbc, Cad",0.5076142131979695,0.52,0.5148514851485149,0.5174129353233831,0.5229991749174918
15,DODA,20,Random Forest,"Bu, Sc, Bp, Bgr, Al, Pot, Hemo, Age, Pcv, Sg, Wbcc, Sod, Rbcc, Ane, Dm, Su, Htn, Pe, Rbc, Cad",0.5126903553299492,0.5252525252525253,0.5148514851485149,0.52,0.5496596534653465
15,DODA,20,XGBoost,"Bu, Sc, Bp, Bgr, Al, Pot, Hemo, Age, Pcv, Sg, Wbcc, Sod, Rbcc, Ane, Dm, Su, Htn, Pe, Rbc, Cad",0.5431472081218274,0.5555555555555556,0.5445544554455446,0.55,0.5733292079207921
16,Boruta,5,Logistic Regression,"Bp, Pot, Hemo, Bu, Age",0.5303030303030303,0.5344827586206896,0.6138613861386139,0.5714285714285714,0.4916811268755742
16,Boruta,5,Random Forest,"Bp, Pot, Hemo, Bu, Age",0.5303030303030303,0.5363636363636364,0.5841584158415841,0.5592417061611374,0.5222517097070533
16,Boruta,5,XGBoost,"Bp, Pot, Hemo, Bu, Age",0.4898989898989899,0.5,0.5346534653465347,0.5167464114832536,0.5082168010615494
16,DODA,5,Logistic Regression,"Bp, Sc, Bu, Hemo, Pot",0.5404040404040404,0.5416666666666666,0.6435643564356436,0.5882352941176471,0.5023986934775951
16,DODA,5,Random Forest,"Bp, Sc, Bu, Hemo, Pot",0.5151515151515151,0.5233644859813084,0.5544554455445545,0.5384615384615384,0.5017862611003369
16,DODA,5,XGBoost,"Bp, Sc, Bu, Hemo, Pot",0.5252525252525253,0.5309734513274337,0.594059405940594,0.5607476635514018,0.5042359906093702
16,Boruta,10,Logistic Regression,"Bp, Pot, Hemo, Bu, Age, Sc, Bgr, Wbcc, Pcv, Rbcc",0.5202020202020202,0.5267857142857143,0.5841584158415841,0.5539906103286385,0.5078085128100439
16,Boruta,10,Random Forest,"Bp, Pot, Hemo, Bu, Age, Sc, Bgr, Wbcc, Pcv, Rbcc",0.48484848484848486,0.4954128440366973,0.5346534653465347,0.5142857142857142,0.4920894151270797
16,Boruta,10,XGBoost,"Bp, Pot, Hemo, Bu, Age, Sc, Bgr, Wbcc, Pcv, Rbcc",0.5202020202020202,0.5277777777777778,0.5643564356435643,0.5454545454545454,0.553536796978667
16,DODA,10,Logistic Regression,"Bp, Sc, Bu, Hemo, Pot, Bgr, Al, Age, Pcv, Sg",0.5202020202020202,0.5272727272727272,0.5742574257425742,0.5497630331753555,0.5040318464836174
16,DODA,10,Random Forest,"Bp, Sc, Bu, Hemo, Pot, Bgr, Al, Age, Pcv, Sg",0.5,0.5094339622641509,0.5346534653465347,0.5217391304347826,0.509645809941819
16,DODA,10,XGBoost,"Bp, Sc, Bu, Hemo, Pot, Bgr, Al, Age, Pcv, Sg",0.5454545454545454,0.5544554455445545,0.5544554455445545,0.5544554455445545,0.5607839134428907
16,Boruta,15,Logistic Regression,"Bp, Pot, Hemo, Bu, Age, Sc, Bgr, Wbcc, Pcv, Rbcc, Sod, Su, Al, Sg, Pcc",0.47474747474747475,0.48717948717948717,0.5643564356435643,0.5229357798165137,0.4939267122588547
16,Boruta,15,Random Forest,"Bp, Pot, Hemo, Bu, Age, Sc, Bgr, Wbcc, Pcv, Rbcc, Sod, Su, Al, Sg, Pcc",0.5404040404040404,0.543859649122807,0.6138613861386139,0.5767441860465117,0.5340410329692764
16,Boruta,15,XGBoost,"Bp, Pot, Hemo, Bu, Age, Sc, Bgr, Wbcc, Pcv, Rbcc, Sod, Su, Al, Sg, Pcc",0.5707070707070707,0.5701754385964912,0.6435643564356436,0.6046511627906976,0.5740532816168215
16,DODA,15,Logistic Regression,"Bp, Sc, Bu, Hemo, Pot, Bgr, Al, Age, Pcv, Sg, Sod, Rbcc, Wbcc, Su, Dm",0.48484848484848486,0.4956521739130435,0.5643564356435643,0.5277777777777778,0.5064815759926509
16,DODA,15,Random Forest,"Bp, Sc, Bu, Hemo, Pot, Bgr, Al, Age, Pcv, Sg, Sod, Rbcc, Wbcc, Su, Dm",0.5606060606060606,0.5660377358490566,0.594059405940594,0.5797101449275363,0.5532305807900378
16,DODA,15,XGBoost,"Bp, Sc, Bu, Hemo, Pot, Bgr, Al, Age, Pcv, Sg, Sod, Rbcc, Wbcc, Su, Dm",0.5656565656565656,0.5675675675675675,0.6237623762376238,0.5943396226415094,0.5722159844850465
16,Boruta,20,Logistic Regression,"Bp, Pot, Hemo, Bu, Age, Sc, Bgr, Wbcc, Pcv, Rbcc, Sod, Su, Al, Sg, Pcc, Ane, Dm, Pc, Ba, Pe",0.4898989898989899,0.5,0.5247524752475248,0.5120772946859904,0.5046442788608758
16,Boruta,20,Random Forest,"Bp, Pot, Hemo, Bu, Age, Sc, Bgr, Wbcc, Pcv, Rbcc, Sod, Su, Al, Sg, Pcc, Ane, Dm, Pc, Ba, Pe",0.5353535353535354,0.5420560747663551,0.5742574257425742,0.5576923076923077,0.5419005818107584
16,Boruta,20,XGBoost,"Bp, Pot, Hemo, Bu, Age, Sc, Bgr, Wbcc, Pcv, Rbcc, Sod, Su, Al, Sg, Pcc, Ane, Dm, Pc, Ba, Pe",0.5606060606060606,0.5648148148148148,0.6039603960396039,0.583732057416268,0.5875267939165051
16,DODA,20,Logistic Regression,"Bp, Sc, Bu, Hemo, Pot, Bgr, Al, Age, Pcv, Sg, Sod, Rbcc, Wbcc, Su, Dm, Ane, Htn, Pe, Pc, Pcc",0.5050505050505051,0.5130434782608696,0.5841584158415841,0.5462962962962963,0.49760130652240486
16,DODA,20,Random Forest,"Bp, Sc, Bu, Hemo, Pot, Bgr, Al, Age, Pcv, Sg, Sod, Rbcc, Wbcc, Su, Dm, Ane, Htn, Pe, Pc, Pcc",0.5303030303030303,0.5338983050847458,0.6237623762376238,0.5753424657534246,0.5288353577625804
16,DODA,20,XGBoost,"Bp, Sc, Bu, Hemo, Pot, Bgr, Al, Age, Pcv, Sg, Sod, Rbcc, Wbcc, Su, Dm, Ane, Htn, Pe, Pc, Pcc",0.5909090909090909,0.5892857142857143,0.6534653465346535,0.6197183098591549,0.584872920281719
17,Boruta,5,Logistic Regression,"Sc, Bp, Bu, Pot, Hemo",0.494949494949495,0.509090909090909,0.5490196078431373,0.5283018867924528,0.5024509803921569
17,Boruta,5,Random Forest,"Sc, Bp, Bu, Pot, Hemo",0.5050505050505051,0.5185185185185185,0.5490196078431373,0.5333333333333333,0.4994893790849673
17,Boruta,5,XGBoost,"Sc, Bp, Bu, Pot, Hemo",0.5505050505050505,0.5631067961165048,0.5686274509803921,0.5658536585365853,0.5010212418300654
17,DODA,5,Logistic Regression,"Sc, Bu, Bp, Hemo, Pot",0.494949494949495,0.509090909090909,0.5490196078431373,0.5283018867924528,0.5024509803921569
17,DODA,5,Random Forest,"Sc, Bu, Bp, Hemo, Pot",0.5,0.5142857142857142,0.5294117647058824,0.5217391304347826,0.49377042483660133
17,DODA,5,XGBoost,"Sc, Bu, Bp, Hemo, Pot",0.494949494949495,0.5098039215686274,0.5098039215686274,0.5098039215686274,0.49867238562091504
17,Boruta,10,Logistic Regression,"Sc, Bp, Bu, Pot, Hemo, Wbcc, Age, Bgr, Rbcc, Pcv",0.5303030303030303,0.5428571428571428,0.5588235294117647,0.5507246376811594,0.512765522875817
17,Boruta,10,Random Forest,"Sc, Bp, Bu, Pot, Hemo, Wbcc, Age, Bgr, Rbcc, Pcv",0.5202020202020202,0.5321100917431193,0.5686274509803921,0.5497630331753555,0.5193525326797386
17,Boruta,10,XGBoost,"Sc, Bp, Bu, Pot, Hemo, Wbcc, Age, Bgr, Rbcc, Pcv",0.4898989898989899,0.5048543689320388,0.5098039215686274,0.5073170731707317,0.4994893790849673
17,DODA,10,Logistic Regression,"Sc, Bu, Bp, Hemo, Pot, Al, Bgr, Age, Pcv, Sg",0.5050505050505051,0.5188679245283019,0.5392156862745098,0.5288461538461539,0.5093954248366013
17,DODA,10,Random Forest,"Sc, Bu, Bp, Hemo, Pot, Al, Bgr, Age, Pcv, Sg",0.5555555555555556,0.5660377358490566,0.5882352941176471,0.5769230769230769,0.5608149509803921
17,DODA,10,XGBoost,"Sc, Bu, Bp, Hemo, Pot, Al, Bgr, Age, Pcv, Sg",0.45454545454545453,0.47115384615384615,0.4803921568627451,0.47572815533980584,0.4988766339869281
17,Boruta,15,Logistic Regression,"Sc, Bp, Bu, Pot, Hemo, Wbcc, Age, Bgr, Rbcc, Pcv, Sod, Su, Al, Sg, Ba",0.5151515151515151,0.5288461538461539,0.5392156862745098,0.5339805825242718,0.5074550653594772
17,Boruta,15,Random Forest,"Sc, Bp, Bu, Pot, Hemo, Wbcc, Age, Bgr, Rbcc, Pcv, Sod, Su, Al, Sg, Ba",0.5050505050505051,0.5192307692307693,0.5294117647058824,0.5242718446601942,0.5247651143790849
17,Boruta,15,XGBoost,"Sc, Bp, Bu, Pot, Hemo, Wbcc, Age, Bgr, Rbcc, Pcv, Sod, Su, Al, Sg, Ba",0.4444444444444444,0.45918367346938777,0.4411764705882353,0.45,0.5027573529411765
17,DODA,15,Logistic Regression,"Sc, Bu, Bp, Hemo, Pot, Al, Bgr, Age, Pcv, Sg, Rbcc, Wbcc, Sod, Su, Htn",0.5202020202020202,0.5346534653465347,0.5294117647058824,0.5320197044334976,0.51828022875817
17,DODA,15,Random Forest,"Sc, Bu, Bp, Hemo, Pot, Al, Bgr, Age, Pcv, Sg, Rbcc, Wbcc, Sod, Su, Htn",0.4595959595959596,0.47619047619047616,0.49019607843137253,0.4830917874396135,0.49254493464052285
17,DODA,15,XGBoost,"Sc, Bu, Bp, Hemo, Pot, Al, Bgr, Age, Pcv, Sg, Rbcc, Wbcc, Sod, Su, Htn",0.4898989898989899,0.5048543689320388,0.5098039215686274,0.5073170731707317,0.5017361111111112
17,Boruta,20,Logistic Regression,"Sc, Bp, Bu, Pot, Hemo, Wbcc, Age, Bgr, Rbcc, Pcv, Sod, Su, Al, Sg, Ba, Rbc, Pcc, Dm, Pe, Cad",0.5,0.5151515151515151,0.5,0.5074626865671642,0.46864787581699346
17,Boruta,20,Random Forest,"Sc, Bp, Bu, Pot, Hemo, Wbcc, Age, Bgr, Rbcc, Pcv, Sod, Su, Al, Sg, Ba, Rbc, Pcc, Dm, Pe, Cad",0.51010101010101,0.5229357798165137,0.5588235294117647,0.5402843601895735,0.5429432189542485
17,Boruta,20,XGBoost,"Sc, Bp, Bu, Pot, Hemo, Wbcc, Age, Bgr, Rbcc, Pcv, Sod, Su, Al, Sg, Ba, Rbc, Pcc, Dm, Pe, Cad",0.5,0.5151515151515151,0.5,0.5074626865671642,0.5251225490196079
17,DODA,20,Logistic Regression,"Sc, Bu, Bp, Hemo, Pot, Al, Bgr, Age, Pcv, Sg, Rbcc, Wbcc, Sod, Su, Htn, Dm, Rbc, Pe, Ane, Ba",0.494949494949495,0.51,0.5,0.504950495049505,0.4791666666666667
17,DODA,20,Random Forest,"Sc, Bu, Bp, Hemo, Pot, Al, Bgr, Age, Pcv, Sg, Rbcc, Wbcc, Sod, Su, Htn, Dm, Rbc, Pe, Ane, Ba",0.48484848484848486,0.5,0.5098039215686274,0.5048543689320388,0.5307904411764706
17,DODA,20,XGBoost,"Sc, Bu, Bp, Hemo, Pot, Al, Bgr, Age, Pcv, Sg, Rbcc, Wbcc, Sod, Su, Htn, Dm, Rbc, Pe, Ane, Ba",0.4797979797979798,0.49523809523809526,0.5098039215686274,0.5024154589371981,0.5016339869281046
18,Boruta,5,Logistic Regression,"Sc, Bu, Hemo, Pot, Wbcc",0.4898989898989899,0.5042016806722689,0.5882352941176471,0.5429864253393665,0.4964256535947712
18,Boruta,5,Random Forest,"Sc, Bu, Hemo, Pot, Wbcc",0.5151515151515151,0.5277777777777778,0.5588235294117647,0.5428571428571428,0.508374183006536
18,Boruta,5,XGBoost,"Sc, Bu, Hemo, Pot, Wbcc",0.51010101010101,0.5221238938053098,0.5784313725490197,0.5488372093023256,0.5105187908496732
18,DODA,5,Logistic Regression,"Sc, Bu, Hemo, Bp, Al",0.5303030303030303,0.5384615384615384,0.6176470588235294,0.5753424657534246,0.5289011437908496
18,DODA,5,Random Forest,"Sc, Bu, Hemo, Bp, Al",0.5353535353535354,0.5471698113207547,0.5686274509803921,0.5576923076923077,0.5246119281045751
18,DODA,5,XGBoost,"Sc, Bu, Hemo, Bp, Al",0.5252525252525253,0.5363636363636364,0.5784313725490197,0.5566037735849056,0.5278799019607844
18,Boruta,10,Logistic Regression,"Sc, Bu, Hemo, Pot, Wbcc, Bp, Bgr, Pcv, Age, Rbcc",0.5606060606060606,0.5641025641025641,0.6470588235294118,0.6027397260273972,0.5564746732026143
18,Boruta,10,Random Forest,"Sc, Bu, Hemo, Pot, Wbcc, Bp, Bgr, Pcv, Age, Rbcc",0.5404040404040404,0.5523809523809524,0.5686274509803921,0.5603864734299517,0.5416156045751634
18,Boruta,10,XGBoost,"Sc, Bu, Hemo, Pot, Wbcc, Bp, Bgr, Pcv, Age, Rbcc",0.5757575757575758,0.5818181818181818,0.6274509803921569,0.6037735849056604,0.5461601307189542
18,DODA,10,Logistic Regression,"Sc, Bu, Hemo, Bp, Al, Pot, Bgr, Pcv, Sg, Wbcc",0.5606060606060606,0.5609756097560976,0.6764705882352942,0.6133333333333333,0.5319648692810458
18,DODA,10,Random Forest,"Sc, Bu, Hemo, Bp, Al, Pot, Bgr, Pcv, Sg, Wbcc",0.5050505050505051,0.5178571428571429,0.5686274509803921,0.5420560747663551,0.47681781045751637
18,DODA,10,XGBoost,"Sc, Bu, Hemo, Bp, Al, Pot, Bgr, Pcv, Sg, Wbcc",0.5303030303030303,0.5420560747663551,0.5686274509803921,0.5550239234449761,0.5058210784313726
18,Boruta,15,Logistic Regression,"Sc, Bu, Hemo, Pot, Wbcc, Bp, Bgr, Pcv, Age, Rbcc, Sod, Al, Sg, Su, Appet",0.5404040404040404,0.5447154471544715,0.6568627450980392,0.5955555555555555,0.5333946078431372
18,Boruta,15,Random Forest,"Sc, Bu, Hemo, Pot, Wbcc, Bp, Bgr, Pcv, Age, Rbcc, Sod, Al, Sg, Su, Appet",0.48484848484848486,0.5,0.5392156862745098,0.5188679245283019,0.5171058006535947
18,Boruta,15,XGBoost,"Sc, Bu, Hemo, Pot, Wbcc, Bp, Bgr, Pcv, Age, Rbcc, Sod, Al, Sg, Su, Appet",0.5202020202020202,0.5294117647058824,0.6176470588235294,0.5701357466063348,0.5217524509803921
18,DODA,15,Logistic Regression,"Sc, Bu, Hemo, Bp, Al, Pot, Bgr, Pcv, Sg, Wbcc, Sod, Age, Rbcc, Dm, Htn",0.5606060606060606,0.5630252100840336,0.6568627450980392,0.6063348416289592,0.5393178104575164
18,DODA,15,Random Forest,"Sc, Bu, Hemo, Bp, Al, Pot, Bgr, Pcv, Sg, Wbcc, Sod, Age, Rbcc, Dm, Htn",0.51010101010101,0.5217391304347826,0.5882352941176471,0.5529953917050692,0.4977532679738562
18,DODA,15,XGBoost,"Sc, Bu, Hemo, Bp, Al, Pot, Bgr, Pcv, Sg, Wbcc, Sod, Age, Rbcc, Dm, Htn",0.5151515151515151,0.5267857142857143,0.5784313725490197,0.5514018691588785,0.5150122549019608
18,Boruta,20,Logistic Regression,"Sc, Bu, Hemo, Pot, Wbcc, Bp, Bgr, Pcv, Age, Rbcc, Sod, Al, Sg, Su, Appet, Pcc, Ane, Ba, Dm, Pc",0.5404040404040404,0.5462184873949579,0.6372549019607843,0.5882352941176471,0.5511642156862746
18,Boruta,20,Random Forest,"Sc, Bu, Hemo, Pot, Wbcc, Bp, Bgr, Pcv, Age, Rbcc, Sod, Al, Sg, Su, Appet, Pcc, Ane, Ba, Dm, Pc",0.51010101010101,0.5213675213675214,0.5980392156862745,0.5570776255707762,0.5122549019607843
18,Boruta,20,XGBoost,"Sc, Bu, Hemo, Pot, Wbcc, Bp, Bgr, Pcv, Age, Rbcc, Sod, Al, Sg, Su, Appet, Pcc, Ane, Ba, Dm, Pc",0.5151515151515151,0.5277777777777778,0.5588235294117647,0.5428571428571428,0.5221609477124183
18,DODA,20,Logistic Regression,"Sc, Bu, Hemo, Bp, Al, Pot, Bgr, Pcv, Sg, Wbcc, Sod, Age, Rbcc, Dm, Htn, Ane, Su, Pcc, Appet, Pe",0.5202020202020202,0.5284552845528455,0.6372549019607843,0.5777777777777777,0.5392156862745098
18,DODA,20,Random Forest,"Sc, Bu, Hemo, Bp, Al, Pot, Bgr, Pcv, Sg, Wbcc, Sod, Age, Rbcc, Dm, Htn, Ane, Su, Pcc, Appet, Pe",0.5202020202020202,0.5304347826086957,0.5980392156862745,0.5622119815668203,0.4984170751633987
18,DODA,20,XGBoost,"Sc, Bu, Hemo, Bp, Al, Pot, Bgr, Pcv, Sg, Wbcc, Sod, Age, Rbcc, Dm, Htn, Ane, Su, Pcc, Appet, Pe",0.5454545454545454,0.5545454545454546,0.5980392156862745,0.5754716981132075,0.5310457516339869
19,Boruta,5,Logistic Regression,"Hemo, Bp, Bu, Pot, Wbcc",0.5583756345177665,0.5625,0.6237623762376238,0.5915492957746479,0.5776608910891089
19,Boruta,5,Random Forest,"Hemo, Bp, Bu, Pot, Wbcc",0.4619289340101523,0.47572815533980584,0.48514851485148514,0.4803921568627451,0.5210396039603961
19,Boruta,5,XGBoost,"Hemo, Bp, Bu, Pot, Wbcc",0.5076142131979695,0.5178571428571429,0.5742574257425742,0.5446009389671361,0.5541460396039604
19,DODA,5,Logistic Regression,"Bu, Sc, Hemo, Bp, Pot",0.5583756345177665,0.5625,0.6237623762376238,0.5915492957746479,0.5859117161716171
19,DODA,5,Random Forest,"Bu, Sc, Hemo, Bp, Pot",0.5888324873096447,0.6041666666666666,0.5742574257425742,0.5888324873096447,0.5716790429042905
19,DODA,5,XGBoost,"Bu, Sc, Hemo, Bp, Pot",0.583756345177665,0.5959595959595959,0.5841584158415841,0.59,0.6210808580858087
19,Boruta,10,Logistic Regression,"Hemo, Bp, Bu, Pot, Wbcc, Bgr, Sc, Age, Pcv, Rbcc",0.5583756345177665,0.5636363636363636,0.6138613861386139,0.5876777251184834,0.5443481848184819
19,Boruta,10,Random Forest,"Hemo, Bp, Bu, Pot, Wbcc, Bgr, Sc, Age, Pcv, Rbcc",0.5532994923857868,0.5643564356435643,0.5643564356435643,0.5643564356435643,0.5901402640264026
19,Boruta,10,XGBoost,"Hemo, Bp, Bu, Pot, Wbcc, Bgr, Sc, Age, Pcv, Rbcc",0.5634517766497462,0.5688073394495413,0.6138613861386139,0.5904761904761905,0.6066419141914191
19,DODA,10,Logistic Regression,"Bu, Sc, Hemo, Bp, Pot, Bgr, Al, Pcv, Sg, Wbcc",0.5634517766497462,0.5641025641025641,0.6534653465346535,0.6055045871559633,0.5600247524752474
19,DODA,10,Random Forest,"Bu, Sc, Hemo, Bp, Pot, Bgr, Al, Pcv, Sg, Wbcc",0.5329949238578681,0.5454545454545454,0.5346534653465347,0.54,0.5499174917491749
19,DODA,10,XGBoost,"Bu, Sc, Hemo, Bp, Pot, Bgr, Al, Pcv, Sg, Wbcc",0.5888324873096447,0.5980392156862745,0.6039603960396039,0.6009852216748769,0.5916872937293729
19,Boruta,15,Logistic Regression,"Hemo, Bp, Bu, Pot, Wbcc, Bgr, Sc, Age, Pcv, Rbcc, Sod, Su, Al, Sg, Ba",0.4873096446700508,0.5,0.5445544554455446,0.5213270142180095,0.4958745874587459
19,Boruta,15,Random Forest,"Hemo, Bp, Bu, Pot, Wbcc, Bgr, Sc, Age, Pcv, Rbcc, Sod, Su, Al, Sg, Ba",0.5482233502538071,0.5588235294117647,0.5643564356435643,0.5615763546798029,0.5526505775577558
19,Boruta,15,XGBoost,"Hemo, Bp, Bu, Pot, Wbcc, Bgr, Sc, Age, Pcv, Rbcc, Sod, Su, Al, Sg, Ba",0.5634517766497462,0.5742574257425742,0.5742574257425742,0.5742574257425742,0.5643564356435644
19,DODA,15,Logistic Regression,"Bu, Sc, Hemo, Bp, Pot, Bgr, Al, Pcv, Sg, Wbcc, Age, Sod, Rbcc, Su, Htn",0.4720812182741117,0.48672566371681414,0.5445544554455446,0.514018691588785,0.5029909240924093
19,DODA,15,Random Forest,"Bu, Sc, Hemo, Bp, Pot, Bgr, Al, Pcv, Sg, Wbcc, Age, Sod, Rbcc, Su, Htn",0.5634517766497462,0.5728155339805825,0.5841584158415841,0.5784313725490197,0.5752372112211221
19,DODA,15,XGBoost,"Bu, Sc, Hemo, Bp, Pot, Bgr, Al, Pcv, Sg, Wbcc, Age, Sod, Rbcc, Su, Htn",0.5279187817258884,0.5384615384615384,0.5544554455445545,0.5463414634146342,0.5562087458745875
19,Boruta,20,Logistic Regression,"Hemo, Bp, Bu, Pot, Wbcc, Bgr, Sc, Age, Pcv, Rbcc, Sod, Su, Al, Sg, Ba, Appet, Pc, Pe, Ane, Cad",0.467005076142132,0.4803921568627451,0.48514851485148514,0.4827586206896552,0.4831889438943895
19,Boruta,20,Random Forest,"Hemo, Bp, Bu, Pot, Wbcc, Bgr, Sc, Age, Pcv, Rbcc, Sod, Su, Al, Sg, Ba, Appet, Pc, Pe, Ane, Cad",0.5736040609137056,0.5779816513761468,0.6237623762376238,0.6,0.5443481848184819
19,Boruta,20,XGBoost,"Hemo, Bp, Bu, Pot, Wbcc, Bgr, Sc, Age, Pcv, Rbcc, Sod, Su, Al, Sg, Ba, Appet, Pc, Pe, Ane, Cad",0.5329949238578681,0.5420560747663551,0.5742574257425742,0.5576923076923077,0.5387788778877888
19,DODA,20,Logistic Regression,"Bu, Sc, Hemo, Bp, Pot, Bgr, Al, Pcv, Sg, Wbcc, Age, Sod, Rbcc, Su, Htn, Dm, Ane, Pe, Pc, Ba",0.4873096446700508,0.5,0.5445544554455446,0.5213270142180095,0.4765882838283828
19,DODA,20,Random Forest,"Bu, Sc, Hemo, Bp, Pot, Bgr, Al, Pcv, Sg, Wbcc, Age, Sod, Rbcc, Su, Htn, Dm, Ane, Pe, Pc, Ba",0.5380710659898477,0.5462962962962963,0.5841584158415841,0.5645933014354066,0.5100041254125414
19,DODA,20,XGBoost,"Bu, Sc, Hemo, Bp, Pot, Bgr, Al, Pcv, Sg, Wbcc, Age, Sod, Rbcc, Su, Htn, Dm, Ane, Pe, Pc, Ba",0.5482233502538071,0.5576923076923077,0.5742574257425742,0.5658536585365853,0.5573432343234324
20,Boruta,5,Logistic Regression,"Sc, Pot, Bu, Bgr, Bp",0.5431472081218274,0.5462184873949579,0.6435643564356436,0.5909090909090909,0.5782797029702971
20,Boruta,5,Random Forest,"Sc, Pot, Bu, Bgr, Bp",0.5532994923857868,0.5607476635514018,0.594059405940594,0.5769230769230769,0.5532693894389439
20,Boruta,5,XGBoost,"Sc, Pot, Bu, Bgr, Bp",0.5786802030456852,0.5833333333333334,0.6237623762376238,0.6028708133971292,0.5823019801980198
20,DODA,5,Logistic Regression,"Sc, Bu, Pot, Bp, Bgr",0.5431472081218274,0.5462184873949579,0.6435643564356436,0.5909090909090909,0.5782797029702971
20,DODA,5,Random Forest,"Sc, Bu, Pot, Bp, Bgr",0.5583756345177665,0.5660377358490566,0.594059405940594,0.5797101449275363,0.5411509900990099
20,DODA,5,XGBoost,"Sc, Bu, Pot, Bp, Bgr",0.5634517766497462,0.5700934579439252,0.6039603960396039,0.5865384615384616,0.5644595709570958
20,Boruta,10,Logistic Regression,"Sc, Pot, Bu, Bgr, Bp, Wbcc, Hemo, Age, Pcv, Rbcc",0.5482233502538071,0.5555555555555556,0.594059405940594,0.5741626794258373,0.5737417491749177
20,Boruta,10,Random Forest,"Sc, Pot, Bu, Bgr, Bp, Wbcc, Hemo, Age, Pcv, Rbcc",0.5279187817258884,0.5363636363636364,0.5841584158415841,0.5592417061611374,0.5526505775577558
20,Boruta,10,XGBoost,"Sc, Pot, Bu, Bgr, Bp, Wbcc, Hemo, Age, Pcv, Rbcc",0.5279187817258884,0.5377358490566038,0.5643564356435643,0.5507246376811594,0.5583745874587459
20,DODA,10,Logistic Regression,"Sc, Bu, Pot, Bp, Bgr, Hemo, Al, Sg, Pcv, Age",0.5329949238578681,0.5436893203883495,0.5544554455445545,0.5490196078431373,0.5373349834983498
20,DODA,10,Random Forest,"Sc, Bu, Pot, Bp, Bgr, Hemo, Al, Sg, Pcv, Age",0.5279187817258884,0.5357142857142857,0.594059405940594,0.5633802816901409,0.5432652640264026
20,DODA,10,XGBoost,"Sc, Bu, Pot, Bp, Bgr, Hemo, Al, Sg, Pcv, Age",0.5177664974619289,0.5294117647058824,0.5346534653465347,0.5320197044334976,0.5491955445544554
20,Boruta,15,Logistic Regression,"Sc, Pot, Bu, Bgr, Bp, Wbcc, Hemo, Age, Pcv, Rbcc, Sod, Sg, Al, Su, Htn",0.5380710659898477,0.5510204081632653,0.5346534653465347,0.542713567839196,0.531559405940594
20,Boruta,15,Random Forest,"Sc, Pot, Bu, Bgr, Bp, Wbcc, Hemo, Age, Pcv, Rbcc, Sod, Sg, Al, Su, Htn",0.5482233502538071,0.5535714285714286,0.6138613861386139,0.5821596244131455,0.5462561881188119
20,Boruta,15,XGBoost,"Sc, Pot, Bu, Bgr, Bp, Wbcc, Hemo, Age, Pcv, Rbcc, Sod, Sg, Al, Su, Htn",0.5431472081218274,0.5544554455445545,0.5544554455445545,0.5544554455445545,0.5560024752475248
20,DODA,15,Logistic Regression,"Sc, Bu, Pot, Bp, Bgr, Hemo, Al, Sg, Pcv, Age, Htn, Wbcc, Sod, Rbcc, Dm",0.5228426395939086,0.5368421052631579,0.504950495049505,0.5204081632653061,0.5229991749174917
20,DODA,15,Random Forest,"Sc, Bu, Pot, Bp, Bgr, Hemo, Al, Sg, Pcv, Age, Htn, Wbcc, Sod, Rbcc, Dm",0.5279187817258884,0.5384615384615384,0.5544554455445545,0.5463414634146342,0.5338799504950494
20,DODA,15,XGBoost,"Sc, Bu, Pot, Bp, Bgr, Hemo, Al, Sg, Pcv, Age, Htn, Wbcc, Sod, Rbcc, Dm",0.5228426395939086,0.5321100917431193,0.5742574257425742,0.5523809523809524,0.555486798679868
20,Boruta,20,Logistic Regression,"Sc, Pot, Bu, Bgr, Bp, Wbcc, Hemo, Age, Pcv, Rbcc, Sod, Sg, Al, Su, Htn, Cad, Rbc, Ba, Pc, Dm",0.49238578680203043,0.5051546391752577,0.48514851485148514,0.494949494949495,0.5292904290429042
20,Boruta,20,Random Forest,"Sc, Pot, Bu, Bgr, Bp, Wbcc, Hemo, Age, Pcv, Rbcc, Sod, Sg, Al, Su, Htn, Cad, Rbc, Ba, Pc, Dm",0.5025380710659898,0.5148514851485149,0.5148514851485149,0.5148514851485149,0.522792904290429
20,Boruta,20,XGBoost,"Sc, Pot, Bu, Bgr, Bp, Wbcc, Hemo, Age, Pcv, Rbcc, Sod, Sg, Al, Su, Htn, Cad, Rbc, Ba, Pc, Dm",0.5279187817258884,0.5384615384615384,0.5544554455445545,0.5463414634146342,0.553424092409241
20,DODA,20,Logistic Regression,"Sc, Bu, Pot, Bp, Bgr, Hemo, Al, Sg, Pcv, Age, Htn, Wbcc, Sod, Rbcc, Dm, Su, Rbc, Ane, Cad, Pc",0.5126903553299492,0.5268817204301075,0.48514851485148514,0.5051546391752577,0.5286716171617162
20,DODA,20,Random Forest,"Sc, Bu, Pot, Bp, Bgr, Hemo, Al, Sg, Pcv, Age, Htn, Wbcc, Sod, Rbcc, Dm, Su, Rbc, Ane, Cad, Pc",0.5532994923857868,0.5607476635514018,0.594059405940594,0.5769230769230769,0.554558580858086
20,DODA,20,XGBoost,"Sc, Bu, Pot, Bp, Bgr, Hemo, Al, Sg, Pcv, Age, Htn, Wbcc, Sod, Rbcc, Dm, Su, Rbc, Ane, Cad, Pc",0.5380710659898477,0.5462962962962963,0.5841584158415841,0.5645933014354066,0.5557962046204621
21,Boruta,5,Logistic Regression,"Sc, Hemo, Bgr, Bp, Bu",0.5757575757575758,0.5726495726495726,0.6633663366336634,0.6146788990825688,0.5989588649586609
21,Boruta,5,Random Forest,"Sc, Hemo, Bgr, Bp, Bu",0.5858585858585859,0.5904761904761905,0.6138613861386139,0.6019417475728155,0.5752271103399
21,Boruta,5,XGBoost,"Sc, Hemo, Bgr, Bp, Bu",0.5606060606060606,0.5636363636363636,0.6138613861386139,0.5876777251184834,0.5923241808716955
21,DODA,5,Logistic Regression,"Sc, Bu, Hemo, Bp, Bgr",0.5757575757575758,0.5726495726495726,0.6633663366336634,0.6146788990825688,0.5989588649586609
21,DODA,5,Random Forest,"Sc, Bu, Hemo, Bp, Bgr",0.5555555555555556,0.5631067961165048,0.5742574257425742,0.5686274509803921,0.5654281923037665
21,DODA,5,XGBoost,"Sc, Bu, Hemo, Bp, Bgr",0.5757575757575758,0.5841584158415841,0.5841584158415841,0.5841584158415841,0.5921200367459426
21,Boruta,10,Logistic Regression,"Sc, Hemo, Bgr, Bp, Bu, Wbcc, Pot, Age, Pcv, Rbcc",0.5656565656565656,0.5652173913043478,0.6435643564356436,0.6018518518518519,0.5996733693987956
21,Boruta,10,Random Forest,"Sc, Hemo, Bgr, Bp, Bu, Wbcc, Pot, Age, Pcv, Rbcc",0.5252525252525253,0.5333333333333333,0.5544554455445545,0.5436893203883495,0.5538430131672961
21,Boruta,10,XGBoost,"Sc, Hemo, Bgr, Bp, Bu, Wbcc, Pot, Age, Pcv, Rbcc",0.5555555555555556,0.5670103092783505,0.5445544554455446,0.5555555555555556,0.5468000408288252
21,DODA,10,Logistic Regression,"Sc, Bu, Hemo, Bp, Bgr, Al, Pot, Sg, Pcv, Age",0.5707070707070707,0.5714285714285714,0.6336633663366337,0.6009389671361502,0.5938552618148413
21,DODA,10,Random Forest,"Sc, Bu, Hemo, Bp, Bgr, Al, Pot, Sg, Pcv, Age",0.5555555555555556,0.5714285714285714,0.5148514851485149,0.5416666666666666,0.5918648565887518
21,DODA,10,XGBoost,"Sc, Bu, Hemo, Bp, Bgr, Al, Pot, Sg, Pcv, Age",0.5404040404040404,0.5543478260869565,0.504950495049505,0.5284974093264249,0.5423088700622639
21,Boruta,15,Logistic Regression,"Sc, Hemo, Bgr, Bp, Bu, Wbcc, Pot, Age, Pcv, Rbcc, Sod, Al, Sg, Su, Appet",0.5606060606060606,0.5625,0.6237623762376238,0.5915492957746479,0.6064101255486374
21,Boruta,15,Random Forest,"Sc, Hemo, Bgr, Bp, Bu, Wbcc, Pot, Age, Pcv, Rbcc, Sod, Al, Sg, Su, Appet",0.5656565656565656,0.5675675675675675,0.6237623762376238,0.5943396226415094,0.5918648565887518
21,Boruta,15,XGBoost,"Sc, Hemo, Bgr, Bp, Bu, Wbcc, Pot, Age, Pcv, Rbcc, Sod, Al, Sg, Su, Appet",0.5656565656565656,0.5742574257425742,0.5742574257425742,0.5742574257425742,0.5600694090027559
21,DODA,15,Logistic Regression,"Sc, Bu, Hemo, Bp, Bgr, Al, Pot, Sg, Pcv, Age, Wbcc, Sod, Rbcc, Dm, Su",0.5757575757575758,0.580952380952381,0.6039603960396039,0.5922330097087378,0.5915076043686843
21,DODA,15,Random Forest,"Sc, Bu, Hemo, Bp, Bgr, Al, Pot, Sg, Pcv, Age, Wbcc, Sod, Rbcc, Dm, Su",0.5252525252525253,0.5333333333333333,0.5544554455445545,0.5436893203883495,0.5610390936000818
21,DODA,15,XGBoost,"Sc, Bu, Hemo, Bp, Bgr, Al, Pot, Sg, Pcv, Age, Wbcc, Sod, Rbcc, Dm, Su",0.5505050505050505,0.5625,0.5346534653465347,0.5482233502538071,0.563744003266306
21,Boruta,20,Logistic Regression,"Sc, Hemo, Bgr, Bp, Bu, Wbcc, Pot, Age, Pcv, Rbcc, Sod, Al, Sg, Su, Appet, Pc, Pcc, Dm, Ba, Ane",0.5555555555555556,0.5643564356435643,0.5643564356435643,0.5643564356435643,0.5986526487700318
21,Boruta,20,Random Forest,"Sc, Hemo, Bgr, Bp, Bu, Wbcc, Pot, Age, Pcv, Rbcc, Sod, Al, Sg, Su, Appet, Pc, Pcc, Dm, Ba, Ane",0.5505050505050505,0.5588235294117647,0.5643564356435643,0.5615763546798029,0.5732877411452485
21,Boruta,20,XGBoost,"Sc, Hemo, Bgr, Bp, Bu, Wbcc, Pot, Age, Pcv, Rbcc, Sod, Al, Sg, Su, Appet, Pc, Pcc, Dm, Ba, Ane",0.5505050505050505,0.5638297872340425,0.5247524752475248,0.5435897435897435,0.5608859855057672
21,DODA,20,Logistic Regression,"Sc, Bu, Hemo, Bp, Bgr, Al, Pot, Sg, Pcv, Age, Wbcc, Sod, Rbcc, Dm, Su, Htn, Pc, Ane, Pe, Appet",0.5454545454545454,0.5523809523809524,0.5742574257425742,0.5631067961165048,0.5727263447994284
21,DODA,20,Random Forest,"Sc, Bu, Hemo, Bp, Bgr, Al, Pot, Sg, Pcv, Age, Wbcc, Sod, Rbcc, Dm, Su, Htn, Pc, Ane, Pe, Appet",0.5858585858585859,0.5922330097087378,0.6039603960396039,0.5980392156862745,0.6106971521894459
21,DODA,20,XGBoost,"Sc, Bu, Hemo, Bp, Bgr, Al, Pot, Sg, Pcv, Age, Wbcc, Sod, Rbcc, Dm, Su, Htn, Pc, Ane, Pe, Appet",0.5555555555555556,0.5684210526315789,0.5346534653465347,0.5510204081632653,0.555374094110442
22,Boruta,5,Logistic Regression,"Sc, Bu, Bp, Hemo, Pot",0.5757575757575758,0.5849056603773585,0.6078431372549019,0.5961538461538461,0.6082516339869282
22,Boruta,5,Random Forest,"Sc, Bu, Bp, Hemo, Pot",0.5404040404040404,0.5504587155963303,0.5882352941176471,0.5687203791469194,0.5577512254901962
22,Boruta,5,XGBoost,"Sc, Bu, Bp, Hemo, Pot",0.4898989898989899,0.504424778761062,0.5588235294117647,0.5302325581395348,0.5264501633986928
22,DODA,5,Logistic Regression,"Sc, Bu, Bp, Hemo, Pot",0.5757575757575758,0.5849056603773585,0.6078431372549019,0.5961538461538461,0.6082516339869282
22,DODA,5,Random Forest,"Sc, Bu, Bp, Hemo, Pot",0.5404040404040404,0.5504587155963303,0.5882352941176471,0.5687203791469194,0.5577512254901962
22,DODA,5,XGBoost,"Sc, Bu, Bp, Hemo, Pot",0.4898989898989899,0.504424778761062,0.5588235294117647,0.5302325581395348,0.5264501633986928
22,Boruta,10,Logistic Regression,"Sc, Bu, Bp, Hemo, Pot, Bgr, Wbcc, Pcv, Age, Rbcc",0.5959595959595959,0.6078431372549019,0.6078431372549019,0.6078431372549019,0.5949754901960785
22,Boruta,10,Random Forest,"Sc, Bu, Bp, Hemo, Pot, Bgr, Wbcc, Pcv, Age, Rbcc",0.5151515151515151,0.5277777777777778,0.5588235294117647,0.5428571428571428,0.5330371732026143
22,Boruta,10,XGBoost,"Sc, Bu, Bp, Hemo, Pot, Bgr, Wbcc, Pcv, Age, Rbcc",0.51010101010101,0.5225225225225225,0.5686274509803921,0.5446009389671361,0.5104166666666666
22,DODA,10,Logistic Regression,"Sc, Bu, Bp, Hemo, Pot, Bgr, Al, Pcv, Sg, Age",0.5959595959595959,0.6018518518518519,0.6372549019607843,0.6190476190476191,0.5996732026143791
22,DODA,10,Random Forest,"Sc, Bu, Bp, Hemo, Pot, Bgr, Al, Pcv, Sg, Age",0.5909090909090909,0.6,0.6176470588235294,0.6086956521739131,0.5853247549019607
22,DODA,10,XGBoost,"Sc, Bu, Bp, Hemo, Pot, Bgr, Al, Pcv, Sg, Age",0.5252525252525253,0.5384615384615384,0.5490196078431373,0.5436893203883495,0.5439133986928104
22,Boruta,15,Logistic Regression,"Sc, Bu, Bp, Hemo, Pot, Bgr, Wbcc, Pcv, Age, Rbcc, Sod, Sg, Al, Su, Ba",0.5454545454545454,0.5588235294117647,0.5588235294117647,0.5588235294117647,0.5571895424836601
22,Boruta,15,Random Forest,"Sc, Bu, Bp, Hemo, Pot, Bgr, Wbcc, Pcv, Age, Rbcc, Sod, Sg, Al, Su, Ba",0.5353535353535354,0.5446428571428571,0.5980392156862745,0.5700934579439252,0.5528492647058822
22,Boruta,15,XGBoost,"Sc, Bu, Bp, Hemo, Pot, Bgr, Wbcc, Pcv, Age, Rbcc, Sod, Sg, Al, Su, Ba",0.5252525252525253,0.5370370370370371,0.5686274509803921,0.5523809523809524,0.5204248366013071
22,DODA,15,Logistic Regression,"Sc, Bu, Bp, Hemo, Pot, Bgr, Al, Pcv, Sg, Age, Wbcc, Sod, Rbcc, Dm, Su",0.5505050505050505,0.5575221238938053,0.6176470588235294,0.586046511627907,0.5701593137254901
22,DODA,15,Random Forest,"Sc, Bu, Bp, Hemo, Pot, Bgr, Al, Pcv, Sg, Age, Wbcc, Sod, Rbcc, Dm, Su",0.5555555555555556,0.57,0.5588235294117647,0.5643564356435643,0.5640318627450981
22,DODA,15,XGBoost,"Sc, Bu, Bp, Hemo, Pot, Bgr, Al, Pcv, Sg, Age, Wbcc, Sod, Rbcc, Dm, Su",0.5505050505050505,0.5555555555555556,0.6372549019607843,0.593607305936073,0.5251225490196079
22,Boruta,20,Logistic Regression,"Sc, Bu, Bp, Hemo, Pot, Bgr, Wbcc, Pcv, Age, Rbcc, Sod, Sg, Al, Su, Ba, Appet, Ane, Dm, Pc, Pcc",0.5252525252525253,0.5392156862745098,0.5392156862745098,0.5392156862745098,0.5450367647058824
22,Boruta,20,Random Forest,"Sc, Bu, Bp, Hemo, Pot, Bgr, Wbcc, Pcv, Age, Rbcc, Sod, Sg, Al, Su, Ba, Appet, Ane, Dm, Pc, Pcc",0.5505050505050505,0.5607476635514018,0.5882352941176471,0.5741626794258373,0.5481004901960785
22,Boruta,20,XGBoost,"Sc, Bu, Bp, Hemo, Pot, Bgr, Wbcc, Pcv, Age, Rbcc, Sod, Sg, Al, Su, Ba, Appet, Ane, Dm, Pc, Pcc",0.51010101010101,0.5238095238095238,0.5392156862745098,0.5314009661835749,0.5123570261437909
22,DODA,20,Logistic Regression,"Sc, Bu, Bp, Hemo, Pot, Bgr, Al, Pcv, Sg, Age, Wbcc, Sod, Rbcc, Dm, Su, Htn, Ane, Ba, Pc, Appet",0.5151515151515151,0.5306122448979592,0.5098039215686274,0.52,0.5374795751633986
22,DODA,20,Random Forest,"Sc, Bu, Bp, Hemo, Pot, Bgr, Al, Pcv, Sg, Age, Wbcc, Sod, Rbcc, Dm, Su, Htn, Ane, Ba, Pc, Appet",0.47474747474747475,0.49074074074074076,0.5196078431372549,0.5047619047619047,0.5039317810457515
22,DODA,20,XGBoost,"Sc, Bu, Bp, Hemo, Pot, Bgr, Al, Pcv, Sg, Age, Wbcc, Sod, Rbcc, Dm, Su, Htn, Ane, Ba, Pc, Appet",0.5,0.5142857142857142,0.5294117647058824,0.5217391304347826,0.5106209150326797
23,Boruta,5,Logistic Regression,"Bp, Bu, Pot, Hemo, Sc",0.494949494949495,0.5087719298245614,0.5686274509803921,0.5370370370370371,0.5273692810457515
23,Boruta,5,Random Forest,"Bp, Bu, Pot, Hemo, Sc",0.5050505050505051,0.5192307692307693,0.5294117647058824,0.5242718446601942,0.5039317810457516
23,Boruta,5,XGBoost,"Bp, Bu, Pot, Hemo, Sc",0.48484848484848486,0.5,0.5294117647058824,0.5142857142857142,0.5183823529411765
23,DODA,5,Logistic Regression,"Bu, Bp, Sc, Hemo, Pot",0.494949494949495,0.5087719298245614,0.5686274509803921,0.5370370370370371,0.5273692810457515
23,DODA,5,Random Forest,"Bu, Bp, Sc, Hemo, Pot",0.5050505050505051,0.5185185185185185,0.5490196078431373,0.5333333333333333,0.5117953431372549
23,DODA,5,XGBoost,"Bu, Bp, Sc, Hemo, Pot",0.5050505050505051,0.5181818181818182,0.5588235294117647,0.5377358490566038,0.5359477124183006
23,Boruta,10,Logistic Regression,"Bp, Bu, Pot, Hemo, Sc, Bgr, Age, Wbcc, Pcv, Rbcc",0.5303030303030303,0.5378151260504201,0.6274509803921569,0.579185520361991,0.5428921568627452
23,Boruta,10,Random Forest,"Bp, Bu, Pot, Hemo, Sc, Bgr, Age, Wbcc, Pcv, Rbcc",0.5555555555555556,0.5673076923076923,0.5784313725490197,0.5728155339805825,0.5519812091503268
23,Boruta,10,XGBoost,"Bp, Bu, Pot, Hemo, Sc, Bgr, Age, Wbcc, Pcv, Rbcc",0.5505050505050505,0.5607476635514018,0.5882352941176471,0.5741626794258373,0.5727124183006536
23,DODA,10,Logistic Regression,"Bu, Bp, Sc, Hemo, Pot, Bgr, Al, Pcv, Age, Sg",0.51010101010101,0.5213675213675214,0.5980392156862745,0.5570776255707762,0.5439133986928104
23,DODA,10,Random Forest,"Bu, Bp, Sc, Hemo, Pot, Bgr, Al, Pcv, Age, Sg",0.5353535353535354,0.5454545454545454,0.5882352941176471,0.5660377358490566,0.5250714869281046
23,DODA,10,XGBoost,"Bu, Bp, Sc, Hemo, Pot, Bgr, Al, Pcv, Age, Sg",0.5202020202020202,0.5321100917431193,0.5686274509803921,0.5497630331753555,0.5597426470588236
23,Boruta,15,Logistic Regression,"Bp, Bu, Pot, Hemo, Sc, Bgr, Age, Wbcc, Pcv, Rbcc, Sod, Su, Al, Sg, Ba",0.51010101010101,0.5225225225225225,0.5686274509803921,0.5446009389671361,0.492953431372549
23,Boruta,15,Random Forest,"Bp, Bu, Pot, Hemo, Sc, Bgr, Age, Wbcc, Pcv, Rbcc, Sod, Su, Al, Sg, Ba",0.5353535353535354,0.5471698113207547,0.5686274509803921,0.5576923076923077,0.5338541666666667
23,Boruta,15,XGBoost,"Bp, Bu, Pot, Hemo, Sc, Bgr, Age, Wbcc, Pcv, Rbcc, Sod, Su, Al, Sg, Ba",0.5151515151515151,0.5277777777777778,0.5588235294117647,0.5428571428571428,0.5448325163398693
23,DODA,15,Logistic Regression,"Bu, Bp, Sc, Hemo, Pot, Bgr, Al, Pcv, Age, Sg, Sod, Rbcc, Wbcc, Htn, Su",0.5252525252525253,0.5327868852459017,0.6372549019607843,0.5803571428571429,0.5347222222222222
23,DODA,15,Random Forest,"Bu, Bp, Sc, Hemo, Pot, Bgr, Al, Pcv, Age, Sg, Sod, Rbcc, Wbcc, Htn, Su",0.5353535353535354,0.5446428571428571,0.5980392156862745,0.5700934579439252,0.5447814542483661
23,DODA,15,XGBoost,"Bu, Bp, Sc, Hemo, Pot, Bgr, Al, Pcv, Age, Sg, Sod, Rbcc, Wbcc, Htn, Su",0.5404040404040404,0.5478260869565217,0.6176470588235294,0.5806451612903226,0.5419730392156862
23,Boruta,20,Logistic Regression,"Bp, Bu, Pot, Hemo, Sc, Bgr, Age, Wbcc, Pcv, Rbcc, Sod, Su, Al, Sg, Ba, Cad, Appet, Dm, Rbc, Htn",0.4797979797979798,0.4954954954954955,0.5392156862745098,0.5164319248826291,0.4756944444444444
23,Boruta,20,Random Forest,"Bp, Bu, Pot, Hemo, Sc, Bgr, Age, Wbcc, Pcv, Rbcc, Sod, Su, Al, Sg, Ba, Cad, Appet, Dm, Rbc, Htn",0.5050505050505051,0.5178571428571429,0.5686274509803921,0.5420560747663551,0.5074550653594772
23,Boruta,20,XGBoost,"Bp, Bu, Pot, Hemo, Sc, Bgr, Age, Wbcc, Pcv, Rbcc, Sod, Su, Al, Sg, Ba, Cad, Appet, Dm, Rbc, Htn",0.5151515151515151,0.5283018867924528,0.5490196078431373,0.5384615384615384,0.5289011437908497
23,DODA,20,Logistic Regression,"Bu, Bp, Sc, Hemo, Pot, Bgr, Al, Pcv, Age, Sg, Sod, Rbcc, Wbcc, Htn, Su, Dm, Ane, Rbc, Cad, Ba",0.47474747474747475,0.49038461538461536,0.5,0.49514563106796117,0.48784722222222215
23,DODA,20,Random Forest,"Bu, Bp, Sc, Hemo, Pot, Bgr, Al, Pcv, Age, Sg, Sod, Rbcc, Wbcc, Htn, Su, Dm, Ane, Rbc, Cad, Ba",0.48484848484848486,0.5,0.5686274509803921,0.5321100917431193,0.5074550653594772
23,DODA,20,XGBoost,"Bu, Bp, Sc, Hemo, Pot, Bgr, Al, Pcv, Age, Sg, Sod, Rbcc, Wbcc, Htn, Su, Dm, Ane, Rbc, Cad, Ba",0.5404040404040404,0.5504587155963303,0.5882352941176471,0.5687203791469194,0.5325776143790849
24,Boruta,5,Logistic Regression,"Pot, Bu, Bp, Wbcc, Sc",0.5329949238578681,0.5398230088495575,0.6039603960396039,0.5700934579439252,0.5095915841584159
24,Boruta,5,Random Forest,"Pot, Bu, Bp, Wbcc, Sc",0.5685279187817259,0.5714285714285714,0.6336633663366337,0.6009389671361502,0.5458952145214522
24,Boruta,5,XGBoost,"Pot, Bu, Bp, Wbcc, Sc",0.5888324873096447,0.5877192982456141,0.6633663366336634,0.6232558139534884,0.5572400990099009
24,DODA,5,Logistic Regression,"Bu, Sc, Bp, Pot, Hemo",0.5076142131979695,0.5185185185185185,0.5544554455445545,0.5358851674641149,0.5070132013201321
24,DODA,5,Random Forest,"Bu, Sc, Bp, Pot, Hemo",0.5939086294416244,0.5981308411214953,0.6336633663366337,0.6153846153846154,0.5857570132013202
24,DODA,5,XGBoost,"Bu, Sc, Bp, Pot, Hemo",0.6142131979695431,0.6106194690265486,0.6831683168316832,0.6448598130841121,0.6095297029702971
24,Boruta,10,Logistic Regression,"Pot, Bu, Bp, Wbcc, Sc, Hemo, Bgr, Age, Rbcc, Pcv",0.5431472081218274,0.5523809523809524,0.5742574257425742,0.5631067961165048,0.5045379537953796
24,Boruta,10,Random Forest,"Pot, Bu, Bp, Wbcc, Sc, Hemo, Bgr, Age, Rbcc, Pcv",0.5228426395939086,0.5353535353535354,0.5247524752475248,0.53,0.5811159240924092
24,Boruta,10,XGBoost,"Pot, Bu, Bp, Wbcc, Sc, Hemo, Bgr, Age, Rbcc, Pcv",0.5786802030456852,0.5789473684210527,0.6534653465346535,0.6139534883720931,0.6073638613861386
24,DODA,10,Logistic Regression,"Bu, Sc, Bp, Pot, Hemo, Bgr, Al, Wbcc, Pcv, Age",0.49746192893401014,0.5094339622641509,0.5346534653465347,0.5217391304347826,0.4933993399339933
24,DODA,10,Random Forest,"Bu, Sc, Bp, Pot, Hemo, Bgr, Al, Wbcc, Pcv, Age",0.5279187817258884,0.5344827586206896,0.6138613861386139,0.5714285714285714,0.5639438943894389
24,DODA,10,XGBoost,"Bu, Sc, Bp, Pot, Hemo, Bgr, Al, Wbcc, Pcv, Age",0.5583756345177665,0.5636363636363636,0.6138613861386139,0.5876777251184834,0.5771452145214523
24,Boruta,15,Logistic Regression,"Pot, Bu, Bp, Wbcc, Sc, Hemo, Bgr, Age, Rbcc, Pcv, Sod, Su, Al, Sg, Ba",0.5228426395939086,0.5353535353535354,0.5247524752475248,0.53,0.522174092409241
24,Boruta,15,Random Forest,"Pot, Bu, Bp, Wbcc, Sc, Hemo, Bgr, Age, Rbcc, Pcv, Sod, Su, Al, Sg, Ba",0.5634517766497462,0.5714285714285714,0.594059405940594,0.5825242718446602,0.5931827557755776
24,Boruta,15,XGBoost,"Pot, Bu, Bp, Wbcc, Sc, Hemo, Bgr, Age, Rbcc, Pcv, Sod, Su, Al, Sg, Ba",0.5786802030456852,0.5882352941176471,0.594059405940594,0.5911330049261084,0.5907590759075908
24,DODA,15,Logistic Regression,"Bu, Sc, Bp, Pot, Hemo, Bgr, Al, Wbcc, Pcv, Age, Sg, Rbcc, Sod, Dm, Su",0.49746192893401014,0.5102040816326531,0.49504950495049505,0.5025125628140703,0.5100041254125413
24,DODA,15,Random Forest,"Bu, Sc, Bp, Pot, Hemo, Bgr, Al, Wbcc, Pcv, Age, Sg, Rbcc, Sod, Dm, Su",0.5126903553299492,0.5221238938053098,0.5841584158415841,0.5514018691588785,0.5515676567656767
24,DODA,15,XGBoost,"Bu, Sc, Bp, Pot, Hemo, Bgr, Al, Wbcc, Pcv, Age, Sg, Rbcc, Sod, Dm, Su",0.5076142131979695,0.5181818181818182,0.5643564356435643,0.5402843601895735,0.5514645214521452
24,Boruta,20,Logistic Regression,"Pot, Bu, Bp, Wbcc, Sc, Hemo, Bgr, Age, Rbcc, Pcv, Sod, Su, Al, Sg, Ba, Ane, Dm, Pc, Appet, Pcc",0.5025380710659898,0.5145631067961165,0.5247524752475248,0.5196078431372549,0.5163985148514852
24,Boruta,20,Random Forest,"Pot, Bu, Bp, Wbcc, Sc, Hemo, Bgr, Age, Rbcc, Pcv, Sod, Su, Al, Sg, Ba, Ane, Dm, Pc, Appet, Pcc",0.5228426395939086,0.5321100917431193,0.5742574257425742,0.5523809523809524,0.5410994224422443
24,Boruta,20,XGBoost,"Pot, Bu, Bp, Wbcc, Sc, Hemo, Bgr, Age, Rbcc, Pcv, Sod, Su, Al, Sg, Ba, Ane, Dm, Pc, Appet, Pcc",0.5736040609137056,0.5779816513761468,0.6237623762376238,0.6,0.5755981848184819
24,DODA,20,Logistic Regression,"Bu, Sc, Bp, Pot, Hemo, Bgr, Al, Wbcc, Pcv, Age, Sg, Rbcc, Sod, Dm, Su, Ane, Htn, Pc, Ba, Pe",0.5126903553299492,0.5247524752475248,0.5247524752475248,0.5247524752475248,0.5067037953795379
24,DODA,20,Random Forest,"Bu, Sc, Bp, Pot, Hemo, Bgr, Al, Wbcc, Pcv, Age, Sg, Rbcc, Sod, Dm, Su, Ane, Htn, Pc, Ba, Pe",0.5431472081218274,0.5533980582524272,0.5643564356435643,0.5588235294117647,0.5692037953795379
24,DODA,20,XGBoost,"Bu, Sc, Bp, Pot, Hemo, Bgr, Al, Wbcc, Pcv, Age, Sg, Rbcc, Sod, Dm, Su, Ane, Htn, Pc, Ba, Pe",0.5634517766497462,0.5675675675675675,0.6237623762376238,0.5943396226415094,0.554352310231023
25,Boruta,5,Logistic Regression,"Sc, Bp, Hemo, Bu, Bgr",0.5025380710659898,0.5128205128205128,0.594059405940594,0.5504587155963303,0.5091790429042904
25,Boruta,5,Random Forest,"Sc, Bp, Hemo, Bu, Bgr",0.5126903553299492,0.5252525252525253,0.5148514851485149,0.52,0.5355816831683169
25,Boruta,5,XGBoost,"Sc, Bp, Hemo, Bu, Bgr",0.5532994923857868,0.5643564356435643,0.5643564356435643,0.5643564356435643,0.5462046204620462
25,DODA,5,Logistic Regression,"Sc, Bu, Bp, Hemo, Bgr",0.5025380710659898,0.5128205128205128,0.594059405940594,0.5504587155963303,0.5091790429042904
25,DODA,5,Random Forest,"Sc, Bu, Bp, Hemo, Bgr",0.5329949238578681,0.5436893203883495,0.5544554455445545,0.5490196078431373,0.5471328382838284
25,DODA,5,XGBoost,"Sc, Bu, Bp, Hemo, Bgr",0.5431472081218274,0.5544554455445545,0.5544554455445545,0.5544554455445545,0.531559405940594
25,Boruta,10,Logistic Regression,"Sc, Bp, Hemo, Bu, Bgr, Wbcc, Pot, Age, Pcv, Rbcc",0.5431472081218274,0.5470085470085471,0.6336633663366337,0.5871559633027523,0.5286716171617161
25,Boruta,10,Random Forest,"Sc, Bp, Hemo, Bu, Bgr, Wbcc, Pot, Age, Pcv, Rbcc",0.5076142131979695,0.5192307692307693,0.5346534653465347,0.526829268292683,0.5267120462046205
25,Boruta,10,XGBoost,"Sc, Bp, Hemo, Bu, Bgr, Wbcc, Pot, Age, Pcv, Rbcc",0.5380710659898477,0.5490196078431373,0.5544554455445545,0.5517241379310345,0.5288778877887789
25,DODA,10,Logistic Regression,"Sc, Bu, Bp, Hemo, Bgr, Pot, Al, Sg, Pcv, Age",0.5177664974619289,0.5277777777777778,0.5643564356435643,0.5454545454545454,0.4963902640264027
25,DODA,10,Random Forest,"Sc, Bu, Bp, Hemo, Bgr, Pot, Al, Sg, Pcv, Age",0.5025380710659898,0.5148514851485149,0.5148514851485149,0.5148514851485149,0.5276918316831682
25,DODA,10,XGBoost,"Sc, Bu, Bp, Hemo, Bgr, Pot, Al, Sg, Pcv, Age",0.5482233502538071,0.56,0.5544554455445545,0.5572139303482587,0.5434199669966997
25,Boruta,15,Logistic Regression,"Sc, Bp, Hemo, Bu, Bgr, Wbcc, Pot, Age, Pcv, Rbcc, Sod, Sg, Su, Al, Dm",0.5431472081218274,0.5470085470085471,0.6336633663366337,0.5871559633027523,0.49639026402640263
25,Boruta,15,Random Forest,"Sc, Bp, Hemo, Bu, Bgr, Wbcc, Pot, Age, Pcv, Rbcc, Sod, Sg, Su, Al, Dm",0.5329949238578681,0.5420560747663551,0.5742574257425742,0.5576923076923077,0.5561056105610561
25,Boruta,15,XGBoost,"Sc, Bp, Hemo, Bu, Bgr, Wbcc, Pot, Age, Pcv, Rbcc, Sod, Sg, Su, Al, Dm",0.5279187817258884,0.5377358490566038,0.5643564356435643,0.5507246376811594,0.531559405940594
25,DODA,15,Logistic Regression,"Sc, Bu, Bp, Hemo, Bgr, Pot, Al, Sg, Pcv, Age, Wbcc, Sod, Rbcc, Dm, Su",0.5431472081218274,0.5470085470085471,0.6336633663366337,0.5871559633027523,0.49639026402640263
25,DODA,15,Random Forest,"Sc, Bu, Bp, Hemo, Bgr, Pot, Al, Sg, Pcv, Age, Wbcc, Sod, Rbcc, Dm, Su",0.5177664974619289,0.5267857142857143,0.5841584158415841,0.5539906103286385,0.537799092409241
25,DODA,15,XGBoost,"Sc, Bu, Bp, Hemo, Bgr, Pot, Al, Sg, Pcv, Age, Wbcc, Sod, Rbcc, Dm, Su",0.5279187817258884,0.54,0.5346534653465347,0.5373134328358209,0.5302186468646864
25,Boruta,20,Logistic Regression,"Sc, Bp, Hemo, Bu, Bgr, Wbcc, Pot, Age, Pcv, Rbcc, Sod, Sg, Su, Al, Dm, Ane, Rbc, Appet, Ba, Cad",0.5228426395939086,0.5299145299145299,0.6138613861386139,0.5688073394495413,0.5111386138613861
25,Boruta,20,Random Forest,"Sc, Bp, Hemo, Bu, Bgr, Wbcc, Pot, Age, Pcv, Rbcc, Sod, Sg, Su, Al, Dm, Ane, Rbc, Appet, Ba, Cad",0.5177664974619289,0.5267857142857143,0.5841584158415841,0.5539906103286385,0.5343956270627064
25,Boruta,20,XGBoost,"Sc, Bp, Hemo, Bu, Bgr, Wbcc, Pot, Age, Pcv, Rbcc, Sod, Sg, Su, Al, Dm, Ane, Rbc, Appet, Ba, Cad",0.5380710659898477,0.5454545454545454,0.594059405940594,0.5687203791469194,0.5437293729372937
25,DODA,20,Logistic Regression,"Sc, Bu, Bp, Hemo, Bgr, Pot, Al, Sg, Pcv, Age, Wbcc, Sod, Rbcc, Dm, Su, Ane, Htn, Rbc, Pe, Cad",0.5431472081218274,0.5454545454545454,0.6534653465346535,0.5945945945945946,0.4986592409240924
25,DODA,20,Random Forest,"Sc, Bu, Bp, Hemo, Bgr, Pot, Al, Sg, Pcv, Age, Wbcc, Sod, Rbcc, Dm, Su, Ane, Htn, Rbc, Pe, Cad",0.5228426395939086,0.5294117647058824,0.6237623762376238,0.5727272727272728,0.5389851485148515
25,DODA,20,XGBoost,"Sc, Bu, Bp, Hemo, Bgr, Pot, Al, Sg, Pcv, Age, Wbcc, Sod, Rbcc, Dm, Su, Ane, Htn, Rbc, Pe, Cad",0.5177664974619289,0.5277777777777778,0.5643564356435643,0.5454545454545454,0.5372318481848185
