Run,Method,Top_K,Model,Accuracy,Precision,Recall,F1,ROC_AUC,Selected_Features
1,LASSO,5,Logistic Regression,0.5252525252525253,0.5309734513274337,0.594059405940594,0.5607476635514018,0.5244972950903337,"Bp, Sg, Su, Rbcc, Ba"
1,LASSO,5,Random Forest,0.5252525252525253,0.5333333333333333,0.5544554455445545,0.5436893203883495,0.5138307645197511,"Bp, Sg, Su, Rbcc, Ba"
1,LASSO,5,XGBoost,0.5202020202020202,0.5267857142857143,0.5841584158415841,0.5539906103286385,0.49989792793712357,"Bp, Sg, Su, Rbcc, Ba"
1,DODA,5,Logistic Regression,0.5,0.5096153846153846,0.5247524752475248,0.5170731707317073,0.5183219352863121,"Bp, Sg, Sc, Su, Rbcc"
1,DODA,5,Random Forest,0.5404040404040404,0.55,0.5445544554455446,0.5472636815920398,0.5483821578034093,"Bp, Sg, Sc, Su, Rbcc"
1,DODA,5,XGBoost,0.5303030303030303,0.5408163265306123,0.5247524752475248,0.5326633165829145,0.5388384199244667,"Bp, Sg, Sc, Su, Rbcc"
1,LASSO,10,Logistic Regression,0.5,0.5094339622641509,0.5346534653465347,0.5217391304347826,0.5224048178013678,"Bp, Sg, Su, Rbcc, Ba, Pot, Wbcc, Bgr, Sc, Age"
1,LASSO,10,Random Forest,0.5606060606060606,0.57,0.5643564356435643,0.5671641791044776,0.5481780136776565,"Bp, Sg, Su, Rbcc, Ba, Pot, Wbcc, Bgr, Sc, Age"
1,LASSO,10,XGBoost,0.5757575757575758,0.5825242718446602,0.594059405940594,0.5882352941176471,0.5858936409104828,"Bp, Sg, Su, Rbcc, Ba, Pot, Wbcc, Bgr, Sc, Age"
1,DODA,10,Logistic Regression,0.5404040404040404,0.5471698113207547,0.5742574257425742,0.5603864734299517,0.5345513932836583,"Bp, Sg, Sc, Su, Rbcc, Al, Pot, Bu, Bgr, Htn"
1,DODA,10,Random Forest,0.5656565656565656,0.5714285714285714,0.594059405940594,0.5825242718446602,0.5602735531285088,"Bp, Sg, Sc, Su, Rbcc, Al, Pot, Bu, Bgr, Htn"
1,DODA,10,XGBoost,0.5505050505050505,0.5576923076923077,0.5742574257425742,0.5658536585365853,0.5893640910482801,"Bp, Sg, Sc, Su, Rbcc, Al, Pot, Bu, Bgr, Htn"
1,LASSO,15,Logistic Regression,0.5202020202020202,0.5283018867924528,0.5544554455445545,0.5410628019323671,0.5206695927324692,"Bp, Sg, Su, Rbcc, Ba, Pot, Wbcc, Bgr, Sc, Age, Sod, Al, Pcc, Pc, Rbc"
1,LASSO,15,Random Forest,0.5252525252525253,0.5333333333333333,0.5544554455445545,0.5436893203883495,0.5373583750127591,"Bp, Sg, Su, Rbcc, Ba, Pot, Wbcc, Bgr, Sc, Age, Sod, Al, Pcc, Pc, Rbc"
1,LASSO,15,XGBoost,0.5656565656565656,0.5700934579439252,0.6039603960396039,0.5865384615384616,0.5759926508114729,"Bp, Sg, Su, Rbcc, Ba, Pot, Wbcc, Bgr, Sc, Age, Sod, Al, Pcc, Pc, Rbc"
1,DODA,15,Logistic Regression,0.5303030303030303,0.5384615384615384,0.5544554455445545,0.5463414634146342,0.5416964376850056,"Bp, Sg, Sc, Su, Rbcc, Al, Pot, Bu, Bgr, Htn, Dm, Ba, Hemo, Pcv, Ane"
1,DODA,15,Random Forest,0.5303030303030303,0.5363636363636364,0.5841584158415841,0.5592417061611374,0.5561906706134532,"Bp, Sg, Sc, Su, Rbcc, Al, Pot, Bu, Bgr, Htn, Dm, Ba, Hemo, Pcv, Ane"
1,DODA,15,XGBoost,0.5858585858585859,0.5922330097087378,0.6039603960396039,0.5980392156862745,0.6103909360008165,"Bp, Sg, Sc, Su, Rbcc, Al, Pot, Bu, Bgr, Htn, Dm, Ba, Hemo, Pcv, Ane"
1,LASSO,20,Logistic Regression,0.51010101010101,0.5188679245283019,0.5445544554455446,0.5314009661835749,0.5159742778401551,"Bp, Sg, Su, Rbcc, Ba, Pot, Wbcc, Bgr, Sc, Age, Sod, Al, Pcc, Pc, Rbc, Bu, Pcv, Hemo, Htn, Dm"
1,LASSO,20,Random Forest,0.5707070707070707,0.5677966101694916,0.6633663366336634,0.6118721461187214,0.5913034602429316,"Bp, Sg, Su, Rbcc, Ba, Pot, Wbcc, Bgr, Sc, Age, Sod, Al, Pcc, Pc, Rbc, Bu, Pcv, Hemo, Htn, Dm"
1,LASSO,20,XGBoost,0.5757575757575758,0.5779816513761468,0.6237623762376238,0.6,0.6061039093600082,"Bp, Sg, Su, Rbcc, Ba, Pot, Wbcc, Bgr, Sc, Age, Sod, Al, Pcc, Pc, Rbc, Bu, Pcv, Hemo, Htn, Dm"
1,DODA,20,Logistic Regression,0.5252525252525253,0.5321100917431193,0.5742574257425742,0.5523809523809524,0.5236296825558845,"Bp, Sg, Sc, Su, Rbcc, Al, Pot, Bu, Bgr, Htn, Dm, Ba, Hemo, Pcv, Ane, Sod, Wbcc, Age, Pe, Rbc"
1,DODA,20,Random Forest,0.5404040404040404,0.5431034482758621,0.6237623762376238,0.5806451612903226,0.556139634582015,"Bp, Sg, Sc, Su, Rbcc, Al, Pot, Bu, Bgr, Htn, Dm, Ba, Hemo, Pcv, Ane, Sod, Wbcc, Age, Pe, Rbc"
1,DODA,20,XGBoost,0.5656565656565656,0.5688073394495413,0.6138613861386139,0.5904761904761905,0.5786465244462591,"Bp, Sg, Sc, Su, Rbcc, Al, Pot, Bu, Bgr, Htn, Dm, Ba, Hemo, Pcv, Ane, Sod, Wbcc, Age, Pe, Rbc"
2,LASSO,5,Logistic Regression,0.494949494949495,0.5092592592592593,0.5392156862745098,0.5238095238095238,0.5042892156862746,"Bp, Ba, Pcv, Rbcc, Pe"
2,LASSO,5,Random Forest,0.4797979797979798,0.49572649572649574,0.5686274509803921,0.5296803652968036,0.479421977124183,"Bp, Ba, Pcv, Rbcc, Pe"
2,LASSO,5,XGBoost,0.4696969696969697,0.4857142857142857,0.5,0.4927536231884058,0.45332924836601307,"Bp, Ba, Pcv, Rbcc, Pe"
2,DODA,5,Logistic Regression,0.4898989898989899,0.5047619047619047,0.5196078431372549,0.5120772946859904,0.5175653594771241,"Bp, Al, Bu, Pcv, Rbcc"
2,DODA,5,Random Forest,0.5606060606060606,0.5773195876288659,0.5490196078431373,0.5628140703517588,0.5366625816993464,"Bp, Al, Bu, Pcv, Rbcc"
2,DODA,5,XGBoost,0.5151515151515151,0.5288461538461539,0.5392156862745098,0.5339805825242718,0.5186887254901961,"Bp, Al, Bu, Pcv, Rbcc"
2,LASSO,10,Logistic Regression,0.51010101010101,0.5247524752475248,0.5196078431372549,0.5221674876847291,0.5062295751633987,"Bp, Ba, Pcv, Rbcc, Pe, Pot, Bu, Al, Appet, Pc"
2,LASSO,10,Random Forest,0.5252525252525253,0.5434782608695652,0.49019607843137253,0.5154639175257731,0.5200163398692811,"Bp, Ba, Pcv, Rbcc, Pe, Pot, Bu, Al, Appet, Pc"
2,LASSO,10,XGBoost,0.4595959595959596,0.47368421052631576,0.4411764705882353,0.45685279187817257,0.4880514705882353,"Bp, Ba, Pcv, Rbcc, Pe, Pot, Bu, Al, Appet, Pc"
2,DODA,10,Logistic Regression,0.5151515151515151,0.5283018867924528,0.5490196078431373,0.5384615384615384,0.5210375816993464,"Bp, Al, Bu, Pcv, Rbcc, Pe, Ba, Sc, Pot, Sg"
2,DODA,10,Random Forest,0.5404040404040404,0.5617977528089888,0.49019607843137253,0.5235602094240838,0.5250204248366013,"Bp, Al, Bu, Pcv, Rbcc, Pe, Ba, Sc, Pot, Sg"
2,DODA,10,XGBoost,0.51010101010101,0.5274725274725275,0.47058823529411764,0.49740932642487046,0.5143995098039216,"Bp, Al, Bu, Pcv, Rbcc, Pe, Ba, Sc, Pot, Sg"
2,LASSO,15,Logistic Regression,0.5303030303030303,0.5420560747663551,0.5686274509803921,0.5550239234449761,0.5157271241830066,"Bp, Ba, Pcv, Rbcc, Pe, Pot, Bu, Al, Appet, Pc, Sod, Sg, Sc, Wbcc, Su"
2,LASSO,15,Random Forest,0.5303030303030303,0.550561797752809,0.4803921568627451,0.5130890052356021,0.5364072712418301,"Bp, Ba, Pcv, Rbcc, Pe, Pot, Bu, Al, Appet, Pc, Sod, Sg, Sc, Wbcc, Su"
2,LASSO,15,XGBoost,0.4898989898989899,0.5050505050505051,0.49019607843137253,0.4975124378109453,0.5145016339869282,"Bp, Ba, Pcv, Rbcc, Pe, Pot, Bu, Al, Appet, Pc, Sod, Sg, Sc, Wbcc, Su"
2,DODA,15,Logistic Regression,0.5202020202020202,0.5315315315315315,0.5784313725490197,0.5539906103286385,0.5123570261437909,"Bp, Al, Bu, Pcv, Rbcc, Pe, Ba, Sc, Pot, Sg, Htn, Sod, Dm, Pc, Hemo"
2,DODA,15,Random Forest,0.5252525252525253,0.5434782608695652,0.49019607843137253,0.5154639175257731,0.5658190359477124,"Bp, Al, Bu, Pcv, Rbcc, Pe, Ba, Sc, Pot, Sg, Htn, Sod, Dm, Pc, Hemo"
2,DODA,15,XGBoost,0.494949494949495,0.5098039215686274,0.5098039215686274,0.5098039215686274,0.5493259803921569,"Bp, Al, Bu, Pcv, Rbcc, Pe, Ba, Sc, Pot, Sg, Htn, Sod, Dm, Pc, Hemo"
2,LASSO,20,Logistic Regression,0.5151515151515151,0.5277777777777778,0.5588235294117647,0.5428571428571428,0.514501633986928,"Bp, Ba, Pcv, Rbcc, Pe, Pot, Bu, Al, Appet, Pc, Sod, Sg, Sc, Wbcc, Su, Age, Pcc, Rbc, Hemo, Bgr"
2,LASSO,20,Random Forest,0.5202020202020202,0.5346534653465347,0.5294117647058824,0.5320197044334976,0.5300245098039216,"Bp, Ba, Pcv, Rbcc, Pe, Pot, Bu, Al, Appet, Pc, Sod, Sg, Sc, Wbcc, Su, Age, Pcc, Rbc, Hemo, Bgr"
2,LASSO,20,XGBoost,0.48484848484848486,0.5,0.49019607843137253,0.49504950495049505,0.5050040849673203,"Bp, Ba, Pcv, Rbcc, Pe, Pot, Bu, Al, Appet, Pc, Sod, Sg, Sc, Wbcc, Su, Age, Pcc, Rbc, Hemo, Bgr"
2,DODA,20,Logistic Regression,0.5353535353535354,0.5462962962962963,0.5784313725490197,0.5619047619047619,0.5265522875816995,"Bp, Al, Bu, Pcv, Rbcc, Pe, Ba, Sc, Pot, Sg, Htn, Sod, Dm, Pc, Hemo, Appet, Bgr, Ane, Age, Su"
2,DODA,20,Random Forest,0.5,0.5157894736842106,0.4803921568627451,0.49746192893401014,0.5292585784313726,"Bp, Al, Bu, Pcv, Rbcc, Pe, Ba, Sc, Pot, Sg, Htn, Sod, Dm, Pc, Hemo, Appet, Bgr, Ane, Age, Su"
2,DODA,20,XGBoost,0.51010101010101,0.5252525252525253,0.5098039215686274,0.5174129353233831,0.5490196078431372,"Bp, Al, Bu, Pcv, Rbcc, Pe, Ba, Sc, Pot, Sg, Htn, Sod, Dm, Pc, Hemo, Appet, Bgr, Ane, Age, Su"
3,LASSO,5,Logistic Regression,0.51010101010101,0.5217391304347826,0.5882352941176471,0.5529953917050692,0.4875408496732026,"Bp, Pcv, Bgr, Ba, Rbcc"
3,LASSO,5,Random Forest,0.46464646464646464,0.48,0.47058823529411764,0.4752475247524752,0.44898897058823534,"Bp, Pcv, Bgr, Ba, Rbcc"
3,LASSO,5,XGBoost,0.5151515151515151,0.5306122448979592,0.5098039215686274,0.52,0.4995915032679738,"Bp, Pcv, Bgr, Ba, Rbcc"
3,DODA,5,Logistic Regression,0.494949494949495,0.5087719298245614,0.5686274509803921,0.5370370370370371,0.4884599673202614,"Bp, Pcv, Bgr, Bu, Al"
3,DODA,5,Random Forest,0.4898989898989899,0.504424778761062,0.5588235294117647,0.5302325581395348,0.5001021241830066,"Bp, Pcv, Bgr, Bu, Al"
3,DODA,5,XGBoost,0.494949494949495,0.5094339622641509,0.5294117647058824,0.5192307692307693,0.49489379084967317,"Bp, Pcv, Bgr, Bu, Al"
3,LASSO,10,Logistic Regression,0.4898989898989899,0.5045045045045045,0.5490196078431373,0.5258215962441315,0.5063316993464053,"Bp, Pcv, Bgr, Ba, Rbcc, Su, Appet, Pot, Bu, Ane"
3,LASSO,10,Random Forest,0.4696969696969697,0.48598130841121495,0.5098039215686274,0.49760765550239233,0.46905637254901955,"Bp, Pcv, Bgr, Ba, Rbcc, Su, Appet, Pot, Bu, Ane"
3,LASSO,10,XGBoost,0.4797979797979798,0.4948453608247423,0.47058823529411764,0.4824120603015075,0.4654820261437909,"Bp, Pcv, Bgr, Ba, Rbcc, Su, Appet, Pot, Bu, Ane"
3,DODA,10,Logistic Regression,0.5202020202020202,0.5309734513274337,0.5882352941176471,0.5581395348837209,0.5051062091503268,"Bp, Pcv, Bgr, Bu, Al, Sc, Rbcc, Su, Sg, Htn"
3,DODA,10,Random Forest,0.4595959595959596,0.4778761061946903,0.5294117647058824,0.5023255813953489,0.4881025326797386,"Bp, Pcv, Bgr, Bu, Al, Sc, Rbcc, Su, Sg, Htn"
3,DODA,10,XGBoost,0.5,0.5130434782608696,0.5784313725490197,0.543778801843318,0.48958333333333337,"Bp, Pcv, Bgr, Bu, Al, Sc, Rbcc, Su, Sg, Htn"
3,LASSO,15,Logistic Regression,0.5202020202020202,0.5327102803738317,0.5588235294117647,0.5454545454545454,0.5138888888888888,"Bp, Pcv, Bgr, Ba, Rbcc, Su, Appet, Pot, Bu, Ane, Pe, Pc, Age, Sg, Rbc"
3,LASSO,15,Random Forest,0.4797979797979798,0.49523809523809526,0.5098039215686274,0.5024154589371981,0.48937908496732024,"Bp, Pcv, Bgr, Ba, Rbcc, Su, Appet, Pot, Bu, Ane, Pe, Pc, Age, Sg, Rbc"
3,LASSO,15,XGBoost,0.46464646464646464,0.48,0.47058823529411764,0.4752475247524752,0.4902982026143791,"Bp, Pcv, Bgr, Ba, Rbcc, Su, Appet, Pot, Bu, Ane, Pe, Pc, Age, Sg, Rbc"
3,DODA,15,Logistic Regression,0.5303030303030303,0.5405405405405406,0.5882352941176471,0.5633802816901409,0.5093954248366013,"Bp, Pcv, Bgr, Bu, Al, Sc, Rbcc, Su, Sg, Htn, Ba, Pot, Dm, Ane, Hemo"
3,DODA,15,Random Forest,0.4797979797979798,0.4954954954954955,0.5392156862745098,0.5164319248826291,0.477328431372549,"Bp, Pcv, Bgr, Bu, Al, Sc, Rbcc, Su, Sg, Htn, Ba, Pot, Dm, Ane, Hemo"
3,DODA,15,XGBoost,0.48484848484848486,0.5,0.5490196078431373,0.5233644859813084,0.48805147058823534,"Bp, Pcv, Bgr, Bu, Al, Sc, Rbcc, Su, Sg, Htn, Ba, Pot, Dm, Ane, Hemo"
3,LASSO,20,Logistic Regression,0.51010101010101,0.5233644859813084,0.5490196078431373,0.5358851674641149,0.5159313725490196,"Bp, Pcv, Bgr, Ba, Rbcc, Su, Appet, Pot, Bu, Ane, Pe, Pc, Age, Sg, Rbc, Al, Pcc, Hemo, Sc, Sod"
3,LASSO,20,Random Forest,0.494949494949495,0.5094339622641509,0.5294117647058824,0.5192307692307693,0.4978043300653594,"Bp, Pcv, Bgr, Ba, Rbcc, Su, Appet, Pot, Bu, Ane, Pe, Pc, Age, Sg, Rbc, Al, Pcc, Hemo, Sc, Sod"
3,LASSO,20,XGBoost,0.5303030303030303,0.5384615384615384,0.6176470588235294,0.5753424657534246,0.5130718954248366,"Bp, Pcv, Bgr, Ba, Rbcc, Su, Appet, Pot, Bu, Ane, Pe, Pc, Age, Sg, Rbc, Al, Pcc, Hemo, Sc, Sod"
3,DODA,20,Logistic Regression,0.5050505050505051,0.5181818181818182,0.5588235294117647,0.5377358490566038,0.5112336601307189,"Bp, Pcv, Bgr, Bu, Al, Sc, Rbcc, Su, Sg, Htn, Ba, Pot, Dm, Ane, Hemo, Appet, Pe, Sod, Age, Rbc"
3,DODA,20,Random Forest,0.4898989898989899,0.5045045045045045,0.5490196078431373,0.5258215962441315,0.5031658496732027,"Bp, Pcv, Bgr, Bu, Al, Sc, Rbcc, Su, Sg, Htn, Ba, Pot, Dm, Ane, Hemo, Appet, Pe, Sod, Age, Rbc"
3,DODA,20,XGBoost,0.5050505050505051,0.5181818181818182,0.5588235294117647,0.5377358490566038,0.5172589869281046,"Bp, Pcv, Bgr, Bu, Al, Sc, Rbcc, Su, Sg, Htn, Ba, Pot, Dm, Ane, Hemo, Appet, Pe, Sod, Age, Rbc"
4,LASSO,5,Logistic Regression,0.5177664974619289,0.525,0.6237623762376238,0.5701357466063348,0.5495049504950495,"Bp, Ba, Pot, Bu, Pe"
4,LASSO,5,Random Forest,0.5177664974619289,0.5272727272727272,0.5742574257425742,0.5497630331753555,0.5176877062706271,"Bp, Ba, Pot, Bu, Pe"
4,LASSO,5,XGBoost,0.5177664974619289,0.5241935483870968,0.6435643564356436,0.5777777777777777,0.494740099009901,"Bp, Ba, Pot, Bu, Pe"
4,DODA,5,Logistic Regression,0.5634517766497462,0.5630252100840336,0.6633663366336634,0.6090909090909091,0.5465140264026402,"Bp, Bu, Pot, Pe, Sc"
4,DODA,5,Random Forest,0.49238578680203043,0.5045871559633027,0.5445544554455446,0.5238095238095238,0.47416460396039606,"Bp, Bu, Pot, Pe, Sc"
4,DODA,5,XGBoost,0.49746192893401014,0.5089285714285714,0.5643564356435643,0.5352112676056338,0.49133663366336633,"Bp, Bu, Pot, Pe, Sc"
4,LASSO,10,Logistic Regression,0.5482233502538071,0.5517241379310345,0.6336633663366337,0.5898617511520737,0.5683787128712872,"Bp, Ba, Pot, Bu, Pe, Su, Bgr, Rbcc, Appet, Sod"
4,LASSO,10,Random Forest,0.5025380710659898,0.5137614678899083,0.5544554455445545,0.5333333333333333,0.5260932343234324,"Bp, Ba, Pot, Bu, Pe, Su, Bgr, Rbcc, Appet, Sod"
4,LASSO,10,XGBoost,0.5279187817258884,0.5357142857142857,0.594059405940594,0.5633802816901409,0.5337252475247525,"Bp, Ba, Pot, Bu, Pe, Su, Bgr, Rbcc, Appet, Sod"
4,DODA,10,Logistic Regression,0.5482233502538071,0.55,0.6534653465346535,0.5972850678733032,0.5517739273927392,"Bp, Bu, Pot, Pe, Sc, Ba, Al, Bgr, Su, Sg"
4,DODA,10,Random Forest,0.4467005076142132,0.46226415094339623,0.48514851485148514,0.47342995169082125,0.4386344884488449,"Bp, Bu, Pot, Pe, Sc, Ba, Al, Bgr, Su, Sg"
4,DODA,10,XGBoost,0.4873096446700508,0.5,0.5346534653465347,0.5167464114832536,0.4698844884488449,"Bp, Bu, Pot, Pe, Sc, Ba, Al, Bgr, Su, Sg"
4,LASSO,15,Logistic Regression,0.5431472081218274,0.5478260869565217,0.6237623762376238,0.5833333333333334,0.5586839933993399,"Bp, Ba, Pot, Bu, Pe, Su, Bgr, Rbcc, Appet, Sod, Rbc, Sc, Age, Pc, Sg"
4,LASSO,15,Random Forest,0.5228426395939086,0.5333333333333333,0.5544554455445545,0.5436893203883495,0.5113964521452146,"Bp, Ba, Pot, Bu, Pe, Su, Bgr, Rbcc, Appet, Sod, Rbc, Sc, Age, Pc, Sg"
4,LASSO,15,XGBoost,0.5329949238578681,0.5445544554455446,0.5445544554455446,0.5445544554455446,0.5313531353135313,"Bp, Ba, Pot, Bu, Pe, Su, Bgr, Rbcc, Appet, Sod, Rbc, Sc, Age, Pc, Sg"
4,DODA,15,Logistic Regression,0.5126903553299492,0.5221238938053098,0.5841584158415841,0.5514018691588785,0.5528052805280528,"Bp, Bu, Pot, Pe, Sc, Ba, Al, Bgr, Su, Sg, Htn, Rbcc, Dm, Sod, Hemo"
4,DODA,15,Random Forest,0.5228426395939086,0.5315315315315315,0.5841584158415841,0.5566037735849056,0.5040222772277227,"Bp, Bu, Pot, Pe, Sc, Ba, Al, Bgr, Su, Sg, Htn, Rbcc, Dm, Sod, Hemo"
4,DODA,15,XGBoost,0.5025380710659898,0.5142857142857142,0.5346534653465347,0.5242718446601942,0.5011344884488449,"Bp, Bu, Pot, Pe, Sc, Ba, Al, Bgr, Su, Sg, Htn, Rbcc, Dm, Sod, Hemo"
4,LASSO,20,Logistic Regression,0.5380710659898477,0.5446428571428571,0.6039603960396039,0.5727699530516432,0.5448638613861387,"Bp, Ba, Pot, Bu, Pe, Su, Bgr, Rbcc, Appet, Sod, Rbc, Sc, Age, Pc, Sg, Al, Pcc, Hemo, Pcv, Wbcc"
4,LASSO,20,Random Forest,0.48223350253807107,0.4954128440366973,0.5346534653465347,0.5142857142857142,0.4742677392739274,"Bp, Ba, Pot, Bu, Pe, Su, Bgr, Rbcc, Appet, Sod, Rbc, Sc, Age, Pc, Sg, Al, Pcc, Hemo, Pcv, Wbcc"
4,LASSO,20,XGBoost,0.5279187817258884,0.5408163265306123,0.5247524752475248,0.5326633165829145,0.5144389438943895,"Bp, Ba, Pot, Bu, Pe, Su, Bgr, Rbcc, Appet, Sod, Rbc, Sc, Age, Pc, Sg, Al, Pcc, Hemo, Pcv, Wbcc"
4,DODA,20,Logistic Regression,0.5279187817258884,0.5344827586206896,0.6138613861386139,0.5714285714285714,0.5549711221122112,"Bp, Bu, Pot, Pe, Sc, Ba, Al, Bgr, Su, Sg, Htn, Rbcc, Dm, Sod, Hemo, Pcv, Ane, Rbc, Appet, Age"
4,DODA,20,Random Forest,0.5431472081218274,0.5544554455445545,0.5544554455445545,0.5544554455445545,0.5092821782178217,"Bp, Bu, Pot, Pe, Sc, Ba, Al, Bgr, Su, Sg, Htn, Rbcc, Dm, Sod, Hemo, Pcv, Ane, Rbc, Appet, Age"
4,DODA,20,XGBoost,0.5329949238578681,0.5463917525773195,0.5247524752475248,0.5353535353535354,0.5240305280528053,"Bp, Bu, Pot, Pe, Sc, Ba, Al, Bgr, Su, Sg, Htn, Rbcc, Dm, Sod, Hemo, Pcv, Ane, Rbc, Appet, Age"
5,LASSO,5,Logistic Regression,0.5025380710659898,0.5126050420168067,0.6039603960396039,0.5545454545454546,0.518667491749175,"Bp, Su, Pcv, Bu, Ba"
5,LASSO,5,Random Forest,0.5279187817258884,0.5408163265306123,0.5247524752475248,0.5326633165829145,0.5088180693069306,"Bp, Su, Pcv, Bu, Ba"
5,LASSO,5,XGBoost,0.49238578680203043,0.5047619047619047,0.5247524752475248,0.5145631067961165,0.47896039603960394,"Bp, Su, Pcv, Bu, Ba"
5,DODA,5,Logistic Regression,0.5025380710659898,0.5126050420168067,0.6039603960396039,0.5545454545454546,0.4938118811881188,"Bp, Bu, Pcv, Su, Sg"
5,DODA,5,Random Forest,0.467005076142132,0.48148148148148145,0.5148514851485149,0.49760765550239233,0.4501340759075908,"Bp, Bu, Pcv, Su, Sg"
5,DODA,5,XGBoost,0.48223350253807107,0.494949494949495,0.48514851485148514,0.49,0.45235148514851486,"Bp, Bu, Pcv, Su, Sg"
5,LASSO,10,Logistic Regression,0.5177664974619289,0.5258620689655172,0.6039603960396039,0.5622119815668203,0.5196988448844885,"Bp, Su, Pcv, Bu, Ba, Appet, Ane, Rbcc, Sg, Pc"
5,LASSO,10,Random Forest,0.45685279187817257,0.4716981132075472,0.49504950495049505,0.4830917874396135,0.45786922442244216,"Bp, Su, Pcv, Bu, Ba, Appet, Ane, Rbcc, Sg, Pc"
5,LASSO,10,XGBoost,0.48223350253807107,0.494949494949495,0.48514851485148514,0.49,0.4654496699669967,"Bp, Su, Pcv, Bu, Ba, Appet, Ane, Rbcc, Sg, Pc"
5,DODA,10,Logistic Regression,0.5177664974619289,0.5267857142857143,0.5841584158415841,0.5539906103286385,0.5167079207920792,"Bp, Bu, Pcv, Su, Sg, Al, Sc, Ane, Htn, Ba"
5,DODA,10,Random Forest,0.48223350253807107,0.49557522123893805,0.5544554455445545,0.5233644859813084,0.47241130363036304,"Bp, Bu, Pcv, Su, Sg, Al, Sc, Ane, Htn, Ba"
5,DODA,10,XGBoost,0.5076142131979695,0.5192307692307693,0.5346534653465347,0.526829268292683,0.47163778877887785,"Bp, Bu, Pcv, Su, Sg, Al, Sc, Ane, Htn, Ba"
5,LASSO,15,Logistic Regression,0.5126903553299492,0.5229357798165137,0.5643564356435643,0.5428571428571428,0.5161922442244224,"Bp, Su, Pcv, Bu, Ba, Appet, Ane, Rbcc, Sg, Pc, Htn, Pot, Pcc, Rbc, Age"
5,LASSO,15,Random Forest,0.4263959390862944,0.44339622641509435,0.46534653465346537,0.45410628019323673,0.41197400990099015,"Bp, Su, Pcv, Bu, Ba, Appet, Ane, Rbcc, Sg, Pc, Htn, Pot, Pcc, Rbc, Age"
5,LASSO,15,XGBoost,0.45685279187817257,0.47,0.46534653465346537,0.46766169154228854,0.4476072607260726,"Bp, Su, Pcv, Bu, Ba, Appet, Ane, Rbcc, Sg, Pc, Htn, Pot, Pcc, Rbc, Age"
5,DODA,15,Logistic Regression,0.5279187817258884,0.5357142857142857,0.594059405940594,0.5633802816901409,0.5319719471947194,"Bp, Bu, Pcv, Su, Sg, Al, Sc, Ane, Htn, Ba, Rbcc, Dm, Appet, Hemo, Bgr"
5,DODA,15,Random Forest,0.48223350253807107,0.494949494949495,0.48514851485148514,0.49,0.49520420792079206,"Bp, Bu, Pcv, Su, Sg, Al, Sc, Ane, Htn, Ba, Rbcc, Dm, Appet, Hemo, Bgr"
5,DODA,15,XGBoost,0.5126903553299492,0.5242718446601942,0.5346534653465347,0.5294117647058824,0.4865924092409242,"Bp, Bu, Pcv, Su, Sg, Al, Sc, Ane, Htn, Ba, Rbcc, Dm, Appet, Hemo, Bgr"
5,LASSO,20,Logistic Regression,0.5279187817258884,0.5350877192982456,0.6039603960396039,0.5674418604651162,0.5247524752475248,"Bp, Su, Pcv, Bu, Ba, Appet, Ane, Rbcc, Sg, Pc, Htn, Pot, Pcc, Rbc, Age, Al, Hemo, Sod, Bgr, Sc"
5,LASSO,20,Random Forest,0.4873096446700508,0.5,0.5445544554455446,0.5213270142180095,0.4782384488448845,"Bp, Su, Pcv, Bu, Ba, Appet, Ane, Rbcc, Sg, Pc, Htn, Pot, Pcc, Rbc, Age, Al, Hemo, Sod, Bgr, Sc"
5,LASSO,20,XGBoost,0.49238578680203043,0.504424778761062,0.5643564356435643,0.5327102803738317,0.49896864686468645,"Bp, Su, Pcv, Bu, Ba, Appet, Ane, Rbcc, Sg, Pc, Htn, Pot, Pcc, Rbc, Age, Al, Hemo, Sod, Bgr, Sc"
5,DODA,20,Logistic Regression,0.5228426395939086,0.5321100917431193,0.5742574257425742,0.5523809523809524,0.5377475247524752,"Bp, Bu, Pcv, Su, Sg, Al, Sc, Ane, Htn, Ba, Rbcc, Dm, Appet, Hemo, Bgr, Pot, Pc, Sod, Pe, Age"
5,DODA,20,Random Forest,0.5025380710659898,0.5135135135135135,0.5643564356435643,0.5377358490566038,0.4747318481848185,"Bp, Bu, Pcv, Su, Sg, Al, Sc, Ane, Htn, Ba, Rbcc, Dm, Appet, Hemo, Bgr, Pot, Pc, Sod, Pe, Age"
5,DODA,20,XGBoost,0.48223350253807107,0.4956521739130435,0.5643564356435643,0.5277777777777778,0.492986798679868,"Bp, Bu, Pcv, Su, Sg, Al, Sc, Ane, Htn, Ba, Rbcc, Dm, Appet, Hemo, Bgr, Pot, Pc, Sod, Pe, Age"
6,LASSO,5,Logistic Regression,0.5252525252525253,0.5315315315315315,0.5841584158415841,0.5566037735849056,0.5095437378789425,"Bp, Pcv, Ba, Sg, Sod"
6,LASSO,5,Random Forest,0.5454545454545454,0.5544554455445545,0.5544554455445545,0.5544554455445545,0.518526079412065,"Bp, Pcv, Ba, Sg, Sod"
6,LASSO,5,XGBoost,0.5202020202020202,0.5306122448979592,0.5148514851485149,0.5226130653266332,0.5458813922629376,"Bp, Pcv, Ba, Sg, Sod"
6,DODA,5,Logistic Regression,0.4797979797979798,0.4909090909090909,0.5346534653465347,0.5118483412322274,0.5055629274267633,"Bp, Sg, Bu, Pcv, Sod"
6,DODA,5,Random Forest,0.5404040404040404,0.5480769230769231,0.5643564356435643,0.5560975609756098,0.5193426559150761,"Bp, Sg, Bu, Pcv, Sod"
6,DODA,5,XGBoost,0.5404040404040404,0.5471698113207547,0.5742574257425742,0.5603864734299517,0.5391446361130959,"Bp, Sg, Bu, Pcv, Sod"
6,LASSO,10,Logistic Regression,0.5202020202020202,0.5263157894736842,0.594059405940594,0.5581395348837209,0.5341431050321527,"Bp, Pcv, Ba, Sg, Sod, Bu, Appet, Pot, Rbcc, Bgr"
6,LASSO,10,Random Forest,0.45454545454545453,0.4666666666666667,0.48514851485148514,0.47572815533980584,0.4623354087986118,"Bp, Pcv, Ba, Sg, Sod, Bu, Appet, Pot, Rbcc, Bgr"
6,LASSO,10,XGBoost,0.5,0.5104166666666666,0.48514851485148514,0.49746192893401014,0.5032152699806063,"Bp, Pcv, Ba, Sg, Sod, Bu, Appet, Pot, Rbcc, Bgr"
6,DODA,10,Logistic Regression,0.5050505050505051,0.5130434782608696,0.5841584158415841,0.5462962962962963,0.5103603143819537,"Bp, Sg, Bu, Pcv, Sod, Al, Sc, Ba, Htn, Pot"
6,DODA,10,Random Forest,0.5202020202020202,0.53125,0.504950495049505,0.5177664974619289,0.4890272532407879,"Bp, Sg, Bu, Pcv, Sod, Al, Sc, Ba, Htn, Pot"
6,DODA,10,XGBoost,0.5555555555555556,0.5631067961165048,0.5742574257425742,0.5686274509803921,0.5628253547004185,"Bp, Sg, Bu, Pcv, Sod, Al, Sc, Ba, Htn, Pot"
6,LASSO,15,Logistic Regression,0.5202020202020202,0.5263157894736842,0.594059405940594,0.5581395348837209,0.5232213943043789,"Bp, Pcv, Ba, Sg, Sod, Bu, Appet, Pot, Rbcc, Bgr, Pcc, Pc, Age, Rbc, Su"
6,LASSO,15,Random Forest,0.4595959595959596,0.4727272727272727,0.5148514851485149,0.4928909952606635,0.49994896396856175,"Bp, Pcv, Ba, Sg, Sod, Bu, Appet, Pot, Rbcc, Bgr, Pcc, Pc, Age, Rbc, Su"
6,LASSO,15,XGBoost,0.51010101010101,0.52,0.5148514851485149,0.5174129353233831,0.5199550882923344,"Bp, Pcv, Ba, Sg, Sod, Bu, Appet, Pot, Rbcc, Bgr, Pcc, Pc, Age, Rbc, Su"
6,DODA,15,Logistic Regression,0.494949494949495,0.5043478260869565,0.5742574257425742,0.5370370370370371,0.5154639175257733,"Bp, Sg, Bu, Pcv, Sod, Al, Sc, Ba, Htn, Pot, Dm, Bgr, Hemo, Rbcc, Ane"
6,DODA,15,Random Forest,0.494949494949495,0.504950495049505,0.504950495049505,0.504950495049505,0.45600694090027566,"Bp, Sg, Bu, Pcv, Sod, Al, Sc, Ba, Htn, Pot, Dm, Bgr, Hemo, Rbcc, Ane"
6,DODA,15,XGBoost,0.494949494949495,0.5050505050505051,0.49504950495049505,0.5,0.5140349086455037,"Bp, Sg, Bu, Pcv, Sod, Al, Sc, Ba, Htn, Pot, Dm, Bgr, Hemo, Rbcc, Ane"
6,LASSO,20,Logistic Regression,0.5252525252525253,0.5299145299145299,0.6138613861386139,0.5688073394495413,0.5071960804327855,"Bp, Pcv, Ba, Sg, Sod, Bu, Appet, Pot, Rbcc, Bgr, Pcc, Pc, Age, Rbc, Su, Al, Hemo, Sc, Htn, Wbcc"
6,LASSO,20,Random Forest,0.5,0.5096153846153846,0.5247524752475248,0.5170731707317073,0.5110748188220884,"Bp, Pcv, Ba, Sg, Sod, Bu, Appet, Pot, Rbcc, Bgr, Pcc, Pc, Age, Rbc, Su, Al, Hemo, Sc, Htn, Wbcc"
6,LASSO,20,XGBoost,0.5505050505050505,0.5625,0.5346534653465347,0.5482233502538071,0.5495559865264877,"Bp, Pcv, Ba, Sg, Sod, Bu, Appet, Pot, Rbcc, Bgr, Pcc, Pc, Age, Rbc, Su, Al, Hemo, Sc, Htn, Wbcc"
6,DODA,20,Logistic Regression,0.47474747474747475,0.48672566371681414,0.5445544554455446,0.514018691588785,0.5147494130856385,"Bp, Sg, Bu, Pcv, Sod, Al, Sc, Ba, Htn, Pot, Dm, Bgr, Hemo, Rbcc, Ane, Appet, Pe, Age, Su, Rbc"
6,DODA,20,Random Forest,0.48484848484848486,0.4956521739130435,0.5643564356435643,0.5277777777777778,0.5048484229866286,"Bp, Sg, Bu, Pcv, Sod, Al, Sc, Ba, Htn, Pot, Dm, Bgr, Hemo, Rbcc, Ane, Appet, Pe, Age, Su, Rbc"
6,DODA,20,XGBoost,0.51010101010101,0.5196078431372549,0.5247524752475248,0.5221674876847291,0.5164846381545372,"Bp, Sg, Bu, Pcv, Sod, Al, Sc, Ba, Htn, Pot, Dm, Bgr, Hemo, Rbcc, Ane, Appet, Pe, Age, Su, Rbc"
7,LASSO,5,Logistic Regression,0.5151515151515151,0.5258620689655172,0.5980392156862745,0.5596330275229358,0.5305351307189542,"Bp, Bu, Ba, Su, Rbcc"
7,LASSO,5,Random Forest,0.4595959595959596,0.4752475247524752,0.47058823529411764,0.4729064039408867,0.47354983660130723,"Bp, Bu, Ba, Su, Rbcc"
7,LASSO,5,XGBoost,0.4393939393939394,0.45544554455445546,0.45098039215686275,0.45320197044334976,0.4242238562091503,"Bp, Bu, Ba, Su, Rbcc"
7,DODA,5,Logistic Regression,0.5,0.5132743362831859,0.5686274509803921,0.5395348837209303,0.5229779411764706,"Bu, Bp, Sc, Su, Pcv"
7,DODA,5,Random Forest,0.47474747474747475,0.49,0.4803921568627451,0.48514851485148514,0.45930351307189543,"Bu, Bp, Sc, Su, Pcv"
7,DODA,5,XGBoost,0.4494949494949495,0.46464646464646464,0.45098039215686275,0.4577114427860697,0.45149101307189543,"Bu, Bp, Sc, Su, Pcv"
7,LASSO,10,Logistic Regression,0.5050505050505051,0.5188679245283019,0.5392156862745098,0.5288461538461539,0.5154207516339869,"Bp, Bu, Ba, Su, Rbcc, Pcv, Ane, Sc, Pot, Sod"
7,LASSO,10,Random Forest,0.494949494949495,0.5084745762711864,0.5882352941176471,0.5454545454545454,0.49111519607843135,"Bp, Bu, Ba, Su, Rbcc, Pcv, Ane, Sc, Pot, Sod"
7,LASSO,10,XGBoost,0.494949494949495,0.5092592592592593,0.5392156862745098,0.5238095238095238,0.4516952614379085,"Bp, Bu, Ba, Su, Rbcc, Pcv, Ane, Sc, Pot, Sod"
7,DODA,10,Logistic Regression,0.5151515151515151,0.5263157894736842,0.5882352941176471,0.5555555555555556,0.5199142156862745,"Bu, Bp, Sc, Su, Pcv, Rbcc, Ane, Ba, Al, Pot"
7,DODA,10,Random Forest,0.48484848484848486,0.5,0.5098039215686274,0.5048543689320388,0.4835069444444444,"Bu, Bp, Sc, Su, Pcv, Rbcc, Ane, Ba, Al, Pot"
7,DODA,10,XGBoost,0.4444444444444444,0.46296296296296297,0.49019607843137253,0.47619047619047616,0.4437295751633987,"Bu, Bp, Sc, Su, Pcv, Rbcc, Ane, Ba, Al, Pot"
7,LASSO,15,Logistic Regression,0.47474747474747475,0.49056603773584906,0.5098039215686274,0.5,0.4946895424836601,"Bp, Bu, Ba, Su, Rbcc, Pcv, Ane, Sc, Pot, Sod, Pcc, Pe, Appet, Pc, Sg"
7,LASSO,15,Random Forest,0.43434343434343436,0.45454545454545453,0.49019607843137253,0.4716981132075472,0.4225388071895425,"Bp, Bu, Ba, Su, Rbcc, Pcv, Ane, Sc, Pot, Sod, Pcc, Pe, Appet, Pc, Sg"
7,LASSO,15,XGBoost,0.4696969696969697,0.4857142857142857,0.5,0.4927536231884058,0.43443627450980393,"Bp, Bu, Ba, Su, Rbcc, Pcv, Ane, Sc, Pot, Sod, Pcc, Pe, Appet, Pc, Sg"
7,DODA,15,Logistic Regression,0.5050505050505051,0.5185185185185185,0.5490196078431373,0.5333333333333333,0.5195057189542485,"Bu, Bp, Sc, Su, Pcv, Rbcc, Ane, Ba, Al, Pot, Sod, Sg, Htn, Pe, Dm"
7,DODA,15,Random Forest,0.45454545454545453,0.4722222222222222,0.5,0.4857142857142857,0.45006127450980393,"Bu, Bp, Sc, Su, Pcv, Rbcc, Ane, Ba, Al, Pot, Sod, Sg, Htn, Pe, Dm"
7,DODA,15,XGBoost,0.4494949494949495,0.46846846846846846,0.5098039215686274,0.48826291079812206,0.44403594771241833,"Bu, Bp, Sc, Su, Pcv, Rbcc, Ane, Ba, Al, Pot, Sod, Sg, Htn, Pe, Dm"
7,LASSO,20,Logistic Regression,0.4898989898989899,0.5045045045045045,0.5490196078431373,0.5258215962441315,0.4979575163398693,"Bp, Bu, Ba, Su, Rbcc, Pcv, Ane, Sc, Pot, Sod, Pcc, Pe, Appet, Pc, Sg, Age, Rbc, Al, Hemo, Bgr"
7,LASSO,20,Random Forest,0.5,0.5154639175257731,0.49019607843137253,0.5025125628140703,0.5008680555555556,"Bp, Bu, Ba, Su, Rbcc, Pcv, Ane, Sc, Pot, Sod, Pcc, Pe, Appet, Pc, Sg, Age, Rbc, Al, Hemo, Bgr"
7,LASSO,20,XGBoost,0.5252525252525253,0.5384615384615384,0.5490196078431373,0.5436893203883495,0.4916258169934641,"Bp, Bu, Ba, Su, Rbcc, Pcv, Ane, Sc, Pot, Sod, Pcc, Pe, Appet, Pc, Sg, Age, Rbc, Al, Hemo, Bgr"
7,DODA,20,Logistic Regression,0.47474747474747475,0.49122807017543857,0.5490196078431373,0.5185185185185185,0.49050245098039214,"Bu, Bp, Sc, Su, Pcv, Rbcc, Ane, Ba, Al, Pot, Sod, Sg, Htn, Pe, Dm, Hemo, Bgr, Pcc, Pc, Age"
7,DODA,20,Random Forest,0.51010101010101,0.5229357798165137,0.5588235294117647,0.5402843601895735,0.47232434640522875,"Bu, Bp, Sc, Su, Pcv, Rbcc, Ane, Ba, Al, Pot, Sod, Sg, Htn, Pe, Dm, Hemo, Bgr, Pcc, Pc, Age"
7,DODA,20,XGBoost,0.51010101010101,0.5225225225225225,0.5686274509803921,0.5446009389671361,0.4944852941176471,"Bu, Bp, Sc, Su, Pcv, Rbcc, Ane, Ba, Al, Pot, Sod, Sg, Htn, Pe, Dm, Hemo, Bgr, Pcc, Pc, Age"
8,LASSO,5,Logistic Regression,0.5252525252525253,0.5392156862745098,0.5392156862745098,0.5392156862745098,0.5540236928104576,"Bp, Pe, Ba, Pot, Su"
8,LASSO,5,Random Forest,0.5151515151515151,0.5272727272727272,0.5686274509803921,0.5471698113207547,0.5197610294117647,"Bp, Pe, Ba, Pot, Su"
8,LASSO,5,XGBoost,0.5252525252525253,0.5363636363636364,0.5784313725490197,0.5566037735849056,0.5248161764705882,"Bp, Pe, Ba, Pot, Su"
8,DODA,5,Logistic Regression,0.5505050505050505,0.5528455284552846,0.6666666666666666,0.6044444444444445,0.5504493464052287,"Bp, Pe, Bu, Pot, Al"
8,DODA,5,Random Forest,0.5555555555555556,0.5573770491803278,0.6666666666666666,0.6071428571428571,0.5538194444444444,"Bp, Pe, Bu, Pot, Al"
8,DODA,5,XGBoost,0.5454545454545454,0.5508474576271186,0.6372549019607843,0.5909090909090909,0.5451388888888888,"Bp, Pe, Bu, Pot, Al"
8,LASSO,10,Logistic Regression,0.5606060606060606,0.5688073394495413,0.6078431372549019,0.5876777251184834,0.5441176470588236,"Bp, Pe, Ba, Pot, Su, Wbcc, Appet, Rbcc, Bu, Pcv"
8,LASSO,10,Random Forest,0.5,0.5128205128205128,0.5882352941176471,0.547945205479452,0.49923406862745096,"Bp, Pe, Ba, Pot, Su, Wbcc, Appet, Rbcc, Bu, Pcv"
8,LASSO,10,XGBoost,0.5050505050505051,0.5169491525423728,0.5980392156862745,0.5545454545454546,0.5069444444444444,"Bp, Pe, Ba, Pot, Su, Wbcc, Appet, Rbcc, Bu, Pcv"
8,DODA,10,Logistic Regression,0.5454545454545454,0.5576923076923077,0.5686274509803921,0.5631067961165048,0.5560661764705883,"Bp, Pe, Bu, Pot, Al, Sc, Su, Ba, Sg, Htn"
8,DODA,10,Random Forest,0.5050505050505051,0.5161290322580645,0.6274509803921569,0.5663716814159292,0.5146037581699346,"Bp, Pe, Bu, Pot, Al, Sc, Su, Ba, Sg, Htn"
8,DODA,10,XGBoost,0.5505050505050505,0.5596330275229358,0.5980392156862745,0.5781990521327014,0.535845588235294,"Bp, Pe, Bu, Pot, Al, Sc, Su, Ba, Sg, Htn"
8,LASSO,15,Logistic Regression,0.5404040404040404,0.5514018691588785,0.5784313725490197,0.5645933014354066,0.546875,"Bp, Pe, Ba, Pot, Su, Wbcc, Appet, Rbcc, Bu, Pcv, Bgr, Pc, Age, Sg, Rbc"
8,LASSO,15,Random Forest,0.5202020202020202,0.5289256198347108,0.6274509803921569,0.5739910313901345,0.556781045751634,"Bp, Pe, Ba, Pot, Su, Wbcc, Appet, Rbcc, Bu, Pcv, Bgr, Pc, Age, Sg, Rbc"
8,LASSO,15,XGBoost,0.5656565656565656,0.5655737704918032,0.6764705882352942,0.6160714285714286,0.5574959150326797,"Bp, Pe, Ba, Pot, Su, Wbcc, Appet, Rbcc, Bu, Pcv, Bgr, Pc, Age, Sg, Rbc"
8,DODA,15,Logistic Regression,0.5454545454545454,0.5555555555555556,0.5882352941176471,0.5714285714285714,0.569546568627451,"Bp, Pe, Bu, Pot, Al, Sc, Su, Ba, Sg, Htn, Dm, Pcv, Rbcc, Hemo, Bgr"
8,DODA,15,Random Forest,0.5151515151515151,0.5267857142857143,0.5784313725490197,0.5514018691588785,0.5354881535947712,"Bp, Pe, Bu, Pot, Al, Sc, Su, Ba, Sg, Htn, Dm, Pcv, Rbcc, Hemo, Bgr"
8,DODA,15,XGBoost,0.5555555555555556,0.5564516129032258,0.6764705882352942,0.6106194690265486,0.5578022875816994,"Bp, Pe, Bu, Pot, Al, Sc, Su, Ba, Sg, Htn, Dm, Pcv, Rbcc, Hemo, Bgr"
8,LASSO,20,Logistic Regression,0.5303030303030303,0.5420560747663551,0.5686274509803921,0.5550239234449761,0.5495302287581699,"Bp, Pe, Ba, Pot, Su, Wbcc, Appet, Rbcc, Bu, Pcv, Bgr, Pc, Age, Sg, Rbc, Al, Pcc, Hemo, Sc, Sod"
8,LASSO,20,Random Forest,0.5606060606060606,0.5609756097560976,0.6764705882352942,0.6133333333333333,0.5664317810457516,"Bp, Pe, Ba, Pot, Su, Wbcc, Appet, Rbcc, Bu, Pcv, Bgr, Pc, Age, Sg, Rbc, Al, Pcc, Hemo, Sc, Sod"
8,LASSO,20,XGBoost,0.5555555555555556,0.5564516129032258,0.6764705882352942,0.6106194690265486,0.5693423202614378,"Bp, Pe, Ba, Pot, Su, Wbcc, Appet, Rbcc, Bu, Pcv, Bgr, Pc, Age, Sg, Rbc, Al, Pcc, Hemo, Sc, Sod"
8,DODA,20,Logistic Regression,0.5404040404040404,0.5523809523809524,0.5686274509803921,0.5603864734299517,0.5496323529411764,"Bp, Pe, Bu, Pot, Al, Sc, Su, Ba, Sg, Htn, Dm, Pcv, Rbcc, Hemo, Bgr, Wbcc, Ane, Appet, Sod, Age"
8,DODA,20,Random Forest,0.5959595959595959,0.5859375,0.7352941176470589,0.6521739130434783,0.5675551470588236,"Bp, Pe, Bu, Pot, Al, Sc, Su, Ba, Sg, Htn, Dm, Pcv, Rbcc, Hemo, Bgr, Wbcc, Ane, Appet, Sod, Age"
8,DODA,20,XGBoost,0.5959595959595959,0.5873015873015873,0.7254901960784313,0.6491228070175439,0.5969158496732028,"Bp, Pe, Bu, Pot, Al, Sc, Su, Ba, Sg, Htn, Dm, Pcv, Rbcc, Hemo, Bgr, Wbcc, Ane, Appet, Sod, Age"
9,LASSO,5,Logistic Regression,0.45685279187817257,0.47368421052631576,0.5346534653465347,0.5023255813953489,0.4688531353135313,"Bp, Ba, Bgr, Al, Ane"
9,LASSO,5,Random Forest,0.4873096446700508,0.5,0.6237623762376238,0.5550660792951542,0.4942759900990099,"Bp, Ba, Bgr, Al, Ane"
9,LASSO,5,XGBoost,0.4873096446700508,0.5,0.504950495049505,0.5024630541871922,0.47700082508250824,"Bp, Ba, Bgr, Al, Ane"
9,DODA,5,Logistic Regression,0.4720812182741117,0.48672566371681414,0.5445544554455446,0.514018691588785,0.4729785478547855,"Bp, Al, Bgr, Sg, Ane"
9,DODA,5,Random Forest,0.5025380710659898,0.5154639175257731,0.49504950495049505,0.5050505050505051,0.5011860561056105,"Bp, Al, Bgr, Sg, Ane"
9,DODA,5,XGBoost,0.4720812182741117,0.48484848484848486,0.4752475247524752,0.48,0.4823638613861386,"Bp, Al, Bgr, Sg, Ane"
9,LASSO,10,Logistic Regression,0.45685279187817257,0.4727272727272727,0.5148514851485149,0.4928909952606635,0.4501856435643564,"Bp, Ba, Bgr, Al, Ane, Wbcc, Sg, Rbcc, Hemo, Pot"
9,LASSO,10,Random Forest,0.47715736040609136,0.4909090909090909,0.5346534653465347,0.5118483412322274,0.45585808580858084,"Bp, Ba, Bgr, Al, Ane, Wbcc, Sg, Rbcc, Hemo, Pot"
9,LASSO,10,XGBoost,0.49238578680203043,0.5045045045045045,0.5544554455445545,0.5283018867924528,0.48318894389438943,"Bp, Ba, Bgr, Al, Ane, Wbcc, Sg, Rbcc, Hemo, Pot"
9,DODA,10,Logistic Regression,0.4873096446700508,0.5,0.5742574257425742,0.5345622119815668,0.4693688118811881,"Bp, Al, Bgr, Sg, Ane, Ba, Sc, Htn, Hemo, Bu"
9,DODA,10,Random Forest,0.5431472081218274,0.5504587155963303,0.594059405940594,0.5714285714285714,0.5216584158415842,"Bp, Al, Bgr, Sg, Ane, Ba, Sc, Htn, Hemo, Bu"
9,DODA,10,XGBoost,0.5583756345177665,0.57,0.5643564356435643,0.5671641791044776,0.5614686468646864,"Bp, Al, Bgr, Sg, Ane, Ba, Sc, Htn, Hemo, Bu"
9,LASSO,15,Logistic Regression,0.5126903553299492,0.5225225225225225,0.5742574257425742,0.5471698113207547,0.45596122112211224,"Bp, Ba, Bgr, Al, Ane, Wbcc, Sg, Rbcc, Hemo, Pot, Htn, Pc, Pcc, Rbc, Su"
9,LASSO,15,Random Forest,0.4873096446700508,0.5,0.5346534653465347,0.5167464114832536,0.4594678217821782,"Bp, Ba, Bgr, Al, Ane, Wbcc, Sg, Rbcc, Hemo, Pot, Htn, Pc, Pcc, Rbc, Su"
9,LASSO,15,XGBoost,0.4873096446700508,0.5,0.5445544554455446,0.5213270142180095,0.5178424092409241,"Bp, Ba, Bgr, Al, Ane, Wbcc, Sg, Rbcc, Hemo, Pot, Htn, Pc, Pcc, Rbc, Su"
9,DODA,15,Logistic Regression,0.5076142131979695,0.5175438596491229,0.5841584158415841,0.5488372093023256,0.46699669966996693,"Bp, Al, Bgr, Sg, Ane, Ba, Sc, Htn, Hemo, Bu, Rbcc, Dm, Wbcc, Pot, Pcv"
9,DODA,15,Random Forest,0.5025380710659898,0.5132743362831859,0.5742574257425742,0.5420560747663551,0.4832920792079208,"Bp, Al, Bgr, Sg, Ane, Ba, Sc, Htn, Hemo, Bu, Rbcc, Dm, Wbcc, Pot, Pcv"
9,DODA,15,XGBoost,0.5126903553299492,0.5238095238095238,0.5445544554455446,0.5339805825242718,0.5243399339933994,"Bp, Al, Bgr, Sg, Ane, Ba, Sc, Htn, Hemo, Bu, Rbcc, Dm, Wbcc, Pot, Pcv"
9,LASSO,20,Logistic Regression,0.5380710659898477,0.5462962962962963,0.5841584158415841,0.5645933014354066,0.47452557755775576,"Bp, Ba, Bgr, Al, Ane, Wbcc, Sg, Rbcc, Hemo, Pot, Htn, Pc, Pcc, Rbc, Su, Age, Pcv, Sod, Bu, Sc"
9,LASSO,20,Random Forest,0.47715736040609136,0.49137931034482757,0.5643564356435643,0.5253456221198156,0.497937293729373,"Bp, Ba, Bgr, Al, Ane, Wbcc, Sg, Rbcc, Hemo, Pot, Htn, Pc, Pcc, Rbc, Su, Age, Pcv, Sod, Bu, Sc"
9,LASSO,20,XGBoost,0.5482233502538071,0.5545454545454546,0.6039603960396039,0.5781990521327014,0.5578589108910891,"Bp, Ba, Bgr, Al, Ane, Wbcc, Sg, Rbcc, Hemo, Pot, Htn, Pc, Pcc, Rbc, Su, Age, Pcv, Sod, Bu, Sc"
9,DODA,20,Logistic Regression,0.5126903553299492,0.5213675213675214,0.6039603960396039,0.5596330275229358,0.4766914191419142,"Bp, Al, Bgr, Sg, Ane, Ba, Sc, Htn, Hemo, Bu, Rbcc, Dm, Wbcc, Pot, Pcv, Sod, Pe, Age, Su, Rbc"
9,DODA,20,Random Forest,0.5126903553299492,0.5225225225225225,0.5742574257425742,0.5471698113207547,0.5185127887788779,"Bp, Al, Bgr, Sg, Ane, Ba, Sc, Htn, Hemo, Bu, Rbcc, Dm, Wbcc, Pot, Pcv, Sod, Pe, Age, Su, Rbc"
9,DODA,20,XGBoost,0.5126903553299492,0.5225225225225225,0.5742574257425742,0.5471698113207547,0.5568275577557755,"Bp, Al, Bgr, Sg, Ane, Ba, Sc, Htn, Hemo, Bu, Rbcc, Dm, Wbcc, Pot, Pcv, Sod, Pe, Age, Su, Rbc"
10,LASSO,5,Logistic Regression,0.4517766497461929,0.46601941747572817,0.4752475247524752,0.47058823529411764,0.4283209570957096,"Bp, Su, Pcv, Sc, Cad"
10,LASSO,5,Random Forest,0.40609137055837563,0.4111111111111111,0.36633663366336633,0.387434554973822,0.3653568481848185,"Bp, Su, Pcv, Sc, Cad"
10,LASSO,5,XGBoost,0.4213197969543147,0.42857142857142855,0.38613861386138615,0.40625,0.3844884488448845,"Bp, Su, Pcv, Sc, Cad"
10,DODA,5,Logistic Regression,0.4619289340101523,0.47619047619047616,0.49504950495049505,0.4854368932038835,0.43873762376237624,"Bp, Sc, Pcv, Su, Al"
10,DODA,5,Random Forest,0.4467005076142132,0.45918367346938777,0.44554455445544555,0.45226130653266333,0.39377062706270627,"Bp, Sc, Pcv, Su, Al"
10,DODA,5,XGBoost,0.4365482233502538,0.44565217391304346,0.40594059405940597,0.42487046632124353,0.4113036303630363,"Bp, Sc, Pcv, Su, Al"
10,LASSO,10,Logistic Regression,0.467005076142132,0.4807692307692308,0.49504950495049505,0.4878048780487805,0.4438943894389439,"Bp, Su, Pcv, Sc, Cad, Pot, Appet, Rbcc, Pcc, Dm"
10,LASSO,10,Random Forest,0.47715736040609136,0.48863636363636365,0.42574257425742573,0.455026455026455,0.4481229372937293,"Bp, Su, Pcv, Sc, Cad, Pot, Appet, Rbcc, Pcc, Dm"
10,LASSO,10,XGBoost,0.4263959390862944,0.43333333333333335,0.38613861386138615,0.4083769633507853,0.4249174917491749,"Bp, Su, Pcv, Sc, Cad, Pot, Appet, Rbcc, Pcc, Dm"
10,DODA,10,Logistic Regression,0.5076142131979695,0.5204081632653061,0.504950495049505,0.5125628140703518,0.4611179867986798,"Bp, Sc, Pcv, Su, Al, Bu, Pot, Sg, Htn, Dm"
10,DODA,10,Random Forest,0.45685279187817257,0.46808510638297873,0.43564356435643564,0.4512820512820513,0.4607570132013201,"Bp, Sc, Pcv, Su, Al, Bu, Pot, Sg, Htn, Dm"
10,DODA,10,XGBoost,0.4416243654822335,0.4482758620689655,0.38613861386138615,0.4148936170212766,0.45080445544554454,"Bp, Sc, Pcv, Su, Al, Bu, Pot, Sg, Htn, Dm"
10,LASSO,15,Logistic Regression,0.4720812182741117,0.4857142857142857,0.504950495049505,0.49514563106796117,0.4457508250825083,"Bp, Su, Pcv, Sc, Cad, Pot, Appet, Rbcc, Pcc, Dm, Pc, Al, Age, Rbc, Sg"
10,LASSO,15,Random Forest,0.4467005076142132,0.4574468085106383,0.42574257425742573,0.441025641025641,0.4508560231023102,"Bp, Su, Pcv, Sc, Cad, Pot, Appet, Rbcc, Pcc, Dm, Pc, Al, Age, Rbc, Sg"
10,LASSO,15,XGBoost,0.41624365482233505,0.4222222222222222,0.37623762376237624,0.39790575916230364,0.4531765676567657,"Bp, Su, Pcv, Sc, Cad, Pot, Appet, Rbcc, Pcc, Dm, Pc, Al, Age, Rbc, Sg"
10,DODA,15,Logistic Regression,0.467005076142132,0.4811320754716981,0.504950495049505,0.4927536231884058,0.46204620462046203,"Bp, Sc, Pcv, Su, Al, Bu, Pot, Sg, Htn, Dm, Cad, Hemo, Rbcc, Bgr, Ane"
10,DODA,15,Random Forest,0.47715736040609136,0.4888888888888889,0.43564356435643564,0.4607329842931937,0.4926258250825083,"Bp, Sc, Pcv, Su, Al, Bu, Pot, Sg, Htn, Dm, Cad, Hemo, Rbcc, Bgr, Ane"
10,DODA,15,XGBoost,0.49238578680203043,0.5053763440860215,0.46534653465346537,0.4845360824742268,0.48917079207920794,"Bp, Sc, Pcv, Su, Al, Bu, Pot, Sg, Htn, Dm, Cad, Hemo, Rbcc, Bgr, Ane"
10,LASSO,20,Logistic Regression,0.49238578680203043,0.5052631578947369,0.4752475247524752,0.4897959183673469,0.46751237623762376,"Bp, Su, Pcv, Sc, Cad, Pot, Appet, Rbcc, Pcc, Dm, Pc, Al, Age, Rbc, Sg, Ba, Hemo, Sod, Bgr, Bu"
10,LASSO,20,Random Forest,0.49746192893401014,0.51,0.504950495049505,0.5074626865671642,0.4870049504950495,"Bp, Su, Pcv, Sc, Cad, Pot, Appet, Rbcc, Pcc, Dm, Pc, Al, Age, Rbc, Sg, Ba, Hemo, Sod, Bgr, Bu"
10,LASSO,20,XGBoost,0.5279187817258884,0.5444444444444444,0.48514851485148514,0.5130890052356021,0.5078382838283828,"Bp, Su, Pcv, Sc, Cad, Pot, Appet, Rbcc, Pcc, Dm, Pc, Al, Age, Rbc, Sg, Ba, Hemo, Sod, Bgr, Bu"
10,DODA,20,Logistic Regression,0.48223350253807107,0.49514563106796117,0.504950495049505,0.5,0.4758663366336633,"Bp, Sc, Pcv, Su, Al, Bu, Pot, Sg, Htn, Dm, Cad, Hemo, Rbcc, Bgr, Ane, Sod, Appet, Pe, Age, Rbc"
10,DODA,20,Random Forest,0.49238578680203043,0.5052631578947369,0.4752475247524752,0.4897959183673469,0.5025783828382838,"Bp, Sc, Pcv, Su, Al, Bu, Pot, Sg, Htn, Dm, Cad, Hemo, Rbcc, Bgr, Ane, Sod, Appet, Pe, Age, Rbc"
10,DODA,20,XGBoost,0.48223350253807107,0.4948453608247423,0.4752475247524752,0.48484848484848486,0.4974216171617162,"Bp, Sc, Pcv, Su, Al, Bu, Pot, Sg, Htn, Dm, Cad, Hemo, Rbcc, Bgr, Ane, Sod, Appet, Pe, Age, Rbc"
11,LASSO,5,Logistic Regression,0.4797979797979798,0.49056603773584906,0.5148514851485149,0.5024154589371981,0.5021945493518424,"Bp, Su, Ba, Rbcc, Pot"
11,LASSO,5,Random Forest,0.5151515151515151,0.5268817204301075,0.48514851485148514,0.5051546391752577,0.5208737368582219,"Bp, Su, Ba, Rbcc, Pot"
11,LASSO,5,XGBoost,0.5202020202020202,0.5283018867924528,0.5544554455445545,0.5410628019323671,0.48433193834847404,"Bp, Su, Ba, Rbcc, Pot"
11,DODA,5,Logistic Regression,0.5252525252525253,0.5289256198347108,0.6336633663366337,0.5765765765765766,0.5025007655404716,"Bp, Bu, Su, Sg, Rbcc"
11,DODA,5,Random Forest,0.4797979797979798,0.49,0.48514851485148514,0.48756218905472637,0.49346738797591094,"Bp, Bu, Su, Sg, Rbcc"
11,DODA,5,XGBoost,0.45454545454545453,0.46846846846846846,0.5148514851485149,0.49056603773584906,0.47596202919261,"Bp, Bu, Su, Sg, Rbcc"
11,LASSO,10,Logistic Regression,0.4797979797979798,0.49193548387096775,0.6039603960396039,0.5422222222222223,0.5140349086455037,"Bp, Su, Ba, Rbcc, Pot, Bu, Bgr, Pe, Sg, Pcv"
11,LASSO,10,Random Forest,0.51010101010101,0.5178571428571429,0.5742574257425742,0.5446009389671361,0.5014800449117076,"Bp, Su, Ba, Rbcc, Pot, Bu, Bgr, Pe, Sg, Pcv"
11,LASSO,10,XGBoost,0.46464646464646464,0.47619047619047616,0.49504950495049505,0.4854368932038835,0.4839236500969684,"Bp, Su, Ba, Rbcc, Pot, Bu, Bgr, Pe, Sg, Pcv"
11,DODA,10,Logistic Regression,0.5,0.5081967213114754,0.6138613861386139,0.5560538116591929,0.5095437378789425,"Bp, Bu, Su, Sg, Rbcc, Pot, Al, Sc, Bgr, Ba"
11,DODA,10,Random Forest,0.5,0.5092592592592593,0.5445544554455446,0.5263157894736842,0.49091558640400124,"Bp, Bu, Su, Sg, Rbcc, Pot, Al, Sc, Bgr, Ba"
11,DODA,10,XGBoost,0.48484848484848486,0.49523809523809526,0.5148514851485149,0.5048543689320388,0.4749413085638461,"Bp, Bu, Su, Sg, Rbcc, Pot, Al, Sc, Bgr, Ba"
11,LASSO,15,Logistic Regression,0.51010101010101,0.5166666666666667,0.6138613861386139,0.5610859728506787,0.509135449627437,"Bp, Su, Ba, Rbcc, Pot, Bu, Bgr, Pe, Sg, Pcv, Wbcc, Appet, Age, Pc, Rbc"
11,LASSO,15,Random Forest,0.5,0.5087719298245614,0.5742574257425742,0.5395348837209303,0.5186791875063795,"Bp, Su, Ba, Rbcc, Pot, Bu, Bgr, Pe, Sg, Pcv, Wbcc, Appet, Age, Pc, Rbc"
11,LASSO,15,XGBoost,0.45454545454545453,0.46601941747572817,0.4752475247524752,0.47058823529411764,0.47637031744411557,"Bp, Su, Ba, Rbcc, Pot, Bu, Bgr, Pe, Sg, Pcv, Wbcc, Appet, Age, Pc, Rbc"
11,DODA,15,Logistic Regression,0.5050505050505051,0.5128205128205128,0.594059405940594,0.5504587155963303,0.5192405838521996,"Bp, Bu, Su, Sg, Rbcc, Pot, Al, Sc, Bgr, Ba, Pe, Htn, Pcv, Dm, Hemo"
11,DODA,15,Random Forest,0.5505050505050505,0.5555555555555556,0.594059405940594,0.5741626794258373,0.5398081045217924,"Bp, Bu, Su, Sg, Rbcc, Pot, Al, Sc, Bgr, Ba, Pe, Htn, Pcv, Dm, Hemo"
11,DODA,15,XGBoost,0.5151515151515151,0.5242718446601942,0.5346534653465347,0.5294117647058824,0.519342655915076,"Bp, Bu, Su, Sg, Rbcc, Pot, Al, Sc, Bgr, Ba, Pe, Htn, Pcv, Dm, Hemo"
11,LASSO,20,Logistic Regression,0.51010101010101,0.5172413793103449,0.594059405940594,0.5529953917050692,0.5084209451873023,"Bp, Su, Ba, Rbcc, Pot, Bu, Bgr, Pe, Sg, Pcv, Wbcc, Appet, Age, Pc, Rbc, Al, Pcc, Hemo, Sc, Sod"
11,LASSO,20,Random Forest,0.5151515151515151,0.5242718446601942,0.5346534653465347,0.5294117647058824,0.5288863937940186,"Bp, Su, Ba, Rbcc, Pot, Bu, Bgr, Pe, Sg, Pcv, Wbcc, Appet, Age, Pc, Rbc, Al, Pcc, Hemo, Sc, Sod"
11,LASSO,20,XGBoost,0.5353535353535354,0.5428571428571428,0.5643564356435643,0.5533980582524272,0.5332244564662652,"Bp, Su, Ba, Rbcc, Pot, Bu, Bgr, Pe, Sg, Pcv, Wbcc, Appet, Age, Pc, Rbc, Al, Pcc, Hemo, Sc, Sod"
11,DODA,20,Logistic Regression,0.5050505050505051,0.5130434782608696,0.5841584158415841,0.5462962962962963,0.513320404205369,"Bp, Bu, Su, Sg, Rbcc, Pot, Al, Sc, Bgr, Ba, Pe, Htn, Pcv, Dm, Hemo, Ane, Sod, Age, Rbc, Pc"
11,DODA,20,Random Forest,0.5303030303030303,0.5384615384615384,0.5544554455445545,0.5463414634146342,0.5344493212207819,"Bp, Bu, Su, Sg, Rbcc, Pot, Al, Sc, Bgr, Ba, Pe, Htn, Pcv, Dm, Hemo, Ane, Sod, Age, Rbc, Pc"
11,DODA,20,XGBoost,0.5404040404040404,0.5490196078431373,0.5544554455445545,0.5517241379310345,0.5514953557211391,"Bp, Bu, Su, Sg, Rbcc, Pot, Al, Sc, Bgr, Ba, Pe, Htn, Pcv, Dm, Hemo, Ane, Sod, Age, Rbc, Pc"
12,LASSO,5,Logistic Regression,0.5656565656565656,0.5714285714285714,0.6274509803921569,0.5981308411214953,0.5701593137254902,"Bp, Ba, Rbcc, Su, Bu"
12,LASSO,5,Random Forest,0.5404040404040404,0.5533980582524272,0.5588235294117647,0.5560975609756098,0.5636233660130718,"Bp, Ba, Rbcc, Su, Bu"
12,LASSO,5,XGBoost,0.5505050505050505,0.5656565656565656,0.5490196078431373,0.5572139303482587,0.5797589869281045,"Bp, Ba, Rbcc, Su, Bu"
12,DODA,5,Logistic Regression,0.5757575757575758,0.5775862068965517,0.6568627450980392,0.6146788990825688,0.5797589869281046,"Bp, Bu, Rbcc, Sg, Su"
12,DODA,5,Random Forest,0.5353535353535354,0.5471698113207547,0.5686274509803921,0.5576923076923077,0.5433006535947712,"Bp, Bu, Rbcc, Sg, Su"
12,DODA,5,XGBoost,0.5202020202020202,0.5339805825242718,0.5392156862745098,0.5365853658536586,0.5696486928104575,"Bp, Bu, Rbcc, Sg, Su"
12,LASSO,10,Logistic Regression,0.5757575757575758,0.59,0.5784313725490197,0.5841584158415841,0.5788398692810457,"Bp, Ba, Rbcc, Su, Bu, Pcv, Sod, Ane, Sg, Pot"
12,LASSO,10,Random Forest,0.5555555555555556,0.5714285714285714,0.5490196078431373,0.56,0.5642871732026143,"Bp, Ba, Rbcc, Su, Bu, Pcv, Sod, Ane, Sg, Pot"
12,LASSO,10,XGBoost,0.5252525252525253,0.5425531914893617,0.5,0.5204081632653061,0.5509599673202614,"Bp, Ba, Rbcc, Su, Bu, Pcv, Sod, Ane, Sg, Pot"
12,DODA,10,Logistic Regression,0.5707070707070707,0.5765765765765766,0.6274509803921569,0.6009389671361502,0.5670955882352942,"Bp, Bu, Rbcc, Sg, Su, Pcv, Ba, Al, Sc, Ane"
12,DODA,10,Random Forest,0.5959595959595959,0.6018518518518519,0.6372549019607843,0.6190476190476191,0.5744485294117646,"Bp, Bu, Rbcc, Sg, Su, Pcv, Ba, Al, Sc, Ane"
12,DODA,10,XGBoost,0.5303030303030303,0.5428571428571428,0.5588235294117647,0.5507246376811594,0.5371732026143792,"Bp, Bu, Rbcc, Sg, Su, Pcv, Ba, Al, Sc, Ane"
12,LASSO,15,Logistic Regression,0.5555555555555556,0.57,0.5588235294117647,0.5643564356435643,0.5822099673202614,"Bp, Ba, Rbcc, Su, Bu, Pcv, Sod, Ane, Sg, Pot, Bgr, Pe, Age, Pc, Rbc"
12,LASSO,15,Random Forest,0.5454545454545454,0.5625,0.5294117647058824,0.5454545454545454,0.5589256535947712,"Bp, Ba, Rbcc, Su, Bu, Pcv, Sod, Ane, Sg, Pot, Bgr, Pe, Age, Pc, Rbc"
12,LASSO,15,XGBoost,0.5555555555555556,0.57,0.5588235294117647,0.5643564356435643,0.5708741830065359,"Bp, Ba, Rbcc, Su, Bu, Pcv, Sod, Ane, Sg, Pot, Bgr, Pe, Age, Pc, Rbc"
12,DODA,15,Logistic Regression,0.5707070707070707,0.5858585858585859,0.5686274509803921,0.5771144278606966,0.5725081699346405,"Bp, Bu, Rbcc, Sg, Su, Pcv, Ba, Al, Sc, Ane, Sod, Htn, Dm, Bgr, Pot"
12,DODA,15,Random Forest,0.5303030303030303,0.5436893203883495,0.5490196078431373,0.5463414634146342,0.5418198529411764,"Bp, Bu, Rbcc, Sg, Su, Pcv, Ba, Al, Sc, Ane, Sod, Htn, Dm, Bgr, Pot"
12,DODA,15,XGBoost,0.5404040404040404,0.5533980582524272,0.5588235294117647,0.5560975609756098,0.5408496732026143,"Bp, Bu, Rbcc, Sg, Su, Pcv, Ba, Al, Sc, Ane, Sod, Htn, Dm, Bgr, Pot"
12,LASSO,20,Logistic Regression,0.5909090909090909,0.6060606060606061,0.5882352941176471,0.5970149253731343,0.5723039215686274,"Bp, Ba, Rbcc, Su, Bu, Pcv, Sod, Ane, Sg, Pot, Bgr, Pe, Age, Pc, Rbc, Al, Pcc, Sc, Hemo, Wbcc"
12,LASSO,20,Random Forest,0.5757575757575758,0.5849056603773585,0.6078431372549019,0.5961538461538461,0.5759803921568626,"Bp, Ba, Rbcc, Su, Bu, Pcv, Sod, Ane, Sg, Pot, Bgr, Pe, Age, Pc, Rbc, Al, Pcc, Sc, Hemo, Wbcc"
12,LASSO,20,XGBoost,0.5707070707070707,0.5825242718446602,0.5882352941176471,0.5853658536585366,0.585580065359477,"Bp, Ba, Rbcc, Su, Bu, Pcv, Sod, Ane, Sg, Pot, Bgr, Pe, Age, Pc, Rbc, Al, Pcc, Sc, Hemo, Wbcc"
12,DODA,20,Logistic Regression,0.5909090909090909,0.6060606060606061,0.5882352941176471,0.5970149253731343,0.5693423202614378,"Bp, Bu, Rbcc, Sg, Su, Pcv, Ba, Al, Sc, Ane, Sod, Htn, Dm, Bgr, Pot, Hemo, Pe, Age, Rbc, Pc"
12,DODA,20,Random Forest,0.5656565656565656,0.5754716981132075,0.5980392156862745,0.5865384615384616,0.5871119281045751,"Bp, Bu, Rbcc, Sg, Su, Pcv, Ba, Al, Sc, Ane, Sod, Htn, Dm, Bgr, Pot, Hemo, Pe, Age, Rbc, Pc"
12,DODA,20,XGBoost,0.5909090909090909,0.6039603960396039,0.5980392156862745,0.6009852216748769,0.6015114379084967,"Bp, Bu, Rbcc, Sg, Su, Pcv, Ba, Al, Sc, Ane, Sod, Htn, Dm, Bgr, Pot, Hemo, Pe, Age, Rbc, Pc"
13,LASSO,5,Logistic Regression,0.51010101010101,0.5229357798165137,0.5588235294117647,0.5402843601895735,0.5141441993464053,"Bp, Pcv, Ba, Rbcc, Sg"
13,LASSO,5,Random Forest,0.4797979797979798,0.49514563106796117,0.5,0.4975609756097561,0.46711601307189543,"Bp, Pcv, Ba, Rbcc, Sg"
13,LASSO,5,XGBoost,0.51010101010101,0.5221238938053098,0.5784313725490197,0.5488372093023256,0.4573631535947712,"Bp, Pcv, Ba, Rbcc, Sg"
13,DODA,5,Logistic Regression,0.5252525252525253,0.5370370370370371,0.5686274509803921,0.5523809523809524,0.5285947712418301,"Bp, Pcv, Sg, Sc, Rbcc"
13,DODA,5,Random Forest,0.48484848484848486,0.5,0.5392156862745098,0.5188679245283019,0.48177083333333337,"Bp, Pcv, Sg, Sc, Rbcc"
13,DODA,5,XGBoost,0.5,0.5142857142857142,0.5294117647058824,0.5217391304347826,0.48549836601307184,"Bp, Pcv, Sg, Sc, Rbcc"
13,LASSO,10,Logistic Regression,0.494949494949495,0.509090909090909,0.5490196078431373,0.5283018867924528,0.5269607843137255,"Bp, Pcv, Ba, Rbcc, Sg, Pot, Appet, Bgr, Pe, Sc"
13,LASSO,10,Random Forest,0.45454545454545453,0.4722222222222222,0.5,0.4857142857142857,0.4591503267973856,"Bp, Pcv, Ba, Rbcc, Sg, Pot, Appet, Bgr, Pe, Sc"
13,LASSO,10,XGBoost,0.494949494949495,0.5098039215686274,0.5098039215686274,0.5098039215686274,0.46200980392156865,"Bp, Pcv, Ba, Rbcc, Sg, Pot, Appet, Bgr, Pe, Sc"
13,DODA,10,Logistic Regression,0.5252525252525253,0.5370370370370371,0.5686274509803921,0.5523809523809524,0.5301266339869282,"Bp, Pcv, Sg, Sc, Rbcc, Al, Pot, Ba, Bgr, Bu"
13,DODA,10,Random Forest,0.4898989898989899,0.5050505050505051,0.49019607843137253,0.4975124378109453,0.49974468954248363,"Bp, Pcv, Sg, Sc, Rbcc, Al, Pot, Ba, Bgr, Bu"
13,DODA,10,XGBoost,0.5,0.5148514851485149,0.5098039215686274,0.5123152709359606,0.49662990196078427,"Bp, Pcv, Sg, Sc, Rbcc, Al, Pot, Ba, Bgr, Bu"
13,LASSO,15,Logistic Regression,0.5,0.5135135135135135,0.5588235294117647,0.5352112676056338,0.5315563725490196,"Bp, Pcv, Ba, Rbcc, Sg, Pot, Appet, Bgr, Pe, Sc, Su, Htn, Age, Pc, Rbc"
13,LASSO,15,Random Forest,0.51010101010101,0.5242718446601942,0.5294117647058824,0.526829268292683,0.48018790849673204,"Bp, Pcv, Ba, Rbcc, Sg, Pot, Appet, Bgr, Pe, Sc, Su, Htn, Age, Pc, Rbc"
13,LASSO,15,XGBoost,0.4696969696969697,0.48514851485148514,0.4803921568627451,0.4827586206896552,0.5174632352941178,"Bp, Pcv, Ba, Rbcc, Sg, Pot, Appet, Bgr, Pe, Sc, Su, Htn, Age, Pc, Rbc"
13,DODA,15,Logistic Regression,0.5303030303030303,0.5420560747663551,0.5686274509803921,0.5550239234449761,0.5238970588235294,"Bp, Pcv, Sg, Sc, Rbcc, Al, Pot, Ba, Bgr, Bu, Htn, Pe, Dm, Hemo, Appet"
13,DODA,15,Random Forest,0.494949494949495,0.5098039215686274,0.5098039215686274,0.5098039215686274,0.5098039215686274,"Bp, Pcv, Sg, Sc, Rbcc, Al, Pot, Ba, Bgr, Bu, Htn, Pe, Dm, Hemo, Appet"
13,DODA,15,XGBoost,0.5050505050505051,0.5188679245283019,0.5392156862745098,0.5288461538461539,0.519812091503268,"Bp, Pcv, Sg, Sc, Rbcc, Al, Pot, Ba, Bgr, Bu, Htn, Pe, Dm, Hemo, Appet"
13,LASSO,20,Logistic Regression,0.5202020202020202,0.5321100917431193,0.5686274509803921,0.5497630331753555,0.5366625816993464,"Bp, Pcv, Ba, Rbcc, Sg, Pot, Appet, Bgr, Pe, Sc, Su, Htn, Age, Pc, Rbc, Al, Pcc, Hemo, Bu, Sod"
13,LASSO,20,Random Forest,0.5353535353535354,0.5490196078431373,0.5490196078431373,0.5490196078431373,0.5319648692810457,"Bp, Pcv, Ba, Rbcc, Sg, Pot, Appet, Bgr, Pe, Sc, Su, Htn, Age, Pc, Rbc, Al, Pcc, Hemo, Bu, Sod"
13,LASSO,20,XGBoost,0.5505050505050505,0.5670103092783505,0.5392156862745098,0.5527638190954773,0.5573937908496732,"Bp, Pcv, Ba, Rbcc, Sg, Pot, Appet, Bgr, Pe, Sc, Su, Htn, Age, Pc, Rbc, Al, Pcc, Hemo, Bu, Sod"
13,DODA,20,Logistic Regression,0.5303030303030303,0.5412844036697247,0.5784313725490197,0.5592417061611374,0.5373774509803921,"Bp, Pcv, Sg, Sc, Rbcc, Al, Pot, Ba, Bgr, Bu, Htn, Pe, Dm, Hemo, Appet, Ane, Su, Sod, Age, Rbc"
13,DODA,20,Random Forest,0.5505050505050505,0.5619047619047619,0.5784313725490197,0.5700483091787439,0.5342116013071896,"Bp, Pcv, Sg, Sc, Rbcc, Al, Pot, Ba, Bgr, Bu, Htn, Pe, Dm, Hemo, Appet, Ane, Su, Sod, Age, Rbc"
13,DODA,20,XGBoost,0.5454545454545454,0.5625,0.5294117647058824,0.5454545454545454,0.5699550653594772,"Bp, Pcv, Sg, Sc, Rbcc, Al, Pot, Ba, Bgr, Bu, Htn, Pe, Dm, Hemo, Appet, Ane, Su, Sod, Age, Rbc"
14,LASSO,5,Logistic Regression,0.5989847715736041,0.5873015873015873,0.7326732673267327,0.6519823788546255,0.5829207920792079,"Bp, Appet, Bu, Su, Ba"
14,LASSO,5,Random Forest,0.5329949238578681,0.5398230088495575,0.6039603960396039,0.5700934579439252,0.4905115511551156,"Bp, Appet, Bu, Su, Ba"
14,LASSO,5,XGBoost,0.5482233502538071,0.5566037735849056,0.5841584158415841,0.5700483091787439,0.537953795379538,"Bp, Appet, Bu, Su, Ba"
14,DODA,5,Logistic Regression,0.5989847715736041,0.5948275862068966,0.6831683168316832,0.6359447004608295,0.5841584158415841,"Bp, Bu, Sg, Al, Sc"
14,DODA,5,Random Forest,0.5431472081218274,0.5523809523809524,0.5742574257425742,0.5631067961165048,0.5528568481848185,"Bp, Bu, Sg, Al, Sc"
14,DODA,5,XGBoost,0.5279187817258884,0.5363636363636364,0.5841584158415841,0.5592417061611374,0.5150577557755776,"Bp, Bu, Sg, Al, Sc"
14,LASSO,10,Logistic Regression,0.5736040609137056,0.5752212389380531,0.6435643564356436,0.6074766355140186,0.588490099009901,"Bp, Appet, Bu, Su, Ba, Pot, Sod, Sg, Pe, Hemo"
14,LASSO,10,Random Forest,0.5329949238578681,0.5420560747663551,0.5742574257425742,0.5576923076923077,0.5604888613861385,"Bp, Appet, Bu, Su, Ba, Pot, Sod, Sg, Pe, Hemo"
14,LASSO,10,XGBoost,0.5329949238578681,0.5412844036697247,0.5841584158415841,0.5619047619047619,0.5444513201320131,"Bp, Appet, Bu, Su, Ba, Pot, Sod, Sg, Pe, Hemo"
14,DODA,10,Logistic Regression,0.5482233502538071,0.5535714285714286,0.6138613861386139,0.5821596244131455,0.5726072607260726,"Bp, Bu, Sg, Al, Sc, Su, Appet, Pot, Htn, Sod"
14,DODA,10,Random Forest,0.5888324873096447,0.5980392156862745,0.6039603960396039,0.6009852216748769,0.5806002475247525,"Bp, Bu, Sg, Al, Sc, Su, Appet, Pot, Htn, Sod"
14,DODA,10,XGBoost,0.5431472081218274,0.5533980582524272,0.5643564356435643,0.5588235294117647,0.5564150165016502,"Bp, Bu, Sg, Al, Sc, Su, Appet, Pot, Htn, Sod"
14,LASSO,15,Logistic Regression,0.5786802030456852,0.5803571428571429,0.6435643564356436,0.6103286384976526,0.5841584158415841,"Bp, Appet, Bu, Su, Ba, Pot, Sod, Sg, Pe, Hemo, Pcc, Al, Age, Pc, Rbc"
14,LASSO,15,Random Forest,0.5431472081218274,0.5544554455445545,0.5544554455445545,0.5544554455445545,0.5445544554455446,"Bp, Appet, Bu, Su, Ba, Pot, Sod, Sg, Pe, Hemo, Pcc, Al, Age, Pc, Rbc"
14,LASSO,15,XGBoost,0.5279187817258884,0.5384615384615384,0.5544554455445545,0.5463414634146342,0.5285684818481848,"Bp, Appet, Bu, Su, Ba, Pot, Sod, Sg, Pe, Hemo, Pcc, Al, Age, Pc, Rbc"
14,DODA,15,Logistic Regression,0.5634517766497462,0.5675675675675675,0.6237623762376238,0.5943396226415094,0.5873556105610561,"Bp, Bu, Sg, Al, Sc, Su, Appet, Pot, Htn, Sod, Dm, Hemo, Ba, Pe, Bgr"
14,DODA,15,Random Forest,0.5329949238578681,0.5405405405405406,0.594059405940594,0.5660377358490566,0.5541460396039604,"Bp, Bu, Sg, Al, Sc, Su, Appet, Pot, Htn, Sod, Dm, Hemo, Ba, Pe, Bgr"
14,DODA,15,XGBoost,0.5380710659898477,0.5454545454545454,0.594059405940594,0.5687203791469194,0.5429042904290429,"Bp, Bu, Sg, Al, Sc, Su, Appet, Pot, Htn, Sod, Dm, Hemo, Ba, Pe, Bgr"
14,LASSO,20,Logistic Regression,0.583756345177665,0.5871559633027523,0.6336633663366337,0.6095238095238096,0.5956064356435643,"Bp, Appet, Bu, Su, Ba, Pot, Sod, Sg, Pe, Hemo, Pcc, Al, Age, Pc, Rbc, Bgr, Pcv, Sc, Wbcc, Rbcc"
14,LASSO,20,Random Forest,0.5177664974619289,0.5272727272727272,0.5742574257425742,0.5497630331753555,0.5477516501650165,"Bp, Appet, Bu, Su, Ba, Pot, Sod, Sg, Pe, Hemo, Pcc, Al, Age, Pc, Rbc, Bgr, Pcv, Sc, Wbcc, Rbcc"
14,LASSO,20,XGBoost,0.5279187817258884,0.5357142857142857,0.594059405940594,0.5633802816901409,0.5507425742574258,"Bp, Appet, Bu, Su, Ba, Pot, Sod, Sg, Pe, Hemo, Pcc, Al, Age, Pc, Rbc, Bgr, Pcv, Sc, Wbcc, Rbcc"
14,DODA,20,Logistic Regression,0.5685279187817259,0.5701754385964912,0.6435643564356436,0.6046511627906976,0.5996287128712872,"Bp, Bu, Sg, Al, Sc, Su, Appet, Pot, Htn, Sod, Dm, Hemo, Ba, Pe, Bgr, Pcv, Ane, Age, Rbc, Rbcc"
14,DODA,20,Random Forest,0.5786802030456852,0.5803571428571429,0.6435643564356436,0.6103286384976526,0.5920482673267327,"Bp, Bu, Sg, Al, Sc, Su, Appet, Pot, Htn, Sod, Dm, Hemo, Ba, Pe, Bgr, Pcv, Ane, Age, Rbc, Rbcc"
14,DODA,20,XGBoost,0.5380710659898477,0.5446428571428571,0.6039603960396039,0.5727699530516432,0.5424917491749175,"Bp, Bu, Sg, Al, Sc, Su, Appet, Pot, Htn, Sod, Dm, Hemo, Ba, Pe, Bgr, Pcv, Ane, Age, Rbc, Rbcc"
15,LASSO,5,Logistic Regression,0.5329949238578681,0.5463917525773195,0.5247524752475248,0.5353535353535354,0.5467202970297029,"Bp, Pcv, Pot, Ba, Bu"
15,LASSO,5,Random Forest,0.5736040609137056,0.5876288659793815,0.5643564356435643,0.5757575757575758,0.5805486798679867,"Bp, Pcv, Pot, Ba, Bu"
15,LASSO,5,XGBoost,0.5076142131979695,0.5217391304347826,0.4752475247524752,0.49740932642487046,0.5332095709570956,"Bp, Pcv, Pot, Ba, Bu"
15,DODA,5,Logistic Regression,0.5126903553299492,0.5263157894736842,0.49504950495049505,0.5102040816326531,0.5275371287128713,"Bp, Bu, Pcv, Sc, Pot"
15,DODA,5,Random Forest,0.5532994923857868,0.5714285714285714,0.5148514851485149,0.5416666666666666,0.5404806105610561,"Bp, Bu, Pcv, Sc, Pot"
15,DODA,5,XGBoost,0.47715736040609136,0.4883720930232558,0.4158415841584158,0.44919786096256686,0.5071163366336633,"Bp, Bu, Pcv, Sc, Pot"
15,LASSO,10,Logistic Regression,0.5279187817258884,0.5408163265306123,0.5247524752475248,0.5326633165829145,0.5388820132013202,"Bp, Pcv, Pot, Ba, Bu, Rbcc, Appet, Bgr, Sc, Htn"
15,LASSO,10,Random Forest,0.5177664974619289,0.5348837209302325,0.45544554455445546,0.4919786096256685,0.5405321782178218,"Bp, Pcv, Pot, Ba, Bu, Rbcc, Appet, Bgr, Sc, Htn"
15,LASSO,10,XGBoost,0.5329949238578681,0.5473684210526316,0.5148514851485149,0.5306122448979592,0.5538366336633663,"Bp, Pcv, Pot, Ba, Bu, Rbcc, Appet, Bgr, Sc, Htn"
15,DODA,10,Logistic Regression,0.5329949238578681,0.5454545454545454,0.5346534653465347,0.54,0.5330033003300331,"Bp, Bu, Pcv, Sc, Pot, Al, Htn, Bgr, Rbcc, Ba"
15,DODA,10,Random Forest,0.5126903553299492,0.5274725274725275,0.4752475247524752,0.5,0.5323329207920793,"Bp, Bu, Pcv, Sc, Pot, Al, Htn, Bgr, Rbcc, Ba"
15,DODA,10,XGBoost,0.5279187817258884,0.5425531914893617,0.504950495049505,0.5230769230769231,0.5601278877887789,"Bp, Bu, Pcv, Sc, Pot, Al, Htn, Bgr, Rbcc, Ba"
15,LASSO,15,Logistic Regression,0.5228426395939086,0.5339805825242718,0.5445544554455446,0.5392156862745098,0.5419760726072608,"Bp, Pcv, Pot, Ba, Bu, Rbcc, Appet, Bgr, Sc, Htn, Su, Al, Ane, Sod, Age"
15,LASSO,15,Random Forest,0.5482233502538071,0.56,0.5544554455445545,0.5572139303482587,0.5676051980198019,"Bp, Pcv, Pot, Ba, Bu, Rbcc, Appet, Bgr, Sc, Htn, Su, Al, Ane, Sod, Age"
15,LASSO,15,XGBoost,0.5532994923857868,0.5684210526315789,0.5346534653465347,0.5510204081632653,0.584983498349835,"Bp, Pcv, Pot, Ba, Bu, Rbcc, Appet, Bgr, Sc, Htn, Su, Al, Ane, Sod, Age"
15,DODA,15,Logistic Regression,0.5482233502538071,0.5576923076923077,0.5742574257425742,0.5658536585365853,0.5409447194719472,"Bp, Bu, Pcv, Sc, Pot, Al, Htn, Bgr, Rbcc, Ba, Sg, Appet, Dm, Ane, Su"
15,DODA,15,Random Forest,0.5736040609137056,0.5858585858585859,0.5742574257425742,0.58,0.5854991749174917,"Bp, Bu, Pcv, Sc, Pot, Al, Htn, Bgr, Rbcc, Ba, Sg, Appet, Dm, Ane, Su"
15,DODA,15,XGBoost,0.5583756345177665,0.574468085106383,0.5346534653465347,0.5538461538461539,0.5630156765676567,"Bp, Bu, Pcv, Sc, Pot, Al, Htn, Bgr, Rbcc, Ba, Sg, Appet, Dm, Ane, Su"
15,LASSO,20,Logistic Regression,0.5380710659898477,0.5471698113207547,0.5742574257425742,0.5603864734299517,0.5398102310231024,"Bp, Pcv, Pot, Ba, Bu, Rbcc, Appet, Bgr, Sc, Htn, Su, Al, Ane, Sod, Age, Sg, Pcc, Pc, Rbc, Hemo"
15,LASSO,20,Random Forest,0.5228426395939086,0.5333333333333333,0.5544554455445545,0.5436893203883495,0.5572916666666666,"Bp, Pcv, Pot, Ba, Bu, Rbcc, Appet, Bgr, Sc, Htn, Su, Al, Ane, Sod, Age, Sg, Pcc, Pc, Rbc, Hemo"
15,LASSO,20,XGBoost,0.6040609137055838,0.6210526315789474,0.5841584158415841,0.6020408163265306,0.5995255775577559,"Bp, Pcv, Pot, Ba, Bu, Rbcc, Appet, Bgr, Sc, Htn, Su, Al, Ane, Sod, Age, Sg, Pcc, Pc, Rbc, Hemo"
15,DODA,20,Logistic Regression,0.5431472081218274,0.5533980582524272,0.5643564356435643,0.5588235294117647,0.5433168316831682,"Bp, Bu, Pcv, Sc, Pot, Al, Htn, Bgr, Rbcc, Ba, Sg, Appet, Dm, Ane, Su, Hemo, Sod, Pe, Age, Rbc"
15,DODA,20,Random Forest,0.5634517766497462,0.5742574257425742,0.5742574257425742,0.5742574257425742,0.5881806930693069,"Bp, Bu, Pcv, Sc, Pot, Al, Htn, Bgr, Rbcc, Ba, Sg, Appet, Dm, Ane, Su, Hemo, Sod, Pe, Age, Rbc"
15,DODA,20,XGBoost,0.5482233502538071,0.5625,0.5346534653465347,0.5482233502538071,0.5759075907590759,"Bp, Bu, Pcv, Sc, Pot, Al, Htn, Bgr, Rbcc, Ba, Sg, Appet, Dm, Ane, Su, Hemo, Sod, Pe, Age, Rbc"
16,LASSO,5,Logistic Regression,0.494949494949495,0.5045045045045045,0.5544554455445545,0.5283018867924528,0.49362049607022557,"Bp, Pot, Pcv, Su, Bgr"
16,LASSO,5,Random Forest,0.5151515151515151,0.5225225225225225,0.5742574257425742,0.5471698113207547,0.4972950903337757,"Bp, Pot, Pcv, Su, Bgr"
16,LASSO,5,XGBoost,0.47474747474747475,0.48598130841121495,0.5148514851485149,0.5,0.511483107073594,"Bp, Pot, Pcv, Su, Bgr"
16,DODA,5,Logistic Regression,0.5,0.5089285714285714,0.5643564356435643,0.5352112676056338,0.5009696845973257,"Bp, Bu, Pot, Pcv, Bgr"
16,DODA,5,Random Forest,0.5404040404040404,0.5462962962962963,0.5841584158415841,0.5645933014354066,0.5176074308461773,"Bp, Bu, Pot, Pcv, Bgr"
16,DODA,5,XGBoost,0.5050505050505051,0.5137614678899083,0.5544554455445545,0.5333333333333333,0.532918240277636,"Bp, Bu, Pot, Pcv, Bgr"
16,LASSO,10,Logistic Regression,0.5050505050505051,0.5132743362831859,0.5742574257425742,0.5420560747663551,0.5094416658160661,"Bp, Pot, Pcv, Su, Bgr, Ba, Bu, Ane, Appet, Pcc"
16,LASSO,10,Random Forest,0.5303030303030303,0.5370370370370371,0.5742574257425742,0.5550239234449761,0.5064305399612127,"Bp, Pot, Pcv, Su, Bgr, Ba, Bu, Ane, Appet, Pcc"
16,LASSO,10,XGBoost,0.5252525252525253,0.5333333333333333,0.5544554455445545,0.5436893203883495,0.5398591405532306,"Bp, Pot, Pcv, Su, Bgr, Ba, Bu, Ane, Appet, Pcc"
16,DODA,10,Logistic Regression,0.4797979797979798,0.49107142857142855,0.5445544554455446,0.5164319248826291,0.5083188731244259,"Bp, Bu, Pot, Pcv, Bgr, Su, Al, Sc, Ane, Sg"
16,DODA,10,Random Forest,0.5303030303030303,0.5357142857142857,0.594059405940594,0.5633802816901409,0.5223027457384913,"Bp, Bu, Pot, Pcv, Bgr, Su, Al, Sc, Ane, Sg"
16,DODA,10,XGBoost,0.5303030303030303,0.5370370370370371,0.5742574257425742,0.5550239234449761,0.5389404919873431,"Bp, Bu, Pot, Pcv, Bgr, Su, Al, Sc, Ane, Sg"
16,LASSO,15,Logistic Regression,0.494949494949495,0.5043478260869565,0.5742574257425742,0.5370370370370371,0.5069919363070328,"Bp, Pot, Pcv, Su, Bgr, Ba, Bu, Ane, Appet, Pcc, Age, Sod, Pc, Rbc, Sg"
16,LASSO,15,Random Forest,0.5252525252525253,0.5339805825242718,0.5445544554455446,0.5392156862745098,0.5279677452281312,"Bp, Pot, Pcv, Su, Bgr, Ba, Bu, Ane, Appet, Pcc, Age, Sod, Pc, Rbc, Sg"
16,LASSO,15,XGBoost,0.5454545454545454,0.5578947368421052,0.5247524752475248,0.5408163265306123,0.5610901296315199,"Bp, Pot, Pcv, Su, Bgr, Ba, Bu, Ane, Appet, Pcc, Age, Sod, Pc, Rbc, Sg"
16,DODA,15,Logistic Regression,0.5,0.5084745762711864,0.594059405940594,0.547945205479452,0.5210778809839747,"Bp, Bu, Pot, Pcv, Bgr, Su, Al, Sc, Ane, Sg, Htn, Dm, Ba, Hemo, Sod"
16,DODA,15,Random Forest,0.5404040404040404,0.5471698113207547,0.5742574257425742,0.5603864734299517,0.5338879248749617,"Bp, Bu, Pot, Pcv, Bgr, Su, Al, Sc, Ane, Sg, Htn, Dm, Ba, Hemo, Sod"
16,DODA,15,XGBoost,0.5404040404040404,0.5462962962962963,0.5841584158415841,0.5645933014354066,0.561906706134531,"Bp, Bu, Pot, Pcv, Bgr, Su, Al, Sc, Ane, Sg, Htn, Dm, Ba, Hemo, Sod"
16,LASSO,20,Logistic Regression,0.4898989898989899,0.5,0.5643564356435643,0.5302325581395348,0.5098499540675718,"Bp, Pot, Pcv, Su, Bgr, Ba, Bu, Ane, Appet, Pcc, Age, Sod, Pc, Rbc, Sg, Al, Hemo, Sc, Wbcc, Rbcc"
16,LASSO,20,Random Forest,0.5303030303030303,0.5357142857142857,0.594059405940594,0.5633802816901409,0.5255180157190976,"Bp, Pot, Pcv, Su, Bgr, Ba, Bu, Ane, Appet, Pcc, Age, Sod, Pc, Rbc, Sg, Al, Hemo, Sc, Wbcc, Rbcc"
16,LASSO,20,XGBoost,0.5707070707070707,0.5727272727272728,0.6237623762376238,0.5971563981042654,0.5900785954884147,"Bp, Pot, Pcv, Su, Bgr, Ba, Bu, Ane, Appet, Pcc, Age, Sod, Pc, Rbc, Sg, Al, Hemo, Sc, Wbcc, Rbcc"
16,DODA,20,Logistic Regression,0.51010101010101,0.5172413793103449,0.594059405940594,0.5529953917050692,0.5265897723792998,"Bp, Bu, Pot, Pcv, Bgr, Su, Al, Sc, Ane, Sg, Htn, Dm, Ba, Hemo, Sod, Age, Pe, Appet, Rbc, Rbcc"
16,DODA,20,Random Forest,0.5404040404040404,0.543859649122807,0.6138613861386139,0.5767441860465117,0.5627743186689803,"Bp, Bu, Pot, Pcv, Bgr, Su, Al, Sc, Ane, Sg, Htn, Dm, Ba, Hemo, Sod, Age, Pe, Appet, Rbc, Rbcc"
16,DODA,20,XGBoost,0.5656565656565656,0.5675675675675675,0.6237623762376238,0.5943396226415094,0.5892620189854036,"Bp, Bu, Pot, Pcv, Bgr, Su, Al, Sc, Ane, Sg, Htn, Dm, Ba, Hemo, Sod, Age, Pe, Appet, Rbc, Rbcc"
17,LASSO,5,Logistic Regression,0.51010101010101,0.5233644859813084,0.5490196078431373,0.5358851674641149,0.4887663398692811,"Bp, Ba, Su, Rbcc, Bu"
17,LASSO,5,Random Forest,0.4898989898989899,0.5048543689320388,0.5098039215686274,0.5073170731707317,0.47411151960784315,"Bp, Ba, Su, Rbcc, Bu"
17,LASSO,5,XGBoost,0.5252525252525253,0.5350877192982456,0.5980392156862745,0.5648148148148148,0.4965277777777778,"Bp, Ba, Su, Rbcc, Bu"
17,DODA,5,Logistic Regression,0.4696969696969697,0.48514851485148514,0.4803921568627451,0.4827586206896552,0.48754084967320266,"Bp, Bu, Su, Al, Sc"
17,DODA,5,Random Forest,0.4444444444444444,0.46551724137931033,0.5294117647058824,0.4954128440366973,0.45133782679738566,"Bp, Bu, Su, Al, Sc"
17,DODA,5,XGBoost,0.494949494949495,0.5081967213114754,0.6078431372549019,0.5535714285714286,0.46660539215686275,"Bp, Bu, Su, Al, Sc"
17,LASSO,10,Logistic Regression,0.4696969696969697,0.48514851485148514,0.4803921568627451,0.4827586206896552,0.4552696078431373,"Bp, Ba, Su, Rbcc, Bu, Pe, Rbc, Dm, Pcc, Pc"
17,LASSO,10,Random Forest,0.51010101010101,0.5238095238095238,0.5392156862745098,0.5314009661835749,0.49111519607843135,"Bp, Ba, Su, Rbcc, Bu, Pe, Rbc, Dm, Pcc, Pc"
17,LASSO,10,XGBoost,0.5454545454545454,0.5517241379310345,0.6274509803921569,0.5871559633027523,0.4867238562091504,"Bp, Ba, Su, Rbcc, Bu, Pe, Rbc, Dm, Pcc, Pc"
17,DODA,10,Logistic Regression,0.47474747474747475,0.49,0.4803921568627451,0.48514851485148514,0.4775326797385621,"Bp, Bu, Su, Al, Sc, Rbcc, Dm, Ba, Pe, Sg"
17,DODA,10,Random Forest,0.43434343434343436,0.4528301886792453,0.47058823529411764,0.46153846153846156,0.4410232843137255,"Bp, Bu, Su, Al, Sc, Rbcc, Dm, Ba, Pe, Sg"
17,DODA,10,XGBoost,0.4595959595959596,0.47706422018348627,0.5098039215686274,0.4928909952606635,0.44342320261437906,"Bp, Bu, Su, Al, Sc, Rbcc, Dm, Ba, Pe, Sg"
17,LASSO,15,Logistic Regression,0.46464646464646464,0.48,0.47058823529411764,0.4752475247524752,0.46017156862745096,"Bp, Ba, Su, Rbcc, Bu, Pe, Rbc, Dm, Pcc, Pc, Al, Age, Sg, Sod, Bgr"
17,LASSO,15,Random Forest,0.5050505050505051,0.5178571428571429,0.5686274509803921,0.5420560747663551,0.5076082516339869,"Bp, Ba, Su, Rbcc, Bu, Pe, Rbc, Dm, Pcc, Pc, Al, Age, Sg, Sod, Bgr"
17,LASSO,15,XGBoost,0.4797979797979798,0.4956521739130435,0.5588235294117647,0.5253456221198156,0.4987745098039216,"Bp, Ba, Su, Rbcc, Bu, Pe, Rbc, Dm, Pcc, Pc, Al, Age, Sg, Sod, Bgr"
17,DODA,15,Logistic Regression,0.46464646464646464,0.4807692307692308,0.49019607843137253,0.4854368932038835,0.46803513071895425,"Bp, Bu, Su, Al, Sc, Rbcc, Dm, Ba, Pe, Sg, Htn, Rbc, Hemo, Bgr, Pcv"
17,DODA,15,Random Forest,0.494949494949495,0.5104166666666666,0.4803921568627451,0.494949494949495,0.5348243464052288,"Bp, Bu, Su, Al, Sc, Rbcc, Dm, Ba, Pe, Sg, Htn, Rbc, Hemo, Bgr, Pcv"
17,DODA,15,XGBoost,0.494949494949495,0.5096153846153846,0.5196078431372549,0.5145631067961165,0.4778390522875817,"Bp, Bu, Su, Al, Sc, Rbcc, Dm, Ba, Pe, Sg, Htn, Rbc, Hemo, Bgr, Pcv"
17,LASSO,20,Logistic Regression,0.5,0.5145631067961165,0.5196078431372549,0.5170731707317073,0.4710988562091503,"Bp, Ba, Su, Rbcc, Bu, Pe, Rbc, Dm, Pcc, Pc, Al, Age, Sg, Sod, Bgr, Sc, Pcv, Hemo, Pot, Wbcc"
17,LASSO,20,Random Forest,0.494949494949495,0.5089285714285714,0.5588235294117647,0.5327102803738317,0.5202205882352942,"Bp, Ba, Su, Rbcc, Bu, Pe, Rbc, Dm, Pcc, Pc, Al, Age, Sg, Sod, Bgr, Sc, Pcv, Hemo, Pot, Wbcc"
17,LASSO,20,XGBoost,0.47474747474747475,0.49038461538461536,0.5,0.49514563106796117,0.5053104575163399,"Bp, Ba, Su, Rbcc, Bu, Pe, Rbc, Dm, Pcc, Pc, Al, Age, Sg, Sod, Bgr, Sc, Pcv, Hemo, Pot, Wbcc"
17,DODA,20,Logistic Regression,0.47474747474747475,0.49,0.4803921568627451,0.48514851485148514,0.4758986928104575,"Bp, Bu, Su, Al, Sc, Rbcc, Dm, Ba, Pe, Sg, Htn, Rbc, Hemo, Bgr, Pcv, Ane, Sod, Pot, Age, Pc"
17,DODA,20,Random Forest,0.494949494949495,0.5094339622641509,0.5294117647058824,0.5192307692307693,0.5187397875816994,"Bp, Bu, Su, Al, Sc, Rbcc, Dm, Ba, Pe, Sg, Htn, Rbc, Hemo, Bgr, Pcv, Ane, Sod, Pot, Age, Pc"
17,DODA,20,XGBoost,0.45454545454545453,0.47115384615384615,0.4803921568627451,0.47572815533980584,0.4963235294117647,"Bp, Bu, Su, Al, Sc, Rbcc, Dm, Ba, Pe, Sg, Htn, Rbc, Hemo, Bgr, Pcv, Ane, Sod, Pot, Age, Pc"
18,LASSO,5,Logistic Regression,0.51010101010101,0.52,0.6372549019607843,0.5726872246696035,0.5378880718954249,"Bp, Pcv, Appet, Bu, Bgr"
18,LASSO,5,Random Forest,0.48484848484848486,0.5,0.5196078431372549,0.5096153846153846,0.5080167483660131,"Bp, Pcv, Appet, Bu, Bgr"
18,LASSO,5,XGBoost,0.5404040404040404,0.5523809523809524,0.5686274509803921,0.5603864734299517,0.5116421568627452,"Bp, Pcv, Appet, Bu, Bgr"
18,DODA,5,Logistic Regression,0.4898989898989899,0.5039370078740157,0.6274509803921569,0.5589519650655022,0.513888888888889,"Bp, Bu, Al, Pcv, Sc"
18,DODA,5,Random Forest,0.4898989898989899,0.504424778761062,0.5588235294117647,0.5302325581395348,0.47768586601307184,"Bp, Bu, Al, Pcv, Sc"
18,DODA,5,XGBoost,0.5252525252525253,0.5363636363636364,0.5784313725490197,0.5566037735849056,0.4891748366013072,"Bp, Bu, Al, Pcv, Sc"
18,LASSO,10,Logistic Regression,0.5505050505050505,0.5546218487394958,0.6470588235294118,0.5972850678733032,0.5300245098039215,"Bp, Pcv, Appet, Bu, Bgr, Al, Sg, Rbcc, Sc, Pot"
18,LASSO,10,Random Forest,0.4595959595959596,0.4778761061946903,0.5294117647058824,0.5023255813953489,0.4720179738562092,"Bp, Pcv, Appet, Bu, Bgr, Al, Sg, Rbcc, Sc, Pot"
18,LASSO,10,XGBoost,0.48484848484848486,0.5,0.5490196078431373,0.5233644859813084,0.48856209150326796,"Bp, Pcv, Appet, Bu, Bgr, Al, Sg, Rbcc, Sc, Pot"
18,DODA,10,Logistic Regression,0.5252525252525253,0.5327868852459017,0.6372549019607843,0.5803571428571429,0.5209354575163399,"Bp, Bu, Al, Pcv, Sc, Sg, Bgr, Appet, Htn, Rbcc"
18,DODA,10,Random Forest,0.47474747474747475,0.49122807017543857,0.5490196078431373,0.5185185185185185,0.46665645424836605,"Bp, Bu, Al, Pcv, Sc, Sg, Bgr, Appet, Htn, Rbcc"
18,DODA,10,XGBoost,0.4444444444444444,0.4642857142857143,0.5098039215686274,0.48598130841121495,0.4566993464052288,"Bp, Bu, Al, Pcv, Sc, Sg, Bgr, Appet, Htn, Rbcc"
18,LASSO,15,Logistic Regression,0.5454545454545454,0.5508474576271186,0.6372549019607843,0.5909090909090909,0.5431985294117647,"Bp, Pcv, Appet, Bu, Bgr, Al, Sg, Rbcc, Sc, Pot, Ba, Sod, Age, Pc, Rbc"
18,LASSO,15,Random Forest,0.5050505050505051,0.5166666666666667,0.6078431372549019,0.5585585585585585,0.5018892973856209,"Bp, Pcv, Appet, Bu, Bgr, Al, Sg, Rbcc, Sc, Pot, Ba, Sod, Age, Pc, Rbc"
18,LASSO,15,XGBoost,0.4797979797979798,0.49514563106796117,0.5,0.4975609756097561,0.5111315359477124,"Bp, Pcv, Appet, Bu, Bgr, Al, Sg, Rbcc, Sc, Pot, Ba, Sod, Age, Pc, Rbc"
18,DODA,15,Logistic Regression,0.5353535353535354,0.5409836065573771,0.6470588235294118,0.5892857142857143,0.5331903594771242,"Bp, Bu, Al, Pcv, Sc, Sg, Bgr, Appet, Htn, Rbcc, Dm, Pot, Hemo, Ane, Sod"
18,DODA,15,Random Forest,0.4797979797979798,0.4954954954954955,0.5392156862745098,0.5164319248826291,0.45072508169934633,"Bp, Bu, Al, Pcv, Sc, Sg, Bgr, Appet, Htn, Rbcc, Dm, Pot, Hemo, Ane, Sod"
18,DODA,15,XGBoost,0.5151515151515151,0.5277777777777778,0.5588235294117647,0.5428571428571428,0.49417892156862747,"Bp, Bu, Al, Pcv, Sc, Sg, Bgr, Appet, Htn, Rbcc, Dm, Pot, Hemo, Ane, Sod"
18,LASSO,20,Logistic Regression,0.5353535353535354,0.5416666666666666,0.6372549019607843,0.5855855855855856,0.548202614379085,"Bp, Pcv, Appet, Bu, Bgr, Al, Sg, Rbcc, Sc, Pot, Ba, Sod, Age, Pc, Rbc, Su, Pcc, Hemo, Htn, Wbcc"
18,LASSO,20,Random Forest,0.5050505050505051,0.5172413793103449,0.5882352941176471,0.5504587155963303,0.5304330065359477,"Bp, Pcv, Appet, Bu, Bgr, Al, Sg, Rbcc, Sc, Pot, Ba, Sod, Age, Pc, Rbc, Su, Pcc, Hemo, Htn, Wbcc"
18,LASSO,20,XGBoost,0.494949494949495,0.5092592592592593,0.5392156862745098,0.5238095238095238,0.5175653594771241,"Bp, Pcv, Appet, Bu, Bgr, Al, Sg, Rbcc, Sc, Pot, Ba, Sod, Age, Pc, Rbc, Su, Pcc, Hemo, Htn, Wbcc"
18,DODA,20,Logistic Regression,0.5303030303030303,0.5365853658536586,0.6470588235294118,0.5866666666666667,0.5346200980392157,"Bp, Bu, Al, Pcv, Sc, Sg, Bgr, Appet, Htn, Rbcc, Dm, Pot, Hemo, Ane, Sod, Pe, Age, Su, Rbc, Pc"
18,DODA,20,Random Forest,0.5454545454545454,0.5517241379310345,0.6274509803921569,0.5871559633027523,0.5083231209150327,"Bp, Bu, Al, Pcv, Sc, Sg, Bgr, Appet, Htn, Rbcc, Dm, Pot, Hemo, Ane, Sod, Pe, Age, Su, Rbc, Pc"
18,DODA,20,XGBoost,0.5,0.514018691588785,0.5392156862745098,0.5263157894736842,0.5086805555555556,"Bp, Bu, Al, Pcv, Sc, Sg, Bgr, Appet, Htn, Rbcc, Dm, Pot, Hemo, Ane, Sod, Pe, Age, Su, Rbc, Pc"
19,LASSO,5,Logistic Regression,0.49238578680203043,0.5045871559633027,0.5445544554455446,0.5238095238095238,0.5081476897689768,"Bp, Su, Ba, Rbcc, Pcv"
19,LASSO,5,Random Forest,0.5177664974619289,0.5333333333333333,0.4752475247524752,0.5026178010471204,0.5050020627062706,"Bp, Su, Ba, Rbcc, Pcv"
19,LASSO,5,XGBoost,0.48223350253807107,0.4953271028037383,0.5247524752475248,0.5096153846153846,0.46771864686468645,"Bp, Su, Ba, Rbcc, Pcv"
19,DODA,5,Logistic Regression,0.5126903553299492,0.5225225225225225,0.5742574257425742,0.5471698113207547,0.5179455445544554,"Bp, Su, Bu, Pcv, Al"
19,DODA,5,Random Forest,0.5025380710659898,0.5168539325842697,0.45544554455445546,0.4842105263157895,0.5314562706270627,"Bp, Su, Bu, Pcv, Al"
19,DODA,5,XGBoost,0.5076142131979695,0.5212765957446809,0.48514851485148514,0.5025641025641026,0.498246699669967,"Bp, Su, Bu, Pcv, Al"
19,LASSO,10,Logistic Regression,0.4873096446700508,0.5,0.5445544554455446,0.5213270142180095,0.49669966996699666,"Bp, Su, Ba, Rbcc, Pcv, Pe, Ane, Appet, Bu, Sg"
19,LASSO,10,Random Forest,0.49746192893401014,0.5092592592592593,0.5445544554455446,0.5263157894736842,0.47065800330033003,"Bp, Su, Ba, Rbcc, Pcv, Pe, Ane, Appet, Bu, Sg"
19,LASSO,10,XGBoost,0.5126903553299492,0.5247524752475248,0.5247524752475248,0.5247524752475248,0.4950495049504951,"Bp, Su, Ba, Rbcc, Pcv, Pe, Ane, Appet, Bu, Sg"
19,DODA,10,Logistic Regression,0.467005076142132,0.4827586206896552,0.5544554455445545,0.5161290322580645,0.4833952145214521,"Bp, Su, Bu, Pcv, Al, Rbcc, Sc, Sg, Pe, Ane"
19,DODA,10,Random Forest,0.5228426395939086,0.5321100917431193,0.5742574257425742,0.5523809523809524,0.5173783003300331,"Bp, Su, Bu, Pcv, Al, Rbcc, Sc, Sg, Pe, Ane"
19,DODA,10,XGBoost,0.5025380710659898,0.5145631067961165,0.5247524752475248,0.5196078431372549,0.5047442244224423,"Bp, Su, Bu, Pcv, Al, Rbcc, Sc, Sg, Pe, Ane"
19,LASSO,15,Logistic Regression,0.4873096446700508,0.5,0.5148514851485149,0.5073170731707317,0.4786509900990099,"Bp, Su, Ba, Rbcc, Pcv, Pe, Ane, Appet, Bu, Sg, Al, Age, Pcc, Pc, Rbc"
19,LASSO,15,Random Forest,0.5076142131979695,0.5192307692307693,0.5346534653465347,0.526829268292683,0.49757632013201314,"Bp, Su, Ba, Rbcc, Pcv, Pe, Ane, Appet, Bu, Sg, Al, Age, Pcc, Pc, Rbc"
19,LASSO,15,XGBoost,0.4873096446700508,0.5,0.5445544554455446,0.5213270142180095,0.47679455445544555,"Bp, Su, Ba, Rbcc, Pcv, Pe, Ane, Appet, Bu, Sg, Al, Age, Pcc, Pc, Rbc"
19,DODA,15,Logistic Regression,0.5025380710659898,0.5135135135135135,0.5643564356435643,0.5377358490566038,0.47411303630363033,"Bp, Su, Bu, Pcv, Al, Rbcc, Sc, Sg, Pe, Ane, Ba, Htn, Dm, Hemo, Bgr"
19,DODA,15,Random Forest,0.5126903553299492,0.5238095238095238,0.5445544554455446,0.5339805825242718,0.5133560231023102,"Bp, Su, Bu, Pcv, Al, Rbcc, Sc, Sg, Pe, Ane, Ba, Htn, Dm, Hemo, Bgr"
19,DODA,15,XGBoost,0.5076142131979695,0.5185185185185185,0.5544554455445545,0.5358851674641149,0.5158828382838283,"Bp, Su, Bu, Pcv, Al, Rbcc, Sc, Sg, Pe, Ane, Ba, Htn, Dm, Hemo, Bgr"
19,LASSO,20,Logistic Regression,0.4873096446700508,0.5,0.504950495049505,0.5024630541871922,0.48360148514851486,"Bp, Su, Ba, Rbcc, Pcv, Pe, Ane, Appet, Bu, Sg, Al, Age, Pcc, Pc, Rbc, Bgr, Hemo, Pot, Sod, Sc"
19,LASSO,20,Random Forest,0.5076142131979695,0.5188679245283019,0.5445544554455446,0.5314009661835749,0.5259385313531353,"Bp, Su, Ba, Rbcc, Pcv, Pe, Ane, Appet, Bu, Sg, Al, Age, Pcc, Pc, Rbc, Bgr, Hemo, Pot, Sod, Sc"
19,LASSO,20,XGBoost,0.5532994923857868,0.5585585585585585,0.6138613861386139,0.5849056603773585,0.5535272277227724,"Bp, Su, Ba, Rbcc, Pcv, Pe, Ane, Appet, Bu, Sg, Al, Age, Pcc, Pc, Rbc, Bgr, Hemo, Pot, Sod, Sc"
19,DODA,20,Logistic Regression,0.47715736040609136,0.49074074074074076,0.5247524752475248,0.507177033492823,0.4867986798679868,"Bp, Su, Bu, Pcv, Al, Rbcc, Sc, Sg, Pe, Ane, Ba, Htn, Dm, Hemo, Bgr, Sod, Pot, Appet, Age, Rbc"
19,DODA,20,Random Forest,0.5228426395939086,0.5333333333333333,0.5544554455445545,0.5436893203883495,0.530115511551155,"Bp, Su, Bu, Pcv, Al, Rbcc, Sc, Sg, Pe, Ane, Ba, Htn, Dm, Hemo, Bgr, Sod, Pot, Appet, Age, Rbc"
19,DODA,20,XGBoost,0.5736040609137056,0.5765765765765766,0.6336633663366337,0.6037735849056604,0.5636344884488448,"Bp, Su, Bu, Pcv, Al, Rbcc, Sc, Sg, Pe, Ane, Ba, Htn, Dm, Hemo, Bgr, Sod, Pot, Appet, Age, Rbc"
20,LASSO,5,Logistic Regression,0.5076142131979695,0.52,0.5148514851485149,0.5174129353233831,0.5388820132013201,"Bp, Sg, Pcv, Ba, Bgr"
20,LASSO,5,Random Forest,0.5329949238578681,0.5436893203883495,0.5544554455445545,0.5490196078431373,0.5330548679867986,"Bp, Sg, Pcv, Ba, Bgr"
20,LASSO,5,XGBoost,0.5076142131979695,0.5204081632653061,0.504950495049505,0.5125628140703518,0.49896864686468645,"Bp, Sg, Pcv, Ba, Bgr"
20,DODA,5,Logistic Regression,0.49746192893401014,0.51,0.504950495049505,0.5074626865671642,0.5094884488448844,"Bp, Sg, Sc, Pcv, Htn"
20,DODA,5,Random Forest,0.5076142131979695,0.5208333333333334,0.49504950495049505,0.5076142131979695,0.5104682343234324,"Bp, Sg, Sc, Pcv, Htn"
20,DODA,5,XGBoost,0.5025380710659898,0.5151515151515151,0.504950495049505,0.51,0.49814356435643564,"Bp, Sg, Sc, Pcv, Htn"
20,LASSO,10,Logistic Regression,0.5126903553299492,0.5247524752475248,0.5247524752475248,0.5247524752475248,0.5184612211221122,"Bp, Sg, Pcv, Ba, Bgr, Pot, Sc, Htn, Sod, Rbcc"
20,LASSO,10,Random Forest,0.5329949238578681,0.5412844036697247,0.5841584158415841,0.5619047619047619,0.5426980198019803,"Bp, Sg, Pcv, Ba, Bgr, Pot, Sc, Htn, Sod, Rbcc"
20,LASSO,10,XGBoost,0.5228426395939086,0.5333333333333333,0.5544554455445545,0.5436893203883495,0.5083539603960396,"Bp, Sg, Pcv, Ba, Bgr, Pot, Sc, Htn, Sod, Rbcc"
20,DODA,10,Logistic Regression,0.5076142131979695,0.52,0.5148514851485149,0.5174129353233831,0.5201113861386139,"Bp, Sg, Sc, Pcv, Htn, Bgr, Al, Bu, Pot, Ba"
20,DODA,10,Random Forest,0.5126903553299492,0.5229357798165137,0.5643564356435643,0.5428571428571428,0.508457095709571,"Bp, Sg, Sc, Pcv, Htn, Bgr, Al, Bu, Pot, Ba"
20,DODA,10,XGBoost,0.5076142131979695,0.5175438596491229,0.5841584158415841,0.5488372093023256,0.4905115511551156,"Bp, Sg, Sc, Pcv, Htn, Bgr, Al, Bu, Pot, Ba"
20,LASSO,15,Logistic Regression,0.49746192893401014,0.5098039215686274,0.5148514851485149,0.5123152709359606,0.5075288778877889,"Bp, Sg, Pcv, Ba, Bgr, Pot, Sc, Htn, Sod, Rbcc, Pcc, Pc, Al, Age, Rbc"
20,LASSO,15,Random Forest,0.5228426395939086,0.5327102803738317,0.5643564356435643,0.5480769230769231,0.5453795379537953,"Bp, Sg, Pcv, Ba, Bgr, Pot, Sc, Htn, Sod, Rbcc, Pcc, Pc, Al, Age, Rbc"
20,LASSO,15,XGBoost,0.49746192893401014,0.5092592592592593,0.5445544554455446,0.5263157894736842,0.5586839933993399,"Bp, Sg, Pcv, Ba, Bgr, Pot, Sc, Htn, Sod, Rbcc, Pcc, Pc, Al, Age, Rbc"
20,DODA,15,Logistic Regression,0.5076142131979695,0.5204081632653061,0.504950495049505,0.5125628140703518,0.5232054455445545,"Bp, Sg, Sc, Pcv, Htn, Bgr, Al, Bu, Pot, Ba, Dm, Hemo, Sod, Ane, Pe"
20,DODA,15,Random Forest,0.4873096446700508,0.5,0.504950495049505,0.5024630541871922,0.5267120462046205,"Bp, Sg, Sc, Pcv, Htn, Bgr, Al, Bu, Pot, Ba, Dm, Hemo, Sod, Ane, Pe"
20,DODA,15,XGBoost,0.5126903553299492,0.5233644859813084,0.5544554455445545,0.5384615384615384,0.5463077557755776,"Bp, Sg, Sc, Pcv, Htn, Bgr, Al, Bu, Pot, Ba, Dm, Hemo, Sod, Ane, Pe"
20,LASSO,20,Logistic Regression,0.49746192893401014,0.5104166666666666,0.48514851485148514,0.49746192893401014,0.5229991749174917,"Bp, Sg, Pcv, Ba, Bgr, Pot, Sc, Htn, Sod, Rbcc, Pcc, Pc, Al, Age, Rbc, Su, Hemo, Bu, Wbcc, Dm"
20,LASSO,20,Random Forest,0.5076142131979695,0.5204081632653061,0.504950495049505,0.5125628140703518,0.5329517326732673,"Bp, Sg, Pcv, Ba, Bgr, Pot, Sc, Htn, Sod, Rbcc, Pcc, Pc, Al, Age, Rbc, Su, Hemo, Bu, Wbcc, Dm"
20,LASSO,20,XGBoost,0.5583756345177665,0.5660377358490566,0.594059405940594,0.5797101449275363,0.5630156765676568,"Bp, Sg, Pcv, Ba, Bgr, Pot, Sc, Htn, Sod, Rbcc, Pcc, Pc, Al, Age, Rbc, Su, Hemo, Bu, Wbcc, Dm"
20,DODA,20,Logistic Regression,0.48223350253807107,0.4948453608247423,0.4752475247524752,0.48484848484848486,0.5338283828382838,"Bp, Sg, Sc, Pcv, Htn, Bgr, Al, Bu, Pot, Ba, Dm, Hemo, Sod, Ane, Pe, Rbcc, Age, Su, Rbc, Pc"
20,DODA,20,Random Forest,0.5279187817258884,0.5392156862745098,0.5445544554455446,0.541871921182266,0.5349113036303631,"Bp, Sg, Sc, Pcv, Htn, Bgr, Al, Bu, Pot, Ba, Dm, Hemo, Sod, Ane, Pe, Rbcc, Age, Su, Rbc, Pc"
20,DODA,20,XGBoost,0.5431472081218274,0.5523809523809524,0.5742574257425742,0.5631067961165048,0.5857054455445545,"Bp, Sg, Sc, Pcv, Htn, Bgr, Al, Bu, Pot, Ba, Dm, Hemo, Sod, Ane, Pe, Rbcc, Age, Su, Rbc, Pc"
21,LASSO,5,Logistic Regression,0.5707070707070707,0.5689655172413793,0.6534653465346535,0.6082949308755761,0.583341839338573,"Bp, Pcv, Pe, Pot, Ba"
21,LASSO,5,Random Forest,0.5202020202020202,0.532608695652174,0.48514851485148514,0.5077720207253886,0.5254159436562212,"Bp, Pcv, Pe, Pot, Ba"
21,LASSO,5,XGBoost,0.5202020202020202,0.53125,0.504950495049505,0.5177664974619289,0.5140349086455037,"Bp, Pcv, Pe, Pot, Ba"
21,DODA,5,Logistic Regression,0.5404040404040404,0.5416666666666666,0.6435643564356436,0.5882352941176471,0.5680310299071145,"Bp, Sc, Pcv, Al, Pe"
21,DODA,5,Random Forest,0.4898989898989899,0.5,0.5247524752475248,0.5120772946859904,0.47596202919261005,"Bp, Sc, Pcv, Al, Pe"
21,DODA,5,XGBoost,0.5050505050505051,0.5168539325842697,0.45544554455445546,0.4842105263157895,0.5050525671123813,"Bp, Sc, Pcv, Al, Pe"
21,LASSO,10,Logistic Regression,0.5707070707070707,0.5727272727272728,0.6237623762376238,0.5971563981042654,0.5772175155659897,"Bp, Pcv, Pe, Pot, Ba, Sc, Sod, Rbcc, Pcc, Pc"
21,LASSO,10,Random Forest,0.5505050505050505,0.5612244897959183,0.5445544554455446,0.5527638190954773,0.5552720220475655,"Bp, Pcv, Pe, Pot, Ba, Sc, Sod, Rbcc, Pcc, Pc"
21,LASSO,10,XGBoost,0.51010101010101,0.5204081632653061,0.504950495049505,0.5125628140703518,0.5348576094722874,"Bp, Pcv, Pe, Pot, Ba, Sc, Sod, Rbcc, Pcc, Pc"
21,DODA,10,Logistic Regression,0.5505050505050505,0.5566037735849056,0.5841584158415841,0.5700483091787439,0.565785444523834,"Bp, Sc, Pcv, Al, Pe, Bu, Pot, Sg, Htn, Dm"
21,DODA,10,Random Forest,0.5454545454545454,0.5632183908045977,0.48514851485148514,0.5212765957446809,0.5508318873124426,"Bp, Sc, Pcv, Al, Pe, Bu, Pot, Sg, Htn, Dm"
21,DODA,10,XGBoost,0.48484848484848486,0.49473684210526314,0.46534653465346537,0.47959183673469385,0.5214861692354803,"Bp, Sc, Pcv, Al, Pe, Bu, Pot, Sg, Htn, Dm"
21,LASSO,15,Logistic Regression,0.5656565656565656,0.5714285714285714,0.594059405940594,0.5825242718446602,0.5756864346228437,"Bp, Pcv, Pe, Pot, Ba, Sc, Sod, Rbcc, Pcc, Pc, Rbc, Su, Al, Sg, Age"
21,LASSO,15,Random Forest,0.5505050505050505,0.5612244897959183,0.5445544554455446,0.5527638190954773,0.5385322037358375,"Bp, Pcv, Pe, Pot, Ba, Sc, Sod, Rbcc, Pcc, Pc, Rbc, Su, Al, Sg, Age"
21,LASSO,15,XGBoost,0.5202020202020202,0.53125,0.504950495049505,0.5177664974619289,0.5218944574869859,"Bp, Pcv, Pe, Pot, Ba, Sc, Sod, Rbcc, Pcc, Pc, Rbc, Su, Al, Sg, Age"
21,DODA,15,Logistic Regression,0.5353535353535354,0.5412844036697247,0.5841584158415841,0.5619047619047619,0.5765030111258549,"Bp, Sc, Pcv, Al, Pe, Bu, Pot, Sg, Htn, Dm, Hemo, Sod, Bgr, Ane, Ba"
21,DODA,15,Random Forest,0.5757575757575758,0.5825242718446602,0.594059405940594,0.5882352941176471,0.5785954884148209,"Bp, Sc, Pcv, Al, Pe, Bu, Pot, Sg, Htn, Dm, Hemo, Sod, Bgr, Ane, Ba"
21,DODA,15,XGBoost,0.5656565656565656,0.5806451612903226,0.5346534653465347,0.5567010309278351,0.567418597529856,"Bp, Sc, Pcv, Al, Pe, Bu, Pot, Sg, Htn, Dm, Hemo, Sod, Bgr, Ane, Ba"
21,LASSO,20,Logistic Regression,0.5606060606060606,0.5625,0.6237623762376238,0.5915492957746479,0.5844646320302134,"Bp, Pcv, Pe, Pot, Ba, Sc, Sod, Rbcc, Pcc, Pc, Rbc, Su, Al, Sg, Age, Bgr, Hemo, Bu, Htn, Wbcc"
21,LASSO,20,Random Forest,0.5656565656565656,0.5714285714285714,0.594059405940594,0.5825242718446602,0.5672144534041033,"Bp, Pcv, Pe, Pot, Ba, Sc, Sod, Rbcc, Pcc, Pc, Rbc, Su, Al, Sg, Age, Bgr, Hemo, Bu, Htn, Wbcc"
21,LASSO,20,XGBoost,0.5505050505050505,0.5576923076923077,0.5742574257425742,0.5658536585365853,0.56843931815862,"Bp, Pcv, Pe, Pot, Ba, Sc, Sod, Rbcc, Pcc, Pc, Rbc, Su, Al, Sg, Age, Bgr, Hemo, Bu, Htn, Wbcc"
21,DODA,20,Logistic Regression,0.5454545454545454,0.5533980582524272,0.5643564356435643,0.5588235294117647,0.576809227314484,"Bp, Sc, Pcv, Al, Pe, Bu, Pot, Sg, Htn, Dm, Hemo, Sod, Bgr, Ane, Ba, Rbcc, Age, Su, Rbc, Pc"
21,DODA,20,Random Forest,0.5151515151515151,0.5257731958762887,0.504950495049505,0.5151515151515151,0.546749004797387,"Bp, Sc, Pcv, Al, Pe, Bu, Pot, Sg, Htn, Dm, Hemo, Sod, Bgr, Ane, Ba, Rbcc, Age, Su, Rbc, Pc"
21,DODA,20,XGBoost,0.5404040404040404,0.5555555555555556,0.49504950495049505,0.5235602094240838,0.5427171583137695,"Bp, Sc, Pcv, Al, Pe, Bu, Pot, Sg, Htn, Dm, Hemo, Sod, Bgr, Ane, Ba, Rbcc, Age, Su, Rbc, Pc"
22,LASSO,5,Logistic Regression,0.5454545454545454,0.5566037735849056,0.5784313725490197,0.5673076923076923,0.5276756535947713,"Bp, Ba, Sod, Pcv, Rbcc"
22,LASSO,5,Random Forest,0.51010101010101,0.5238095238095238,0.5392156862745098,0.5314009661835749,0.5002553104575164,"Bp, Ba, Sod, Pcv, Rbcc"
22,LASSO,5,XGBoost,0.51010101010101,0.5238095238095238,0.5392156862745098,0.5314009661835749,0.49816176470588236,"Bp, Ba, Sod, Pcv, Rbcc"
22,DODA,5,Logistic Regression,0.494949494949495,0.5096153846153846,0.5196078431372549,0.5145631067961165,0.5183823529411764,"Bp, Sod, Pcv, Htn, Ba"
22,DODA,5,Random Forest,0.5353535353535354,0.5490196078431373,0.5490196078431373,0.5490196078431373,0.5696486928104575,"Bp, Sod, Pcv, Htn, Ba"
22,DODA,5,XGBoost,0.5252525252525253,0.5377358490566038,0.5588235294117647,0.5480769230769231,0.5294628267973857,"Bp, Sod, Pcv, Htn, Ba"
22,LASSO,10,Logistic Regression,0.51010101010101,0.5257731958762887,0.5,0.5125628140703518,0.5141952614379085,"Bp, Ba, Sod, Pcv, Rbcc, Appet, Su, Ane, Htn, Sg"
22,LASSO,10,Random Forest,0.4696969696969697,0.48623853211009177,0.5196078431372549,0.5023696682464455,0.49147263071895425,"Bp, Ba, Sod, Pcv, Rbcc, Appet, Su, Ane, Htn, Sg"
22,LASSO,10,XGBoost,0.4898989898989899,0.5050505050505051,0.49019607843137253,0.4975124378109453,0.448937908496732,"Bp, Ba, Sod, Pcv, Rbcc, Appet, Su, Ane, Htn, Sg"
22,DODA,10,Logistic Regression,0.5151515151515151,0.5294117647058824,0.5294117647058824,0.5294117647058824,0.5281862745098038,"Bp, Sod, Pcv, Htn, Ba, Sg, Rbcc, Bu, Al, Sc"
22,DODA,10,Random Forest,0.5303030303030303,0.5428571428571428,0.5588235294117647,0.5507246376811594,0.5574959150326797,"Bp, Sod, Pcv, Htn, Ba, Sg, Rbcc, Bu, Al, Sc"
22,DODA,10,XGBoost,0.5151515151515151,0.5283018867924528,0.5490196078431373,0.5384615384615384,0.5021446078431372,"Bp, Sod, Pcv, Htn, Ba, Sg, Rbcc, Bu, Al, Sc"
22,LASSO,15,Logistic Regression,0.5202020202020202,0.5360824742268041,0.5098039215686274,0.5226130653266332,0.5392156862745098,"Bp, Ba, Sod, Pcv, Rbcc, Appet, Su, Ane, Htn, Sg, Bgr, Bu, Pot, Age, Rbc"
22,LASSO,15,Random Forest,0.5606060606060606,0.5688073394495413,0.6078431372549019,0.5876777251184834,0.5545853758169935,"Bp, Ba, Sod, Pcv, Rbcc, Appet, Su, Ane, Htn, Sg, Bgr, Bu, Pot, Age, Rbc"
22,LASSO,15,XGBoost,0.5050505050505051,0.5185185185185185,0.5490196078431373,0.5333333333333333,0.5332924836601307,"Bp, Ba, Sod, Pcv, Rbcc, Appet, Su, Ane, Htn, Sg, Bgr, Bu, Pot, Age, Rbc"
22,DODA,15,Logistic Regression,0.5050505050505051,0.5204081632653061,0.5,0.51,0.5291053921568628,"Bp, Sod, Pcv, Htn, Ba, Sg, Rbcc, Bu, Al, Sc, Ane, Su, Bgr, Appet, Dm"
22,DODA,15,Random Forest,0.5151515151515151,0.53125,0.5,0.5151515151515151,0.5175653594771242,"Bp, Sod, Pcv, Htn, Ba, Sg, Rbcc, Bu, Al, Sc, Ane, Su, Bgr, Appet, Dm"
22,DODA,15,XGBoost,0.47474747474747475,0.4891304347826087,0.4411764705882353,0.4639175257731959,0.48233251633986934,"Bp, Sod, Pcv, Htn, Ba, Sg, Rbcc, Bu, Al, Sc, Ane, Su, Bgr, Appet, Dm"
22,LASSO,20,Logistic Regression,0.5151515151515151,0.53125,0.5,0.5151515151515151,0.535437091503268,"Bp, Ba, Sod, Pcv, Rbcc, Appet, Su, Ane, Htn, Sg, Bgr, Bu, Pot, Age, Rbc, Al, Pcc, Pc, Hemo, Sc"
22,LASSO,20,Random Forest,0.51010101010101,0.5247524752475248,0.5196078431372549,0.5221674876847291,0.5261948529411765,"Bp, Ba, Sod, Pcv, Rbcc, Appet, Su, Ane, Htn, Sg, Bgr, Bu, Pot, Age, Rbc, Al, Pcc, Pc, Hemo, Sc"
22,LASSO,20,XGBoost,0.5050505050505051,0.5192307692307693,0.5294117647058824,0.5242718446601942,0.5131740196078431,"Bp, Ba, Sod, Pcv, Rbcc, Appet, Su, Ane, Htn, Sg, Bgr, Bu, Pot, Age, Rbc, Al, Pcc, Pc, Hemo, Sc"
22,DODA,20,Logistic Regression,0.5202020202020202,0.5368421052631579,0.5,0.5177664974619289,0.5357434640522877,"Bp, Sod, Pcv, Htn, Ba, Sg, Rbcc, Bu, Al, Sc, Ane, Su, Bgr, Appet, Dm, Hemo, Pot, Pe, Age, Rbc"
22,DODA,20,Random Forest,0.494949494949495,0.509090909090909,0.5490196078431373,0.5283018867924528,0.5095486111111112,"Bp, Sod, Pcv, Htn, Ba, Sg, Rbcc, Bu, Al, Sc, Ane, Su, Bgr, Appet, Dm, Hemo, Pot, Pe, Age, Rbc"
22,DODA,20,XGBoost,0.5050505050505051,0.5196078431372549,0.5196078431372549,0.5196078431372549,0.5095996732026143,"Bp, Sod, Pcv, Htn, Ba, Sg, Rbcc, Bu, Al, Sc, Ane, Su, Bgr, Appet, Dm, Hemo, Pot, Pe, Age, Rbc"
23,LASSO,5,Logistic Regression,0.47474747474747475,0.4909090909090909,0.5294117647058824,0.5094339622641509,0.4555759803921569,"Bp, Ba, Su, Appet, Bgr"
23,LASSO,5,Random Forest,0.43434343434343436,0.4528301886792453,0.47058823529411764,0.46153846153846156,0.4516952614379085,"Bp, Ba, Su, Appet, Bgr"
23,LASSO,5,XGBoost,0.4898989898989899,0.5046728971962616,0.5294117647058824,0.5167464114832536,0.4643586601307189,"Bp, Ba, Su, Appet, Bgr"
23,DODA,5,Logistic Regression,0.4898989898989899,0.5040650406504065,0.6078431372549019,0.5511111111111111,0.4832516339869281,"Bp, Su, Bgr, Al, Sc"
23,DODA,5,Random Forest,0.5303030303030303,0.5420560747663551,0.5686274509803921,0.5550239234449761,0.5187397875816993,"Bp, Su, Bgr, Al, Sc"
23,DODA,5,XGBoost,0.5303030303030303,0.5378151260504201,0.6274509803921569,0.579185520361991,0.5254289215686274,"Bp, Su, Bgr, Al, Sc"
23,LASSO,10,Logistic Regression,0.4898989898989899,0.5045871559633027,0.5392156862745098,0.5213270142180095,0.4709967320261438,"Bp, Ba, Su, Appet, Bgr, Pcv, Rbc, Pe, Pot, Rbcc"
23,LASSO,10,Random Forest,0.4696969696969697,0.4842105263157895,0.45098039215686275,0.467005076142132,0.4591503267973856,"Bp, Ba, Su, Appet, Bgr, Pcv, Rbc, Pe, Pot, Rbcc"
23,LASSO,10,XGBoost,0.4696969696969697,0.48672566371681414,0.5392156862745098,0.5116279069767442,0.46691176470588236,"Bp, Ba, Su, Appet, Bgr, Pcv, Rbc, Pe, Pot, Rbcc"
23,DODA,10,Logistic Regression,0.5,0.5130434782608696,0.5784313725490197,0.543778801843318,0.4770220588235294,"Bp, Su, Bgr, Al, Sc, Pcv, Ba, Bu, Sg, Htn"
23,DODA,10,Random Forest,0.4696969696969697,0.48623853211009177,0.5196078431372549,0.5023696682464455,0.4775837418300654,"Bp, Su, Bgr, Al, Sc, Pcv, Ba, Bu, Sg, Htn"
23,DODA,10,XGBoost,0.48484848484848486,0.5,0.5686274509803921,0.5321100917431193,0.47947303921568624,"Bp, Su, Bgr, Al, Sc, Pcv, Ba, Bu, Sg, Htn"
23,LASSO,15,Logistic Regression,0.4696969696969697,0.4854368932038835,0.49019607843137253,0.4878048780487805,0.47038398692810457,"Bp, Ba, Su, Appet, Bgr, Pcv, Rbc, Pe, Pot, Rbcc, Pcc, Al, Age, Pc, Sg"
23,LASSO,15,Random Forest,0.5303030303030303,0.5445544554455446,0.5392156862745098,0.541871921182266,0.5235906862745098,"Bp, Ba, Su, Appet, Bgr, Pcv, Rbc, Pe, Pot, Rbcc, Pcc, Al, Age, Pc, Sg"
23,LASSO,15,XGBoost,0.5151515151515151,0.5267857142857143,0.5784313725490197,0.5514018691588785,0.4875408496732026,"Bp, Ba, Su, Appet, Bgr, Pcv, Rbc, Pe, Pot, Rbcc, Pcc, Al, Age, Pc, Sg"
23,DODA,15,Logistic Regression,0.4797979797979798,0.4953271028037383,0.5196078431372549,0.507177033492823,0.46721813725490197,"Bp, Su, Bgr, Al, Sc, Pcv, Ba, Bu, Sg, Htn, Dm, Appet, Rbc, Pe, Hemo"
23,DODA,15,Random Forest,0.5,0.5135135135135135,0.5588235294117647,0.5352112676056338,0.5001021241830066,"Bp, Su, Bgr, Al, Sc, Pcv, Ba, Bu, Sg, Htn, Dm, Appet, Rbc, Pe, Hemo"
23,DODA,15,XGBoost,0.5202020202020202,0.5294117647058824,0.6176470588235294,0.5701357466063348,0.5087826797385622,"Bp, Su, Bgr, Al, Sc, Pcv, Ba, Bu, Sg, Htn, Dm, Appet, Rbc, Pe, Hemo"
23,LASSO,20,Logistic Regression,0.4797979797979798,0.49504950495049505,0.49019607843137253,0.49261083743842365,0.47651143790849676,"Bp, Ba, Su, Appet, Bgr, Pcv, Rbc, Pe, Pot, Rbcc, Pcc, Al, Age, Pc, Sg, Sc, Hemo, Sod, Bu, Wbcc"
23,LASSO,20,Random Forest,0.5656565656565656,0.5689655172413793,0.6470588235294118,0.6055045871559633,0.5269097222222223,"Bp, Ba, Su, Appet, Bgr, Pcv, Rbc, Pe, Pot, Rbcc, Pcc, Al, Age, Pc, Sg, Sc, Hemo, Sod, Bu, Wbcc"
23,LASSO,20,XGBoost,0.5252525252525253,0.5363636363636364,0.5784313725490197,0.5566037735849056,0.5376838235294117,"Bp, Ba, Su, Appet, Bgr, Pcv, Rbc, Pe, Pot, Rbcc, Pcc, Al, Age, Pc, Sg, Sc, Hemo, Sod, Bu, Wbcc"
23,DODA,20,Logistic Regression,0.48484848484848486,0.5,0.5,0.5,0.4803921568627451,"Bp, Su, Bgr, Al, Sc, Pcv, Ba, Bu, Sg, Htn, Dm, Appet, Rbc, Pe, Hemo, Pot, Ane, Sod, Rbcc, Age"
23,DODA,20,Random Forest,0.5050505050505051,0.5181818181818182,0.5588235294117647,0.5377358490566038,0.517156862745098,"Bp, Su, Bgr, Al, Sc, Pcv, Ba, Bu, Sg, Htn, Dm, Appet, Rbc, Pe, Hemo, Pot, Ane, Sod, Rbcc, Age"
23,DODA,20,XGBoost,0.5353535353535354,0.543859649122807,0.6078431372549019,0.5740740740740741,0.5328839869281045,"Bp, Su, Bgr, Al, Sc, Pcv, Ba, Bu, Sg, Htn, Dm, Appet, Rbc, Pe, Hemo, Pot, Ane, Sod, Rbcc, Age"
24,LASSO,5,Logistic Regression,0.5076142131979695,0.5188679245283019,0.5445544554455446,0.5314009661835749,0.5045379537953796,"Bp, Pot, Pcv, Bu, Bgr"
24,LASSO,5,Random Forest,0.5888324873096447,0.6041666666666666,0.5742574257425742,0.5888324873096447,0.5777640264026404,"Bp, Pot, Pcv, Bu, Bgr"
24,LASSO,5,XGBoost,0.5786802030456852,0.5833333333333334,0.6237623762376238,0.6028708133971292,0.5981848184818482,"Bp, Pot, Pcv, Bu, Bgr"
24,DODA,5,Logistic Regression,0.49746192893401014,0.5096153846153846,0.5247524752475248,0.5170731707317073,0.5068069306930694,"Bp, Bu, Sc, Pot, Pcv"
24,DODA,5,Random Forest,0.5532994923857868,0.5607476635514018,0.594059405940594,0.5769230769230769,0.5967924917491749,"Bp, Bu, Sc, Pot, Pcv"
24,DODA,5,XGBoost,0.6040609137055838,0.6017699115044248,0.6732673267326733,0.6355140186915887,0.6116955445544554,"Bp, Bu, Sc, Pot, Pcv"
24,LASSO,10,Logistic Regression,0.5228426395939086,0.5368421052631579,0.504950495049505,0.5204081632653061,0.5272277227722773,"Bp, Pot, Pcv, Bu, Bgr, Rbcc, Sc, Pe, Su, Sod"
24,LASSO,10,Random Forest,0.49746192893401014,0.5102040816326531,0.49504950495049505,0.5025125628140703,0.5341893564356436,"Bp, Pot, Pcv, Bu, Bgr, Rbcc, Sc, Pe, Su, Sod"
24,LASSO,10,XGBoost,0.5532994923857868,0.5607476635514018,0.594059405940594,0.5769230769230769,0.5910684818481847,"Bp, Pot, Pcv, Bu, Bgr, Rbcc, Sc, Pe, Su, Sod"
24,DODA,10,Logistic Regression,0.5126903553299492,0.5238095238095238,0.5445544554455446,0.5339805825242718,0.5076320132013201,"Bp, Bu, Sc, Pot, Pcv, Bgr, Al, Rbcc, Sg, Htn"
24,DODA,10,Random Forest,0.5431472081218274,0.5544554455445545,0.5544554455445545,0.5544554455445545,0.5560540429042905,"Bp, Bu, Sc, Pot, Pcv, Bgr, Al, Rbcc, Sg, Htn"
24,DODA,10,XGBoost,0.5685279187817259,0.5727272727272728,0.6237623762376238,0.5971563981042654,0.6139645214521453,"Bp, Bu, Sc, Pot, Pcv, Bgr, Al, Rbcc, Sg, Htn"
24,LASSO,15,Logistic Regression,0.5228426395939086,0.5346534653465347,0.5346534653465347,0.5346534653465347,0.5110354785478548,"Bp, Pot, Pcv, Bu, Bgr, Rbcc, Sc, Pe, Su, Sod, Ane, Pc, Age, Sg, Rbc"
24,LASSO,15,Random Forest,0.5279187817258884,0.5350877192982456,0.6039603960396039,0.5674418604651162,0.5622937293729373,"Bp, Pot, Pcv, Bu, Bgr, Rbcc, Sc, Pe, Su, Sod, Ane, Pc, Age, Sg, Rbc"
24,LASSO,15,XGBoost,0.5431472081218274,0.5495495495495496,0.6039603960396039,0.5754716981132075,0.5513613861386139,"Bp, Pot, Pcv, Bu, Bgr, Rbcc, Sc, Pe, Su, Sod, Ane, Pc, Age, Sg, Rbc"
24,DODA,15,Logistic Regression,0.5380710659898477,0.5490196078431373,0.5544554455445545,0.5517241379310345,0.5021658415841583,"Bp, Bu, Sc, Pot, Pcv, Bgr, Al, Rbcc, Sg, Htn, Pe, Dm, Hemo, Ane, Sod"
24,DODA,15,Random Forest,0.49746192893401014,0.51,0.504950495049505,0.5074626865671642,0.5405321782178218,"Bp, Bu, Sc, Pot, Pcv, Bgr, Al, Rbcc, Sg, Htn, Pe, Dm, Hemo, Ane, Sod"
24,DODA,15,XGBoost,0.5736040609137056,0.580952380952381,0.6039603960396039,0.5922330097087378,0.6073638613861385,"Bp, Bu, Sc, Pot, Pcv, Bgr, Al, Rbcc, Sg, Htn, Pe, Dm, Hemo, Ane, Sod"
24,LASSO,20,Logistic Regression,0.5126903553299492,0.5247524752475248,0.5247524752475248,0.5247524752475248,0.5147483498349835,"Bp, Pot, Pcv, Bu, Bgr, Rbcc, Sc, Pe, Su, Sod, Ane, Pc, Age, Sg, Rbc, Al, Pcc, Ba, Hemo, Wbcc"
24,LASSO,20,Random Forest,0.5025380710659898,0.514018691588785,0.5445544554455446,0.5288461538461539,0.5269183168316831,"Bp, Pot, Pcv, Bu, Bgr, Rbcc, Sc, Pe, Su, Sod, Ane, Pc, Age, Sg, Rbc, Al, Pcc, Ba, Hemo, Wbcc"
24,LASSO,20,XGBoost,0.5583756345177665,0.5648148148148148,0.6039603960396039,0.583732057416268,0.5552805280528053,"Bp, Pot, Pcv, Bu, Bgr, Rbcc, Sc, Pe, Su, Sod, Ane, Pc, Age, Sg, Rbc, Al, Pcc, Ba, Hemo, Wbcc"
24,DODA,20,Logistic Regression,0.5380710659898477,0.5490196078431373,0.5544554455445545,0.5517241379310345,0.49700907590759075,"Bp, Bu, Sc, Pot, Pcv, Bgr, Al, Rbcc, Sg, Htn, Pe, Dm, Hemo, Ane, Sod, Su, Age, Rbc, Pc, Cad"
24,DODA,20,Random Forest,0.5279187817258884,0.5392156862745098,0.5445544554455446,0.541871921182266,0.5394492574257426,"Bp, Bu, Sc, Pot, Pcv, Bgr, Al, Rbcc, Sg, Htn, Pe, Dm, Hemo, Ane, Sod, Su, Age, Rbc, Pc, Cad"
24,DODA,20,XGBoost,0.5583756345177665,0.5648148148148148,0.6039603960396039,0.583732057416268,0.5904496699669968,"Bp, Bu, Sc, Pot, Pcv, Bgr, Al, Rbcc, Sg, Htn, Pe, Dm, Hemo, Ane, Sod, Su, Age, Rbc, Pc, Cad"
25,LASSO,5,Logistic Regression,0.4873096446700508,0.5,0.5544554455445545,0.5258215962441315,0.47792904290429045,"Bp, Bu, Sg, Su, Rbcc"
25,LASSO,5,Random Forest,0.5380710659898477,0.5510204081632653,0.5346534653465347,0.542713567839196,0.5194410066006601,"Bp, Bu, Sg, Su, Rbcc"
25,LASSO,5,XGBoost,0.49746192893401014,0.5089285714285714,0.5643564356435643,0.5352112676056338,0.5040222772277227,"Bp, Bu, Sg, Su, Rbcc"
25,DODA,5,Logistic Regression,0.49238578680203043,0.5046728971962616,0.5346534653465347,0.5192307692307693,0.47101897689768973,"Bu, Bp, Sg, Sc, Al"
25,DODA,5,Random Forest,0.5076142131979695,0.5185185185185185,0.5544554455445545,0.5358851674641149,0.5179971122112211,"Bu, Bp, Sg, Sc, Al"
25,DODA,5,XGBoost,0.5228426395939086,0.5333333333333333,0.5544554455445545,0.5436893203883495,0.5152640264026402,"Bu, Bp, Sg, Sc, Al"
25,LASSO,10,Logistic Regression,0.5126903553299492,0.5217391304347826,0.594059405940594,0.5555555555555556,0.5061881188118812,"Bp, Bu, Sg, Su, Rbcc, Appet, Pcv, Ba, Ane, Sc"
25,LASSO,10,Random Forest,0.5329949238578681,0.5391304347826087,0.6138613861386139,0.5740740740740741,0.5173267326732673,"Bp, Bu, Sg, Su, Rbcc, Appet, Pcv, Ba, Ane, Sc"
25,LASSO,10,XGBoost,0.5279187817258884,0.5350877192982456,0.6039603960396039,0.5674418604651162,0.5066006600660067,"Bp, Bu, Sg, Su, Rbcc, Appet, Pcv, Ba, Ane, Sc"
25,DODA,10,Logistic Regression,0.5126903553299492,0.5221238938053098,0.5841584158415841,0.5514018691588785,0.48545792079207917,"Bu, Bp, Sg, Sc, Al, Su, Rbcc, Pcv, Ane, Htn"
25,DODA,10,Random Forest,0.5177664974619289,0.5263157894736842,0.594059405940594,0.5581395348837209,0.5197504125412541,"Bu, Bp, Sg, Sc, Al, Su, Rbcc, Pcv, Ane, Htn"
25,DODA,10,XGBoost,0.5076142131979695,0.5175438596491229,0.5841584158415841,0.5488372093023256,0.49989686468646866,"Bu, Bp, Sg, Sc, Al, Su, Rbcc, Pcv, Ane, Htn"
25,LASSO,15,Logistic Regression,0.5329949238578681,0.5391304347826087,0.6138613861386139,0.5740740740740741,0.5108292079207921,"Bp, Bu, Sg, Su, Rbcc, Appet, Pcv, Ba, Ane, Sc, Al, Bgr, Pot, Pc, Rbc"
25,LASSO,15,Random Forest,0.5228426395939086,0.5309734513274337,0.594059405940594,0.5607476635514018,0.5201113861386139,"Bp, Bu, Sg, Su, Rbcc, Appet, Pcv, Ba, Ane, Sc, Al, Bgr, Pot, Pc, Rbc"
25,LASSO,15,XGBoost,0.5279187817258884,0.5363636363636364,0.5841584158415841,0.5592417061611374,0.5282590759075908,"Bp, Bu, Sg, Su, Rbcc, Appet, Pcv, Ba, Ane, Sc, Al, Bgr, Pot, Pc, Rbc"
25,DODA,15,Logistic Regression,0.5177664974619289,0.5263157894736842,0.594059405940594,0.5581395348837209,0.5015470297029703,"Bu, Bp, Sg, Sc, Al, Su, Rbcc, Pcv, Ane, Htn, Appet, Dm, Bgr, Hemo, Ba"
25,DODA,15,Random Forest,0.5177664974619289,0.5272727272727272,0.5742574257425742,0.5497630331753555,0.5228960396039604,"Bu, Bp, Sg, Sc, Al, Su, Rbcc, Pcv, Ane, Htn, Appet, Dm, Bgr, Hemo, Ba"
25,DODA,15,XGBoost,0.5025380710659898,0.5135135135135135,0.5643564356435643,0.5377358490566038,0.49494636963696365,"Bu, Bp, Sg, Sc, Al, Su, Rbcc, Pcv, Ane, Htn, Appet, Dm, Bgr, Hemo, Ba"
25,LASSO,20,Logistic Regression,0.5279187817258884,0.5344827586206896,0.6138613861386139,0.5714285714285714,0.5086633663366337,"Bp, Bu, Sg, Su, Rbcc, Appet, Pcv, Ba, Ane, Sc, Al, Bgr, Pot, Pc, Rbc, Age, Pcc, Sod, Hemo, Wbcc"
25,LASSO,20,Random Forest,0.49238578680203043,0.5045045045045045,0.5544554455445545,0.5283018867924528,0.5018564356435643,"Bp, Bu, Sg, Su, Rbcc, Appet, Pcv, Ba, Ane, Sc, Al, Bgr, Pot, Pc, Rbc, Age, Pcc, Sod, Hemo, Wbcc"
25,LASSO,20,XGBoost,0.5279187817258884,0.5377358490566038,0.5643564356435643,0.5507246376811594,0.5458952145214521,"Bp, Bu, Sg, Su, Rbcc, Appet, Pcv, Ba, Ane, Sc, Al, Bgr, Pot, Pc, Rbc, Age, Pcc, Sod, Hemo, Wbcc"
25,DODA,20,Logistic Regression,0.5177664974619289,0.5263157894736842,0.594059405940594,0.5581395348837209,0.5168110561056105,"Bu, Bp, Sg, Sc, Al, Su, Rbcc, Pcv, Ane, Htn, Appet, Dm, Bgr, Hemo, Ba, Pot, Sod, Pe, Age, Rbc"
25,DODA,20,Random Forest,0.5380710659898477,0.5471698113207547,0.5742574257425742,0.5603864734299517,0.5283622112211221,"Bu, Bp, Sg, Sc, Al, Su, Rbcc, Pcv, Ane, Htn, Appet, Dm, Bgr, Hemo, Ba, Pot, Sod, Pe, Age, Rbc"
25,DODA,20,XGBoost,0.5482233502538071,0.5545454545454546,0.6039603960396039,0.5781990521327014,0.5578589108910891,"Bu, Bp, Sg, Sc, Al, Su, Rbcc, Pcv, Ane, Htn, Appet, Dm, Bgr, Hemo, Ba, Pot, Sod, Pe, Age, Rbc"
