Run,Method,Top_K,Model,Selected_Features,Accuracy,Precision,Recall,F1,ROC_AUC
1,mRMR,5,Logistic Regression,"Bp, Ba, Sg, Pot, Hemo",0.4898989898989899,0.5,0.5346534653465347,0.5167464114832536,0.5135245483311217
1,mRMR,5,Random Forest,"Bp, Ba, Sg, Pot, Hemo",0.4797979797979798,0.49074074074074076,0.5247524752475248,0.507177033492823,0.5059201796468307
1,mRMR,5,XGBoost,"Bp, Ba, Sg, Pot, Hemo",0.5505050505050505,0.5555555555555556,0.594059405940594,0.5741626794258373,0.5326120240890069
1,DODA,5,Logistic Regression,"Bp, Sg, Hemo, Pot, Sc",0.5050505050505051,0.5145631067961165,0.5247524752475248,0.5196078431372549,0.5076043686842912
1,DODA,5,Random Forest,"Bp, Sg, Hemo, Pot, Sc",0.5353535353535354,0.5454545454545454,0.5346534653465347,0.54,0.540522608961927
1,DODA,5,XGBoost,"Bp, Sg, Hemo, Pot, Sc",0.5707070707070707,0.5816326530612245,0.5643564356435643,0.5728643216080402,0.6082474226804124
1,mRMR,10,Logistic Regression,"Bp, Ba, Sg, Pot, Hemo, Wbcc, Su, Rbcc, Age, Bgr",0.5,0.5089285714285714,0.5643564356435643,0.5352112676056338,0.5094416658160662
1,mRMR,10,Random Forest,"Bp, Ba, Sg, Pot, Hemo, Wbcc, Su, Rbcc, Age, Bgr",0.5454545454545454,0.5486725663716814,0.6138613861386139,0.5794392523364486,0.589313055016842
1,mRMR,10,XGBoost,"Bp, Ba, Sg, Pot, Hemo, Wbcc, Su, Rbcc, Age, Bgr",0.5757575757575758,0.5779816513761468,0.6237623762376238,0.6,0.5779320200061243
1,DODA,10,Logistic Regression,"Bp, Sg, Hemo, Pot, Sc, Ba, Su, Bgr, Rbcc, Wbcc",0.5303030303030303,0.5377358490566038,0.5643564356435643,0.5507246376811594,0.5226089619271205
1,DODA,10,Random Forest,"Bp, Sg, Hemo, Pot, Sc, Ba, Su, Bgr, Rbcc, Wbcc",0.5151515151515151,0.5233644859813084,0.5544554455445545,0.5384615384615384,0.5577727875880373
1,DODA,10,XGBoost,"Bp, Sg, Hemo, Pot, Sc, Ba, Su, Bgr, Rbcc, Wbcc",0.5808080808080808,0.5865384615384616,0.6039603960396039,0.5951219512195122,0.5846687761559661
1,mRMR,15,Logistic Regression,"Bp, Ba, Sg, Pot, Hemo, Wbcc, Su, Rbcc, Age, Bgr, Sc, Sod, Pc, Appet, Rbc",0.5252525252525253,0.5346534653465347,0.5346534653465347,0.5346534653465347,0.5183219352863121
1,mRMR,15,Random Forest,"Bp, Ba, Sg, Pot, Hemo, Wbcc, Su, Rbcc, Age, Bgr, Sc, Sod, Pc, Appet, Rbc",0.5606060606060606,0.5660377358490566,0.594059405940594,0.5797101449275363,0.5858936409104828
1,mRMR,15,XGBoost,"Bp, Ba, Sg, Pot, Hemo, Wbcc, Su, Rbcc, Age, Bgr, Sc, Sod, Pc, Appet, Rbc",0.5606060606060606,0.5673076923076923,0.5841584158415841,0.5756097560975609,0.5900785954884148
1,DODA,15,Logistic Regression,"Bp, Sg, Hemo, Pot, Sc, Ba, Su, Bgr, Rbcc, Wbcc, Age, Htn, Sod, Al, Pc",0.5353535353535354,0.5420560747663551,0.5742574257425742,0.5576923076923077,0.5162804940287844
1,DODA,15,Random Forest,"Bp, Sg, Hemo, Pot, Sc, Ba, Su, Bgr, Rbcc, Wbcc, Age, Htn, Sod, Al, Pc",0.5656565656565656,0.5742574257425742,0.5742574257425742,0.5742574257425742,0.5813514341124834
1,DODA,15,XGBoost,"Bp, Sg, Hemo, Pot, Sc, Ba, Su, Bgr, Rbcc, Wbcc, Age, Htn, Sod, Al, Pc",0.601010101010101,0.6018518518518519,0.6435643564356436,0.6220095693779905,0.6247830968663877
1,mRMR,20,Logistic Regression,"Bp, Ba, Sg, Pot, Hemo, Wbcc, Su, Rbcc, Age, Bgr, Sc, Sod, Pc, Appet, Rbc, Htn, Ane, Pcv, Cad, Pe",0.5151515151515151,0.5252525252525253,0.5148514851485149,0.52,0.5224048178013677
1,mRMR,20,Random Forest,"Bp, Ba, Sg, Pot, Hemo, Wbcc, Su, Rbcc, Age, Bgr, Sc, Sod, Pc, Appet, Rbc, Htn, Ane, Pcv, Cad, Pe",0.5303030303030303,0.5370370370370371,0.5742574257425742,0.5550239234449761,0.5479738695519036
1,mRMR,20,XGBoost,"Bp, Ba, Sg, Pot, Hemo, Wbcc, Su, Rbcc, Age, Bgr, Sc, Sod, Pc, Appet, Rbc, Htn, Ane, Pcv, Cad, Pe",0.6060606060606061,0.6095238095238096,0.6336633663366337,0.6213592233009708,0.6132489537613557
1,DODA,20,Logistic Regression,"Bp, Sg, Hemo, Pot, Sc, Ba, Su, Bgr, Rbcc, Wbcc, Age, Htn, Sod, Al, Pc, Ane, Rbc, Bu, Pcv, Dm",0.5252525252525253,0.5333333333333333,0.5544554455445545,0.5436893203883495,0.519342655915076
1,DODA,20,Random Forest,"Bp, Sg, Hemo, Pot, Sc, Ba, Su, Bgr, Rbcc, Wbcc, Age, Htn, Sod, Al, Pc, Ane, Rbc, Bu, Pcv, Dm",0.5808080808080808,0.5803571428571429,0.6435643564356436,0.6103286384976526,0.5706849035419006
1,DODA,20,XGBoost,"Bp, Sg, Hemo, Pot, Sc, Ba, Su, Bgr, Rbcc, Wbcc, Age, Htn, Sod, Al, Pc, Ane, Rbc, Bu, Pcv, Dm",0.5858585858585859,0.5871559633027523,0.6336633663366337,0.6095238095238096,0.60549147698275
2,mRMR,5,Logistic Regression,"Bp, Ba, Pot, Pcv, Pe",0.4898989898989899,0.5047619047619047,0.5196078431372549,0.5120772946859904,0.5056168300653595
2,mRMR,5,Random Forest,"Bp, Ba, Pot, Pcv, Pe",0.5151515151515151,0.5277777777777778,0.5588235294117647,0.5428571428571428,0.5061785130718954
2,mRMR,5,XGBoost,"Bp, Ba, Pot, Pcv, Pe",0.5151515151515151,0.53125,0.5,0.5151515151515151,0.498672385620915
2,DODA,5,Logistic Regression,"Bp, Al, Pot, Sg, Pcv",0.51010101010101,0.5242718446601942,0.5294117647058824,0.526829268292683,0.521548202614379
2,DODA,5,Random Forest,"Bp, Al, Pot, Sg, Pcv",0.5252525252525253,0.5434782608695652,0.49019607843137253,0.5154639175257731,0.5218545751633987
2,DODA,5,XGBoost,"Bp, Al, Pot, Sg, Pcv",0.5050505050505051,0.5227272727272727,0.45098039215686275,0.4842105263157895,0.49407679738562094
2,mRMR,10,Logistic Regression,"Bp, Ba, Pot, Pcv, Pe, Rbcc, Sg, Al, Wbcc, Bu",0.5202020202020202,0.5327102803738317,0.5588235294117647,0.5454545454545454,0.5158292483660132
2,mRMR,10,Random Forest,"Bp, Ba, Pot, Pcv, Pe, Rbcc, Sg, Al, Wbcc, Bu",0.48484848484848486,0.5,0.4803921568627451,0.49,0.48815359477124187
2,mRMR,10,XGBoost,"Bp, Ba, Pot, Pcv, Pe, Rbcc, Sg, Al, Wbcc, Bu",0.4696969696969697,0.48514851485148514,0.4803921568627451,0.4827586206896552,0.47038398692810457
2,DODA,10,Logistic Regression,"Bp, Al, Pot, Sg, Pcv, Sc, Bu, Pe, Ba, Rbcc",0.5151515151515151,0.5283018867924528,0.5490196078431373,0.5384615384615384,0.5210375816993464
2,DODA,10,Random Forest,"Bp, Al, Pot, Sg, Pcv, Sc, Bu, Pe, Ba, Rbcc",0.5707070707070707,0.5977011494252874,0.5098039215686274,0.5502645502645502,0.5555044934640523
2,DODA,10,XGBoost,"Bp, Al, Pot, Sg, Pcv, Sc, Bu, Pe, Ba, Rbcc",0.494949494949495,0.5098039215686274,0.5098039215686274,0.5098039215686274,0.5018382352941176
2,mRMR,15,Logistic Regression,"Bp, Ba, Pot, Pcv, Pe, Rbcc, Sg, Al, Wbcc, Bu, Sc, Pc, Appet, Ane, Sod",0.5454545454545454,0.5555555555555556,0.5882352941176471,0.5714285714285714,0.5125612745098038
2,mRMR,15,Random Forest,"Bp, Ba, Pot, Pcv, Pe, Rbcc, Sg, Al, Wbcc, Bu, Sc, Pc, Appet, Ane, Sod",0.48484848484848486,0.5,0.45098039215686275,0.4742268041237113,0.491421568627451
2,mRMR,15,XGBoost,"Bp, Ba, Pot, Pcv, Pe, Rbcc, Sg, Al, Wbcc, Bu, Sc, Pc, Appet, Ane, Sod",0.4898989898989899,0.504950495049505,0.5,0.5024630541871922,0.4954044117647059
2,DODA,15,Logistic Regression,"Bp, Al, Pot, Sg, Pcv, Sc, Bu, Pe, Ba, Rbcc, Htn, Ane, Wbcc, Pc, Sod",0.5151515151515151,0.5283018867924528,0.5490196078431373,0.5384615384615384,0.5079656862745099
2,DODA,15,Random Forest,"Bp, Al, Pot, Sg, Pcv, Sc, Bu, Pe, Ba, Rbcc, Htn, Ane, Wbcc, Pc, Sod",0.494949494949495,0.5102040816326531,0.49019607843137253,0.5,0.5217524509803921
2,DODA,15,XGBoost,"Bp, Al, Pot, Sg, Pcv, Sc, Bu, Pe, Ba, Rbcc, Htn, Ane, Wbcc, Pc, Sod",0.45454545454545453,0.46875,0.4411764705882353,0.45454545454545453,0.48131127450980393
2,mRMR,20,Logistic Regression,"Bp, Ba, Pot, Pcv, Pe, Rbcc, Sg, Al, Wbcc, Bu, Sc, Pc, Appet, Ane, Sod, Pcc, Su, Htn, Cad, Hemo",0.5353535353535354,0.5462962962962963,0.5784313725490197,0.5619047619047619,0.5107230392156863
2,mRMR,20,Random Forest,"Bp, Ba, Pot, Pcv, Pe, Rbcc, Sg, Al, Wbcc, Bu, Sc, Pc, Appet, Ane, Sod, Pcc, Su, Htn, Cad, Hemo",0.51010101010101,0.5252525252525253,0.5098039215686274,0.5174129353233831,0.5368668300653594
2,mRMR,20,XGBoost,"Bp, Ba, Pot, Pcv, Pe, Rbcc, Sg, Al, Wbcc, Bu, Sc, Pc, Appet, Ane, Sod, Pcc, Su, Htn, Cad, Hemo",0.5353535353535354,0.5490196078431373,0.5490196078431373,0.5490196078431373,0.5205269607843137
2,DODA,20,Logistic Regression,"Bp, Al, Pot, Sg, Pcv, Sc, Bu, Pe, Ba, Rbcc, Htn, Ane, Wbcc, Pc, Sod, Hemo, Appet, Su, Dm, Pcc",0.5252525252525253,0.5384615384615384,0.5490196078431373,0.5436893203883495,0.5147058823529412
2,DODA,20,Random Forest,"Bp, Al, Pot, Sg, Pcv, Sc, Bu, Pe, Ba, Rbcc, Htn, Ane, Wbcc, Pc, Sod, Hemo, Appet, Su, Dm, Pcc",0.5252525252525253,0.5416666666666666,0.5098039215686274,0.5252525252525253,0.5439644607843136
2,DODA,20,XGBoost,"Bp, Al, Pot, Sg, Pcv, Sc, Bu, Pe, Ba, Rbcc, Htn, Ane, Wbcc, Pc, Sod, Hemo, Appet, Su, Dm, Pcc",0.5050505050505051,0.5185185185185185,0.5490196078431373,0.5333333333333333,0.5287990196078431
3,mRMR,5,Logistic Regression,"Bp, Pcv, Bgr, Ba, Su",0.5,0.5135135135135135,0.5588235294117647,0.5352112676056338,0.49458741830065356
3,mRMR,5,Random Forest,"Bp, Pcv, Bgr, Ba, Su",0.5202020202020202,0.5346534653465347,0.5294117647058824,0.5320197044334976,0.5116421568627452
3,mRMR,5,XGBoost,"Bp, Pcv, Bgr, Ba, Su",0.5252525252525253,0.5384615384615384,0.5490196078431373,0.5436893203883495,0.5047998366013072
3,DODA,5,Logistic Regression,"Bp, Pcv, Bgr, Sc, Su",0.5151515151515151,0.5263157894736842,0.5882352941176471,0.5555555555555556,0.49336192810457513
3,DODA,5,Random Forest,"Bp, Pcv, Bgr, Sc, Su",0.5202020202020202,0.5346534653465347,0.5294117647058824,0.5320197044334976,0.47492851307189543
3,DODA,5,XGBoost,"Bp, Pcv, Bgr, Sc, Su",0.5151515151515151,0.5272727272727272,0.5686274509803921,0.5471698113207547,0.48304738562091504
3,mRMR,10,Logistic Regression,"Bp, Pcv, Bgr, Ba, Su, Pot, Rbcc, Appet, Ane, Pe",0.5202020202020202,0.5327102803738317,0.5588235294117647,0.5454545454545454,0.5053104575163399
3,mRMR,10,Random Forest,"Bp, Pcv, Bgr, Ba, Su, Pot, Rbcc, Appet, Ane, Pe",0.4494949494949495,0.46601941747572817,0.47058823529411764,0.4682926829268293,0.45761846405228757
3,mRMR,10,XGBoost,"Bp, Pcv, Bgr, Ba, Su, Pot, Rbcc, Appet, Ane, Pe",0.51010101010101,0.5263157894736842,0.49019607843137253,0.5076142131979695,0.4864174836601307
3,DODA,10,Logistic Regression,"Bp, Pcv, Bgr, Sc, Su, Pot, Bu, Al, Ba, Ane",0.5252525252525253,0.5377358490566038,0.5588235294117647,0.5480769230769231,0.5066380718954249
3,DODA,10,Random Forest,"Bp, Pcv, Bgr, Sc, Su, Pot, Bu, Al, Ba, Ane",0.5050505050505051,0.5181818181818182,0.5588235294117647,0.5377358490566038,0.4928002450980392
3,DODA,10,XGBoost,"Bp, Pcv, Bgr, Sc, Su, Pot, Bu, Al, Ba, Ane",0.494949494949495,0.5092592592592593,0.5392156862745098,0.5238095238095238,0.4762050653594771
3,mRMR,15,Logistic Regression,"Bp, Pcv, Bgr, Ba, Su, Pot, Rbcc, Appet, Ane, Pe, Sod, Bu, Sc, Al, Cad",0.48484848484848486,0.5,0.5294117647058824,0.5142857142857142,0.5113357843137254
3,mRMR,15,Random Forest,"Bp, Pcv, Bgr, Ba, Su, Pot, Rbcc, Appet, Ane, Pe, Sod, Bu, Sc, Al, Cad",0.46464646464646464,0.4818181818181818,0.5196078431372549,0.5,0.48682598039215685
3,mRMR,15,XGBoost,"Bp, Pcv, Bgr, Ba, Su, Pot, Rbcc, Appet, Ane, Pe, Sod, Bu, Sc, Al, Cad",0.46464646464646464,0.48148148148148145,0.5098039215686274,0.49523809523809526,0.4812091503267974
3,DODA,15,Logistic Regression,"Bp, Pcv, Bgr, Sc, Su, Pot, Bu, Al, Ba, Ane, Rbcc, Pe, Sod, Appet, Dm",0.5202020202020202,0.5321100917431193,0.5686274509803921,0.5497630331753555,0.512561274509804
3,DODA,15,Random Forest,"Bp, Pcv, Bgr, Sc, Su, Pot, Bu, Al, Ba, Ane, Rbcc, Pe, Sod, Appet, Dm",0.5,0.5137614678899083,0.5490196078431373,0.5308056872037915,0.4785028594771241
3,DODA,15,XGBoost,"Bp, Pcv, Bgr, Sc, Su, Pot, Bu, Al, Ba, Ane, Rbcc, Pe, Sod, Appet, Dm",0.4797979797979798,0.49557522123893805,0.5490196078431373,0.5209302325581395,0.48335375816993464
3,mRMR,20,Logistic Regression,"Bp, Pcv, Bgr, Ba, Su, Pot, Rbcc, Appet, Ane, Pe, Sod, Bu, Sc, Al, Cad, Dm, Age, Wbcc, Sg, Htn",0.5050505050505051,0.5181818181818182,0.5588235294117647,0.5377358490566038,0.5098039215686274
3,mRMR,20,Random Forest,"Bp, Pcv, Bgr, Ba, Su, Pot, Rbcc, Appet, Ane, Pe, Sod, Bu, Sc, Al, Cad, Dm, Age, Wbcc, Sg, Htn",0.5,0.5132743362831859,0.5686274509803921,0.5395348837209303,0.47472426470588236
3,mRMR,20,XGBoost,"Bp, Pcv, Bgr, Ba, Su, Pot, Rbcc, Appet, Ane, Pe, Sod, Bu, Sc, Al, Cad, Dm, Age, Wbcc, Sg, Htn",0.4696969696969697,0.4864864864864865,0.5294117647058824,0.5070422535211268,0.4832516339869281
3,DODA,20,Logistic Regression,"Bp, Pcv, Bgr, Sc, Su, Pot, Bu, Al, Ba, Ane, Rbcc, Pe, Sod, Appet, Dm, Sg, Htn, Age, Cad, Hemo",0.5050505050505051,0.5181818181818182,0.5588235294117647,0.5377358490566038,0.5101102941176471
3,DODA,20,Random Forest,"Bp, Pcv, Bgr, Sc, Su, Pot, Bu, Al, Ba, Ane, Rbcc, Pe, Sod, Appet, Dm, Sg, Htn, Age, Cad, Hemo",0.51010101010101,0.5233644859813084,0.5490196078431373,0.5358851674641149,0.5177696078431372
3,DODA,20,XGBoost,"Bp, Pcv, Bgr, Sc, Su, Pot, Bu, Al, Ba, Ane, Rbcc, Pe, Sod, Appet, Dm, Sg, Htn, Age, Cad, Hemo",0.5252525252525253,0.5370370370370371,0.5686274509803921,0.5523809523809524,0.5088848039215687
4,mRMR,5,Logistic Regression,"Bp, Pot, Ba, Pe, Su",0.5431472081218274,0.5454545454545454,0.6534653465346535,0.5945945945945946,0.5673473597359736
4,mRMR,5,Random Forest,"Bp, Pot, Ba, Pe, Su",0.5025380710659898,0.5135135135135135,0.5643564356435643,0.5377358490566038,0.48561262376237624
4,mRMR,5,XGBoost,"Bp, Pot, Ba, Pe, Su",0.5025380710659898,0.5121951219512195,0.6237623762376238,0.5625,0.456476897689769
4,DODA,5,Logistic Regression,"Bp, Bu, Pot, Sc, Pe",0.5634517766497462,0.5630252100840336,0.6633663366336634,0.6090909090909091,0.5465140264026402
4,DODA,5,Random Forest,"Bp, Bu, Pot, Sc, Pe",0.4720812182741117,0.4864864864864865,0.5346534653465347,0.5094339622641509,0.45864273927392746
4,DODA,5,XGBoost,"Bp, Bu, Pot, Sc, Pe",0.5076142131979695,0.5178571428571429,0.5742574257425742,0.5446009389671361,0.48514851485148514
4,mRMR,10,Logistic Regression,"Bp, Pot, Ba, Pe, Su, Bu, Bgr, Rbcc, Sc, Sod",0.5279187817258884,0.5363636363636364,0.5841584158415841,0.5592417061611374,0.5585808580858086
4,mRMR,10,Random Forest,"Bp, Pot, Ba, Pe, Su, Bu, Bgr, Rbcc, Sc, Sod",0.5177664974619289,0.5306122448979592,0.5148514851485149,0.5226130653266332,0.480868399339934
4,mRMR,10,XGBoost,"Bp, Pot, Ba, Pe, Su, Bu, Bgr, Rbcc, Sc, Sod",0.5076142131979695,0.5192307692307693,0.5346534653465347,0.526829268292683,0.5039191419141914
4,DODA,10,Logistic Regression,"Bp, Bu, Pot, Sc, Pe, Su, Bgr, Ba, Al, Rbcc",0.5482233502538071,0.5517241379310345,0.6336633663366337,0.5898617511520737,0.5551773927392739
4,DODA,10,Random Forest,"Bp, Bu, Pot, Sc, Pe, Su, Bgr, Ba, Al, Rbcc",0.4720812182741117,0.48672566371681414,0.5445544554455446,0.514018691588785,0.4799401815181518
4,DODA,10,XGBoost,"Bp, Bu, Pot, Sc, Pe, Su, Bgr, Ba, Al, Rbcc",0.5025380710659898,0.5137614678899083,0.5544554455445545,0.5333333333333333,0.4898927392739274
4,mRMR,15,Logistic Regression,"Bp, Pot, Ba, Pe, Su, Bu, Bgr, Rbcc, Sc, Sod, Pcv, Appet, Rbc, Ane, Wbcc",0.5228426395939086,0.5309734513274337,0.594059405940594,0.5607476635514018,0.5468234323432344
4,mRMR,15,Random Forest,"Bp, Pot, Ba, Pe, Su, Bu, Bgr, Rbcc, Sc, Sod, Pcv, Appet, Rbc, Ane, Wbcc",0.4517766497461929,0.4666666666666667,0.48514851485148514,0.47572815533980584,0.4611695544554456
4,mRMR,15,XGBoost,"Bp, Pot, Ba, Pe, Su, Bu, Bgr, Rbcc, Sc, Sod, Pcv, Appet, Rbc, Ane, Wbcc",0.5177664974619289,0.5319148936170213,0.49504950495049505,0.5128205128205128,0.505569306930693
4,DODA,15,Logistic Regression,"Bp, Bu, Pot, Sc, Pe, Su, Bgr, Ba, Al, Rbcc, Pcv, Sod, Sg, Ane, Rbc",0.5177664974619289,0.5277777777777778,0.5643564356435643,0.5454545454545454,0.550845709570957
4,DODA,15,Random Forest,"Bp, Bu, Pot, Sc, Pe, Su, Bgr, Ba, Al, Rbcc, Pcv, Sod, Sg, Ane, Rbc",0.5126903553299492,0.5238095238095238,0.5445544554455446,0.5339805825242718,0.49778259075907594
4,DODA,15,XGBoost,"Bp, Bu, Pot, Sc, Pe, Su, Bgr, Ba, Al, Rbcc, Pcv, Sod, Sg, Ane, Rbc",0.5126903553299492,0.5257731958762887,0.504950495049505,0.5151515151515151,0.5
4,mRMR,20,Logistic Regression,"Bp, Pot, Ba, Pe, Su, Bu, Bgr, Rbcc, Sc, Sod, Pcv, Appet, Rbc, Ane, Wbcc, Al, Sg, Age, Cad, Dm",0.5431472081218274,0.5470085470085471,0.6336633663366337,0.5871559633027523,0.5492986798679869
4,mRMR,20,Random Forest,"Bp, Pot, Ba, Pe, Su, Bu, Bgr, Rbcc, Sc, Sod, Pcv, Appet, Rbc, Ane, Wbcc, Al, Sg, Age, Cad, Dm",0.4619289340101523,0.4752475247524752,0.4752475247524752,0.4752475247524752,0.49401815181518155
4,mRMR,20,XGBoost,"Bp, Pot, Ba, Pe, Su, Bu, Bgr, Rbcc, Sc, Sod, Pcv, Appet, Rbc, Ane, Wbcc, Al, Sg, Age, Cad, Dm",0.5126903553299492,0.5257731958762887,0.504950495049505,0.5151515151515151,0.5199051155115512
4,DODA,20,Logistic Regression,"Bp, Bu, Pot, Sc, Pe, Su, Bgr, Ba, Al, Rbcc, Pcv, Sod, Sg, Ane, Rbc, Dm, Htn, Appet, Age, Hemo",0.5279187817258884,0.5344827586206896,0.6138613861386139,0.5714285714285714,0.5549711221122112
4,DODA,20,Random Forest,"Bp, Bu, Pot, Sc, Pe, Su, Bgr, Ba, Al, Rbcc, Pcv, Sod, Sg, Ane, Rbc, Dm, Htn, Appet, Age, Hemo",0.49746192893401014,0.5092592592592593,0.5445544554455446,0.5263157894736842,0.5042285478547854
4,DODA,20,XGBoost,"Bp, Bu, Pot, Sc, Pe, Su, Bgr, Ba, Al, Rbcc, Pcv, Sod, Sg, Ane, Rbc, Dm, Htn, Appet, Age, Hemo",0.5025380710659898,0.5164835164835165,0.46534653465346537,0.4895833333333333,0.5278465346534654
5,mRMR,5,Logistic Regression,"Bp, Su, Pcv, Bu, Ba",0.5025380710659898,0.5126050420168067,0.6039603960396039,0.5545454545454546,0.518667491749175
5,mRMR,5,Random Forest,"Bp, Su, Pcv, Bu, Ba",0.5279187817258884,0.5408163265306123,0.5247524752475248,0.5326633165829145,0.5088180693069306
5,mRMR,5,XGBoost,"Bp, Su, Pcv, Bu, Ba",0.49238578680203043,0.5047619047619047,0.5247524752475248,0.5145631067961165,0.47896039603960394
5,DODA,5,Logistic Regression,"Bp, Bu, Pcv, Su, Sc",0.49746192893401014,0.5080645161290323,0.6237623762376238,0.56,0.5015470297029703
5,DODA,5,Random Forest,"Bp, Bu, Pcv, Su, Sc",0.5076142131979695,0.5181818181818182,0.5643564356435643,0.5402843601895735,0.484529702970297
5,DODA,5,XGBoost,"Bp, Bu, Pcv, Su, Sc",0.47715736040609136,0.49056603773584906,0.5148514851485149,0.5024154589371981,0.48298267326732675
5,mRMR,10,Logistic Regression,"Bp, Su, Pcv, Bu, Ba, Pc, Ane, Rbcc, Appet, Htn",0.5380710659898477,0.5431034482758621,0.6237623762376238,0.5806451612903226,0.5219678217821783
5,mRMR,10,Random Forest,"Bp, Su, Pcv, Bu, Ba, Pc, Ane, Rbcc, Appet, Htn",0.4619289340101523,0.4752475247524752,0.4752475247524752,0.4752475247524752,0.4740614686468647
5,mRMR,10,XGBoost,"Bp, Su, Pcv, Bu, Ba, Pc, Ane, Rbcc, Appet, Htn",0.467005076142132,0.4803921568627451,0.48514851485148514,0.4827586206896552,0.477207095709571
5,DODA,10,Logistic Regression,"Bp, Bu, Pcv, Su, Sc, Htn, Ane, Sg, Pc, Ba",0.5329949238578681,0.5405405405405406,0.594059405940594,0.5660377358490566,0.5099009900990099
5,DODA,10,Random Forest,"Bp, Bu, Pcv, Su, Sc, Htn, Ane, Sg, Pc, Ba",0.4416243654822335,0.45794392523364486,0.48514851485148514,0.47115384615384615,0.43780940594059403
5,DODA,10,XGBoost,"Bp, Bu, Pcv, Su, Sc, Htn, Ane, Sg, Pc, Ba",0.48223350253807107,0.4953271028037383,0.5247524752475248,0.5096153846153846,0.4631806930693069
5,mRMR,15,Logistic Regression,"Bp, Su, Pcv, Bu, Ba, Pc, Ane, Rbcc, Appet, Htn, Sc, Sg, Pot, Bgr, Pcc",0.5076142131979695,0.5178571428571429,0.5742574257425742,0.5446009389671361,0.5212458745874587
5,mRMR,15,Random Forest,"Bp, Su, Pcv, Bu, Ba, Pc, Ane, Rbcc, Appet, Htn, Sc, Sg, Pot, Bgr, Pcc",0.5076142131979695,0.5185185185185185,0.5544554455445545,0.5358851674641149,0.48437500000000006
5,mRMR,15,XGBoost,"Bp, Su, Pcv, Bu, Ba, Pc, Ane, Rbcc, Appet, Htn, Sc, Sg, Pot, Bgr, Pcc",0.49746192893401014,0.5094339622641509,0.5346534653465347,0.5217391304347826,0.4777227722772277
5,DODA,15,Logistic Regression,"Bp, Bu, Pcv, Su, Sc, Htn, Ane, Sg, Pc, Ba, Rbcc, Al, Bgr, Pot, Appet",0.5329949238578681,0.5412844036697247,0.5841584158415841,0.5619047619047619,0.5320750825082509
5,DODA,15,Random Forest,"Bp, Bu, Pcv, Su, Sc, Htn, Ane, Sg, Pc, Ba, Rbcc, Al, Bgr, Pot, Appet",0.5076142131979695,0.5175438596491229,0.5841584158415841,0.5488372093023256,0.49143976897689773
5,DODA,15,XGBoost,"Bp, Bu, Pcv, Su, Sc, Htn, Ane, Sg, Pc, Ba, Rbcc, Al, Bgr, Pot, Appet",0.4619289340101523,0.47619047619047616,0.49504950495049505,0.4854368932038835,0.4664810231023102
5,mRMR,20,Logistic Regression,"Bp, Su, Pcv, Bu, Ba, Pc, Ane, Rbcc, Appet, Htn, Sc, Sg, Pot, Bgr, Pcc, Sod, Al, Pe, Rbc, Hemo",0.5228426395939086,0.5309734513274337,0.594059405940594,0.5607476635514018,0.5273308580858086
5,mRMR,20,Random Forest,"Bp, Su, Pcv, Bu, Ba, Pc, Ane, Rbcc, Appet, Htn, Sc, Sg, Pot, Bgr, Pcc, Sod, Al, Pe, Rbc, Hemo",0.5228426395939086,0.5309734513274337,0.594059405940594,0.5607476635514018,0.5178939768976898
5,mRMR,20,XGBoost,"Bp, Su, Pcv, Bu, Ba, Pc, Ane, Rbcc, Appet, Htn, Sc, Sg, Pot, Bgr, Pcc, Sod, Al, Pe, Rbc, Hemo",0.5126903553299492,0.5225225225225225,0.5742574257425742,0.5471698113207547,0.48298267326732675
5,DODA,20,Logistic Regression,"Bp, Bu, Pcv, Su, Sc, Htn, Ane, Sg, Pc, Ba, Rbcc, Al, Bgr, Pot, Appet, Sod, Hemo, Dm, Pe, Pcc",0.5177664974619289,0.5263157894736842,0.594059405940594,0.5581395348837209,0.5258869636963697
5,DODA,20,Random Forest,"Bp, Bu, Pcv, Su, Sc, Htn, Ane, Sg, Pc, Ba, Rbcc, Al, Bgr, Pot, Appet, Sod, Hemo, Dm, Pe, Pcc",0.5076142131979695,0.5175438596491229,0.5841584158415841,0.5488372093023256,0.48179661716171623
5,DODA,20,XGBoost,"Bp, Bu, Pcv, Su, Sc, Htn, Ane, Sg, Pc, Ba, Rbcc, Al, Bgr, Pot, Appet, Sod, Hemo, Dm, Pe, Pcc",0.49746192893401014,0.509090909090909,0.5544554455445545,0.5308056872037915,0.4968028052805281
6,mRMR,5,Logistic Regression,"Bp, Ba, Pot, Sod, Pcv",0.5151515151515151,0.5229357798165137,0.5643564356435643,0.5428571428571428,0.5326120240890069
6,mRMR,5,Random Forest,"Bp, Ba, Pot, Sod, Pcv",0.4898989898989899,0.5,0.5247524752475248,0.5120772946859904,0.469684597325712
6,mRMR,5,XGBoost,"Bp, Ba, Pot, Sod, Pcv",0.5454545454545454,0.5523809523809524,0.5742574257425742,0.5631067961165048,0.5532305807900378
6,DODA,5,Logistic Regression,"Bp, Sg, Pot, Bu, Sod",0.5151515151515151,0.5217391304347826,0.594059405940594,0.5555555555555556,0.5274063488823109
6,DODA,5,Random Forest,"Bp, Sg, Pot, Bu, Sod",0.5,0.5098039215686274,0.5148514851485149,0.5123152709359606,0.49851995508829233
6,DODA,5,XGBoost,"Bp, Sg, Pot, Bu, Sod",0.5151515151515151,0.5229357798165137,0.5643564356435643,0.5428571428571428,0.531080943145861
6,mRMR,10,Logistic Regression,"Bp, Ba, Pot, Sod, Pcv, Sg, Pe, Rbcc, Bu, Bgr",0.5,0.5087719298245614,0.5742574257425742,0.5395348837209303,0.5346534653465346
6,mRMR,10,Random Forest,"Bp, Ba, Pot, Sod, Pcv, Sg, Pe, Rbcc, Bu, Bgr",0.5,0.51,0.504950495049505,0.5074626865671642,0.4864244156374401
6,mRMR,10,XGBoost,"Bp, Ba, Pot, Sod, Pcv, Sg, Pe, Rbcc, Bu, Bgr",0.494949494949495,0.5050505050505051,0.49504950495049505,0.5,0.5055629274267632
6,DODA,10,Logistic Regression,"Bp, Sg, Pot, Bu, Sod, Pcv, Ba, Al, Pe, Bgr",0.5050505050505051,0.5132743362831859,0.5742574257425742,0.5420560747663551,0.5239358987445136
6,DODA,10,Random Forest,"Bp, Sg, Pot, Bu, Sod, Pcv, Ba, Al, Pe, Bgr",0.5,0.5102040816326531,0.49504950495049505,0.5025125628140703,0.4682555884454425
6,DODA,10,XGBoost,"Bp, Sg, Pot, Bu, Sod, Pcv, Ba, Al, Pe, Bgr",0.47474747474747475,0.4854368932038835,0.49504950495049505,0.49019607843137253,0.5070940083699091
6,mRMR,15,Logistic Regression,"Bp, Ba, Pot, Sod, Pcv, Sg, Pe, Rbcc, Bu, Bgr, Appet, Pcc, Su, Al, Pc",0.5202020202020202,0.5263157894736842,0.594059405940594,0.5581395348837209,0.5242421149331428
6,mRMR,15,Random Forest,"Bp, Ba, Pot, Sod, Pcv, Sg, Pe, Rbcc, Bu, Bgr, Appet, Pcc, Su, Al, Pc",0.5050505050505051,0.5137614678899083,0.5544554455445545,0.5333333333333333,0.47596202919261
6,mRMR,15,XGBoost,"Bp, Ba, Pot, Sod, Pcv, Sg, Pe, Rbcc, Bu, Bgr, Appet, Pcc, Su, Al, Pc",0.4797979797979798,0.49,0.48514851485148514,0.48756218905472637,0.5045422067979994
6,DODA,15,Logistic Regression,"Bp, Sg, Pot, Bu, Sod, Pcv, Ba, Al, Pe, Bgr, Rbcc, Sc, Su, Appet, Hemo",0.5,0.509090909090909,0.5544554455445545,0.5308056872037915,0.5300602225170971
6,DODA,15,Random Forest,"Bp, Sg, Pot, Bu, Sod, Pcv, Ba, Al, Pe, Bgr, Rbcc, Sc, Su, Appet, Hemo",0.45454545454545453,0.4672897196261682,0.49504950495049505,0.4807692307692308,0.479891803613351
6,DODA,15,XGBoost,"Bp, Sg, Pot, Bu, Sod, Pcv, Ba, Al, Pe, Bgr, Rbcc, Sc, Su, Appet, Hemo",0.5151515151515151,0.5242718446601942,0.5346534653465347,0.5294117647058824,0.5181177911605593
6,mRMR,20,Logistic Regression,"Bp, Ba, Pot, Sod, Pcv, Sg, Pe, Rbcc, Bu, Bgr, Appet, Pcc, Su, Al, Pc, Age, Wbcc, Rbc, Hemo, Cad",0.5050505050505051,0.5130434782608696,0.5841584158415841,0.5462962962962963,0.5166887822802899
6,mRMR,20,Random Forest,"Bp, Ba, Pot, Sod, Pcv, Sg, Pe, Rbcc, Bu, Bgr, Appet, Pcc, Su, Al, Pc, Age, Wbcc, Rbc, Hemo, Cad",0.47474747474747475,0.4854368932038835,0.49504950495049505,0.49019607843137253,0.5215372052669184
6,mRMR,20,XGBoost,"Bp, Ba, Pot, Sod, Pcv, Sg, Pe, Rbcc, Bu, Bgr, Appet, Pcc, Su, Al, Pc, Age, Wbcc, Rbc, Hemo, Cad",0.4797979797979798,0.49,0.48514851485148514,0.48756218905472637,0.5141369807083801
6,DODA,20,Logistic Regression,"Bp, Sg, Pot, Bu, Sod, Pcv, Ba, Al, Pe, Bgr, Rbcc, Sc, Su, Appet, Hemo, Pcc, Htn, Age, Pc, Dm",0.5,0.5086206896551724,0.5841584158415841,0.543778801843318,0.511993467387976
6,DODA,20,Random Forest,"Bp, Sg, Pot, Bu, Sod, Pcv, Ba, Al, Pe, Bgr, Rbcc, Sc, Su, Appet, Hemo, Pcc, Htn, Age, Pc, Dm",0.4898989898989899,0.5,0.49504950495049505,0.4975124378109453,0.5128610799224254
6,DODA,20,XGBoost,"Bp, Sg, Pot, Bu, Sod, Pcv, Ba, Al, Pe, Bgr, Rbcc, Sc, Su, Appet, Hemo, Pcc, Htn, Age, Pc, Dm",0.5202020202020202,0.5288461538461539,0.5445544554455446,0.5365853658536586,0.5297540063284678
7,mRMR,5,Logistic Regression,"Bp, Pe, Ba, Bu, Su",0.5303030303030303,0.5384615384615384,0.6176470588235294,0.5753424657534246,0.5362540849673202
7,mRMR,5,Random Forest,"Bp, Pe, Ba, Bu, Su",0.5555555555555556,0.5648148148148148,0.5980392156862745,0.580952380952381,0.5585682189542484
7,mRMR,5,XGBoost,"Bp, Pe, Ba, Bu, Su",0.5151515151515151,0.5272727272727272,0.5686274509803921,0.5471698113207547,0.47120098039215685
7,DODA,5,Logistic Regression,"Bp, Bu, Sc, Pe, Su",0.494949494949495,0.5084745762711864,0.5882352941176471,0.5454545454545454,0.5132761437908497
7,DODA,5,Random Forest,"Bp, Bu, Sc, Pe, Su",0.4696969696969697,0.4845360824742268,0.46078431372549017,0.4723618090452261,0.47783905228758167
7,DODA,5,XGBoost,"Bp, Bu, Sc, Pe, Su",0.4393939393939394,0.4563106796116505,0.46078431372549017,0.4585365853658537,0.4518995098039216
7,mRMR,10,Logistic Regression,"Bp, Pe, Ba, Bu, Su, Pot, Pcv, Sc, Ane, Rbcc",0.5252525252525253,0.5350877192982456,0.5980392156862745,0.5648148148148148,0.5216503267973855
7,mRMR,10,Random Forest,"Bp, Pe, Ba, Bu, Su, Pot, Pcv, Sc, Ane, Rbcc",0.4696969696969697,0.48598130841121495,0.5098039215686274,0.49760765550239233,0.43321078431372545
7,mRMR,10,XGBoost,"Bp, Pe, Ba, Bu, Su, Pot, Pcv, Sc, Ane, Rbcc",0.47474747474747475,0.4915254237288136,0.5686274509803921,0.5272727272727272,0.44127859477124187
7,DODA,10,Logistic Regression,"Bp, Bu, Sc, Pe, Su, Pot, Pcv, Ba, Ane, Sg",0.5202020202020202,0.5304347826086957,0.5980392156862745,0.5622119815668203,0.5219566993464053
7,DODA,10,Random Forest,"Bp, Bu, Sc, Pe, Su, Pot, Pcv, Ba, Ane, Sg",0.4898989898989899,0.5046728971962616,0.5294117647058824,0.5167464114832536,0.45940563725490197
7,DODA,10,XGBoost,"Bp, Bu, Sc, Pe, Su, Pot, Pcv, Ba, Ane, Sg",0.494949494949495,0.5086206896551724,0.5784313725490197,0.5412844036697247,0.4386233660130719
7,mRMR,15,Logistic Regression,"Bp, Pe, Ba, Bu, Su, Pot, Pcv, Sc, Ane, Rbcc, Pcc, Sod, Appet, Sg, Hemo",0.4696969696969697,0.48598130841121495,0.5098039215686274,0.49760765550239233,0.5047998366013072
7,mRMR,15,Random Forest,"Bp, Pe, Ba, Bu, Su, Pot, Pcv, Sc, Ane, Rbcc, Pcc, Sod, Appet, Sg, Hemo",0.4595959595959596,0.47706422018348627,0.5098039215686274,0.4928909952606635,0.4669117647058823
7,mRMR,15,XGBoost,"Bp, Pe, Ba, Bu, Su, Pot, Pcv, Sc, Ane, Rbcc, Pcc, Sod, Appet, Sg, Hemo",0.45454545454545453,0.4727272727272727,0.5098039215686274,0.49056603773584906,0.44138071895424835
7,DODA,15,Logistic Regression,"Bp, Bu, Sc, Pe, Su, Pot, Pcv, Ba, Ane, Sg, Rbcc, Al, Htn, Sod, Hemo",0.4898989898989899,0.5045871559633027,0.5392156862745098,0.5213270142180095,0.5160334967320261
7,DODA,15,Random Forest,"Bp, Bu, Sc, Pe, Su, Pot, Pcv, Ba, Ane, Sg, Rbcc, Al, Htn, Sod, Hemo",0.5,0.5128205128205128,0.5882352941176471,0.547945205479452,0.45526960784313725
7,DODA,15,XGBoost,"Bp, Bu, Sc, Pe, Su, Pot, Pcv, Ba, Ane, Sg, Rbcc, Al, Htn, Sod, Hemo",0.4444444444444444,0.46551724137931033,0.5294117647058824,0.4954128440366973,0.42432598039215685
7,mRMR,20,Logistic Regression,"Bp, Pe, Ba, Bu, Su, Pot, Pcv, Sc, Ane, Rbcc, Pcc, Sod, Appet, Sg, Hemo, Pc, Htn, Cad, Bgr, Al",0.4444444444444444,0.4636363636363636,0.5,0.4811320754716981,0.48937908496732024
7,mRMR,20,Random Forest,"Bp, Pe, Ba, Bu, Su, Pot, Pcv, Sc, Ane, Rbcc, Pcc, Sod, Appet, Sg, Hemo, Pc, Htn, Cad, Bgr, Al",0.4898989898989899,0.5045045045045045,0.5490196078431373,0.5258215962441315,0.47452001633986923
7,mRMR,20,XGBoost,"Bp, Pe, Ba, Bu, Su, Pot, Pcv, Sc, Ane, Rbcc, Pcc, Sod, Appet, Sg, Hemo, Pc, Htn, Cad, Bgr, Al",0.4696969696969697,0.48623853211009177,0.5196078431372549,0.5023696682464455,0.4373978758169934
7,DODA,20,Logistic Regression,"Bp, Bu, Sc, Pe, Su, Pot, Pcv, Ba, Ane, Sg, Rbcc, Al, Htn, Sod, Hemo, Pcc, Bgr, Appet, Dm, Pc",0.46464646464646464,0.4818181818181818,0.5196078431372549,0.5,0.49387254901960786
7,DODA,20,Random Forest,"Bp, Bu, Sc, Pe, Su, Pot, Pcv, Ba, Ane, Sg, Rbcc, Al, Htn, Sod, Hemo, Pcc, Bgr, Appet, Dm, Pc",0.4797979797979798,0.49514563106796117,0.5,0.4975609756097561,0.4491932189542484
7,DODA,20,XGBoost,"Bp, Bu, Sc, Pe, Su, Pot, Pcv, Ba, Ane, Sg, Rbcc, Al, Htn, Sod, Hemo, Pcc, Bgr, Appet, Dm, Pc",0.51010101010101,0.5225225225225225,0.5686274509803921,0.5446009389671361,0.44566993464052285
8,mRMR,5,Logistic Regression,"Bp, Ba, Pe, Pot, Pcv",0.5454545454545454,0.5535714285714286,0.6078431372549019,0.5794392523364486,0.5527982026143791
8,mRMR,5,Random Forest,"Bp, Ba, Pe, Pot, Pcv",0.5404040404040404,0.5486725663716814,0.6078431372549019,0.5767441860465117,0.5078125
8,mRMR,5,XGBoost,"Bp, Ba, Pe, Pot, Pcv",0.51010101010101,0.5217391304347826,0.5882352941176471,0.5529953917050692,0.5236928104575164
8,DODA,5,Logistic Regression,"Bp, Pe, Pot, Pcv, Bu",0.5555555555555556,0.559322033898305,0.6470588235294118,0.6,0.5602532679738563
8,DODA,5,Random Forest,"Bp, Pe, Pot, Pcv, Bu",0.5252525252525253,0.5377358490566038,0.5588235294117647,0.5480769230769231,0.5247140522875817
8,DODA,5,XGBoost,"Bp, Pe, Pot, Pcv, Bu",0.5505050505050505,0.5565217391304348,0.6274509803921569,0.5898617511520737,0.5362540849673202
8,mRMR,10,Logistic Regression,"Bp, Ba, Pe, Pot, Pcv, Wbcc, Rbcc, Appet, Su, Bu",0.5606060606060606,0.5688073394495413,0.6078431372549019,0.5876777251184834,0.5441176470588236
8,mRMR,10,Random Forest,"Bp, Ba, Pe, Pot, Pcv, Wbcc, Rbcc, Appet, Su, Bu",0.4898989898989899,0.5045871559633027,0.5392156862745098,0.5213270142180095,0.47977941176470584
8,mRMR,10,XGBoost,"Bp, Ba, Pe, Pot, Pcv, Wbcc, Rbcc, Appet, Su, Bu",0.5,0.5130434782608696,0.5784313725490197,0.543778801843318,0.4918300653594771
8,DODA,10,Logistic Regression,"Bp, Pe, Pot, Pcv, Bu, Ba, Sc, Rbcc, Sg, Wbcc",0.5505050505050505,0.5596330275229358,0.5980392156862745,0.5781990521327014,0.5447303921568627
8,DODA,10,Random Forest,"Bp, Pe, Pot, Pcv, Bu, Ba, Sc, Rbcc, Sg, Wbcc",0.48484848484848486,0.5,0.5686274509803921,0.5321100917431193,0.4875919117647059
8,DODA,10,XGBoost,"Bp, Pe, Pot, Pcv, Bu, Ba, Sc, Rbcc, Sg, Wbcc",0.51010101010101,0.5233644859813084,0.5490196078431373,0.5358851674641149,0.5097017973856208
8,mRMR,15,Logistic Regression,"Bp, Ba, Pe, Pot, Pcv, Wbcc, Rbcc, Appet, Su, Bu, Ane, Bgr, Sg, Age, Sc",0.5303030303030303,0.5398230088495575,0.5980392156862745,0.5674418604651162,0.5501429738562091
8,mRMR,15,Random Forest,"Bp, Ba, Pe, Pot, Pcv, Wbcc, Rbcc, Appet, Su, Bu, Ane, Bgr, Sg, Age, Sc",0.5303030303030303,0.5378151260504201,0.6274509803921569,0.579185520361991,0.5292585784313725
8,mRMR,15,XGBoost,"Bp, Ba, Pe, Pot, Pcv, Wbcc, Rbcc, Appet, Su, Bu, Ane, Bgr, Sg, Age, Sc",0.5252525252525253,0.5327868852459017,0.6372549019607843,0.5803571428571429,0.5547385620915033
8,DODA,15,Logistic Regression,"Bp, Pe, Pot, Pcv, Bu, Ba, Sc, Rbcc, Sg, Wbcc, Ane, Su, Bgr, Appet, Dm",0.5505050505050505,0.5607476635514018,0.5882352941176471,0.5741626794258373,0.5504493464052287
8,DODA,15,Random Forest,"Bp, Pe, Pot, Pcv, Bu, Ba, Sc, Rbcc, Sg, Wbcc, Ane, Su, Bgr, Appet, Dm",0.494949494949495,0.5083333333333333,0.5980392156862745,0.5495495495495496,0.5179738562091504
8,DODA,15,XGBoost,"Bp, Pe, Pot, Pcv, Bu, Ba, Sc, Rbcc, Sg, Wbcc, Ane, Su, Bgr, Appet, Dm",0.5555555555555556,0.5625,0.6176470588235294,0.5887850467289719,0.5494281045751634
8,mRMR,20,Logistic Regression,"Bp, Ba, Pe, Pot, Pcv, Wbcc, Rbcc, Appet, Su, Bu, Ane, Bgr, Sg, Age, Sc, Hemo, Dm, Cad, Pc, Sod",0.5404040404040404,0.5504587155963303,0.5882352941176471,0.5687203791469194,0.5466707516339868
8,mRMR,20,Random Forest,"Bp, Ba, Pe, Pot, Pcv, Wbcc, Rbcc, Appet, Su, Bu, Ane, Bgr, Sg, Age, Sc, Hemo, Dm, Cad, Pc, Sod",0.5959595959595959,0.5859375,0.7352941176470589,0.6521739130434783,0.5755208333333333
8,mRMR,20,XGBoost,"Bp, Ba, Pe, Pot, Pcv, Wbcc, Rbcc, Appet, Su, Bu, Ane, Bgr, Sg, Age, Sc, Hemo, Dm, Cad, Pc, Sod",0.5555555555555556,0.5555555555555556,0.6862745098039216,0.6140350877192983,0.5849673202614379
8,DODA,20,Logistic Regression,"Bp, Pe, Pot, Pcv, Bu, Ba, Sc, Rbcc, Sg, Wbcc, Ane, Su, Bgr, Appet, Dm, Hemo, Al, Age, Htn, Sod",0.5404040404040404,0.5523809523809524,0.5686274509803921,0.5603864734299517,0.5496323529411764
8,DODA,20,Random Forest,"Bp, Pe, Pot, Pcv, Bu, Ba, Sc, Rbcc, Sg, Wbcc, Ane, Su, Bgr, Appet, Dm, Hemo, Al, Age, Htn, Sod",0.5959595959595959,0.5887096774193549,0.7156862745098039,0.6460176991150443,0.5893586601307189
8,DODA,20,XGBoost,"Bp, Pe, Pot, Pcv, Bu, Ba, Sc, Rbcc, Sg, Wbcc, Ane, Su, Bgr, Appet, Dm, Hemo, Al, Age, Htn, Sod",0.5808080808080808,0.5736434108527132,0.7254901960784313,0.6406926406926406,0.5826184640522876
9,mRMR,5,Logistic Regression,"Bp, Ba, Wbcc, Sg, Bgr",0.5177664974619289,0.5245901639344263,0.6336633663366337,0.5739910313901345,0.4738036303630363
9,mRMR,5,Random Forest,"Bp, Ba, Wbcc, Sg, Bgr",0.41624365482233505,0.4396551724137931,0.504950495049505,0.4700460829493088,0.4073329207920792
9,mRMR,5,XGBoost,"Bp, Ba, Wbcc, Sg, Bgr",0.47715736040609136,0.4915254237288136,0.5742574257425742,0.5296803652968036,0.43832508250825075
9,DODA,5,Logistic Regression,"Bp, Sg, Al, Bgr, Ba",0.49746192893401014,0.5080645161290323,0.6237623762376238,0.56,0.47462871287128716
9,DODA,5,Random Forest,"Bp, Sg, Al, Bgr, Ba",0.48223350253807107,0.4954954954954955,0.5445544554455446,0.5188679245283019,0.45307343234323433
9,DODA,5,XGBoost,"Bp, Sg, Al, Bgr, Ba",0.4873096446700508,0.5,0.5148514851485149,0.5073170731707317,0.48958333333333337
9,mRMR,10,Logistic Regression,"Bp, Ba, Wbcc, Sg, Bgr, Pot, Ane, Al, Rbcc, Hemo",0.45685279187817257,0.4727272727272727,0.5148514851485149,0.4928909952606635,0.4501856435643564
9,mRMR,10,Random Forest,"Bp, Ba, Wbcc, Sg, Bgr, Pot, Ane, Al, Rbcc, Hemo",0.45685279187817257,0.47115384615384615,0.48514851485148514,0.47804878048780486,0.4474525577557756
9,mRMR,10,XGBoost,"Bp, Ba, Wbcc, Sg, Bgr, Pot, Ane, Al, Rbcc, Hemo",0.4720812182741117,0.48672566371681414,0.5445544554455446,0.514018691588785,0.49690594059405946
9,DODA,10,Logistic Regression,"Bp, Sg, Al, Bgr, Ba, Sc, Pot, Ane, Wbcc, Hemo",0.45685279187817257,0.47368421052631576,0.5346534653465347,0.5023255813953489,0.44327557755775576
9,DODA,10,Random Forest,"Bp, Sg, Al, Bgr, Ba, Sc, Pot, Ane, Wbcc, Hemo",0.45685279187817257,0.47115384615384615,0.48514851485148514,0.47804878048780486,0.44920585808580854
9,DODA,10,XGBoost,"Bp, Sg, Al, Bgr, Ba, Sc, Pot, Ane, Wbcc, Hemo",0.4720812182741117,0.4864864864864865,0.5346534653465347,0.5094339622641509,0.47493811881188114
9,mRMR,15,Logistic Regression,"Bp, Ba, Wbcc, Sg, Bgr, Pot, Ane, Al, Rbcc, Hemo, Pc, Pcv, Sc, Htn, Appet",0.4873096446700508,0.5,0.5445544554455446,0.5213270142180095,0.46194306930693063
9,mRMR,15,Random Forest,"Bp, Ba, Wbcc, Sg, Bgr, Pot, Ane, Al, Rbcc, Hemo, Pc, Pcv, Sc, Htn, Appet",0.49238578680203043,0.5047619047619047,0.5247524752475248,0.5145631067961165,0.4662747524752475
9,mRMR,15,XGBoost,"Bp, Ba, Wbcc, Sg, Bgr, Pot, Ane, Al, Rbcc, Hemo, Pc, Pcv, Sc, Htn, Appet",0.4873096446700508,0.5,0.5544554455445545,0.5258215962441315,0.494740099009901
9,DODA,15,Logistic Regression,"Bp, Sg, Al, Bgr, Ba, Sc, Pot, Ane, Wbcc, Hemo, Htn, Rbcc, Pcv, Pc, Dm",0.47715736040609136,0.49074074074074076,0.5247524752475248,0.507177033492823,0.453279702970297
9,DODA,15,Random Forest,"Bp, Sg, Al, Bgr, Ba, Sc, Pot, Ane, Wbcc, Hemo, Htn, Rbcc, Pcv, Pc, Dm",0.43147208121827413,0.44954128440366975,0.48514851485148514,0.4666666666666667,0.43389026402640263
9,DODA,15,XGBoost,"Bp, Sg, Al, Bgr, Ba, Sc, Pot, Ane, Wbcc, Hemo, Htn, Rbcc, Pcv, Pc, Dm",0.5177664974619289,0.5288461538461539,0.5445544554455446,0.5365853658536586,0.49422442244224424
9,mRMR,20,Logistic Regression,"Bp, Ba, Wbcc, Sg, Bgr, Pot, Ane, Al, Rbcc, Hemo, Pc, Pcv, Sc, Htn, Appet, Rbc, Su, Dm, Age, Pe",0.5126903553299492,0.5225225225225225,0.5742574257425742,0.5471698113207547,0.46751237623762376
9,mRMR,20,Random Forest,"Bp, Ba, Wbcc, Sg, Bgr, Pot, Ane, Al, Rbcc, Hemo, Pc, Pcv, Sc, Htn, Appet, Rbc, Su, Dm, Age, Pe",0.49746192893401014,0.509090909090909,0.5544554455445545,0.5308056872037915,0.4782384488448845
9,mRMR,20,XGBoost,"Bp, Ba, Wbcc, Sg, Bgr, Pot, Ane, Al, Rbcc, Hemo, Pc, Pcv, Sc, Htn, Appet, Rbc, Su, Dm, Age, Pe",0.5126903553299492,0.5213675213675214,0.6039603960396039,0.5596330275229358,0.5346534653465347
9,DODA,20,Logistic Regression,"Bp, Sg, Al, Bgr, Ba, Sc, Pot, Ane, Wbcc, Hemo, Htn, Rbcc, Pcv, Pc, Dm, Bu, Rbc, Su, Pe, Appet",0.5279187817258884,0.5357142857142857,0.594059405940594,0.5633802816901409,0.477516501650165
9,DODA,20,Random Forest,"Bp, Sg, Al, Bgr, Ba, Sc, Pot, Ane, Wbcc, Hemo, Htn, Rbcc, Pcv, Pc, Dm, Bu, Rbc, Su, Pe, Appet",0.48223350253807107,0.4953271028037383,0.5247524752475248,0.5096153846153846,0.4866439768976898
9,DODA,20,XGBoost,"Bp, Sg, Al, Bgr, Ba, Sc, Pot, Ane, Wbcc, Hemo, Htn, Rbcc, Pcv, Pc, Dm, Bu, Rbc, Su, Pe, Appet",0.5177664974619289,0.5283018867924528,0.5544554455445545,0.5410628019323671,0.5231023102310232
10,mRMR,5,Logistic Regression,"Bp, Su, Pcv, Sc, Cad",0.4517766497461929,0.46601941747572817,0.4752475247524752,0.47058823529411764,0.4283209570957096
10,mRMR,5,Random Forest,"Bp, Su, Pcv, Sc, Cad",0.40609137055837563,0.4111111111111111,0.36633663366336633,0.387434554973822,0.3653568481848185
10,mRMR,5,XGBoost,"Bp, Su, Pcv, Sc, Cad",0.4213197969543147,0.42857142857142855,0.38613861386138615,0.40625,0.3844884488448845
10,DODA,5,Logistic Regression,"Bp, Sc, Pcv, Su, Dm",0.4517766497461929,0.4666666666666667,0.48514851485148514,0.47572815533980584,0.44028465346534656
10,DODA,5,Random Forest,"Bp, Sc, Pcv, Su, Dm",0.39593908629441626,0.4,0.3564356435643564,0.3769633507853403,0.3641192244224422
10,DODA,5,XGBoost,"Bp, Sc, Pcv, Su, Dm",0.4416243654822335,0.4536082474226804,0.43564356435643564,0.4444444444444444,0.4037747524752475
10,mRMR,10,Logistic Regression,"Bp, Su, Pcv, Sc, Cad, Pot, Rbcc, Bgr, Dm, Appet",0.47715736040609136,0.49019607843137253,0.49504950495049505,0.49261083743842365,0.4628712871287129
10,mRMR,10,Random Forest,"Bp, Su, Pcv, Sc, Cad, Pot, Rbcc, Bgr, Dm, Appet",0.45685279187817257,0.46511627906976744,0.39603960396039606,0.42780748663101603,0.4241439768976898
10,mRMR,10,XGBoost,"Bp, Su, Pcv, Sc, Cad, Pot, Rbcc, Bgr, Dm, Appet",0.4213197969543147,0.43157894736842106,0.40594059405940597,0.41836734693877553,0.4126443894389439
10,DODA,10,Logistic Regression,"Bp, Sc, Pcv, Su, Dm, Pot, Bgr, Cad, Rbcc, Bu",0.467005076142132,0.4811320754716981,0.504950495049505,0.4927536231884058,0.4648308580858086
10,DODA,10,Random Forest,"Bp, Sc, Pcv, Su, Dm, Pot, Bgr, Cad, Rbcc, Bu",0.467005076142132,0.4777777777777778,0.42574257425742573,0.450261780104712,0.43662334983498347
10,DODA,10,XGBoost,"Bp, Sc, Pcv, Su, Dm, Pot, Bgr, Cad, Rbcc, Bu",0.4213197969543147,0.42857142857142855,0.38613861386138615,0.40625,0.4302805280528053
10,mRMR,15,Logistic Regression,"Bp, Su, Pcv, Sc, Cad, Pot, Rbcc, Bgr, Dm, Appet, Sod, Wbcc, Pcc, Ane, Bu",0.49238578680203043,0.5050505050505051,0.49504950495049505,0.5,0.46214933993399343
10,mRMR,15,Random Forest,"Bp, Su, Pcv, Sc, Cad, Pot, Rbcc, Bgr, Dm, Appet, Sod, Wbcc, Pcc, Ane, Bu",0.4619289340101523,0.47126436781609193,0.40594059405940597,0.43617021276595747,0.4701938943894389
10,mRMR,15,XGBoost,"Bp, Su, Pcv, Sc, Cad, Pot, Rbcc, Bgr, Dm, Appet, Sod, Wbcc, Pcc, Ane, Bu",0.5025380710659898,0.5164835164835165,0.46534653465346537,0.4895833333333333,0.48277640264026406
10,DODA,15,Logistic Regression,"Bp, Sc, Pcv, Su, Dm, Pot, Bgr, Cad, Rbcc, Bu, Al, Sod, Sg, Ane, Hemo",0.45685279187817257,0.4727272727272727,0.5148514851485149,0.4928909952606635,0.46606848184818483
10,DODA,15,Random Forest,"Bp, Sc, Pcv, Su, Dm, Pot, Bgr, Cad, Rbcc, Bu, Al, Sod, Sg, Ane, Hemo",0.5177664974619289,0.53,0.5247524752475248,0.527363184079602,0.5019595709570958
10,DODA,15,XGBoost,"Bp, Sc, Pcv, Su, Dm, Pot, Bgr, Cad, Rbcc, Bu, Al, Sod, Sg, Ane, Hemo",0.49746192893401014,0.5111111111111111,0.45544554455445546,0.4816753926701571,0.49979372937293737
10,mRMR,20,Logistic Regression,"Bp, Su, Pcv, Sc, Cad, Pot, Rbcc, Bgr, Dm, Appet, Sod, Wbcc, Pcc, Ane, Bu, Ba, Hemo, Sg, Al, Pe",0.5076142131979695,0.52,0.5148514851485149,0.5174129353233831,0.4741130363036304
10,mRMR,20,Random Forest,"Bp, Su, Pcv, Sc, Cad, Pot, Rbcc, Bgr, Dm, Appet, Sod, Wbcc, Pcc, Ane, Bu, Ba, Hemo, Sg, Al, Pe",0.5532994923857868,0.5670103092783505,0.5445544554455446,0.5555555555555556,0.5278465346534653
10,mRMR,20,XGBoost,"Bp, Su, Pcv, Sc, Cad, Pot, Rbcc, Bgr, Dm, Appet, Sod, Wbcc, Pcc, Ane, Bu, Ba, Hemo, Sg, Al, Pe",0.5329949238578681,0.5483870967741935,0.504950495049505,0.5257731958762887,0.5226897689768977
10,DODA,20,Logistic Regression,"Bp, Sc, Pcv, Su, Dm, Pot, Bgr, Cad, Rbcc, Bu, Al, Sod, Sg, Ane, Hemo, Appet, Wbcc, Htn, Pcc, Pe",0.49746192893401014,0.5098039215686274,0.5148514851485149,0.5123152709359606,0.46637788778877887
10,DODA,20,Random Forest,"Bp, Sc, Pcv, Su, Dm, Pot, Bgr, Cad, Rbcc, Bu, Al, Sod, Sg, Ane, Hemo, Appet, Wbcc, Htn, Pcc, Pe",0.5126903553299492,0.5257731958762887,0.504950495049505,0.5151515151515151,0.5128919141914192
10,DODA,20,XGBoost,"Bp, Sc, Pcv, Su, Dm, Pot, Bgr, Cad, Rbcc, Bu, Al, Sod, Sg, Ane, Hemo, Appet, Wbcc, Htn, Pcc, Pe",0.5126903553299492,0.5274725274725275,0.4752475247524752,0.5,0.5045379537953796
11,mRMR,5,Logistic Regression,"Bp, Pot, Ba, Su, Bu",0.494949494949495,0.5042016806722689,0.594059405940594,0.5454545454545454,0.49984689190568543
11,mRMR,5,Random Forest,"Bp, Pot, Ba, Su, Bu",0.4797979797979798,0.49056603773584906,0.5148514851485149,0.5024154589371981,0.4873430642033276
11,mRMR,5,XGBoost,"Bp, Pot, Ba, Su, Bu",0.5303030303030303,0.5350877192982456,0.6039603960396039,0.5674418604651162,0.49321220781872005
11,DODA,5,Logistic Regression,"Bp, Bu, Pot, Sg, Su",0.4696969696969697,0.48412698412698413,0.6039603960396039,0.5374449339207048,0.49984689190568543
11,DODA,5,Random Forest,"Bp, Bu, Pot, Sg, Su",0.5303030303030303,0.5392156862745098,0.5445544554455446,0.541871921182266,0.49520261304480967
11,DODA,5,XGBoost,"Bp, Bu, Pot, Sg, Su",0.5303030303030303,0.5350877192982456,0.6039603960396039,0.5674418604651162,0.48453608247422686
11,mRMR,10,Logistic Regression,"Bp, Pot, Ba, Su, Bu, Pe, Pcv, Rbcc, Sg, Bgr",0.4797979797979798,0.49193548387096775,0.6039603960396039,0.5422222222222223,0.5140349086455037
11,mRMR,10,Random Forest,"Bp, Pot, Ba, Su, Bu, Pe, Pcv, Rbcc, Sg, Bgr",0.5303030303030303,0.5363636363636364,0.5841584158415841,0.5592417061611374,0.5247014392160865
11,mRMR,10,XGBoost,"Bp, Pot, Ba, Su, Bu, Pe, Pcv, Rbcc, Sg, Bgr",0.4696969696969697,0.4807692307692308,0.49504950495049505,0.4878048780487805,0.480146983770542
11,DODA,10,Logistic Regression,"Bp, Bu, Pot, Sg, Su, Pe, Pcv, Ba, Sc, Bgr",0.494949494949495,0.5041322314049587,0.6039603960396039,0.5495495495495496,0.5119934673879759
11,DODA,10,Random Forest,"Bp, Bu, Pot, Sg, Su, Pe, Pcv, Ba, Sc, Bgr",0.4595959595959596,0.47540983606557374,0.5742574257425742,0.5201793721973094,0.4787690109217107
11,DODA,10,XGBoost,"Bp, Bu, Pot, Sg, Su, Pe, Pcv, Ba, Sc, Bgr",0.494949494949495,0.5045871559633027,0.5445544554455446,0.5238095238095238,0.49025211799530466
11,mRMR,15,Logistic Regression,"Bp, Pot, Ba, Su, Bu, Pe, Pcv, Rbcc, Sg, Bgr, Ane, Wbcc, Appet, Sc, Age",0.5303030303030303,0.5333333333333333,0.6336633663366337,0.579185520361991,0.5205675206695928
11,mRMR,15,Random Forest,"Bp, Pot, Ba, Su, Bu, Pe, Pcv, Rbcc, Sg, Bgr, Ane, Wbcc, Appet, Sc, Age",0.4898989898989899,0.5,0.5445544554455446,0.5213270142180095,0.49714198223946104
11,mRMR,15,XGBoost,"Bp, Pot, Ba, Su, Bu, Pe, Pcv, Rbcc, Sg, Bgr, Ane, Wbcc, Appet, Sc, Age",0.5,0.5098039215686274,0.5148514851485149,0.5123152709359606,0.5135245483311218
11,DODA,15,Logistic Regression,"Bp, Bu, Pot, Sg, Su, Pe, Pcv, Ba, Sc, Bgr, Rbcc, Ane, Dm, Al, Age",0.5404040404040404,0.5423728813559322,0.6336633663366337,0.5844748858447488,0.5211799530468512
11,DODA,15,Random Forest,"Bp, Bu, Pot, Sg, Su, Pe, Pcv, Ba, Sc, Bgr, Rbcc, Ane, Dm, Al, Age",0.5,0.5098039215686274,0.5148514851485149,0.5123152709359606,0.5212820251097275
11,DODA,15,XGBoost,"Bp, Bu, Pot, Sg, Su, Pe, Pcv, Ba, Sc, Bgr, Rbcc, Ane, Dm, Al, Age",0.5404040404040404,0.5471698113207547,0.5742574257425742,0.5603864734299517,0.5478207614575891
11,mRMR,20,Logistic Regression,"Bp, Pot, Ba, Su, Bu, Pe, Pcv, Rbcc, Sg, Bgr, Ane, Wbcc, Appet, Sc, Age, Rbc, Dm, Pc, Sod, Pcc",0.5151515151515151,0.5221238938053098,0.5841584158415841,0.5514018691588785,0.510972746759212
11,mRMR,20,Random Forest,"Bp, Pot, Ba, Su, Bu, Pe, Pcv, Rbcc, Sg, Bgr, Ane, Wbcc, Appet, Sc, Age, Rbc, Dm, Pc, Sod, Pcc",0.5202020202020202,0.53,0.5247524752475248,0.527363184079602,0.5331734204348271
11,mRMR,20,XGBoost,"Bp, Pot, Ba, Su, Bu, Pe, Pcv, Rbcc, Sg, Bgr, Ane, Wbcc, Appet, Sc, Age, Rbc, Dm, Pc, Sod, Pcc",0.5303030303030303,0.5408163265306123,0.5247524752475248,0.5326633165829145,0.5353679697866693
11,DODA,20,Logistic Regression,"Bp, Bu, Pot, Sg, Su, Pe, Pcv, Ba, Sc, Bgr, Rbcc, Ane, Dm, Al, Age, Wbcc, Htn, Rbc, Appet, Hemo",0.51010101010101,0.5169491525423728,0.6039603960396039,0.5570776255707762,0.5152597734000204
11,DODA,20,Random Forest,"Bp, Bu, Pot, Sg, Su, Pe, Pcv, Ba, Sc, Bgr, Rbcc, Ane, Dm, Al, Age, Wbcc, Htn, Rbc, Appet, Hemo",0.5252525252525253,0.5304347826086957,0.6039603960396039,0.5648148148148148,0.5273042768194345
11,DODA,20,XGBoost,"Bp, Bu, Pot, Sg, Su, Pe, Pcv, Ba, Sc, Bgr, Rbcc, Ane, Dm, Al, Age, Wbcc, Htn, Rbc, Appet, Hemo",0.5252525252525253,0.5346534653465347,0.5346534653465347,0.5346534653465347,0.5495559865264877
12,mRMR,5,Logistic Regression,"Bp, Pe, Ba, Rbcc, Su",0.5707070707070707,0.5765765765765766,0.6274509803921569,0.6009389671361502,0.5652573529411764
12,mRMR,5,Random Forest,"Bp, Pe, Ba, Rbcc, Su",0.5555555555555556,0.5729166666666666,0.5392156862745098,0.5555555555555556,0.5517769607843137
12,mRMR,5,XGBoost,"Bp, Pe, Ba, Rbcc, Su",0.5555555555555556,0.5660377358490566,0.5882352941176471,0.5769230769230769,0.5855800653594772
12,DODA,5,Logistic Regression,"Bp, Pe, Bu, Rbcc, Pcv",0.5808080808080808,0.5855855855855856,0.6372549019607843,0.6103286384976526,0.5896650326797385
12,DODA,5,Random Forest,"Bp, Pe, Bu, Rbcc, Pcv",0.5606060606060606,0.5742574257425742,0.5686274509803921,0.5714285714285714,0.5536151960784313
12,DODA,5,XGBoost,"Bp, Pe, Bu, Rbcc, Pcv",0.5353535353535354,0.5471698113207547,0.5686274509803921,0.5576923076923077,0.5671977124183007
12,mRMR,10,Logistic Regression,"Bp, Pe, Ba, Rbcc, Su, Pcv, Ane, Bu, Sod, Sg",0.5404040404040404,0.5523809523809524,0.5686274509803921,0.5603864734299517,0.5688316993464052
12,mRMR,10,Random Forest,"Bp, Pe, Ba, Rbcc, Su, Pcv, Ane, Bu, Sod, Sg",0.5303030303030303,0.5463917525773195,0.5196078431372549,0.5326633165829145,0.5637254901960784
12,mRMR,10,XGBoost,"Bp, Pe, Ba, Rbcc, Su, Pcv, Ane, Bu, Sod, Sg",0.5808080808080808,0.5922330097087378,0.5980392156862745,0.5951219512195122,0.5755718954248366
12,DODA,10,Logistic Regression,"Bp, Pe, Bu, Rbcc, Pcv, Al, Sg, Sc, Su, Ane",0.5303030303030303,0.5391304347826087,0.6078431372549019,0.5714285714285714,0.5753676470588236
12,DODA,10,Random Forest,"Bp, Pe, Bu, Rbcc, Pcv, Al, Sg, Sc, Su, Ane",0.5808080808080808,0.5855855855855856,0.6372549019607843,0.6103286384976526,0.5788909313725491
12,DODA,10,XGBoost,"Bp, Pe, Bu, Rbcc, Pcv, Al, Sg, Sc, Su, Ane",0.5404040404040404,0.5544554455445545,0.5490196078431373,0.5517241379310345,0.551062091503268
12,mRMR,15,Logistic Regression,"Bp, Pe, Ba, Rbcc, Su, Pcv, Ane, Bu, Sod, Sg, Pot, Al, Sc, Hemo, Bgr",0.5707070707070707,0.5841584158415841,0.5784313725490197,0.5812807881773399,0.5738357843137255
12,mRMR,15,Random Forest,"Bp, Pe, Ba, Rbcc, Su, Pcv, Ane, Bu, Sod, Sg, Pot, Al, Sc, Hemo, Bgr",0.5454545454545454,0.5555555555555556,0.5882352941176471,0.5714285714285714,0.568780637254902
12,mRMR,15,XGBoost,"Bp, Pe, Ba, Rbcc, Su, Pcv, Ane, Bu, Sod, Sg, Pot, Al, Sc, Hemo, Bgr",0.5858585858585859,0.6,0.5882352941176471,0.594059405940594,0.5774101307189542
12,DODA,15,Logistic Regression,"Bp, Pe, Bu, Rbcc, Pcv, Al, Sg, Sc, Su, Ane, Ba, Sod, Pot, Hemo, Bgr",0.5707070707070707,0.5841584158415841,0.5784313725490197,0.5812807881773399,0.5738357843137255
12,DODA,15,Random Forest,"Bp, Pe, Bu, Rbcc, Pcv, Al, Sg, Sc, Su, Ane, Ba, Sod, Pot, Hemo, Bgr",0.5252525252525253,0.54,0.5294117647058824,0.5346534653465347,0.5671466503267973
12,DODA,15,XGBoost,"Bp, Pe, Bu, Rbcc, Pcv, Al, Sg, Sc, Su, Ane, Ba, Sod, Pot, Hemo, Bgr",0.5707070707070707,0.5841584158415841,0.5784313725490197,0.5812807881773399,0.5701593137254902
12,mRMR,20,Logistic Regression,"Bp, Pe, Ba, Rbcc, Su, Pcv, Ane, Bu, Sod, Sg, Pot, Al, Sc, Hemo, Bgr, Pc, Appet, Rbc, Age, Pcc",0.5909090909090909,0.6039603960396039,0.5980392156862745,0.6009852216748769,0.5775122549019607
12,mRMR,20,Random Forest,"Bp, Pe, Ba, Rbcc, Su, Pcv, Ane, Bu, Sod, Sg, Pot, Al, Sc, Hemo, Bgr, Pc, Appet, Rbc, Age, Pcc",0.5454545454545454,0.5545454545454546,0.5980392156862745,0.5754716981132075,0.565359477124183
12,mRMR,20,XGBoost,"Bp, Pe, Ba, Rbcc, Su, Pcv, Ane, Bu, Sod, Sg, Pot, Al, Sc, Hemo, Bgr, Pc, Appet, Rbc, Age, Pcc",0.5909090909090909,0.6060606060606061,0.5882352941176471,0.5970149253731343,0.6076388888888888
12,DODA,20,Logistic Regression,"Bp, Pe, Bu, Rbcc, Pcv, Al, Sg, Sc, Su, Ane, Ba, Sod, Pot, Hemo, Bgr, Dm, Htn, Pc, Rbc, Age",0.5909090909090909,0.6060606060606061,0.5882352941176471,0.5970149253731343,0.5693423202614378
12,DODA,20,Random Forest,"Bp, Pe, Bu, Rbcc, Pcv, Al, Sg, Sc, Su, Ane, Ba, Sod, Pot, Hemo, Bgr, Dm, Htn, Pc, Rbc, Age",0.5707070707070707,0.5794392523364486,0.6078431372549019,0.5933014354066986,0.5767463235294117
12,DODA,20,XGBoost,"Bp, Pe, Bu, Rbcc, Pcv, Al, Sg, Sc, Su, Ane, Ba, Sod, Pot, Hemo, Bgr, Dm, Htn, Pc, Rbc, Age",0.5959595959595959,0.6078431372549019,0.6078431372549019,0.6078431372549019,0.5999795751633987
13,mRMR,5,Logistic Regression,"Bp, Pot, Pcv, Ba, Bgr",0.51010101010101,0.5217391304347826,0.5882352941176471,0.5529953917050692,0.5177696078431373
13,mRMR,5,Random Forest,"Bp, Pot, Pcv, Ba, Bgr",0.5,0.5135135135135135,0.5588235294117647,0.5352112676056338,0.5347222222222222
13,mRMR,5,XGBoost,"Bp, Pot, Pcv, Ba, Bgr",0.48484848484848486,0.5,0.5588235294117647,0.5277777777777778,0.48621323529411764
13,DODA,5,Logistic Regression,"Bp, Pot, Pcv, Bgr, Sg",0.5353535353535354,0.5462962962962963,0.5784313725490197,0.5619047619047619,0.527062908496732
13,DODA,5,Random Forest,"Bp, Pot, Pcv, Bgr, Sg",0.4898989898989899,0.5046728971962616,0.5294117647058824,0.5167464114832536,0.4944852941176471
13,DODA,5,XGBoost,"Bp, Pot, Pcv, Bgr, Sg",0.4696969696969697,0.4857142857142857,0.5,0.4927536231884058,0.4631331699346405
13,mRMR,10,Logistic Regression,"Bp, Pot, Pcv, Ba, Bgr, Su, Rbcc, Appet, Sg, Pe",0.46464646464646464,0.4807692307692308,0.49019607843137253,0.4854368932038835,0.5316584967320261
13,mRMR,10,Random Forest,"Bp, Pot, Pcv, Ba, Bgr, Su, Rbcc, Appet, Sg, Pe",0.46464646464646464,0.48148148148148145,0.5098039215686274,0.49523809523809526,0.44776348039215685
13,mRMR,10,XGBoost,"Bp, Pot, Pcv, Ba, Bgr, Su, Rbcc, Appet, Sg, Pe",0.4444444444444444,0.46296296296296297,0.49019607843137253,0.47619047619047616,0.45189950980392163
13,DODA,10,Logistic Regression,"Bp, Pot, Pcv, Bgr, Sg, Sc, Htn, Su, Ba, Rbcc",0.5454545454545454,0.5566037735849056,0.5784313725490197,0.5673076923076923,0.5342116013071896
13,DODA,10,Random Forest,"Bp, Pot, Pcv, Bgr, Sg, Sc, Htn, Su, Ba, Rbcc",0.48484848484848486,0.5,0.5098039215686274,0.5048543689320388,0.482281454248366
13,DODA,10,XGBoost,"Bp, Pot, Pcv, Bgr, Sg, Sc, Htn, Su, Ba, Rbcc",0.4696969696969697,0.48514851485148514,0.4803921568627451,0.4827586206896552,0.47334558823529405
13,mRMR,15,Logistic Regression,"Bp, Pot, Pcv, Ba, Bgr, Su, Rbcc, Appet, Sg, Pe, Htn, Sc, Sod, Wbcc, Dm",0.5050505050505051,0.5185185185185185,0.5490196078431373,0.5333333333333333,0.5289011437908496
13,mRMR,15,Random Forest,"Bp, Pot, Pcv, Ba, Bgr, Su, Rbcc, Appet, Sg, Pe, Htn, Sc, Sod, Wbcc, Dm",0.4797979797979798,0.4954128440366973,0.5294117647058824,0.5118483412322274,0.4538398692810457
13,mRMR,15,XGBoost,"Bp, Pot, Pcv, Ba, Bgr, Su, Rbcc, Appet, Sg, Pe, Htn, Sc, Sod, Wbcc, Dm",0.4393939393939394,0.4563106796116505,0.46078431372549017,0.4585365853658537,0.44383169934640526
13,DODA,15,Logistic Regression,"Bp, Pot, Pcv, Bgr, Sg, Sc, Htn, Su, Ba, Rbcc, Pe, Dm, Bu, Al, Appet",0.5252525252525253,0.5377358490566038,0.5588235294117647,0.5480769230769231,0.5404411764705883
13,DODA,15,Random Forest,"Bp, Pot, Pcv, Bgr, Sg, Sc, Htn, Su, Ba, Rbcc, Pe, Dm, Bu, Al, Appet",0.4797979797979798,0.49523809523809526,0.5098039215686274,0.5024154589371981,0.4753370098039216
13,DODA,15,XGBoost,"Bp, Pot, Pcv, Bgr, Sg, Sc, Htn, Su, Ba, Rbcc, Pe, Dm, Bu, Al, Appet",0.4696969696969697,0.48484848484848486,0.47058823529411764,0.47761194029850745,0.4848856209150327
13,mRMR,20,Logistic Regression,"Bp, Pot, Pcv, Ba, Bgr, Su, Rbcc, Appet, Sg, Pe, Htn, Sc, Sod, Wbcc, Dm, Hemo, Ane, Bu, Rbc, Al",0.5252525252525253,0.5363636363636364,0.5784313725490197,0.5566037735849056,0.5364583333333334
13,mRMR,20,Random Forest,"Bp, Pot, Pcv, Ba, Bgr, Su, Rbcc, Appet, Sg, Pe, Htn, Sc, Sod, Wbcc, Dm, Hemo, Ane, Bu, Rbc, Al",0.5202020202020202,0.5315315315315315,0.5784313725490197,0.5539906103286385,0.5031658496732025
13,mRMR,20,XGBoost,"Bp, Pot, Pcv, Ba, Bgr, Su, Rbcc, Appet, Sg, Pe, Htn, Sc, Sod, Wbcc, Dm, Hemo, Ane, Bu, Rbc, Al",0.51010101010101,0.5242718446601942,0.5294117647058824,0.526829268292683,0.5159313725490196
13,DODA,20,Logistic Regression,"Bp, Pot, Pcv, Bgr, Sg, Sc, Htn, Su, Ba, Rbcc, Pe, Dm, Bu, Al, Appet, Sod, Hemo, Ane, Wbcc, Rbc",0.5252525252525253,0.5363636363636364,0.5784313725490197,0.5566037735849056,0.5364583333333334
13,DODA,20,Random Forest,"Bp, Pot, Pcv, Bgr, Sg, Sc, Htn, Su, Ba, Rbcc, Pe, Dm, Bu, Al, Appet, Sod, Hemo, Ane, Wbcc, Rbc",0.4898989898989899,0.5050505050505051,0.49019607843137253,0.4975124378109453,0.529564950980392
13,DODA,20,XGBoost,"Bp, Pot, Pcv, Bgr, Sg, Sc, Htn, Su, Ba, Rbcc, Pe, Dm, Bu, Al, Appet, Sod, Hemo, Ane, Wbcc, Rbc",0.4898989898989899,0.5045871559633027,0.5392156862745098,0.5213270142180095,0.5130718954248366
14,mRMR,5,Logistic Regression,"Bp, Ba, Pot, Su, Sg",0.583756345177665,0.5785123966942148,0.693069306930693,0.6306306306306306,0.6107673267326732
14,mRMR,5,Random Forest,"Bp, Ba, Pot, Su, Sg",0.5076142131979695,0.5212765957446809,0.48514851485148514,0.5025641025641026,0.5210911716171617
14,mRMR,5,XGBoost,"Bp, Ba, Pot, Su, Sg",0.4720812182741117,0.4854368932038835,0.49504950495049505,0.49019607843137253,0.4991749174917492
14,DODA,5,Logistic Regression,"Bp, Sg, Bu, Pot, Su",0.583756345177665,0.5785123966942148,0.693069306930693,0.6306306306306306,0.588799504950495
14,DODA,5,Random Forest,"Bp, Sg, Bu, Pot, Su",0.5482233502538071,0.5625,0.5346534653465347,0.5482233502538071,0.5460499174917492
14,DODA,5,XGBoost,"Bp, Sg, Bu, Pot, Su",0.5380710659898477,0.5510204081632653,0.5346534653465347,0.542713567839196,0.5295998349834984
14,mRMR,10,Logistic Regression,"Bp, Ba, Pot, Su, Sg, Appet, Bu, Hemo, Pe, Pcv",0.583756345177665,0.584070796460177,0.6534653465346535,0.616822429906542,0.5923061056105611
14,mRMR,10,Random Forest,"Bp, Ba, Pot, Su, Sg, Appet, Bu, Hemo, Pe, Pcv",0.5076142131979695,0.5192307692307693,0.5346534653465347,0.526829268292683,0.5615202145214522
14,mRMR,10,XGBoost,"Bp, Ba, Pot, Su, Sg, Appet, Bu, Hemo, Pe, Pcv",0.5025380710659898,0.5137614678899083,0.5544554455445545,0.5333333333333333,0.5409447194719471
14,DODA,10,Logistic Regression,"Bp, Sg, Bu, Pot, Su, Ba, Hemo, Sc, Pcv, Pe",0.5786802030456852,0.5737704918032787,0.693069306930693,0.6278026905829597,0.613345709570957
14,DODA,10,Random Forest,"Bp, Sg, Bu, Pot, Su, Ba, Hemo, Sc, Pcv, Pe",0.5329949238578681,0.5428571428571428,0.5643564356435643,0.5533980582524272,0.54878300330033
14,DODA,10,XGBoost,"Bp, Sg, Bu, Pot, Su, Ba, Hemo, Sc, Pcv, Pe",0.5532994923857868,0.5565217391304348,0.6336633663366337,0.5925925925925926,0.5447607260726073
14,mRMR,15,Logistic Regression,"Bp, Ba, Pot, Su, Sg, Appet, Bu, Hemo, Pe, Pcv, Ane, Sod, Bgr, Rbcc, Sc",0.5786802030456852,0.5803571428571429,0.6435643564356436,0.6103286384976526,0.6083952145214522
14,mRMR,15,Random Forest,"Bp, Ba, Pot, Su, Sg, Appet, Bu, Hemo, Pe, Pcv, Ane, Sod, Bgr, Rbcc, Sc",0.5380710659898477,0.5490196078431373,0.5544554455445545,0.5517241379310345,0.5770420792079208
14,mRMR,15,XGBoost,"Bp, Ba, Pot, Su, Sg, Appet, Bu, Hemo, Pe, Pcv, Ane, Sod, Bgr, Rbcc, Sc",0.5279187817258884,0.5384615384615384,0.5544554455445545,0.5463414634146342,0.532384488448845
14,DODA,15,Logistic Regression,"Bp, Sg, Bu, Pot, Su, Ba, Hemo, Sc, Pcv, Pe, Appet, Ane, Bgr, Sod, Al",0.5736040609137056,0.5765765765765766,0.6336633663366337,0.6037735849056604,0.6039603960396039
14,DODA,15,Random Forest,"Bp, Sg, Bu, Pot, Su, Ba, Hemo, Sc, Pcv, Pe, Appet, Ane, Bgr, Sod, Al",0.5482233502538071,0.56,0.5544554455445545,0.5572139303482587,0.539707095709571
14,DODA,15,XGBoost,"Bp, Sg, Bu, Pot, Su, Ba, Hemo, Sc, Pcv, Pe, Appet, Ane, Bgr, Sod, Al",0.5634517766497462,0.5688073394495413,0.6138613861386139,0.5904761904761905,0.5588902640264026
14,mRMR,20,Logistic Regression,"Bp, Ba, Pot, Su, Sg, Appet, Bu, Hemo, Pe, Pcv, Ane, Sod, Bgr, Rbcc, Sc, Pcc, Pc, Wbcc, Htn, Cad",0.583756345177665,0.5871559633027523,0.6336633663366337,0.6095238095238096,0.590552805280528
14,mRMR,20,Random Forest,"Bp, Ba, Pot, Su, Sg, Appet, Bu, Hemo, Pe, Pcv, Ane, Sod, Bgr, Rbcc, Sc, Pcc, Pc, Wbcc, Htn, Cad",0.5482233502538071,0.5545454545454546,0.6039603960396039,0.5781990521327014,0.564098597359736
14,mRMR,20,XGBoost,"Bp, Ba, Pot, Su, Sg, Appet, Bu, Hemo, Pe, Pcv, Ane, Sod, Bgr, Rbcc, Sc, Pcc, Pc, Wbcc, Htn, Cad",0.5888324873096447,0.5909090909090909,0.6435643564356436,0.6161137440758294,0.567450495049505
14,DODA,20,Logistic Regression,"Bp, Sg, Bu, Pot, Su, Ba, Hemo, Sc, Pcv, Pe, Appet, Ane, Bgr, Sod, Al, Htn, Rbcc, Dm, Pc, Pcc",0.5634517766497462,0.5714285714285714,0.594059405940594,0.5825242718446602,0.599009900990099
14,DODA,20,Random Forest,"Bp, Sg, Bu, Pot, Su, Ba, Hemo, Sc, Pcv, Pe, Appet, Ane, Bgr, Sod, Al, Htn, Rbcc, Dm, Pc, Pcc",0.5685279187817259,0.5740740740740741,0.6138613861386139,0.5933014354066986,0.5758044554455445
14,DODA,20,XGBoost,"Bp, Sg, Bu, Pot, Su, Ba, Hemo, Sc, Pcv, Pe, Appet, Ane, Bgr, Sod, Al, Htn, Rbcc, Dm, Pc, Pcc",0.5076142131979695,0.5188679245283019,0.5445544554455446,0.5314009661835749,0.5444513201320133
15,mRMR,5,Logistic Regression,"Bp, Sc, Pcv, Pot, Htn",0.5076142131979695,0.5204081632653061,0.504950495049505,0.5125628140703518,0.5114480198019802
15,mRMR,5,Random Forest,"Bp, Sc, Pcv, Pot, Htn",0.4619289340101523,0.4731182795698925,0.43564356435643564,0.4536082474226804,0.4849938118811881
15,mRMR,5,XGBoost,"Bp, Sc, Pcv, Pot, Htn",0.47715736040609136,0.4888888888888889,0.43564356435643564,0.4607329842931937,0.4536922442244224
15,DODA,5,Logistic Regression,"Sc, Bp, Htn, Pcv, Al",0.5177664974619289,0.5294117647058824,0.5346534653465347,0.5320197044334976,0.4972153465346535
15,DODA,5,Random Forest,"Sc, Bp, Htn, Pcv, Al",0.4873096446700508,0.5,0.43564356435643564,0.4656084656084656,0.48097153465346537
15,DODA,5,XGBoost,"Sc, Bp, Htn, Pcv, Al",0.4517766497461929,0.45977011494252873,0.39603960396039606,0.425531914893617,0.46864686468646866
15,mRMR,10,Logistic Regression,"Bp, Sc, Pcv, Pot, Htn, Ba, Su, Appet, Rbcc, Al",0.5126903553299492,0.5238095238095238,0.5445544554455446,0.5339805825242718,0.5374381188118812
15,mRMR,10,Random Forest,"Bp, Sc, Pcv, Pot, Htn, Ba, Su, Appet, Rbcc, Al",0.4873096446700508,0.5,0.43564356435643564,0.4656084656084656,0.5126856435643565
15,mRMR,10,XGBoost,"Bp, Sc, Pcv, Pot, Htn, Ba, Su, Appet, Rbcc, Al",0.4873096446700508,0.5,0.46534653465346537,0.48205128205128206,0.4984529702970296
15,DODA,10,Logistic Regression,"Sc, Bp, Htn, Pcv, Al, Pot, Bu, Su, Ba, Bgr",0.5380710659898477,0.55,0.5445544554455446,0.5472636815920398,0.5297029702970297
15,DODA,10,Random Forest,"Sc, Bp, Htn, Pcv, Al, Pot, Bu, Su, Ba, Bgr",0.5228426395939086,0.5384615384615384,0.48514851485148514,0.5104166666666666,0.5402743399339934
15,DODA,10,XGBoost,"Sc, Bp, Htn, Pcv, Al, Pot, Bu, Su, Ba, Bgr",0.5177664974619289,0.532608695652174,0.48514851485148514,0.5077720207253886,0.5469265676567656
15,mRMR,15,Logistic Regression,"Bp, Sc, Pcv, Pot, Htn, Ba, Su, Appet, Rbcc, Al, Bgr, Ane, Bu, Pcc, Sod",0.5228426395939086,0.5339805825242718,0.5445544554455446,0.5392156862745098,0.5363036303630363
15,mRMR,15,Random Forest,"Bp, Sc, Pcv, Pot, Htn, Ba, Su, Appet, Rbcc, Al, Bgr, Ane, Bu, Pcc, Sod",0.5126903553299492,0.5280898876404494,0.46534653465346537,0.49473684210526314,0.5487830033003299
15,mRMR,15,XGBoost,"Bp, Sc, Pcv, Pot, Htn, Ba, Su, Appet, Rbcc, Al, Bgr, Ane, Bu, Pcc, Sod",0.5177664974619289,0.5294117647058824,0.5346534653465347,0.5320197044334976,0.5475453795379538
15,DODA,15,Logistic Regression,"Sc, Bp, Htn, Pcv, Al, Pot, Bu, Su, Ba, Bgr, Rbcc, Ane, Appet, Sg, Hemo",0.5583756345177665,0.5686274509803921,0.5742574257425742,0.5714285714285714,0.5446575907590759
15,DODA,15,Random Forest,"Sc, Bp, Htn, Pcv, Al, Pot, Bu, Su, Ba, Bgr, Rbcc, Ane, Appet, Sg, Hemo",0.5380710659898477,0.5531914893617021,0.5148514851485149,0.5333333333333333,0.5739995874587459
15,DODA,15,XGBoost,"Sc, Bp, Htn, Pcv, Al, Pot, Bu, Su, Ba, Bgr, Rbcc, Ane, Appet, Sg, Hemo",0.5025380710659898,0.5151515151515151,0.504950495049505,0.51,0.5387788778877888
15,mRMR,20,Logistic Regression,"Bp, Sc, Pcv, Pot, Htn, Ba, Su, Appet, Rbcc, Al, Bgr, Ane, Bu, Pcc, Sod, Pe, Hemo, Sg, Wbcc, Dm",0.5279187817258884,0.5392156862745098,0.5445544554455446,0.541871921182266,0.5343440594059405
15,mRMR,20,Random Forest,"Bp, Sc, Pcv, Pot, Htn, Ba, Su, Appet, Rbcc, Al, Bgr, Ane, Bu, Pcc, Sod, Pe, Hemo, Sg, Wbcc, Dm",0.5279187817258884,0.5444444444444444,0.48514851485148514,0.5130890052356021,0.5148514851485149
15,mRMR,20,XGBoost,"Bp, Sc, Pcv, Pot, Htn, Ba, Su, Appet, Rbcc, Al, Bgr, Ane, Bu, Pcc, Sod, Pe, Hemo, Sg, Wbcc, Dm",0.5177664974619289,0.5283018867924528,0.5544554455445545,0.5410628019323671,0.5366130363036303
15,DODA,20,Logistic Regression,"Sc, Bp, Htn, Pcv, Al, Pot, Bu, Su, Ba, Bgr, Rbcc, Ane, Appet, Sg, Hemo, Sod, Dm, Pe, Pcc, Pc",0.5431472081218274,0.5533980582524272,0.5643564356435643,0.5588235294117647,0.5377475247524752
15,DODA,20,Random Forest,"Sc, Bp, Htn, Pcv, Al, Pot, Bu, Su, Ba, Bgr, Rbcc, Ane, Appet, Sg, Hemo, Sod, Dm, Pe, Pcc, Pc",0.5532994923857868,0.5684210526315789,0.5346534653465347,0.5510204081632653,0.5792594884488449
15,DODA,20,XGBoost,"Sc, Bp, Htn, Pcv, Al, Pot, Bu, Su, Ba, Bgr, Rbcc, Ane, Appet, Sg, Hemo, Sod, Dm, Pe, Pcc, Pc",0.5329949238578681,0.5445544554455446,0.5445544554455446,0.5445544554455446,0.5558993399339934
16,mRMR,5,Logistic Regression,"Bp, Pot, Su, Pcv, Bgr",0.494949494949495,0.5045045045045045,0.5544554455445545,0.5283018867924528,0.49362049607022557
16,mRMR,5,Random Forest,"Bp, Pot, Su, Pcv, Bgr",0.51010101010101,0.5185185185185185,0.5544554455445545,0.5358851674641149,0.5120955394508524
16,mRMR,5,XGBoost,"Bp, Pot, Su, Pcv, Bgr",0.5,0.5089285714285714,0.5643564356435643,0.5352112676056338,0.4976013065224048
16,DODA,5,Logistic Regression,"Bp, Pot, Pcv, Su, Bgr",0.494949494949495,0.5045045045045045,0.5544554455445545,0.5283018867924528,0.49362049607022557
16,DODA,5,Random Forest,"Bp, Pot, Pcv, Su, Bgr",0.5151515151515151,0.5225225225225225,0.5742574257425742,0.5471698113207547,0.4972950903337757
16,DODA,5,XGBoost,"Bp, Pot, Pcv, Su, Bgr",0.47474747474747475,0.48598130841121495,0.5148514851485149,0.5,0.511483107073594
16,mRMR,10,Logistic Regression,"Bp, Pot, Su, Pcv, Bgr, Ba, Pcc, Age, Pe, Ane",0.494949494949495,0.5045045045045045,0.5544554455445545,0.5283018867924528,0.4883127488006533
16,mRMR,10,Random Forest,"Bp, Pot, Su, Pcv, Bgr, Ba, Pcc, Age, Pe, Ane",0.5303030303030303,0.5408163265306123,0.5247524752475248,0.5326633165829145,0.5177095029090538
16,mRMR,10,XGBoost,"Bp, Pot, Su, Pcv, Bgr, Ba, Pcc, Age, Pe, Ane",0.5151515151515151,0.5247524752475248,0.5247524752475248,0.5247524752475248,0.5442482392569155
16,DODA,10,Logistic Regression,"Bp, Pot, Pcv, Su, Bgr, Bu, Sc, Ane, Pe, Age",0.494949494949495,0.504424778761062,0.5643564356435643,0.5327102803738317,0.4999489639685618
16,DODA,10,Random Forest,"Bp, Pot, Pcv, Su, Bgr, Bu, Sc, Ane, Pe, Age",0.494949494949495,0.5045871559633027,0.5445544554455446,0.5238095238095238,0.495559865264877
16,DODA,10,XGBoost,"Bp, Pot, Pcv, Su, Bgr, Bu, Sc, Ane, Pe, Age",0.51010101010101,0.52,0.5148514851485149,0.5174129353233831,0.5403695008676125
16,mRMR,15,Logistic Regression,"Bp, Pot, Su, Pcv, Bgr, Ba, Pcc, Age, Pe, Ane, Bu, Rbcc, Sod, Appet, Sg",0.5151515151515151,0.5225225225225225,0.5742574257425742,0.5471698113207547,0.5139328365826273
16,mRMR,15,Random Forest,"Bp, Pot, Su, Pcv, Bgr, Ba, Pcc, Age, Pe, Ane, Bu, Rbcc, Sod, Appet, Sg",0.494949494949495,0.504424778761062,0.5643564356435643,0.5327102803738317,0.5031131979177299
16,mRMR,15,XGBoost,"Bp, Pot, Su, Pcv, Bgr, Ba, Pcc, Age, Pe, Ane, Bu, Rbcc, Sod, Appet, Sg",0.5404040404040404,0.55,0.5445544554455446,0.5472636815920398,0.5700724711646423
16,DODA,15,Logistic Regression,"Bp, Pot, Pcv, Su, Bgr, Bu, Sc, Ane, Pe, Age, Ba, Sg, Pcc, Sod, Rbcc",0.5151515151515151,0.5221238938053098,0.5841584158415841,0.5514018691588785,0.5094416658160661
16,DODA,15,Random Forest,"Bp, Pot, Pcv, Su, Bgr, Bu, Sc, Ane, Pe, Age, Ba, Sg, Pcc, Sod, Rbcc",0.5202020202020202,0.5283018867924528,0.5544554455445545,0.5410628019323671,0.5196488721037053
16,DODA,15,XGBoost,"Bp, Pot, Pcv, Su, Bgr, Bu, Sc, Ane, Pe, Age, Ba, Sg, Pcc, Sod, Rbcc",0.5454545454545454,0.5523809523809524,0.5742574257425742,0.5631067961165048,0.5644585077064407
16,mRMR,20,Logistic Regression,"Bp, Pot, Su, Pcv, Bgr, Ba, Pcc, Age, Pe, Ane, Bu, Rbcc, Sod, Appet, Sg, Sc, Wbcc, Pc, Htn, Rbc",0.4898989898989899,0.5,0.5643564356435643,0.5302325581395348,0.5100540981933246
16,mRMR,20,Random Forest,"Bp, Pot, Su, Pcv, Bgr, Ba, Pcc, Age, Pe, Ane, Bu, Rbcc, Sod, Appet, Sg, Sc, Wbcc, Pc, Htn, Rbc",0.51010101010101,0.5188679245283019,0.5445544554455446,0.5314009661835749,0.5262325201592324
16,mRMR,20,XGBoost,"Bp, Pot, Su, Pcv, Bgr, Ba, Pcc, Age, Pe, Ane, Bu, Rbcc, Sod, Appet, Sg, Sc, Wbcc, Pc, Htn, Rbc",0.5151515151515151,0.5238095238095238,0.5445544554455446,0.5339805825242718,0.5500663468408696
16,DODA,20,Logistic Regression,"Bp, Pot, Pcv, Su, Bgr, Bu, Sc, Ane, Pe, Age, Ba, Sg, Pcc, Sod, Rbcc, Htn, Al, Dm, Appet, Hemo",0.51010101010101,0.5178571428571429,0.5742574257425742,0.5446009389671361,0.5149535572113912
16,DODA,20,Random Forest,"Bp, Pot, Pcv, Su, Bgr, Bu, Sc, Ane, Pe, Age, Ba, Sg, Pcc, Sod, Rbcc, Htn, Al, Dm, Appet, Hemo",0.5808080808080808,0.5789473684210527,0.6534653465346535,0.6139534883720931,0.5565989588649587
16,DODA,20,XGBoost,"Bp, Pot, Pcv, Su, Bgr, Bu, Sc, Ane, Pe, Age, Ba, Sg, Pcc, Sod, Rbcc, Htn, Al, Dm, Appet, Hemo",0.5808080808080808,0.5818181818181818,0.6336633663366337,0.6066350710900474,0.5943656221292233
17,mRMR,5,Logistic Regression,"Bp, Su, Ba, Pe, Rbcc",0.4797979797979798,0.49523809523809526,0.5098039215686274,0.5024154589371981,0.48212826797385616
17,mRMR,5,Random Forest,"Bp, Su, Ba, Pe, Rbcc",0.5050505050505051,0.5208333333333334,0.49019607843137253,0.5050505050505051,0.5104166666666666
17,mRMR,5,XGBoost,"Bp, Su, Ba, Pe, Rbcc",0.5202020202020202,0.5360824742268041,0.5098039215686274,0.5226130653266332,0.490093954248366
17,DODA,5,Logistic Regression,"Bp, Bu, Su, Pe, Dm",0.4494949494949495,0.46464646464646464,0.45098039215686275,0.4577114427860697,0.46885212418300654
17,DODA,5,Random Forest,"Bp, Bu, Su, Pe, Dm",0.5404040404040404,0.5426356589147286,0.6862745098039216,0.6060606060606061,0.5035743464052287
17,DODA,5,XGBoost,"Bp, Bu, Su, Pe, Dm",0.5252525252525253,0.5344827586206896,0.6078431372549019,0.5688073394495413,0.5149101307189543
17,mRMR,10,Logistic Regression,"Bp, Su, Ba, Pe, Rbcc, Bu, Pot, Dm, Pcc, Ane",0.48484848484848486,0.5,0.5098039215686274,0.5048543689320388,0.47691993464052285
17,mRMR,10,Random Forest,"Bp, Su, Ba, Pe, Rbcc, Bu, Pot, Dm, Pcc, Ane",0.5353535353535354,0.5490196078431373,0.5490196078431373,0.5490196078431373,0.48968545751633985
17,mRMR,10,XGBoost,"Bp, Su, Ba, Pe, Rbcc, Bu, Pot, Dm, Pcc, Ane",0.46464646464646464,0.4807692307692308,0.49019607843137253,0.4854368932038835,0.4373978758169935
17,DODA,10,Logistic Regression,"Bp, Bu, Su, Pe, Dm, Sc, Rbcc, Ba, Pot, Ane",0.46464646464646464,0.4803921568627451,0.4803921568627451,0.4803921568627451,0.48713235294117646
17,DODA,10,Random Forest,"Bp, Bu, Su, Pe, Dm, Sc, Rbcc, Ba, Pot, Ane",0.41919191919191917,0.4392523364485981,0.46078431372549017,0.44976076555023925,0.42509191176470584
17,DODA,10,XGBoost,"Bp, Bu, Su, Pe, Dm, Sc, Rbcc, Ba, Pot, Ane",0.4494949494949495,0.46601941747572817,0.47058823529411764,0.4682926829268293,0.43280228758169936
17,mRMR,15,Logistic Regression,"Bp, Su, Ba, Pe, Rbcc, Bu, Pot, Dm, Pcc, Ane, Rbc, Sc, Appet, Bgr, Pc",0.47474747474747475,0.49019607843137253,0.49019607843137253,0.49019607843137253,0.4699754901960785
17,mRMR,15,Random Forest,"Bp, Su, Ba, Pe, Rbcc, Bu, Pot, Dm, Pcc, Ane, Rbc, Sc, Appet, Bgr, Pc",0.45454545454545453,0.46938775510204084,0.45098039215686275,0.46,0.45184844771241833
17,mRMR,15,XGBoost,"Bp, Su, Ba, Pe, Rbcc, Bu, Pot, Dm, Pcc, Ane, Rbc, Sc, Appet, Bgr, Pc",0.4393939393939394,0.45714285714285713,0.47058823529411764,0.463768115942029,0.40788398692810457
17,DODA,15,Logistic Regression,"Bp, Bu, Su, Pe, Dm, Sc, Rbcc, Ba, Pot, Ane, Rbc, Al, Bgr, Pcc, Sod",0.5050505050505051,0.52,0.5098039215686274,0.5148514851485149,0.47324346405228757
17,DODA,15,Random Forest,"Bp, Bu, Su, Pe, Dm, Sc, Rbcc, Ba, Pot, Ane, Rbc, Al, Bgr, Pcc, Sod",0.5050505050505051,0.5181818181818182,0.5588235294117647,0.5377358490566038,0.490655637254902
17,DODA,15,XGBoost,"Bp, Bu, Su, Pe, Dm, Sc, Rbcc, Ba, Pot, Ane, Rbc, Al, Bgr, Pcc, Sod",0.4696969696969697,0.4854368932038835,0.49019607843137253,0.4878048780487805,0.4528186274509804
17,mRMR,20,Logistic Regression,"Bp, Su, Ba, Pe, Rbcc, Bu, Pot, Dm, Pcc, Ane, Rbc, Sc, Appet, Bgr, Pc, Sod, Cad, Pcv, Age, Wbcc",0.4898989898989899,0.5048543689320388,0.5098039215686274,0.5073170731707317,0.4682393790849674
17,mRMR,20,Random Forest,"Bp, Su, Ba, Pe, Rbcc, Bu, Pot, Dm, Pcc, Ane, Rbc, Sc, Appet, Bgr, Pc, Sod, Cad, Pcv, Age, Wbcc",0.48484848484848486,0.5,0.5098039215686274,0.5048543689320388,0.4899918300653595
17,mRMR,20,XGBoost,"Bp, Su, Ba, Pe, Rbcc, Bu, Pot, Dm, Pcc, Ane, Rbc, Sc, Appet, Bgr, Pc, Sod, Cad, Pcv, Age, Wbcc",0.4696969696969697,0.48623853211009177,0.5196078431372549,0.5023696682464455,0.494281045751634
17,DODA,20,Logistic Regression,"Bp, Bu, Su, Pe, Dm, Sc, Rbcc, Ba, Pot, Ane, Rbc, Al, Bgr, Pcc, Sod, Sg, Pcv, Htn, Pc, Appet",0.48484848484848486,0.5,0.49019607843137253,0.49504950495049505,0.4750816993464052
17,DODA,20,Random Forest,"Bp, Bu, Su, Pe, Dm, Sc, Rbcc, Ba, Pot, Ane, Rbc, Al, Bgr, Pcc, Sod, Sg, Pcv, Htn, Pc, Appet",0.5,0.514018691588785,0.5392156862745098,0.5263157894736842,0.4809027777777778
17,DODA,20,XGBoost,"Bp, Bu, Su, Pe, Dm, Sc, Rbcc, Ba, Pot, Ane, Rbc, Al, Bgr, Pcc, Sod, Sg, Pcv, Htn, Pc, Appet",0.4696969696969697,0.4854368932038835,0.49019607843137253,0.4878048780487805,0.4593545751633987
18,mRMR,5,Logistic Regression,"Bp, Ba, Sg, Pot, Pcv",0.5404040404040404,0.544,0.6666666666666666,0.5991189427312775,0.5799632352941176
18,mRMR,5,Random Forest,"Bp, Ba, Sg, Pot, Pcv",0.5858585858585859,0.5961538461538461,0.6078431372549019,0.6019417475728155,0.5881842320261439
18,mRMR,5,XGBoost,"Bp, Ba, Sg, Pot, Pcv",0.5050505050505051,0.5175438596491229,0.5784313725490197,0.5462962962962963,0.5177696078431373
18,DODA,5,Logistic Regression,"Bp, Sg, Sc, Bu, Al",0.494949494949495,0.5086206896551724,0.5784313725490197,0.5412844036697247,0.5278799019607843
18,DODA,5,Random Forest,"Bp, Sg, Sc, Bu, Al",0.494949494949495,0.509090909090909,0.5490196078431373,0.5283018867924528,0.4875919117647059
18,DODA,5,XGBoost,"Bp, Sg, Sc, Bu, Al",0.5050505050505051,0.5178571428571429,0.5686274509803921,0.5420560747663551,0.5089869281045751
18,mRMR,10,Logistic Regression,"Bp, Ba, Sg, Pot, Pcv, Appet, Bgr, Bu, Sc, Al",0.5404040404040404,0.5462184873949579,0.6372549019607843,0.5882352941176471,0.5400326797385621
18,mRMR,10,Random Forest,"Bp, Ba, Sg, Pot, Pcv, Appet, Bgr, Bu, Sc, Al",0.47474747474747475,0.4909090909090909,0.5294117647058824,0.5094339622641509,0.45828227124183
18,mRMR,10,XGBoost,"Bp, Ba, Sg, Pot, Pcv, Appet, Bgr, Bu, Sc, Al",0.4595959595959596,0.47706422018348627,0.5098039215686274,0.4928909952606635,0.47681781045751637
18,DODA,10,Logistic Regression,"Bp, Sg, Sc, Bu, Al, Pot, Pcv, Ba, Bgr, Appet",0.5404040404040404,0.5462184873949579,0.6372549019607843,0.5882352941176471,0.5400326797385621
18,DODA,10,Random Forest,"Bp, Sg, Sc, Bu, Al, Pot, Pcv, Ba, Bgr, Appet",0.4696969696969697,0.48598130841121495,0.5098039215686274,0.49760765550239233,0.4526654411764706
18,DODA,10,XGBoost,"Bp, Sg, Sc, Bu, Al, Pot, Pcv, Ba, Bgr, Appet",0.494949494949495,0.5087719298245614,0.5686274509803921,0.5370370370370371,0.5012254901960784
18,mRMR,15,Logistic Regression,"Bp, Ba, Sg, Pot, Pcv, Appet, Bgr, Bu, Sc, Al, Rbcc, Sod, Pc, Pe, Age",0.5454545454545454,0.5508474576271186,0.6372549019607843,0.5909090909090909,0.5481004901960784
18,mRMR,15,Random Forest,"Bp, Ba, Sg, Pot, Pcv, Appet, Bgr, Bu, Sc, Al, Rbcc, Sod, Pc, Pe, Age",0.45454545454545453,0.4727272727272727,0.5098039215686274,0.49056603773584906,0.46900531045751637
18,mRMR,15,XGBoost,"Bp, Ba, Sg, Pot, Pcv, Appet, Bgr, Bu, Sc, Al, Rbcc, Sod, Pc, Pe, Age",0.48484848484848486,0.5,0.5490196078431373,0.5233644859813084,0.49979575163398693
18,DODA,15,Logistic Regression,"Bp, Sg, Sc, Bu, Al, Pot, Pcv, Ba, Bgr, Appet, Sod, Rbcc, Pe, Pc, Ane",0.5606060606060606,0.5630252100840336,0.6568627450980392,0.6063348416289592,0.5487132352941175
18,DODA,15,Random Forest,"Bp, Sg, Sc, Bu, Al, Pot, Pcv, Ba, Bgr, Appet, Sod, Rbcc, Pe, Pc, Ane",0.494949494949495,0.509090909090909,0.5490196078431373,0.5283018867924528,0.46476715686274506
18,DODA,15,XGBoost,"Bp, Sg, Sc, Bu, Al, Pot, Pcv, Ba, Bgr, Appet, Sod, Rbcc, Pe, Pc, Ane",0.48484848484848486,0.5,0.5,0.5,0.4923406862745098
18,mRMR,20,Logistic Regression,"Bp, Ba, Sg, Pot, Pcv, Appet, Bgr, Bu, Sc, Al, Rbcc, Sod, Pc, Pe, Age, Cad, Ane, Su, Pcc, Wbcc",0.5505050505050505,0.5546218487394958,0.6470588235294118,0.5972850678733032,0.5520833333333333
18,mRMR,20,Random Forest,"Bp, Ba, Sg, Pot, Pcv, Appet, Bgr, Bu, Sc, Al, Rbcc, Sod, Pc, Pe, Age, Cad, Ane, Su, Pcc, Wbcc",0.5,0.5132743362831859,0.5686274509803921,0.5395348837209303,0.534109477124183
18,mRMR,20,XGBoost,"Bp, Ba, Sg, Pot, Pcv, Appet, Bgr, Bu, Sc, Al, Rbcc, Sod, Pc, Pe, Age, Cad, Ane, Su, Pcc, Wbcc",0.5,0.5135135135135135,0.5588235294117647,0.5352112676056338,0.5117442810457516
18,DODA,20,Logistic Regression,"Bp, Sg, Sc, Bu, Al, Pot, Pcv, Ba, Bgr, Appet, Sod, Rbcc, Pe, Pc, Ane, Age, Htn, Dm, Hemo, Su",0.5505050505050505,0.5555555555555556,0.6372549019607843,0.593607305936073,0.5564746732026143
18,DODA,20,Random Forest,"Bp, Sg, Sc, Bu, Al, Pot, Pcv, Ba, Bgr, Appet, Sod, Rbcc, Pe, Pc, Ane, Age, Htn, Dm, Hemo, Su",0.51010101010101,0.5221238938053098,0.5784313725490197,0.5488372093023256,0.5130718954248366
18,DODA,20,XGBoost,"Bp, Sg, Sc, Bu, Al, Pot, Pcv, Ba, Bgr, Appet, Sod, Rbcc, Pe, Pc, Ane, Age, Htn, Dm, Hemo, Su",0.5252525252525253,0.5370370370370371,0.5686274509803921,0.5523809523809524,0.5209354575163399
19,mRMR,5,Logistic Regression,"Bp, Ba, Su, Pe, Rbcc",0.5076142131979695,0.5181818181818182,0.5643564356435643,0.5402843601895735,0.5032487623762376
19,mRMR,5,Random Forest,"Bp, Ba, Su, Pe, Rbcc",0.48223350253807107,0.49473684210526314,0.46534653465346537,0.47959183673469385,0.49726691419141916
19,mRMR,5,XGBoost,"Bp, Ba, Su, Pe, Rbcc",0.49746192893401014,0.5102040816326531,0.49504950495049505,0.5025125628140703,0.48437499999999994
19,DODA,5,Logistic Regression,"Bp, Bu, Al, Su, Pe",0.48223350253807107,0.4956521739130435,0.5643564356435643,0.5277777777777778,0.5107260726072608
19,DODA,5,Random Forest,"Bp, Bu, Al, Su, Pe",0.5126903553299492,0.5247524752475248,0.5247524752475248,0.5247524752475248,0.48241542904290424
19,DODA,5,XGBoost,"Bp, Bu, Al, Su, Pe",0.48223350253807107,0.494949494949495,0.48514851485148514,0.49,0.48803630363036304
19,mRMR,10,Logistic Regression,"Bp, Ba, Su, Pe, Rbcc, Pcv, Ane, Bu, Appet, Al",0.47715736040609136,0.49074074074074076,0.5247524752475248,0.507177033492823,0.4825701320132013
19,mRMR,10,Random Forest,"Bp, Ba, Su, Pe, Rbcc, Pcv, Ane, Bu, Appet, Al",0.47715736040609136,0.49122807017543857,0.5544554455445545,0.5209302325581395,0.46514026402640263
19,mRMR,10,XGBoost,"Bp, Ba, Su, Pe, Rbcc, Pcv, Ane, Bu, Appet, Al",0.5329949238578681,0.5445544554455446,0.5445544554455446,0.5445544554455446,0.4898927392739274
19,DODA,10,Logistic Regression,"Bp, Bu, Al, Su, Pe, Pcv, Ba, Rbcc, Ane, Sg",0.49746192893401014,0.509090909090909,0.5544554455445545,0.5308056872037915,0.47823844884488453
19,DODA,10,Random Forest,"Bp, Bu, Al, Su, Pe, Pcv, Ba, Rbcc, Ane, Sg",0.48223350253807107,0.49523809523809526,0.5148514851485149,0.5048543689320388,0.4676670792079208
19,DODA,10,XGBoost,"Bp, Bu, Al, Su, Pe, Pcv, Ba, Rbcc, Ane, Sg",0.49746192893401014,0.5098039215686274,0.5148514851485149,0.5123152709359606,0.48071369636963696
19,mRMR,15,Logistic Regression,"Bp, Ba, Su, Pe, Rbcc, Pcv, Ane, Bu, Appet, Al, Sg, Hemo, Age, Pot, Wbcc",0.48223350253807107,0.4953271028037383,0.5247524752475248,0.5096153846153846,0.48184818481848185
19,mRMR,15,Random Forest,"Bp, Ba, Su, Pe, Rbcc, Pcv, Ane, Bu, Appet, Al, Sg, Hemo, Age, Pot, Wbcc",0.49238578680203043,0.5047619047619047,0.5247524752475248,0.5145631067961165,0.4668935643564356
19,mRMR,15,XGBoost,"Bp, Ba, Su, Pe, Rbcc, Pcv, Ane, Bu, Appet, Al, Sg, Hemo, Age, Pot, Wbcc",0.49238578680203043,0.504950495049505,0.504950495049505,0.504950495049505,0.5217615511551155
19,DODA,15,Logistic Regression,"Bp, Bu, Al, Su, Pe, Pcv, Ba, Rbcc, Ane, Sg, Hemo, Sc, Dm, Appet, Pot",0.45685279187817257,0.4722222222222222,0.504950495049505,0.4880382775119617,0.4826732673267327
19,DODA,15,Random Forest,"Bp, Bu, Al, Su, Pe, Pcv, Ba, Rbcc, Ane, Sg, Hemo, Sc, Dm, Appet, Pot",0.5279187817258884,0.5363636363636364,0.5841584158415841,0.5592417061611374,0.5239789603960395
19,DODA,15,XGBoost,"Bp, Bu, Al, Su, Pe, Pcv, Ba, Rbcc, Ane, Sg, Hemo, Sc, Dm, Appet, Pot",0.5329949238578681,0.5412844036697247,0.5841584158415841,0.5619047619047619,0.5248556105610561
19,mRMR,20,Logistic Regression,"Bp, Ba, Su, Pe, Rbcc, Pcv, Ane, Bu, Appet, Al, Sg, Hemo, Age, Pot, Wbcc, Pc, Dm, Sc, Cad, Sod",0.467005076142132,0.4807692307692308,0.49504950495049505,0.4878048780487805,0.4771039603960396
19,mRMR,20,Random Forest,"Bp, Ba, Su, Pe, Rbcc, Pcv, Ane, Bu, Appet, Al, Sg, Hemo, Age, Pot, Wbcc, Pc, Dm, Sc, Cad, Sod",0.5380710659898477,0.5490196078431373,0.5544554455445545,0.5517241379310345,0.5418213696369637
19,mRMR,20,XGBoost,"Bp, Ba, Su, Pe, Rbcc, Pcv, Ane, Bu, Appet, Al, Sg, Hemo, Age, Pot, Wbcc, Pc, Dm, Sc, Cad, Sod",0.5279187817258884,0.5370370370370371,0.5742574257425742,0.5550239234449761,0.5414603960396039
19,DODA,20,Logistic Regression,"Bp, Bu, Al, Su, Pe, Pcv, Ba, Rbcc, Ane, Sg, Hemo, Sc, Dm, Appet, Pot, Age, Htn, Pc, Sod, Wbcc",0.4619289340101523,0.47619047619047616,0.49504950495049505,0.4854368932038835,0.47916666666666663
19,DODA,20,Random Forest,"Bp, Bu, Al, Su, Pe, Pcv, Ba, Rbcc, Ane, Sg, Hemo, Sc, Dm, Appet, Pot, Age, Htn, Pc, Sod, Wbcc",0.5431472081218274,0.5486725663716814,0.6138613861386139,0.5794392523364486,0.5415119636963697
19,DODA,20,XGBoost,"Bp, Bu, Al, Su, Pe, Pcv, Ba, Rbcc, Ane, Sg, Hemo, Sc, Dm, Appet, Pot, Age, Htn, Pc, Sod, Wbcc",0.5329949238578681,0.5445544554455446,0.5445544554455446,0.5445544554455446,0.5377475247524752
20,mRMR,5,Logistic Regression,"Bp, Su, Pcv, Ba, Sg",0.5634517766497462,0.5714285714285714,0.594059405940594,0.5825242718446602,0.5629641089108911
20,mRMR,5,Random Forest,"Bp, Su, Pcv, Ba, Sg",0.45685279187817257,0.47115384615384615,0.48514851485148514,0.47804878048780486,0.4844781353135314
20,mRMR,5,XGBoost,"Bp, Su, Pcv, Ba, Sg",0.4720812182741117,0.48514851485148514,0.48514851485148514,0.48514851485148514,0.4920070132013202
20,DODA,5,Logistic Regression,"Bp, Sg, Pcv, Sc, Su",0.5177664974619289,0.5288461538461539,0.5445544554455446,0.5365853658536586,0.5441419141914191
20,DODA,5,Random Forest,"Bp, Sg, Pcv, Sc, Su",0.5126903553299492,0.5257731958762887,0.504950495049505,0.5151515151515151,0.496957508250825
20,DODA,5,XGBoost,"Bp, Sg, Pcv, Sc, Su",0.5228426395939086,0.5353535353535354,0.5247524752475248,0.53,0.5219678217821782
20,mRMR,10,Logistic Regression,"Bp, Su, Pcv, Ba, Sg, Pot, Bgr, Htn, Sc, Sod",0.49746192893401014,0.51,0.504950495049505,0.5074626865671642,0.5245462046204621
20,mRMR,10,Random Forest,"Bp, Su, Pcv, Ba, Sg, Pot, Bgr, Htn, Sc, Sod",0.5126903553299492,0.5225225225225225,0.5742574257425742,0.5471698113207547,0.48999587458745875
20,mRMR,10,XGBoost,"Bp, Su, Pcv, Ba, Sg, Pot, Bgr, Htn, Sc, Sod",0.5126903553299492,0.5217391304347826,0.594059405940594,0.5555555555555556,0.5092821782178218
20,DODA,10,Logistic Regression,"Bp, Sg, Pcv, Sc, Su, Htn, Pot, Bgr, Ba, Bu",0.5431472081218274,0.5533980582524272,0.5643564356435643,0.5588235294117647,0.5314562706270627
20,DODA,10,Random Forest,"Bp, Sg, Pcv, Sc, Su, Htn, Pot, Bgr, Ba, Bu",0.4873096446700508,0.5,0.5544554455445545,0.5258215962441315,0.4969059405940594
20,DODA,10,XGBoost,"Bp, Sg, Pcv, Sc, Su, Htn, Pot, Bgr, Ba, Bu",0.5177664974619289,0.5277777777777778,0.5643564356435643,0.5454545454545454,0.5148514851485149
20,mRMR,15,Logistic Regression,"Bp, Su, Pcv, Ba, Sg, Pot, Bgr, Htn, Sc, Sod, Rbcc, Pc, Pcc, Appet, Bu",0.49238578680203043,0.5051546391752577,0.48514851485148514,0.494949494949495,0.5322813531353136
20,mRMR,15,Random Forest,"Bp, Su, Pcv, Ba, Sg, Pot, Bgr, Htn, Sc, Sod, Rbcc, Pc, Pcc, Appet, Bu",0.5279187817258884,0.5370370370370371,0.5742574257425742,0.5550239234449761,0.5560540429042904
20,mRMR,15,XGBoost,"Bp, Su, Pcv, Ba, Sg, Pot, Bgr, Htn, Sc, Sod, Rbcc, Pc, Pcc, Appet, Bu",0.5177664974619289,0.5283018867924528,0.5544554455445545,0.5410628019323671,0.5251650165016502
20,DODA,15,Logistic Regression,"Bp, Sg, Pcv, Sc, Su, Htn, Pot, Bgr, Ba, Bu, Sod, Rbcc, Al, Pc, Hemo",0.49238578680203043,0.5051546391752577,0.48514851485148514,0.494949494949495,0.5327970297029704
20,DODA,15,Random Forest,"Bp, Sg, Pcv, Sc, Su, Htn, Pot, Bgr, Ba, Bu, Sod, Rbcc, Al, Pc, Hemo",0.5228426395939086,0.5353535353535354,0.5247524752475248,0.53,0.5430589933993399
20,DODA,15,XGBoost,"Bp, Sg, Pcv, Sc, Su, Htn, Pot, Bgr, Ba, Bu, Sod, Rbcc, Al, Pc, Hemo",0.5329949238578681,0.5428571428571428,0.5643564356435643,0.5533980582524272,0.5648721122112211
20,mRMR,20,Logistic Regression,"Bp, Su, Pcv, Ba, Sg, Pot, Bgr, Htn, Sc, Sod, Rbcc, Pc, Pcc, Appet, Bu, Ane, Hemo, Rbc, Age, Dm",0.49238578680203043,0.5050505050505051,0.49504950495049505,0.5,0.5288778877887789
20,mRMR,20,Random Forest,"Bp, Su, Pcv, Ba, Sg, Pot, Bgr, Htn, Sc, Sod, Rbcc, Pc, Pcc, Appet, Bu, Ane, Hemo, Rbc, Age, Dm",0.5076142131979695,0.52,0.5148514851485149,0.5174129353233831,0.570957095709571
20,mRMR,20,XGBoost,"Bp, Su, Pcv, Ba, Sg, Pot, Bgr, Htn, Sc, Sod, Rbcc, Pc, Pcc, Appet, Bu, Ane, Hemo, Rbc, Age, Dm",0.5532994923857868,0.5631067961165048,0.5742574257425742,0.5686274509803921,0.609220297029703
20,DODA,20,Logistic Regression,"Bp, Sg, Pcv, Sc, Su, Htn, Pot, Bgr, Ba, Bu, Sod, Rbcc, Al, Pc, Hemo, Ane, Dm, Pcc, Appet, Rbc",0.49746192893401014,0.5104166666666666,0.48514851485148514,0.49746192893401014,0.5300123762376238
20,DODA,20,Random Forest,"Bp, Sg, Pcv, Sc, Su, Htn, Pot, Bgr, Ba, Bu, Sod, Rbcc, Al, Pc, Hemo, Ane, Dm, Pcc, Appet, Rbc",0.5228426395939086,0.5333333333333333,0.5544554455445545,0.5436893203883495,0.5478547854785479
20,DODA,20,XGBoost,"Bp, Sg, Pcv, Sc, Su, Htn, Pot, Bgr, Ba, Bu, Sod, Rbcc, Al, Pc, Hemo, Ane, Dm, Pcc, Appet, Rbc",0.5685279187817259,0.5769230769230769,0.594059405940594,0.5853658536585366,0.5719884488448845
21,mRMR,5,Logistic Regression,"Bp, Ba, Pot, Pe, Pcv",0.5707070707070707,0.5689655172413793,0.6534653465346535,0.6082949308755761,0.583341839338573
21,mRMR,5,Random Forest,"Bp, Ba, Pot, Pe, Pcv",0.5252525252525253,0.5339805825242718,0.5445544554455446,0.5392156862745098,0.5242931509645811
21,mRMR,5,XGBoost,"Bp, Ba, Pot, Pe, Pcv",0.5202020202020202,0.532608695652174,0.48514851485148514,0.5077720207253886,0.5142390527712565
21,DODA,5,Logistic Regression,"Bp, Sc, Pot, Pe, Pcv",0.5757575757575758,0.5779816513761468,0.6237623762376238,0.6,0.5783403082576298
21,DODA,5,Random Forest,"Bp, Sc, Pot, Pe, Pcv",0.51010101010101,0.5196078431372549,0.5247524752475248,0.5221674876847291,0.4991323874655506
21,DODA,5,XGBoost,"Bp, Sc, Pot, Pe, Pcv",0.5,0.5106382978723404,0.4752475247524752,0.49230769230769234,0.5028069817291008
21,mRMR,10,Logistic Regression,"Bp, Ba, Pot, Pe, Pcv, Age, Rbcc, Sc, Sod, Dm",0.5404040404040404,0.5480769230769231,0.5643564356435643,0.5560975609756098,0.567418597529856
21,mRMR,10,Random Forest,"Bp, Ba, Pot, Pe, Pcv, Age, Rbcc, Sc, Sod, Dm",0.48484848484848486,0.4953271028037383,0.5247524752475248,0.5096153846153846,0.4964274777993263
21,mRMR,10,XGBoost,"Bp, Ba, Pot, Pe, Pcv, Age, Rbcc, Sc, Sod, Dm",0.5353535353535354,0.5473684210526316,0.5148514851485149,0.5306122448979592,0.5437378789425334
21,DODA,10,Logistic Regression,"Bp, Sc, Pot, Pe, Pcv, Ba, Dm, Age, Rbcc, Sod",0.5404040404040404,0.5480769230769231,0.5643564356435643,0.5560975609756098,0.567418597529856
21,DODA,10,Random Forest,"Bp, Sc, Pot, Pe, Pcv, Ba, Dm, Age, Rbcc, Sod",0.5303030303030303,0.54,0.5346534653465347,0.5373134328358209,0.5184750433806267
21,DODA,10,XGBoost,"Bp, Sc, Pot, Pe, Pcv, Ba, Dm, Age, Rbcc, Sod",0.5505050505050505,0.5625,0.5346534653465347,0.5482233502538071,0.5353679697866695
21,mRMR,15,Logistic Regression,"Bp, Ba, Pot, Pe, Pcv, Age, Rbcc, Sc, Sod, Dm, Bgr, Su, Rbc, Ane, Wbcc",0.5303030303030303,0.5377358490566038,0.5643564356435643,0.5507246376811594,0.571603552107788
21,mRMR,15,Random Forest,"Bp, Ba, Pot, Pe, Pcv, Age, Rbcc, Sc, Sod, Dm, Bgr, Su, Rbc, Ane, Wbcc",0.4898989898989899,0.5,0.5445544554455446,0.5213270142180095,0.5008676125344493
21,mRMR,15,XGBoost,"Bp, Ba, Pot, Pe, Pcv, Age, Rbcc, Sc, Sod, Dm, Bgr, Su, Rbc, Ane, Wbcc",0.51010101010101,0.5204081632653061,0.504950495049505,0.5125628140703518,0.519853016229458
21,DODA,15,Logistic Regression,"Bp, Sc, Pot, Pe, Pcv, Ba, Dm, Age, Rbcc, Sod, Bu, Bgr, Ane, Su, Al",0.5656565656565656,0.5688073394495413,0.6138613861386139,0.5904761904761905,0.5887516586710219
21,DODA,15,Random Forest,"Bp, Sc, Pot, Pe, Pcv, Ba, Dm, Age, Rbcc, Sod, Bu, Bgr, Ane, Su, Al",0.5,0.5098039215686274,0.5148514851485149,0.5123152709359606,0.5423088700622641
21,DODA,15,XGBoost,"Bp, Sc, Pot, Pe, Pcv, Ba, Dm, Age, Rbcc, Sod, Bu, Bgr, Ane, Su, Al",0.5353535353535354,0.5483870967741935,0.504950495049505,0.5257731958762887,0.5434316627539043
21,mRMR,20,Logistic Regression,"Bp, Ba, Pot, Pe, Pcv, Age, Rbcc, Sc, Sod, Dm, Bgr, Su, Rbc, Ane, Wbcc, Bu, Hemo, Pc, Htn, Sg",0.5252525252525253,0.5333333333333333,0.5544554455445545,0.5436893203883495,0.5752781463713382
21,mRMR,20,Random Forest,"Bp, Ba, Pot, Pe, Pcv, Age, Rbcc, Sc, Sod, Dm, Bgr, Su, Rbc, Ane, Wbcc, Bu, Hemo, Pc, Htn, Sg",0.5656565656565656,0.5728155339805825,0.5841584158415841,0.5784313725490197,0.5866591813820557
21,mRMR,20,XGBoost,"Bp, Ba, Pot, Pe, Pcv, Age, Rbcc, Sc, Sod, Dm, Bgr, Su, Rbc, Ane, Wbcc, Bu, Hemo, Pc, Htn, Sg",0.5757575757575758,0.5894736842105263,0.5544554455445545,0.5714285714285714,0.5727263447994283
21,DODA,20,Logistic Regression,"Bp, Sc, Pot, Pe, Pcv, Ba, Dm, Age, Rbcc, Sod, Bu, Bgr, Ane, Su, Al, Htn, Rbc, Sg, Hemo, Wbcc",0.5555555555555556,0.5619047619047619,0.5841584158415841,0.5728155339805825,0.5820149025211799
21,DODA,20,Random Forest,"Bp, Sc, Pot, Pe, Pcv, Ba, Dm, Age, Rbcc, Sod, Bu, Bgr, Ane, Su, Al, Htn, Rbc, Sg, Hemo, Wbcc",0.601010101010101,0.6,0.6534653465346535,0.6255924170616114,0.5823721547412473
21,DODA,20,XGBoost,"Bp, Sc, Pot, Pe, Pcv, Ba, Dm, Age, Rbcc, Sod, Bu, Bgr, Ane, Su, Al, Htn, Rbc, Sg, Hemo, Wbcc",0.5555555555555556,0.5698924731182796,0.5247524752475248,0.5463917525773195,0.56843931815862
22,mRMR,5,Logistic Regression,"Bp, Ba, Rbcc, Pcv, Sod",0.5454545454545454,0.5566037735849056,0.5784313725490197,0.5673076923076923,0.5276756535947713
22,mRMR,5,Random Forest,"Bp, Ba, Rbcc, Pcv, Sod",0.48484848484848486,0.5,0.5196078431372549,0.5096153846153846,0.49351511437908496
22,mRMR,5,XGBoost,"Bp, Ba, Rbcc, Pcv, Sod",0.5151515151515151,0.5277777777777778,0.5588235294117647,0.5428571428571428,0.4927491830065359
22,DODA,5,Logistic Regression,"Bp, Htn, Pcv, Rbcc, Sod",0.5202020202020202,0.5339805825242718,0.5392156862745098,0.5365853658536586,0.5231821895424836
22,DODA,5,Random Forest,"Bp, Htn, Pcv, Rbcc, Sod",0.5252525252525253,0.5350877192982456,0.5980392156862745,0.5648148148148148,0.5361008986928104
22,DODA,5,XGBoost,"Bp, Htn, Pcv, Rbcc, Sod",0.5202020202020202,0.5339805825242718,0.5392156862745098,0.5365853658536586,0.5021446078431373
22,mRMR,10,Logistic Regression,"Bp, Ba, Rbcc, Pcv, Sod, Appet, Htn, Ane, Su, Sg",0.51010101010101,0.5257731958762887,0.5,0.5125628140703518,0.5141952614379085
22,mRMR,10,Random Forest,"Bp, Ba, Rbcc, Pcv, Sod, Appet, Htn, Ane, Su, Sg",0.494949494949495,0.5094339622641509,0.5294117647058824,0.5192307692307693,0.5027062908496732
22,mRMR,10,XGBoost,"Bp, Ba, Rbcc, Pcv, Sod, Appet, Htn, Ane, Su, Sg",0.4696969696969697,0.4845360824742268,0.46078431372549017,0.4723618090452261,0.46834150326797386
22,DODA,10,Logistic Regression,"Bp, Htn, Pcv, Rbcc, Sod, Ba, Sg, Sc, Ane, Bu",0.51010101010101,0.5247524752475248,0.5196078431372549,0.5221674876847291,0.5176674836601307
22,DODA,10,Random Forest,"Bp, Htn, Pcv, Rbcc, Sod, Ba, Sg, Sc, Ane, Bu",0.5252525252525253,0.5377358490566038,0.5588235294117647,0.5480769230769231,0.5287479575163399
22,DODA,10,XGBoost,"Bp, Htn, Pcv, Rbcc, Sod, Ba, Sg, Sc, Ane, Bu",0.4797979797979798,0.4948453608247423,0.47058823529411764,0.4824120603015075,0.49642565359477125
22,mRMR,15,Logistic Regression,"Bp, Ba, Rbcc, Pcv, Sod, Appet, Htn, Ane, Su, Sg, Pot, Bgr, Sc, Bu, Pe",0.5252525252525253,0.5416666666666666,0.5098039215686274,0.5252525252525253,0.540951797385621
22,mRMR,15,Random Forest,"Bp, Ba, Rbcc, Pcv, Sod, Appet, Htn, Ane, Su, Sg, Pot, Bgr, Sc, Bu, Pe",0.5202020202020202,0.5339805825242718,0.5392156862745098,0.5365853658536586,0.5077614379084967
22,mRMR,15,XGBoost,"Bp, Ba, Rbcc, Pcv, Sod, Appet, Htn, Ane, Su, Sg, Pot, Bgr, Sc, Bu, Pe",0.5050505050505051,0.5192307692307693,0.5294117647058824,0.5242718446601942,0.4810049019607843
22,DODA,15,Logistic Regression,"Bp, Htn, Pcv, Rbcc, Sod, Ba, Sg, Sc, Ane, Bu, Appet, Su, Bgr, Pot, Al",0.5151515151515151,0.5306122448979592,0.5098039215686274,0.52,0.5396241830065359
22,DODA,15,Random Forest,"Bp, Htn, Pcv, Rbcc, Sod, Ba, Sg, Sc, Ane, Bu, Appet, Su, Bgr, Pot, Al",0.4898989898989899,0.5047619047619047,0.5196078431372549,0.5120772946859904,0.5136335784313725
22,DODA,15,XGBoost,"Bp, Htn, Pcv, Rbcc, Sod, Ba, Sg, Sc, Ane, Bu, Appet, Su, Bgr, Pot, Al",0.494949494949495,0.5094339622641509,0.5294117647058824,0.5192307692307693,0.4624183006535948
22,mRMR,20,Logistic Regression,"Bp, Ba, Rbcc, Pcv, Sod, Appet, Htn, Ane, Su, Sg, Pot, Bgr, Sc, Bu, Pe, Age, Pc, Pcc, Dm, Al",0.5252525252525253,0.5425531914893617,0.5,0.5204081632653061,0.5402369281045752
22,mRMR,20,Random Forest,"Bp, Ba, Rbcc, Pcv, Sod, Appet, Htn, Ane, Su, Sg, Pot, Bgr, Sc, Bu, Pe, Age, Pc, Pcc, Dm, Al",0.48484848484848486,0.5,0.5196078431372549,0.5096153846153846,0.5196589052287581
22,mRMR,20,XGBoost,"Bp, Ba, Rbcc, Pcv, Sod, Appet, Htn, Ane, Su, Sg, Pot, Bgr, Sc, Bu, Pe, Age, Pc, Pcc, Dm, Al",0.494949494949495,0.5096153846153846,0.5196078431372549,0.5145631067961165,0.49826388888888884
22,DODA,20,Logistic Regression,"Bp, Htn, Pcv, Rbcc, Sod, Ba, Sg, Sc, Ane, Bu, Appet, Su, Bgr, Pot, Al, Dm, Pe, Age, Pc, Hemo",0.5151515151515151,0.53125,0.5,0.5151515151515151,0.5357434640522875
22,DODA,20,Random Forest,"Bp, Htn, Pcv, Rbcc, Sod, Ba, Sg, Sc, Ane, Bu, Appet, Su, Bgr, Pot, Al, Dm, Pe, Age, Pc, Hemo",0.5,0.5154639175257731,0.49019607843137253,0.5025125628140703,0.5105698529411764
22,DODA,20,XGBoost,"Bp, Htn, Pcv, Rbcc, Sod, Ba, Sg, Sc, Ane, Bu, Appet, Su, Bgr, Pot, Al, Dm, Pe, Age, Pc, Hemo",0.5050505050505051,0.5196078431372549,0.5196078431372549,0.5196078431372549,0.5105187908496732
23,mRMR,5,Logistic Regression,"Bp, Ba, Su, Appet, Bgr",0.47474747474747475,0.4909090909090909,0.5294117647058824,0.5094339622641509,0.4555759803921569
23,mRMR,5,Random Forest,"Bp, Ba, Su, Appet, Bgr",0.43434343434343436,0.4528301886792453,0.47058823529411764,0.46153846153846156,0.4516952614379085
23,mRMR,5,XGBoost,"Bp, Ba, Su, Appet, Bgr",0.4898989898989899,0.5046728971962616,0.5294117647058824,0.5167464114832536,0.4643586601307189
23,DODA,5,Logistic Regression,"Bp, Su, Bgr, Ba, Pot",0.5050505050505051,0.5185185185185185,0.5490196078431373,0.5333333333333333,0.4753880718954248
23,DODA,5,Random Forest,"Bp, Su, Bgr, Ba, Pot",0.4898989898989899,0.504950495049505,0.5,0.5024630541871922,0.4447508169934641
23,DODA,5,XGBoost,"Bp, Su, Bgr, Ba, Pot",0.4797979797979798,0.49504950495049505,0.49019607843137253,0.49261083743842365,0.4751838235294118
23,mRMR,10,Logistic Regression,"Bp, Ba, Su, Appet, Bgr, Pot, Pcv, Rbcc, Pe, Rbc",0.4898989898989899,0.5045871559633027,0.5392156862745098,0.5213270142180095,0.4709967320261438
23,mRMR,10,Random Forest,"Bp, Ba, Su, Appet, Bgr, Pot, Pcv, Rbcc, Pe, Rbc",0.4494949494949495,0.4672897196261682,0.49019607843137253,0.4784688995215311,0.4344873366013072
23,mRMR,10,XGBoost,"Bp, Ba, Su, Appet, Bgr, Pot, Pcv, Rbcc, Pe, Rbc",0.5,0.5137614678899083,0.5490196078431373,0.5308056872037915,0.4652777777777778
23,DODA,10,Logistic Regression,"Bp, Su, Bgr, Ba, Pot, Pcv, Bu, Sg, Appet, Pe",0.5,0.5137614678899083,0.5490196078431373,0.5308056872037915,0.48856209150326796
23,DODA,10,Random Forest,"Bp, Su, Bgr, Ba, Pot, Pcv, Bu, Sg, Appet, Pe",0.4797979797979798,0.49514563106796117,0.5,0.4975609756097561,0.49714052287581695
23,DODA,10,XGBoost,"Bp, Su, Bgr, Ba, Pot, Pcv, Bu, Sg, Appet, Pe",0.4696969696969697,0.48623853211009177,0.5196078431372549,0.5023696682464455,0.4577205882352941
23,mRMR,15,Logistic Regression,"Bp, Ba, Su, Appet, Bgr, Pot, Pcv, Rbcc, Pe, Rbc, Cad, Sg, Bu, Age, Hemo",0.47474747474747475,0.49019607843137253,0.49019607843137253,0.49019607843137253,0.47824754901960786
23,mRMR,15,Random Forest,"Bp, Ba, Su, Appet, Bgr, Pot, Pcv, Rbcc, Pe, Rbc, Cad, Sg, Bu, Age, Hemo",0.5,0.514018691588785,0.5392156862745098,0.5263157894736842,0.5097017973856208
23,mRMR,15,XGBoost,"Bp, Ba, Su, Appet, Bgr, Pot, Pcv, Rbcc, Pe, Rbc, Cad, Sg, Bu, Age, Hemo",0.5303030303030303,0.5412844036697247,0.5784313725490197,0.5592417061611374,0.5126633986928104
23,DODA,15,Logistic Regression,"Bp, Su, Bgr, Ba, Pot, Pcv, Bu, Sg, Appet, Pe, Rbcc, Al, Rbc, Sc, Htn",0.4797979797979798,0.49514563106796117,0.5,0.4975609756097561,0.4820261437908497
23,DODA,15,Random Forest,"Bp, Su, Bgr, Ba, Pot, Pcv, Bu, Sg, Appet, Pe, Rbcc, Al, Rbc, Sc, Htn",0.46464646464646464,0.4818181818181818,0.5196078431372549,0.5,0.46435866013071897
23,DODA,15,XGBoost,"Bp, Su, Bgr, Ba, Pot, Pcv, Bu, Sg, Appet, Pe, Rbcc, Al, Rbc, Sc, Htn",0.5050505050505051,0.5172413793103449,0.5882352941176471,0.5504587155963303,0.4820261437908497
23,mRMR,20,Logistic Regression,"Bp, Ba, Su, Appet, Bgr, Pot, Pcv, Rbcc, Pe, Rbc, Cad, Sg, Bu, Age, Hemo, Ane, Htn, Al, Sod, Sc",0.4696969696969697,0.48484848484848486,0.47058823529411764,0.47761194029850745,0.47406045751633985
23,mRMR,20,Random Forest,"Bp, Ba, Su, Appet, Bgr, Pot, Pcv, Rbcc, Pe, Rbc, Cad, Sg, Bu, Age, Hemo, Ane, Htn, Al, Sod, Sc",0.48484848484848486,0.5,0.5686274509803921,0.5321100917431193,0.49989787581699346
23,mRMR,20,XGBoost,"Bp, Ba, Su, Appet, Bgr, Pot, Pcv, Rbcc, Pe, Rbc, Cad, Sg, Bu, Age, Hemo, Ane, Htn, Al, Sod, Sc",0.5151515151515151,0.5267857142857143,0.5784313725490197,0.5514018691588785,0.5296160130718954
23,DODA,20,Logistic Regression,"Bp, Su, Bgr, Ba, Pot, Pcv, Bu, Sg, Appet, Pe, Rbcc, Al, Rbc, Sc, Htn, Hemo, Cad, Ane, Age, Dm",0.46464646464646464,0.48,0.47058823529411764,0.4752475247524752,0.47824754901960786
23,DODA,20,Random Forest,"Bp, Su, Bgr, Ba, Pot, Pcv, Bu, Sg, Appet, Pe, Rbcc, Al, Rbc, Sc, Htn, Hemo, Cad, Ane, Age, Dm",0.5151515151515151,0.5288461538461539,0.5392156862745098,0.5339805825242718,0.5082209967320261
23,DODA,20,XGBoost,"Bp, Su, Bgr, Ba, Pot, Pcv, Bu, Sg, Appet, Pe, Rbcc, Al, Rbc, Sc, Htn, Hemo, Cad, Ane, Age, Dm",0.5151515151515151,0.5277777777777778,0.5588235294117647,0.5428571428571428,0.5350285947712418
24,mRMR,5,Logistic Regression,"Bp, Sc, Pot, Pcv, Bgr",0.5076142131979695,0.5188679245283019,0.5445544554455446,0.5314009661835749,0.5077351485148515
24,mRMR,5,Random Forest,"Bp, Sc, Pot, Pcv, Bgr",0.5482233502538071,0.5638297872340425,0.5247524752475248,0.5435897435897435,0.5833333333333334
24,mRMR,5,XGBoost,"Bp, Sc, Pot, Pcv, Bgr",0.6243654822335025,0.6238532110091743,0.6732673267326733,0.6476190476190476,0.6375825082508252
24,DODA,5,Logistic Regression,"Sc, Bp, Bu, Pot, Pcv",0.49746192893401014,0.5096153846153846,0.5247524752475248,0.5170731707317073,0.5068069306930694
24,DODA,5,Random Forest,"Sc, Bp, Bu, Pot, Pcv",0.5888324873096447,0.5961538461538461,0.6138613861386139,0.6048780487804878,0.6023617986798679
24,DODA,5,XGBoost,"Sc, Bp, Bu, Pot, Pcv",0.5786802030456852,0.5833333333333334,0.6237623762376238,0.6028708133971292,0.5947813531353136
24,mRMR,10,Logistic Regression,"Bp, Sc, Pot, Pcv, Bgr, Su, Bu, Cad, Rbcc, Pe",0.5126903553299492,0.5252525252525253,0.5148514851485149,0.52,0.5133044554455446
24,mRMR,10,Random Forest,"Bp, Sc, Pot, Pcv, Bgr, Su, Bu, Cad, Rbcc, Pe",0.5532994923857868,0.5670103092783505,0.5445544554455446,0.5555555555555556,0.5475969471947194
24,mRMR,10,XGBoost,"Bp, Sc, Pot, Pcv, Bgr, Su, Bu, Cad, Rbcc, Pe",0.5279187817258884,0.5370370370370371,0.5742574257425742,0.5550239234449761,0.5725041254125414
24,DODA,10,Logistic Regression,"Sc, Bp, Bu, Pot, Pcv, Bgr, Su, Pe, Sg, Rbcc",0.5076142131979695,0.5196078431372549,0.5247524752475248,0.5221674876847291,0.524236798679868
24,DODA,10,Random Forest,"Sc, Bp, Bu, Pot, Pcv, Bgr, Su, Pe, Sg, Rbcc",0.5076142131979695,0.52,0.5148514851485149,0.5174129353233831,0.539397689768977
24,DODA,10,XGBoost,"Sc, Bp, Bu, Pot, Pcv, Bgr, Su, Pe, Sg, Rbcc",0.5228426395939086,0.5327102803738317,0.5643564356435643,0.5480769230769231,0.5686881188118812
24,mRMR,15,Logistic Regression,"Bp, Sc, Pot, Pcv, Bgr, Su, Bu, Cad, Rbcc, Pe, Sod, Ane, Pc, Wbcc, Sg",0.5228426395939086,0.5327102803738317,0.5643564356435643,0.5480769230769231,0.5077351485148516
24,mRMR,15,Random Forest,"Bp, Sc, Pot, Pcv, Bgr, Su, Bu, Cad, Rbcc, Pe, Sod, Ane, Pc, Wbcc, Sg",0.47715736040609136,0.4909090909090909,0.5346534653465347,0.5118483412322274,0.5182549504950495
24,mRMR,15,XGBoost,"Bp, Sc, Pot, Pcv, Bgr, Su, Bu, Cad, Rbcc, Pe, Sod, Ane, Pc, Wbcc, Sg",0.5025380710659898,0.5126050420168067,0.6039603960396039,0.5545454545454546,0.5338283828382838
24,DODA,15,Logistic Regression,"Sc, Bp, Bu, Pot, Pcv, Bgr, Su, Pe, Sg, Rbcc, Ane, Sod, Cad, Al, Htn",0.5279187817258884,0.5377358490566038,0.5643564356435643,0.5507246376811594,0.5109323432343235
24,DODA,15,Random Forest,"Sc, Bp, Bu, Pot, Pcv, Bgr, Su, Pe, Sg, Rbcc, Ane, Sod, Cad, Al, Htn",0.5126903553299492,0.5280898876404494,0.46534653465346537,0.49473684210526314,0.5393976897689768
24,DODA,15,XGBoost,"Sc, Bp, Bu, Pot, Pcv, Bgr, Su, Pe, Sg, Rbcc, Ane, Sod, Cad, Al, Htn",0.5329949238578681,0.5420560747663551,0.5742574257425742,0.5576923076923077,0.5617780528052806
24,mRMR,20,Logistic Regression,"Bp, Sc, Pot, Pcv, Bgr, Su, Bu, Cad, Rbcc, Pe, Sod, Ane, Pc, Wbcc, Sg, Ba, Htn, Appet, Age, Al",0.5076142131979695,0.5196078431372549,0.5247524752475248,0.5221674876847291,0.5133044554455446
24,mRMR,20,Random Forest,"Bp, Sc, Pot, Pcv, Bgr, Su, Bu, Cad, Rbcc, Pe, Sod, Ane, Pc, Wbcc, Sg, Ba, Htn, Appet, Age, Al",0.4720812182741117,0.48623853211009177,0.5247524752475248,0.5047619047619047,0.5274855610561057
24,mRMR,20,XGBoost,"Bp, Sc, Pot, Pcv, Bgr, Su, Bu, Cad, Rbcc, Pe, Sod, Ane, Pc, Wbcc, Sg, Ba, Htn, Appet, Age, Al",0.5329949238578681,0.5405405405405406,0.594059405940594,0.5660377358490566,0.5382632013201321
24,DODA,20,Logistic Regression,"Sc, Bp, Bu, Pot, Pcv, Bgr, Su, Pe, Sg, Rbcc, Ane, Sod, Cad, Al, Htn, Pc, Dm, Wbcc, Hemo, Age",0.5076142131979695,0.5188679245283019,0.5445544554455446,0.5314009661835749,0.49257425742574257
24,DODA,20,Random Forest,"Sc, Bp, Bu, Pot, Pcv, Bgr, Su, Pe, Sg, Rbcc, Ane, Sod, Cad, Al, Htn, Pc, Dm, Wbcc, Hemo, Age",0.5177664974619289,0.53,0.5247524752475248,0.527363184079602,0.548937706270627
24,DODA,20,XGBoost,"Sc, Bp, Bu, Pot, Pcv, Bgr, Su, Pe, Sg, Rbcc, Ane, Sod, Cad, Al, Htn, Pc, Dm, Wbcc, Hemo, Age",0.5482233502538071,0.5576923076923077,0.5742574257425742,0.5658536585365853,0.5684818481848186
25,mRMR,5,Logistic Regression,"Bp, Su, Sg, Bu, Pot",0.4873096446700508,0.5,0.5247524752475248,0.5120772946859904,0.48267326732673266
25,mRMR,5,Random Forest,"Bp, Su, Sg, Bu, Pot",0.5583756345177665,0.5648148148148148,0.6039603960396039,0.583732057416268,0.5602825907590759
25,mRMR,5,XGBoost,"Bp, Su, Sg, Bu, Pot",0.5279187817258884,0.5408163265306123,0.5247524752475248,0.5326633165829145,0.5375412541254125
25,DODA,5,Logistic Regression,"Bp, Bu, Sg, Su, Sc",0.49238578680203043,0.5043478260869565,0.5742574257425742,0.5370370370370371,0.4732879537953795
25,DODA,5,Random Forest,"Bp, Bu, Sg, Su, Sc",0.4873096446700508,0.5,0.5544554455445545,0.5258215962441315,0.49314150165016507
25,DODA,5,XGBoost,"Bp, Bu, Sg, Su, Sc",0.4873096446700508,0.5,0.5445544554455446,0.5213270142180095,0.4914397689768977
25,mRMR,10,Logistic Regression,"Bp, Su, Sg, Bu, Pot, Pcv, Rbcc, Ane, Ba, Sc",0.5431472081218274,0.5486725663716814,0.6138613861386139,0.5794392523364486,0.514026402640264
25,mRMR,10,Random Forest,"Bp, Su, Sg, Bu, Pot, Pcv, Rbcc, Ane, Ba, Sc",0.5634517766497462,0.5688073394495413,0.6138613861386139,0.5904761904761905,0.5234117161716172
25,mRMR,10,XGBoost,"Bp, Su, Sg, Bu, Pot, Pcv, Rbcc, Ane, Ba, Sc",0.5126903553299492,0.5233644859813084,0.5544554455445545,0.5384615384615384,0.5161922442244224
25,DODA,10,Logistic Regression,"Bp, Bu, Sg, Su, Sc, Al, Pot, Pcv, Ane, Rbcc",0.5126903553299492,0.5225225225225225,0.5742574257425742,0.5471698113207547,0.4940181518151815
25,DODA,10,Random Forest,"Bp, Bu, Sg, Su, Sc, Al, Pot, Pcv, Ane, Rbcc",0.5431472081218274,0.5523809523809524,0.5742574257425742,0.5631067961165048,0.5322813531353136
25,DODA,10,XGBoost,"Bp, Bu, Sg, Su, Sc, Al, Pot, Pcv, Ane, Rbcc",0.5329949238578681,0.5428571428571428,0.5643564356435643,0.5533980582524272,0.5160891089108911
25,mRMR,15,Logistic Regression,"Bp, Su, Sg, Bu, Pot, Pcv, Rbcc, Ane, Ba, Sc, Al, Appet, Bgr, Hemo, Age",0.5329949238578681,0.5391304347826087,0.6138613861386139,0.5740740740740741,0.5100041254125413
25,mRMR,15,Random Forest,"Bp, Su, Sg, Bu, Pot, Pcv, Rbcc, Ane, Ba, Sc, Al, Appet, Bgr, Hemo, Age",0.5126903553299492,0.5238095238095238,0.5445544554455446,0.5339805825242718,0.5317141089108911
25,mRMR,15,XGBoost,"Bp, Su, Sg, Bu, Pot, Pcv, Rbcc, Ane, Ba, Sc, Al, Appet, Bgr, Hemo, Age",0.5380710659898477,0.55,0.5445544554455446,0.5472636815920398,0.5351691419141915
25,DODA,15,Logistic Regression,"Bp, Bu, Sg, Su, Sc, Al, Pot, Pcv, Ane, Rbcc, Hemo, Bgr, Ba, Htn, Dm",0.5329949238578681,0.5391304347826087,0.6138613861386139,0.5740740740740741,0.5108292079207921
25,DODA,15,Random Forest,"Bp, Bu, Sg, Su, Sc, Al, Pot, Pcv, Ane, Rbcc, Hemo, Bgr, Ba, Htn, Dm",0.5025380710659898,0.514018691588785,0.5445544554455446,0.5288461538461539,0.5317141089108911
25,DODA,15,XGBoost,"Bp, Bu, Sg, Su, Sc, Al, Pot, Pcv, Ane, Rbcc, Hemo, Bgr, Ba, Htn, Dm",0.49238578680203043,0.5048543689320388,0.5148514851485149,0.5098039215686274,0.5040222772277227
25,mRMR,20,Logistic Regression,"Bp, Su, Sg, Bu, Pot, Pcv, Rbcc, Ane, Ba, Sc, Al, Appet, Bgr, Hemo, Age, Pe, Wbcc, Cad, Htn, Dm",0.5279187817258884,0.5338983050847458,0.6237623762376238,0.5753424657534246,0.5158828382838283
25,mRMR,20,Random Forest,"Bp, Su, Sg, Bu, Pot, Pcv, Rbcc, Ane, Ba, Sc, Al, Appet, Bgr, Hemo, Age, Pe, Wbcc, Cad, Htn, Dm",0.5025380710659898,0.5132743362831859,0.5742574257425742,0.5420560747663551,0.501598597359736
25,mRMR,20,XGBoost,"Bp, Su, Sg, Bu, Pot, Pcv, Rbcc, Ane, Ba, Sc, Al, Appet, Bgr, Hemo, Age, Pe, Wbcc, Cad, Htn, Dm",0.5126903553299492,0.5225225225225225,0.5742574257425742,0.5471698113207547,0.5132013201320131
25,DODA,20,Logistic Regression,"Bp, Bu, Sg, Su, Sc, Al, Pot, Pcv, Ane, Rbcc, Hemo, Bgr, Ba, Htn, Dm, Pe, Age, Appet, Sod, Cad",0.5380710659898477,0.5423728813559322,0.6336633663366337,0.5844748858447488,0.5153671617161716
25,DODA,20,Random Forest,"Bp, Bu, Sg, Su, Sc, Al, Pot, Pcv, Ane, Rbcc, Hemo, Bgr, Ba, Htn, Dm, Pe, Age, Appet, Sod, Cad",0.5380710659898477,0.5462962962962963,0.5841584158415841,0.5645933014354066,0.5283106435643564
25,DODA,20,XGBoost,"Bp, Bu, Sg, Su, Sc, Al, Pot, Pcv, Ane, Rbcc, Hemo, Bgr, Ba, Htn, Dm, Pe, Age, Appet, Sod, Cad",0.5177664974619289,0.53,0.5247524752475248,0.527363184079602,0.5382632013201321
