Run,Method,Top_K,Model,Selected_Features,Accuracy,Precision,Recall,F1,ROC_AUC
1,RF,5,Logistic Regression,"Bp, Bu, Sc, Wbcc, Bgr",0.5252525252525253,0.5304347826086957,0.6039603960396039,0.5648148148148148,0.5375114831070736
1,RF,5,Random Forest,"Bp, Bu, Sc, Wbcc, Bgr",0.494949494949495,0.5047619047619047,0.5247524752475248,0.5145631067961165,0.5235786465244463
1,RF,5,XGBoost,"Bp, Bu, Sc, Wbcc, Bgr",0.5303030303030303,0.5377358490566038,0.5643564356435643,0.5507246376811594,0.5756864346228437
1,DODA,5,Logistic Regression,"Sc, Bu, Bp, Bgr, Hemo",0.5606060606060606,0.5686274509803921,0.5742574257425742,0.5714285714285714,0.5521077880983976
1,DODA,5,Random Forest,"Sc, Bu, Bp, Bgr, Hemo",0.51010101010101,0.5178571428571429,0.5742574257425742,0.5446009389671361,0.5618046340716546
1,DODA,5,XGBoost,"Sc, Bu, Bp, Bgr, Hemo",0.5505050505050505,0.5576923076923077,0.5742574257425742,0.5658536585365853,0.5938552618148414
1,RF,10,Logistic Regression,"Bp, Bu, Sc, Wbcc, Bgr, Hemo, Pot, Age, Rbcc, Pcv",0.5555555555555556,0.5596330275229358,0.6039603960396039,0.580952380952381,0.5536388690415435
1,RF,10,Random Forest,"Bp, Bu, Sc, Wbcc, Bgr, Hemo, Pot, Age, Rbcc, Pcv",0.5505050505050505,0.56,0.5544554455445545,0.5572139303482587,0.5831887312442585
1,RF,10,XGBoost,"Bp, Bu, Sc, Wbcc, Bgr, Hemo, Pot, Age, Rbcc, Pcv",0.601010101010101,0.5982142857142857,0.6633663366336634,0.6291079812206573,0.6190670613453096
1,DODA,10,Logistic Regression,"Sc, Bu, Bp, Bgr, Hemo, Al, Pot, Wbcc, Pcv, Age",0.5404040404040404,0.5462962962962963,0.5841584158415841,0.5645933014354066,0.543329590691028
1,DODA,10,Random Forest,"Sc, Bu, Bp, Bgr, Hemo, Al, Pot, Wbcc, Pcv, Age",0.5353535353535354,0.5454545454545454,0.5346534653465347,0.54,0.5901296315198531
1,DODA,10,XGBoost,"Sc, Bu, Bp, Bgr, Hemo, Al, Pot, Wbcc, Pcv, Age",0.5353535353535354,0.5428571428571428,0.5643564356435643,0.5533980582524272,0.5817086863325508
1,RF,15,Logistic Regression,"Bp, Bu, Sc, Wbcc, Bgr, Hemo, Pot, Age, Rbcc, Pcv, Sod, Al, Su, Sg, Ba",0.5303030303030303,0.5377358490566038,0.5643564356435643,0.5507246376811594,0.5209758089210983
1,RF,15,Random Forest,"Bp, Bu, Sc, Wbcc, Bgr, Hemo, Pot, Age, Rbcc, Pcv, Sod, Al, Su, Sg, Ba",0.5606060606060606,0.5636363636363636,0.6138613861386139,0.5876777251184834,0.5772175155659895
1,RF,15,XGBoost,"Bp, Bu, Sc, Wbcc, Bgr, Hemo, Pot, Age, Rbcc, Pcv, Sod, Al, Su, Sg, Ba",0.5656565656565656,0.5675675675675675,0.6237623762376238,0.5943396226415094,0.5789527406348884
1,DODA,15,Logistic Regression,"Sc, Bu, Bp, Bgr, Hemo, Al, Pot, Wbcc, Pcv, Age, Sg, Rbcc, Sod, Htn, Dm",0.5454545454545454,0.5470085470085471,0.6336633663366337,0.5871559633027523,0.5120955394508523
1,DODA,15,Random Forest,"Sc, Bu, Bp, Bgr, Hemo, Al, Pot, Wbcc, Pcv, Age, Sg, Rbcc, Sod, Htn, Dm",0.5656565656565656,0.5675675675675675,0.6237623762376238,0.5943396226415094,0.5692558946616312
1,DODA,15,XGBoost,"Sc, Bu, Bp, Bgr, Hemo, Al, Pot, Wbcc, Pcv, Age, Sg, Rbcc, Sod, Htn, Dm",0.5606060606060606,0.5636363636363636,0.6138613861386139,0.5876777251184834,0.5930386853118301
1,RF,20,Logistic Regression,"Bp, Bu, Sc, Wbcc, Bgr, Hemo, Pot, Age, Rbcc, Pcv, Sod, Al, Su, Sg, Ba, Rbc, Pc, Dm, Htn, Appet",0.51010101010101,0.5196078431372549,0.5247524752475248,0.5221674876847291,0.5184240073491886
1,RF,20,Random Forest,"Bp, Bu, Sc, Wbcc, Bgr, Hemo, Pot, Age, Rbcc, Pcv, Sod, Al, Su, Sg, Ba, Rbc, Pc, Dm, Htn, Appet",0.5303030303030303,0.5357142857142857,0.594059405940594,0.5633802816901409,0.5562417066448914
1,RF,20,XGBoost,"Bp, Bu, Sc, Wbcc, Bgr, Hemo, Pot, Age, Rbcc, Pcv, Sod, Al, Su, Sg, Ba, Rbc, Pc, Dm, Htn, Appet",0.5555555555555556,0.5575221238938053,0.6237623762376238,0.5887850467289719,0.5944676941920997
1,DODA,20,Logistic Regression,"Sc, Bu, Bp, Bgr, Hemo, Al, Pot, Wbcc, Pcv, Age, Sg, Rbcc, Sod, Htn, Dm, Su, Rbc, Pc, Ba, Ane",0.5252525252525253,0.5333333333333333,0.5544554455445545,0.5436893203883495,0.519342655915076
1,DODA,20,Random Forest,"Sc, Bu, Bp, Bgr, Hemo, Al, Pot, Wbcc, Pcv, Age, Sg, Rbcc, Sod, Htn, Dm, Su, Rbc, Pc, Ba, Ane",0.5656565656565656,0.5688073394495413,0.6138613861386139,0.5904761904761905,0.5900785954884149
1,DODA,20,XGBoost,"Sc, Bu, Bp, Bgr, Hemo, Al, Pot, Wbcc, Pcv, Age, Sg, Rbcc, Sod, Htn, Dm, Su, Rbc, Pc, Ba, Ane",0.5505050505050505,0.5555555555555556,0.594059405940594,0.5741626794258373,0.5874247218536286
2,RF,5,Logistic Regression,"Wbcc, Bp, Bu, Sc, Bgr",0.5252525252525253,0.5350877192982456,0.5980392156862745,0.5648148148148148,0.5530024509803922
2,RF,5,Random Forest,"Wbcc, Bp, Bu, Sc, Bgr",0.4444444444444444,0.46078431372549017,0.46078431372549017,0.46078431372549017,0.4271854575163399
2,RF,5,XGBoost,"Wbcc, Bp, Bu, Sc, Bgr",0.4696969696969697,0.48514851485148514,0.4803921568627451,0.4827586206896552,0.4650735294117647
2,DODA,5,Logistic Regression,"Sc, Bu, Bp, Bgr, Hemo",0.5050505050505051,0.5175438596491229,0.5784313725490197,0.5462962962962963,0.5629084967320261
2,DODA,5,Random Forest,"Sc, Bu, Bp, Bgr, Hemo",0.5050505050505051,0.5192307692307693,0.5294117647058824,0.5242718446601942,0.4949448529411765
2,DODA,5,XGBoost,"Sc, Bu, Bp, Bgr, Hemo",0.5303030303030303,0.5412844036697247,0.5784313725490197,0.5592417061611374,0.5421772875816994
2,RF,10,Logistic Regression,"Wbcc, Bp, Bu, Sc, Bgr, Hemo, Pot, Age, Pcv, Rbcc",0.5454545454545454,0.5588235294117647,0.5588235294117647,0.5588235294117647,0.5419730392156863
2,RF,10,Random Forest,"Wbcc, Bp, Bu, Sc, Bgr, Hemo, Pot, Age, Pcv, Rbcc",0.5202020202020202,0.5368421052631579,0.5,0.5177664974619289,0.5239481209150327
2,RF,10,XGBoost,"Wbcc, Bp, Bu, Sc, Bgr, Hemo, Pot, Age, Pcv, Rbcc",0.5050505050505051,0.5181818181818182,0.5588235294117647,0.5377358490566038,0.5036764705882353
2,DODA,10,Logistic Regression,"Sc, Bu, Bp, Bgr, Hemo, Wbcc, Al, Pot, Pcv, Age",0.5,0.5142857142857142,0.5294117647058824,0.5217391304347826,0.5196078431372549
2,DODA,10,Random Forest,"Sc, Bu, Bp, Bgr, Hemo, Wbcc, Al, Pot, Pcv, Age",0.5050505050505051,0.5212765957446809,0.4803921568627451,0.5,0.5038807189542485
2,DODA,10,XGBoost,"Sc, Bu, Bp, Bgr, Hemo, Wbcc, Al, Pot, Pcv, Age",0.45454545454545453,0.46875,0.4411764705882353,0.45454545454545453,0.46864787581699346
2,RF,15,Logistic Regression,"Wbcc, Bp, Bu, Sc, Bgr, Hemo, Pot, Age, Pcv, Rbcc, Sod, Su, Al, Sg, Ba",0.5050505050505051,0.5196078431372549,0.5196078431372549,0.5196078431372549,0.5348243464052288
2,RF,15,Random Forest,"Wbcc, Bp, Bu, Sc, Bgr, Hemo, Pot, Age, Pcv, Rbcc, Sod, Su, Al, Sg, Ba",0.4898989898989899,0.504950495049505,0.5,0.5024630541871922,0.5239991830065359
2,RF,15,XGBoost,"Wbcc, Bp, Bu, Sc, Bgr, Hemo, Pot, Age, Pcv, Rbcc, Sod, Su, Al, Sg, Ba",0.494949494949495,0.5094339622641509,0.5294117647058824,0.5192307692307693,0.532577614379085
2,DODA,15,Logistic Regression,"Sc, Bu, Bp, Bgr, Hemo, Wbcc, Al, Pot, Pcv, Age, Sg, Sod, Rbcc, Htn, Su",0.5404040404040404,0.5533980582524272,0.5588235294117647,0.5560975609756098,0.5404411764705882
2,DODA,15,Random Forest,"Sc, Bu, Bp, Bgr, Hemo, Wbcc, Al, Pot, Pcv, Age, Sg, Sod, Rbcc, Htn, Su",0.5555555555555556,0.5686274509803921,0.5686274509803921,0.5686274509803921,0.5410539215686274
2,DODA,15,XGBoost,"Sc, Bu, Bp, Bgr, Hemo, Wbcc, Al, Pot, Pcv, Age, Sg, Sod, Rbcc, Htn, Su",0.4595959595959596,0.4766355140186916,0.5,0.4880382775119617,0.5117442810457516
2,RF,20,Logistic Regression,"Wbcc, Bp, Bu, Sc, Bgr, Hemo, Pot, Age, Pcv, Rbcc, Sod, Su, Al, Sg, Ba, Cad, Ane, Htn, Pe, Dm",0.5303030303030303,0.5420560747663551,0.5686274509803921,0.5550239234449761,0.521343954248366
2,RF,20,Random Forest,"Wbcc, Bp, Bu, Sc, Bgr, Hemo, Pot, Age, Pcv, Rbcc, Sod, Su, Al, Sg, Ba, Cad, Ane, Htn, Pe, Dm",0.5,0.5142857142857142,0.5294117647058824,0.5217391304347826,0.5083741830065359
2,RF,20,XGBoost,"Wbcc, Bp, Bu, Sc, Bgr, Hemo, Pot, Age, Pcv, Rbcc, Sod, Su, Al, Sg, Ba, Cad, Ane, Htn, Pe, Dm",0.5,0.5142857142857142,0.5294117647058824,0.5217391304347826,0.5104166666666667
2,DODA,20,Logistic Regression,"Sc, Bu, Bp, Bgr, Hemo, Wbcc, Al, Pot, Pcv, Age, Sg, Sod, Rbcc, Htn, Su, Ane, Dm, Pe, Cad, Ba",0.5303030303030303,0.5420560747663551,0.5686274509803921,0.5550239234449761,0.521343954248366
2,DODA,20,Random Forest,"Sc, Bu, Bp, Bgr, Hemo, Wbcc, Al, Pot, Pcv, Age, Sg, Sod, Rbcc, Htn, Su, Ane, Dm, Pe, Cad, Ba",0.5303030303030303,0.5428571428571428,0.5588235294117647,0.5507246376811594,0.5259395424836601
2,DODA,20,XGBoost,"Sc, Bu, Bp, Bgr, Hemo, Wbcc, Al, Pot, Pcv, Age, Sg, Sod, Rbcc, Htn, Su, Ane, Dm, Pe, Cad, Ba",0.47474747474747475,0.49056603773584906,0.5098039215686274,0.5,0.5046977124183007
3,RF,5,Logistic Regression,"Bp, Wbcc, Pot, Sc, Hemo",0.5303030303030303,0.5391304347826087,0.6078431372549019,0.5714285714285714,0.5317606209150327
3,RF,5,Random Forest,"Bp, Wbcc, Pot, Sc, Hemo",0.4444444444444444,0.46153846153846156,0.47058823529411764,0.46601941747572817,0.4413296568627451
3,RF,5,XGBoost,"Bp, Wbcc, Pot, Sc, Hemo",0.43434343434343436,0.4576271186440678,0.5294117647058824,0.4909090909090909,0.43647875816993464
3,DODA,5,Logistic Regression,"Bp, Sc, Bu, Pot, Hemo",0.5202020202020202,0.5299145299145299,0.6078431372549019,0.5662100456621004,0.539828431372549
3,DODA,5,Random Forest,"Bp, Sc, Bu, Pot, Hemo",0.494949494949495,0.51,0.5,0.504950495049505,0.4766646241830066
3,DODA,5,XGBoost,"Bp, Sc, Bu, Pot, Hemo",0.494949494949495,0.5098039215686274,0.5098039215686274,0.5098039215686274,0.4906045751633987
3,RF,10,Logistic Regression,"Bp, Wbcc, Pot, Sc, Hemo, Bu, Bgr, Age, Pcv, Rbcc",0.5202020202020202,0.5309734513274337,0.5882352941176471,0.5581395348837209,0.5049019607843137
3,RF,10,Random Forest,"Bp, Wbcc, Pot, Sc, Hemo, Bu, Bgr, Age, Pcv, Rbcc",0.47474747474747475,0.49056603773584906,0.5098039215686274,0.5,0.4724775326797385
3,RF,10,XGBoost,"Bp, Wbcc, Pot, Sc, Hemo, Bu, Bgr, Age, Pcv, Rbcc",0.45454545454545453,0.4727272727272727,0.5098039215686274,0.49056603773584906,0.46977124183006536
3,DODA,10,Logistic Regression,"Bp, Sc, Bu, Pot, Hemo, Al, Wbcc, Bgr, Pcv, Age",0.5252525252525253,0.5344827586206896,0.6078431372549019,0.5688073394495413,0.5008169934640523
3,DODA,10,Random Forest,"Bp, Sc, Bu, Pot, Hemo, Al, Wbcc, Bgr, Pcv, Age",0.4898989898989899,0.5048543689320388,0.5098039215686274,0.5073170731707317,0.482843137254902
3,DODA,10,XGBoost,"Bp, Sc, Bu, Pot, Hemo, Al, Wbcc, Bgr, Pcv, Age",0.46464646464646464,0.4811320754716981,0.5,0.49038461538461536,0.4846813725490196
3,RF,15,Logistic Regression,"Bp, Wbcc, Pot, Sc, Hemo, Bu, Bgr, Age, Pcv, Rbcc, Sod, Al, Su, Sg, Pc",0.5202020202020202,0.5309734513274337,0.5882352941176471,0.5581395348837209,0.5152165032679739
3,RF,15,Random Forest,"Bp, Wbcc, Pot, Sc, Hemo, Bu, Bgr, Age, Pcv, Rbcc, Sod, Al, Su, Sg, Pc",0.47474747474747475,0.4909090909090909,0.5294117647058824,0.5094339622641509,0.4873876633986928
3,RF,15,XGBoost,"Bp, Wbcc, Pot, Sc, Hemo, Bu, Bgr, Age, Pcv, Rbcc, Sod, Al, Su, Sg, Pc",0.4797979797979798,0.4956521739130435,0.5588235294117647,0.5253456221198156,0.48764297385620914
3,DODA,15,Logistic Regression,"Bp, Sc, Bu, Pot, Hemo, Al, Wbcc, Bgr, Pcv, Age, Sg, Sod, Rbcc, Su, Htn",0.51010101010101,0.5225225225225225,0.5686274509803921,0.5446009389671361,0.5139910130718954
3,DODA,15,Random Forest,"Bp, Sc, Bu, Pot, Hemo, Al, Wbcc, Bgr, Pcv, Age, Sg, Sod, Rbcc, Su, Htn",0.5252525252525253,0.5377358490566038,0.5588235294117647,0.5480769230769231,0.5003063725490197
3,DODA,15,XGBoost,"Bp, Sc, Bu, Pot, Hemo, Al, Wbcc, Bgr, Pcv, Age, Sg, Sod, Rbcc, Su, Htn",0.5050505050505051,0.5175438596491229,0.5784313725490197,0.5462962962962963,0.4909109477124183
3,RF,20,Logistic Regression,"Bp, Wbcc, Pot, Sc, Hemo, Bu, Bgr, Age, Pcv, Rbcc, Sod, Al, Su, Sg, Pc, Ba, Pe, Cad, Pcc, Ane",0.5151515151515151,0.5277777777777778,0.5588235294117647,0.5428571428571428,0.5206290849673203
3,RF,20,Random Forest,"Bp, Wbcc, Pot, Sc, Hemo, Bu, Bgr, Age, Pcv, Rbcc, Sod, Al, Su, Sg, Pc, Ba, Pe, Cad, Pcc, Ane",0.494949494949495,0.5089285714285714,0.5588235294117647,0.5327102803738317,0.4926981209150327
3,RF,20,XGBoost,"Bp, Wbcc, Pot, Sc, Hemo, Bu, Bgr, Age, Pcv, Rbcc, Sod, Al, Su, Sg, Pc, Ba, Pe, Cad, Pcc, Ane",0.4898989898989899,0.5047619047619047,0.5196078431372549,0.5120772946859904,0.5061274509803921
3,DODA,20,Logistic Regression,"Bp, Sc, Bu, Pot, Hemo, Al, Wbcc, Bgr, Pcv, Age, Sg, Sod, Rbcc, Su, Htn, Pe, Pc, Ane, Dm, Ba",0.5050505050505051,0.5181818181818182,0.5588235294117647,0.5377358490566038,0.5145016339869282
3,DODA,20,Random Forest,"Bp, Sc, Bu, Pot, Hemo, Al, Wbcc, Bgr, Pcv, Age, Sg, Sod, Rbcc, Su, Htn, Pe, Pc, Ane, Dm, Ba",0.5,0.5151515151515151,0.5,0.5074626865671642,0.4968341503267974
3,DODA,20,XGBoost,"Bp, Sc, Bu, Pot, Hemo, Al, Wbcc, Bgr, Pcv, Age, Sg, Sod, Rbcc, Su, Htn, Pe, Pc, Ane, Dm, Ba",0.4696969696969697,0.4857142857142857,0.5,0.4927536231884058,0.48243464052287577
4,RF,5,Logistic Regression,"Sc, Pot, Hemo, Bu, Wbcc",0.5177664974619289,0.5245901639344263,0.6336633663366337,0.5739910313901345,0.47452557755775576
4,RF,5,Random Forest,"Sc, Pot, Hemo, Bu, Wbcc",0.49238578680203043,0.5046728971962616,0.5346534653465347,0.5192307692307693,0.4862314356435644
4,RF,5,XGBoost,"Sc, Pot, Hemo, Bu, Wbcc",0.4720812182741117,0.4857142857142857,0.504950495049505,0.49514563106796117,0.48556105610561057
4,DODA,5,Logistic Regression,"Sc, Bu, Hemo, Pot, Bp",0.5583756345177665,0.5583333333333333,0.6633663366336634,0.6063348416289592,0.5646658415841584
4,DODA,5,Random Forest,"Sc, Bu, Hemo, Pot, Bp",0.49746192893401014,0.5098039215686274,0.5148514851485149,0.5123152709359606,0.49278052805280526
4,DODA,5,XGBoost,"Sc, Bu, Hemo, Pot, Bp",0.5279187817258884,0.54,0.5346534653465347,0.5373134328358209,0.5021658415841584
4,RF,10,Logistic Regression,"Sc, Pot, Hemo, Bu, Wbcc, Bp, Bgr, Age, Pcv, Rbcc",0.5634517766497462,0.5675675675675675,0.6237623762376238,0.5943396226415094,0.5811674917491749
4,RF,10,Random Forest,"Sc, Pot, Hemo, Bu, Wbcc, Bp, Bgr, Age, Pcv, Rbcc",0.49746192893401014,0.5102040816326531,0.49504950495049505,0.5025125628140703,0.5191831683168318
4,RF,10,XGBoost,"Sc, Pot, Hemo, Bu, Wbcc, Bp, Bgr, Age, Pcv, Rbcc",0.4720812182741117,0.4854368932038835,0.49504950495049505,0.49019607843137253,0.5019595709570956
4,DODA,10,Logistic Regression,"Sc, Bu, Hemo, Pot, Bp, Bgr, Al, Pcv, Sg, Wbcc",0.5634517766497462,0.5675675675675675,0.6237623762376238,0.5943396226415094,0.5672442244224423
4,DODA,10,Random Forest,"Sc, Bu, Hemo, Pot, Bp, Bgr, Al, Pcv, Sg, Wbcc",0.48223350253807107,0.4954128440366973,0.5346534653465347,0.5142857142857142,0.49030528052805283
4,DODA,10,XGBoost,"Sc, Bu, Hemo, Pot, Bp, Bgr, Al, Pcv, Sg, Wbcc",0.48223350253807107,0.4953271028037383,0.5247524752475248,0.5096153846153846,0.47803217821782173
4,RF,15,Logistic Regression,"Sc, Pot, Hemo, Bu, Wbcc, Bp, Bgr, Age, Pcv, Rbcc, Sod, Su, Sg, Al, Dm",0.5685279187817259,0.5727272727272728,0.6237623762376238,0.5971563981042654,0.578279702970297
4,RF,15,Random Forest,"Sc, Pot, Hemo, Bu, Wbcc, Bp, Bgr, Age, Pcv, Rbcc, Sod, Su, Sg, Al, Dm",0.4720812182741117,0.4857142857142857,0.504950495049505,0.49514563106796117,0.4659653465346535
4,RF,15,XGBoost,"Sc, Pot, Hemo, Bu, Wbcc, Bp, Bgr, Age, Pcv, Rbcc, Sod, Su, Sg, Al, Dm",0.5076142131979695,0.5208333333333334,0.49504950495049505,0.5076142131979695,0.5128919141914192
4,DODA,15,Logistic Regression,"Sc, Bu, Hemo, Pot, Bp, Bgr, Al, Pcv, Sg, Wbcc, Age, Sod, Rbcc, Dm, Su",0.5685279187817259,0.5727272727272728,0.6237623762376238,0.5971563981042654,0.578279702970297
4,DODA,15,Random Forest,"Sc, Bu, Hemo, Pot, Bp, Bgr, Al, Pcv, Sg, Wbcc, Age, Sod, Rbcc, Dm, Su",0.47715736040609136,0.49074074074074076,0.5247524752475248,0.507177033492823,0.4921617161716172
4,DODA,15,XGBoost,"Sc, Bu, Hemo, Pot, Bp, Bgr, Al, Pcv, Sg, Wbcc, Age, Sod, Rbcc, Dm, Su",0.5076142131979695,0.5208333333333334,0.49504950495049505,0.5076142131979695,0.5095915841584159
4,RF,20,Logistic Regression,"Sc, Pot, Hemo, Bu, Wbcc, Bp, Bgr, Age, Pcv, Rbcc, Sod, Su, Sg, Al, Dm, Ba, Rbc, Pcc, Pe, Pc",0.5025380710659898,0.5137614678899083,0.5544554455445545,0.5333333333333333,0.543213696369637
4,RF,20,Random Forest,"Sc, Pot, Hemo, Bu, Wbcc, Bp, Bgr, Age, Pcv, Rbcc, Sod, Su, Sg, Al, Dm, Ba, Rbc, Pcc, Pe, Pc",0.5228426395939086,0.5327102803738317,0.5643564356435643,0.5480769230769231,0.5012376237623762
4,RF,20,XGBoost,"Sc, Pot, Hemo, Bu, Wbcc, Bp, Bgr, Age, Pcv, Rbcc, Sod, Su, Sg, Al, Dm, Ba, Rbc, Pcc, Pe, Pc",0.4720812182741117,0.48484848484848486,0.4752475247524752,0.48,0.49556518151815176
4,DODA,20,Logistic Regression,"Sc, Bu, Hemo, Pot, Bp, Bgr, Al, Pcv, Sg, Wbcc, Age, Sod, Rbcc, Dm, Su, Htn, Rbc, Pe, Ane, Ba",0.5126903553299492,0.5242718446601942,0.5346534653465347,0.5294117647058824,0.5388820132013201
4,DODA,20,Random Forest,"Sc, Bu, Hemo, Pot, Bp, Bgr, Al, Pcv, Sg, Wbcc, Age, Sod, Rbcc, Dm, Su, Htn, Rbc, Pe, Ane, Ba",0.49746192893401014,0.5092592592592593,0.5445544554455446,0.5263157894736842,0.5030940594059405
4,DODA,20,XGBoost,"Sc, Bu, Hemo, Pot, Bp, Bgr, Al, Pcv, Sg, Wbcc, Age, Sod, Rbcc, Dm, Su, Htn, Rbc, Pe, Ane, Ba",0.5279187817258884,0.5408163265306123,0.5247524752475248,0.5326633165829145,0.5213490099009902
5,RF,5,Logistic Regression,"Bu, Sc, Bp, Pot, Hemo",0.5431472081218274,0.5486725663716814,0.6138613861386139,0.5794392523364486,0.5457920792079208
5,RF,5,Random Forest,"Bu, Sc, Bp, Pot, Hemo",0.4873096446700508,0.5,0.5544554455445545,0.5258215962441315,0.48870668316831684
5,RF,5,XGBoost,"Bu, Sc, Bp, Pot, Hemo",0.5279187817258884,0.5344827586206896,0.6138613861386139,0.5714285714285714,0.5265057755775578
5,DODA,5,Logistic Regression,"Bu, Sc, Bp, Hemo, Pot",0.5431472081218274,0.5486725663716814,0.6138613861386139,0.5794392523364486,0.5457920792079208
5,DODA,5,Random Forest,"Bu, Sc, Bp, Hemo, Pot",0.5279187817258884,0.5357142857142857,0.594059405940594,0.5633802816901409,0.5048473597359736
5,DODA,5,XGBoost,"Bu, Sc, Bp, Hemo, Pot",0.5279187817258884,0.5344827586206896,0.6138613861386139,0.5714285714285714,0.510210396039604
5,RF,10,Logistic Regression,"Bu, Sc, Bp, Pot, Hemo, Age, Wbcc, Bgr, Pcv, Rbcc",0.5380710659898477,0.5409836065573771,0.6534653465346535,0.5919282511210763,0.543523102310231
5,RF,10,Random Forest,"Bu, Sc, Bp, Pot, Hemo, Age, Wbcc, Bgr, Pcv, Rbcc",0.47715736040609136,0.49,0.48514851485148514,0.48756218905472637,0.4898927392739274
5,RF,10,XGBoost,"Bu, Sc, Bp, Pot, Hemo, Age, Wbcc, Bgr, Pcv, Rbcc",0.49746192893401014,0.5092592592592593,0.5445544554455446,0.5263157894736842,0.5021658415841584
5,DODA,10,Logistic Regression,"Bu, Sc, Bp, Hemo, Pot, Al, Age, Bgr, Pcv, Sg",0.5177664974619289,0.5241935483870968,0.6435643564356436,0.5777777777777777,0.5238242574257426
5,DODA,10,Random Forest,"Bu, Sc, Bp, Hemo, Pot, Al, Age, Bgr, Pcv, Sg",0.48223350253807107,0.4954128440366973,0.5346534653465347,0.5142857142857142,0.489480198019802
5,DODA,10,XGBoost,"Bu, Sc, Bp, Hemo, Pot, Al, Age, Bgr, Pcv, Sg",0.49238578680203043,0.5045871559633027,0.5445544554455446,0.5238095238095238,0.507013201320132
5,RF,15,Logistic Regression,"Bu, Sc, Bp, Pot, Hemo, Age, Wbcc, Bgr, Pcv, Rbcc, Sod, Al, Su, Sg, Ba",0.5329949238578681,0.5384615384615384,0.6237623762376238,0.5779816513761468,0.5408415841584159
5,RF,15,Random Forest,"Bu, Sc, Bp, Pot, Hemo, Age, Wbcc, Bgr, Pcv, Rbcc, Sod, Al, Su, Sg, Ba",0.4720812182741117,0.4864864864864865,0.5346534653465347,0.5094339622641509,0.4811778052805281
5,RF,15,XGBoost,"Bu, Sc, Bp, Pot, Hemo, Age, Wbcc, Bgr, Pcv, Rbcc, Sod, Al, Su, Sg, Ba",0.4720812182741117,0.48717948717948717,0.5643564356435643,0.5229357798165137,0.5036097359735974
5,DODA,15,Logistic Regression,"Bu, Sc, Bp, Hemo, Pot, Al, Age, Bgr, Pcv, Sg, Sod, Wbcc, Rbcc, Su, Htn",0.5076142131979695,0.5163934426229508,0.6237623762376238,0.5650224215246636,0.5190800330033003
5,DODA,15,Random Forest,"Bu, Sc, Bp, Hemo, Pot, Al, Age, Bgr, Pcv, Sg, Sod, Wbcc, Rbcc, Su, Htn",0.5228426395939086,0.5304347826086957,0.6039603960396039,0.5648148148148148,0.4990717821782178
5,DODA,15,XGBoost,"Bu, Sc, Bp, Hemo, Pot, Al, Age, Bgr, Pcv, Sg, Sod, Wbcc, Rbcc, Su, Htn",0.49746192893401014,0.509090909090909,0.5544554455445545,0.5308056872037915,0.5180486798679869
5,RF,20,Logistic Regression,"Bu, Sc, Bp, Pot, Hemo, Age, Wbcc, Bgr, Pcv, Rbcc, Sod, Al, Su, Sg, Ba, Pc, Pcc, Ane, Appet, Cad",0.4873096446700508,0.5,0.5841584158415841,0.5388127853881278,0.5252681518151815
5,RF,20,Random Forest,"Bu, Sc, Bp, Pot, Hemo, Age, Wbcc, Bgr, Pcv, Rbcc, Sod, Al, Su, Sg, Ba, Pc, Pcc, Ane, Appet, Cad",0.49238578680203043,0.5043478260869565,0.5742574257425742,0.5370370370370371,0.5083539603960396
5,RF,20,XGBoost,"Bu, Sc, Bp, Pot, Hemo, Age, Wbcc, Bgr, Pcv, Rbcc, Sod, Al, Su, Sg, Ba, Pc, Pcc, Ane, Appet, Cad",0.48223350253807107,0.49557522123893805,0.5544554455445545,0.5233644859813084,0.5177392739273927
5,DODA,20,Logistic Regression,"Bu, Sc, Bp, Hemo, Pot, Al, Age, Bgr, Pcv, Sg, Sod, Wbcc, Rbcc, Su, Htn, Ane, Pc, Dm, Ba, Pcc",0.5076142131979695,0.5175438596491229,0.5841584158415841,0.5488372093023256,0.5214521452145214
5,DODA,20,Random Forest,"Bu, Sc, Bp, Hemo, Pot, Al, Age, Bgr, Pcv, Sg, Sod, Wbcc, Rbcc, Su, Htn, Ane, Pc, Dm, Ba, Pcc",0.5431472081218274,0.5478260869565217,0.6237623762376238,0.5833333333333334,0.5355816831683169
5,DODA,20,XGBoost,"Bu, Sc, Bp, Hemo, Pot, Al, Age, Bgr, Pcv, Sg, Sod, Wbcc, Rbcc, Su, Htn, Ane, Pc, Dm, Ba, Pcc",0.4720812182741117,0.4864864864864865,0.5346534653465347,0.5094339622641509,0.5086633663366336
6,RF,5,Logistic Regression,"Bu, Bp, Wbcc, Pot, Bgr",0.5555555555555556,0.5546218487394958,0.6534653465346535,0.6,0.5700724711646422
6,RF,5,Random Forest,"Bu, Bp, Wbcc, Pot, Bgr",0.5505050505050505,0.5555555555555556,0.594059405940594,0.5741626794258373,0.5186281514749413
6,RF,5,XGBoost,"Bu, Bp, Wbcc, Pot, Bgr",0.5353535353535354,0.5412844036697247,0.5841584158415841,0.5619047619047619,0.5527202204756558
6,DODA,5,Logistic Regression,"Bu, Bp, Sc, Pot, Bgr",0.5606060606060606,0.559322033898305,0.6534653465346535,0.6027397260273972,0.5782382361947535
6,DODA,5,Random Forest,"Bu, Bp, Sc, Pot, Bgr",0.5404040404040404,0.5471698113207547,0.5742574257425742,0.5603864734299517,0.5553230580790037
6,DODA,5,XGBoost,"Bu, Bp, Sc, Pot, Bgr",0.5808080808080808,0.5818181818181818,0.6336633663366337,0.6066350710900474,0.6037562519138512
6,RF,10,Logistic Regression,"Bu, Bp, Wbcc, Pot, Bgr, Hemo, Sc, Age, Pcv, Sod",0.5353535353535354,0.5365853658536586,0.6534653465346535,0.5892857142857143,0.5364907624783097
6,RF,10,Random Forest,"Bu, Bp, Wbcc, Pot, Bgr, Hemo, Sc, Age, Pcv, Sod",0.5303030303030303,0.5377358490566038,0.5643564356435643,0.5507246376811594,0.5536388690415434
6,RF,10,XGBoost,"Bu, Bp, Wbcc, Pot, Bgr, Hemo, Sc, Age, Pcv, Sod",0.5303030303030303,0.5370370370370371,0.5742574257425742,0.5550239234449761,0.5605797693171379
6,DODA,10,Logistic Regression,"Bu, Bp, Sc, Pot, Bgr, Hemo, Al, Wbcc, Pcv, Age",0.5505050505050505,0.55,0.6534653465346535,0.5972850678733032,0.5468000408288252
6,DODA,10,Random Forest,"Bu, Bp, Sc, Pot, Bgr, Hemo, Al, Wbcc, Pcv, Age",0.5252525252525253,0.5321100917431193,0.5742574257425742,0.5523809523809524,0.5579258956823517
6,DODA,10,XGBoost,"Bu, Bp, Sc, Pot, Bgr, Hemo, Al, Wbcc, Pcv, Age",0.5555555555555556,0.5596330275229358,0.6039603960396039,0.580952380952381,0.5871185056649995
6,RF,15,Logistic Regression,"Bu, Bp, Wbcc, Pot, Bgr, Hemo, Sc, Age, Pcv, Sod, Rbcc, Al, Su, Sg, Ba",0.5050505050505051,0.5135135135135135,0.5643564356435643,0.5377358490566038,0.5209758089210983
6,RF,15,Random Forest,"Bu, Bp, Wbcc, Pot, Bgr, Hemo, Sc, Age, Pcv, Sod, Rbcc, Al, Su, Sg, Ba",0.47474747474747475,0.4854368932038835,0.49504950495049505,0.49019607843137253,0.5019393691946514
6,RF,15,XGBoost,"Bu, Bp, Wbcc, Pot, Bgr, Hemo, Sc, Age, Pcv, Sod, Rbcc, Al, Su, Sg, Ba",0.5303030303030303,0.54,0.5346534653465347,0.5373134328358209,0.5363886904154334
6,DODA,15,Logistic Regression,"Bu, Bp, Sc, Pot, Bgr, Hemo, Al, Wbcc, Pcv, Age, Sg, Sod, Rbcc, Dm, Htn",0.5151515151515151,0.5229357798165137,0.5643564356435643,0.5428571428571428,0.5207716647953455
6,DODA,15,Random Forest,"Bu, Bp, Sc, Pot, Bgr, Hemo, Al, Wbcc, Pcv, Age, Sg, Sod, Rbcc, Dm, Htn",0.4898989898989899,0.5,0.5544554455445545,0.5258215962441315,0.4933142798815965
6,DODA,15,XGBoost,"Bu, Bp, Sc, Pot, Bgr, Hemo, Al, Wbcc, Pcv, Age, Sg, Sod, Rbcc, Dm, Htn",0.4898989898989899,0.5,0.48514851485148514,0.49246231155778897,0.5177095029090538
6,RF,20,Logistic Regression,"Bu, Bp, Wbcc, Pot, Bgr, Hemo, Sc, Age, Pcv, Sod, Rbcc, Al, Su, Sg, Ba, Appet, Dm, Pc, Htn, Ane",0.5050505050505051,0.5135135135135135,0.5643564356435643,0.5377358490566038,0.5113810350107176
6,RF,20,Random Forest,"Bu, Bp, Wbcc, Pot, Bgr, Hemo, Sc, Age, Pcv, Sod, Rbcc, Al, Su, Sg, Ba, Appet, Dm, Pc, Htn, Ane",0.45454545454545453,0.46956521739130436,0.5346534653465347,0.5,0.49290599163009086
6,RF,20,XGBoost,"Bu, Bp, Wbcc, Pot, Bgr, Hemo, Sc, Age, Pcv, Sod, Rbcc, Al, Su, Sg, Ba, Appet, Dm, Pc, Htn, Ane",0.5202020202020202,0.5283018867924528,0.5544554455445545,0.5410628019323671,0.5176074308461773
6,DODA,20,Logistic Regression,"Bu, Bp, Sc, Pot, Bgr, Hemo, Al, Wbcc, Pcv, Age, Sg, Sod, Rbcc, Dm, Htn, Su, Ane, Ba, Pc, Appet",0.5050505050505051,0.5135135135135135,0.5643564356435643,0.5377358490566038,0.5113810350107176
6,DODA,20,Random Forest,"Bu, Bp, Sc, Pot, Bgr, Hemo, Al, Wbcc, Pcv, Age, Sg, Sod, Rbcc, Dm, Htn, Su, Ane, Ba, Pc, Appet",0.4898989898989899,0.5,0.5346534653465347,0.5167464114832536,0.502347657446157
6,DODA,20,XGBoost,"Bu, Bp, Sc, Pot, Bgr, Hemo, Al, Wbcc, Pcv, Age, Sg, Sod, Rbcc, Dm, Htn, Su, Ane, Ba, Pc, Appet",0.494949494949495,0.5047619047619047,0.5247524752475248,0.5145631067961165,0.5027049096662244
7,RF,5,Logistic Regression,"Sc, Bu, Pot, Hemo, Bp",0.5151515151515151,0.5272727272727272,0.5686274509803921,0.5471698113207547,0.5222630718954249
7,RF,5,Random Forest,"Sc, Bu, Pot, Hemo, Bp",0.5252525252525253,0.54,0.5294117647058824,0.5346534653465347,0.5084252450980392
7,RF,5,XGBoost,"Sc, Bu, Pot, Hemo, Bp",0.5252525252525253,0.5350877192982456,0.5980392156862745,0.5648148148148148,0.48968545751633985
7,DODA,5,Logistic Regression,"Sc, Bu, Bp, Hemo, Pot",0.5151515151515151,0.5272727272727272,0.5686274509803921,0.5471698113207547,0.5222630718954249
7,DODA,5,Random Forest,"Sc, Bu, Bp, Hemo, Pot",0.5303030303030303,0.5454545454545454,0.5294117647058824,0.5373134328358209,0.5082209967320261
7,DODA,5,XGBoost,"Sc, Bu, Bp, Hemo, Pot",0.5252525252525253,0.5370370370370371,0.5686274509803921,0.5523809523809524,0.49142156862745096
7,RF,10,Logistic Regression,"Sc, Bu, Pot, Hemo, Bp, Wbcc, Age, Bgr, Pcv, Rbcc",0.5555555555555556,0.5614035087719298,0.6274509803921569,0.5925925925925926,0.5380923202614379
7,RF,10,Random Forest,"Sc, Bu, Pot, Hemo, Bp, Wbcc, Age, Bgr, Pcv, Rbcc",0.5,0.5154639175257731,0.49019607843137253,0.5025125628140703,0.48590686274509803
7,RF,10,XGBoost,"Sc, Bu, Pot, Hemo, Bp, Wbcc, Age, Bgr, Pcv, Rbcc",0.5,0.5145631067961165,0.5196078431372549,0.5170731707317073,0.5072508169934641
7,DODA,10,Logistic Regression,"Sc, Bu, Bp, Hemo, Pot, Al, Bgr, Pcv, Age, Sg",0.5,0.5128205128205128,0.5882352941176471,0.547945205479452,0.5362540849673202
7,DODA,10,Random Forest,"Sc, Bu, Bp, Hemo, Pot, Al, Bgr, Pcv, Age, Sg",0.51010101010101,0.5247524752475248,0.5196078431372549,0.5221674876847291,0.5105698529411765
7,DODA,10,XGBoost,"Sc, Bu, Bp, Hemo, Pot, Al, Bgr, Pcv, Age, Sg",0.5606060606060606,0.5728155339805825,0.5784313725490197,0.5756097560975609,0.5285947712418301
7,RF,15,Logistic Regression,"Sc, Bu, Pot, Hemo, Bp, Wbcc, Age, Bgr, Pcv, Rbcc, Sod, Su, Al, Sg, Pcc",0.4797979797979798,0.4956521739130435,0.5588235294117647,0.5253456221198156,0.5037785947712419
7,RF,15,Random Forest,"Sc, Bu, Pot, Hemo, Bp, Wbcc, Age, Bgr, Pcv, Rbcc, Sod, Su, Al, Sg, Pcc",0.51010101010101,0.5233644859813084,0.5490196078431373,0.5358851674641149,0.4966809640522876
7,RF,15,XGBoost,"Sc, Bu, Pot, Hemo, Bp, Wbcc, Age, Bgr, Pcv, Rbcc, Sod, Su, Al, Sg, Pcc",0.5151515151515151,0.5288461538461539,0.5392156862745098,0.5339805825242718,0.4705882352941177
7,DODA,15,Logistic Regression,"Sc, Bu, Bp, Hemo, Pot, Al, Bgr, Pcv, Age, Sg, Wbcc, Sod, Rbcc, Htn, Dm",0.5404040404040404,0.5495495495495496,0.5980392156862745,0.5727699530516432,0.5320669934640523
7,DODA,15,Random Forest,"Sc, Bu, Bp, Hemo, Pot, Al, Bgr, Pcv, Age, Sg, Wbcc, Sod, Rbcc, Htn, Dm",0.5202020202020202,0.5339805825242718,0.5392156862745098,0.5365853658536586,0.5083231209150327
7,DODA,15,XGBoost,"Sc, Bu, Bp, Hemo, Pot, Al, Bgr, Pcv, Age, Sg, Wbcc, Sod, Rbcc, Htn, Dm",0.5202020202020202,0.5321100917431193,0.5686274509803921,0.5497630331753555,0.5027573529411765
7,RF,20,Logistic Regression,"Sc, Bu, Pot, Hemo, Bp, Wbcc, Age, Bgr, Pcv, Rbcc, Sod, Su, Al, Sg, Pcc, Ba, Dm, Htn, Cad, Rbc",0.4898989898989899,0.5045045045045045,0.5490196078431373,0.5258215962441315,0.5080678104575163
7,RF,20,Random Forest,"Sc, Bu, Pot, Hemo, Bp, Wbcc, Age, Bgr, Pcv, Rbcc, Sod, Su, Al, Sg, Pcc, Ba, Dm, Htn, Cad, Rbc",0.51010101010101,0.5229357798165137,0.5588235294117647,0.5402843601895735,0.48468137254901955
7,RF,20,XGBoost,"Sc, Bu, Pot, Hemo, Bp, Wbcc, Age, Bgr, Pcv, Rbcc, Sod, Su, Al, Sg, Pcc, Ba, Dm, Htn, Cad, Rbc",0.5353535353535354,0.5454545454545454,0.5882352941176471,0.5660377358490566,0.49857026143790845
7,DODA,20,Logistic Regression,"Sc, Bu, Bp, Hemo, Pot, Al, Bgr, Pcv, Age, Sg, Wbcc, Sod, Rbcc, Htn, Dm, Su, Ane, Pcc, Ba, Rbc",0.48484848484848486,0.5,0.5490196078431373,0.5233644859813084,0.4990808823529412
7,DODA,20,Random Forest,"Sc, Bu, Bp, Hemo, Pot, Al, Bgr, Pcv, Age, Sg, Wbcc, Sod, Rbcc, Htn, Dm, Su, Ane, Pcc, Ba, Rbc",0.5202020202020202,0.5327102803738317,0.5588235294117647,0.5454545454545454,0.4892769607843137
7,DODA,20,XGBoost,"Sc, Bu, Bp, Hemo, Pot, Al, Bgr, Pcv, Age, Sg, Wbcc, Sod, Rbcc, Htn, Dm, Su, Ane, Pcc, Ba, Rbc",0.4797979797979798,0.4953271028037383,0.5196078431372549,0.507177033492823,0.47937091503267976
8,RF,5,Logistic Regression,"Wbcc, Sc, Bu, Pot, Hemo",0.4898989898989899,0.5040650406504065,0.6078431372549019,0.5511111111111111,0.4703839869281046
8,RF,5,Random Forest,"Wbcc, Sc, Bu, Pot, Hemo",0.5151515151515151,0.5263157894736842,0.5882352941176471,0.5555555555555556,0.5215992647058824
8,RF,5,XGBoost,"Wbcc, Sc, Bu, Pot, Hemo",0.5252525252525253,0.5344827586206896,0.6078431372549019,0.5688073394495413,0.5550449346405228
8,DODA,5,Logistic Regression,"Sc, Bu, Bp, Hemo, Pot",0.6060606060606061,0.603448275862069,0.6862745098039216,0.6422018348623854,0.5947712418300654
8,DODA,5,Random Forest,"Sc, Bu, Bp, Hemo, Pot",0.51010101010101,0.5225225225225225,0.5686274509803921,0.5446009389671361,0.5290543300653595
8,DODA,5,XGBoost,"Sc, Bu, Bp, Hemo, Pot",0.5656565656565656,0.5701754385964912,0.6372549019607843,0.6018518518518519,0.5794526143790849
8,RF,10,Logistic Regression,"Wbcc, Sc, Bu, Pot, Hemo, Bp, Bgr, Age, Pcv, Rbcc",0.5606060606060606,0.5652173913043478,0.6372549019607843,0.5990783410138248,0.5806781045751634
8,RF,10,Random Forest,"Wbcc, Sc, Bu, Pot, Hemo, Bp, Bgr, Age, Pcv, Rbcc",0.5404040404040404,0.5454545454545454,0.6470588235294118,0.5919282511210763,0.5728145424836601
8,RF,10,XGBoost,"Wbcc, Sc, Bu, Pot, Hemo, Bp, Bgr, Age, Pcv, Rbcc",0.5757575757575758,0.5725806451612904,0.696078431372549,0.6283185840707964,0.60406454248366
8,DODA,10,Logistic Regression,"Sc, Bu, Bp, Hemo, Pot, Wbcc, Al, Bgr, Pcv, Age",0.5555555555555556,0.5614035087719298,0.6274509803921569,0.5925925925925926,0.5741421568627451
8,DODA,10,Random Forest,"Sc, Bu, Bp, Hemo, Pot, Wbcc, Al, Bgr, Pcv, Age",0.5555555555555556,0.5603448275862069,0.6372549019607843,0.5963302752293578,0.5691380718954249
8,DODA,10,XGBoost,"Sc, Bu, Bp, Hemo, Pot, Wbcc, Al, Bgr, Pcv, Age",0.5555555555555556,0.5573770491803278,0.6666666666666666,0.6071428571428571,0.5895629084967321
8,RF,15,Logistic Regression,"Wbcc, Sc, Bu, Pot, Hemo, Bp, Bgr, Age, Pcv, Rbcc, Sod, Al, Su, Sg, Ba",0.5303030303030303,0.5420560747663551,0.5686274509803921,0.5550239234449761,0.5790441176470588
8,RF,15,Random Forest,"Wbcc, Sc, Bu, Pot, Hemo, Bp, Bgr, Age, Pcv, Rbcc, Sod, Al, Su, Sg, Ba",0.5505050505050505,0.5555555555555556,0.6372549019607843,0.593607305936073,0.573937908496732
8,RF,15,XGBoost,"Wbcc, Sc, Bu, Pot, Hemo, Bp, Bgr, Age, Pcv, Rbcc, Sod, Al, Su, Sg, Ba",0.6262626262626263,0.6129032258064516,0.7450980392156863,0.672566371681416,0.6162173202614378
8,DODA,15,Logistic Regression,"Sc, Bu, Bp, Hemo, Pot, Wbcc, Al, Bgr, Pcv, Age, Sg, Sod, Rbcc, Su, Htn",0.5606060606060606,0.5652173913043478,0.6372549019607843,0.5990783410138248,0.5881331699346405
8,DODA,15,Random Forest,"Sc, Bu, Bp, Hemo, Pot, Wbcc, Al, Bgr, Pcv, Age, Sg, Sod, Rbcc, Su, Htn",0.5707070707070707,0.5702479338842975,0.6764705882352942,0.6188340807174888,0.5799121732026143
8,DODA,15,XGBoost,"Sc, Bu, Bp, Hemo, Pot, Wbcc, Al, Bgr, Pcv, Age, Sg, Sod, Rbcc, Su, Htn",0.5959595959595959,0.5873015873015873,0.7254901960784313,0.6491228070175439,0.5987540849673203
8,RF,20,Logistic Regression,"Wbcc, Sc, Bu, Pot, Hemo, Bp, Bgr, Age, Pcv, Rbcc, Sod, Al, Su, Sg, Ba, Cad, Pe, Appet, Rbc, Dm",0.5404040404040404,0.5495495495495496,0.5980392156862745,0.5727699530516432,0.5434027777777778
8,RF,20,Random Forest,"Wbcc, Sc, Bu, Pot, Hemo, Bp, Bgr, Age, Pcv, Rbcc, Sod, Al, Su, Sg, Ba, Cad, Pe, Appet, Rbc, Dm",0.5656565656565656,0.5645161290322581,0.6862745098039216,0.6194690265486725,0.5751123366013072
8,RF,20,XGBoost,"Wbcc, Sc, Bu, Pot, Hemo, Bp, Bgr, Age, Pcv, Rbcc, Sod, Al, Su, Sg, Ba, Cad, Pe, Appet, Rbc, Dm",0.5909090909090909,0.5826771653543307,0.7254901960784313,0.6462882096069869,0.5833333333333334
8,DODA,20,Logistic Regression,"Sc, Bu, Bp, Hemo, Pot, Wbcc, Al, Bgr, Pcv, Age, Sg, Sod, Rbcc, Su, Htn, Dm, Pe, Cad, Ba, Rbc",0.5404040404040404,0.5504587155963303,0.5882352941176471,0.5687203791469194,0.5441176470588235
8,DODA,20,Random Forest,"Sc, Bu, Bp, Hemo, Pot, Wbcc, Al, Bgr, Pcv, Age, Sg, Sod, Rbcc, Su, Htn, Dm, Pe, Cad, Ba, Rbc",0.5707070707070707,0.5669291338582677,0.7058823529411765,0.62882096069869,0.5656147875816995
8,DODA,20,XGBoost,"Sc, Bu, Bp, Hemo, Pot, Wbcc, Al, Bgr, Pcv, Age, Sg, Sod, Rbcc, Su, Htn, Dm, Pe, Cad, Ba, Rbc",0.5858585858585859,0.578125,0.7254901960784313,0.6434782608695652,0.5901756535947712
9,RF,5,Logistic Regression,"Sc, Bu, Bp, Wbcc, Bgr",0.5177664974619289,0.5254237288135594,0.6138613861386139,0.5662100456621004,0.49381188118811886
9,RF,5,Random Forest,"Sc, Bu, Bp, Wbcc, Bgr",0.467005076142132,0.4811320754716981,0.504950495049505,0.4927536231884058,0.4796823432343234
9,RF,5,XGBoost,"Sc, Bu, Bp, Wbcc, Bgr",0.5532994923857868,0.5643564356435643,0.5643564356435643,0.5643564356435643,0.5682755775577558
9,DODA,5,Logistic Regression,"Sc, Bu, Bp, Bgr, Hemo",0.5025380710659898,0.5132743362831859,0.5742574257425742,0.5420560747663551,0.5046410891089109
9,DODA,5,Random Forest,"Sc, Bu, Bp, Bgr, Hemo",0.5786802030456852,0.5803571428571429,0.6435643564356436,0.6103286384976526,0.5986489273927392
9,DODA,5,XGBoost,"Sc, Bu, Bp, Bgr, Hemo",0.5736040609137056,0.5841584158415841,0.5841584158415841,0.5841584158415841,0.623556105610561
9,RF,10,Logistic Regression,"Sc, Bu, Bp, Wbcc, Bgr, Pot, Hemo, Age, Rbcc, Pcv",0.5025380710659898,0.5135135135135135,0.5643564356435643,0.5377358490566038,0.5037128712871287
9,RF,10,Random Forest,"Sc, Bu, Bp, Wbcc, Bgr, Pot, Hemo, Age, Rbcc, Pcv",0.467005076142132,0.4807692307692308,0.49504950495049505,0.4878048780487805,0.5146967821782179
9,RF,10,XGBoost,"Sc, Bu, Bp, Wbcc, Bgr, Pot, Hemo, Age, Rbcc, Pcv",0.5177664974619289,0.5277777777777778,0.5643564356435643,0.5454545454545454,0.5613655115511551
9,DODA,10,Logistic Regression,"Sc, Bu, Bp, Bgr, Hemo, Al, Pot, Wbcc, Pcv, Age",0.49746192893401014,0.5092592592592593,0.5445544554455446,0.5263157894736842,0.4674092409240925
9,DODA,10,Random Forest,"Sc, Bu, Bp, Bgr, Hemo, Al, Pot, Wbcc, Pcv, Age",0.48223350253807107,0.4953271028037383,0.5247524752475248,0.5096153846153846,0.5116027227722773
9,DODA,10,XGBoost,"Sc, Bu, Bp, Bgr, Hemo, Al, Pot, Wbcc, Pcv, Age",0.5228426395939086,0.5315315315315315,0.5841584158415841,0.5566037735849056,0.5426980198019802
9,RF,15,Logistic Regression,"Sc, Bu, Bp, Wbcc, Bgr, Pot, Hemo, Age, Rbcc, Pcv, Sod, Al, Su, Sg, Ba",0.5126903553299492,0.5217391304347826,0.594059405940594,0.5555555555555556,0.4879331683168317
9,RF,15,Random Forest,"Sc, Bu, Bp, Wbcc, Bgr, Pot, Hemo, Age, Rbcc, Pcv, Sod, Al, Su, Sg, Ba",0.48223350253807107,0.4954954954954955,0.5445544554455446,0.5188679245283019,0.5180486798679867
9,RF,15,XGBoost,"Sc, Bu, Bp, Wbcc, Bgr, Pot, Hemo, Age, Rbcc, Pcv, Sod, Al, Su, Sg, Ba",0.5279187817258884,0.5363636363636364,0.5841584158415841,0.5592417061611374,0.5467202970297029
9,DODA,15,Logistic Regression,"Sc, Bu, Bp, Bgr, Hemo, Al, Pot, Wbcc, Pcv, Age, Sg, Rbcc, Sod, Dm, Htn",0.4467005076142132,0.46226415094339623,0.48514851485148514,0.47342995169082125,0.47349422442244227
9,DODA,15,Random Forest,"Sc, Bu, Bp, Bgr, Hemo, Al, Pot, Wbcc, Pcv, Age, Sg, Rbcc, Sod, Dm, Htn",0.49746192893401014,0.5096153846153846,0.5247524752475248,0.5170731707317073,0.5141295379537953
9,DODA,15,XGBoost,"Sc, Bu, Bp, Bgr, Hemo, Al, Pot, Wbcc, Pcv, Age, Sg, Rbcc, Sod, Dm, Htn",0.5329949238578681,0.5436893203883495,0.5544554455445545,0.5490196078431373,0.5646658415841584
9,RF,20,Logistic Regression,"Sc, Bu, Bp, Wbcc, Bgr, Pot, Hemo, Age, Rbcc, Pcv, Sod, Al, Su, Sg, Ba, Dm, Pc, Htn, Rbc, Ane",0.5279187817258884,0.5357142857142857,0.594059405940594,0.5633802816901409,0.470812706270627
9,RF,20,Random Forest,"Sc, Bu, Bp, Wbcc, Bgr, Pot, Hemo, Age, Rbcc, Pcv, Sod, Al, Su, Sg, Ba, Dm, Pc, Htn, Rbc, Ane",0.49238578680203043,0.5047619047619047,0.5247524752475248,0.5145631067961165,0.539707095709571
9,RF,20,XGBoost,"Sc, Bu, Bp, Wbcc, Bgr, Pot, Hemo, Age, Rbcc, Pcv, Sod, Al, Su, Sg, Ba, Dm, Pc, Htn, Rbc, Ane",0.5025380710659898,0.5135135135135135,0.5643564356435643,0.5377358490566038,0.5303217821782178
9,DODA,20,Logistic Regression,"Sc, Bu, Bp, Bgr, Hemo, Al, Pot, Wbcc, Pcv, Age, Sg, Rbcc, Sod, Dm, Htn, Su, Ane, Pc, Ba, Rbc",0.5279187817258884,0.5357142857142857,0.594059405940594,0.5633802816901409,0.470812706270627
9,DODA,20,Random Forest,"Sc, Bu, Bp, Bgr, Hemo, Al, Pot, Wbcc, Pcv, Age, Sg, Rbcc, Sod, Dm, Htn, Su, Ane, Pc, Ba, Rbc",0.467005076142132,0.48148148148148145,0.5148514851485149,0.49760765550239233,0.49664810231023104
9,DODA,20,XGBoost,"Sc, Bu, Bp, Bgr, Hemo, Al, Pot, Wbcc, Pcv, Age, Sg, Rbcc, Sod, Dm, Htn, Su, Ane, Pc, Ba, Rbc",0.5583756345177665,0.5625,0.6237623762376238,0.5915492957746479,0.5456889438943895
10,RF,5,Logistic Regression,"Sc, Bp, Pot, Hemo, Wbcc",0.5126903553299492,0.5247524752475248,0.5247524752475248,0.5247524752475248,0.4872112211221122
10,RF,5,Random Forest,"Sc, Bp, Pot, Hemo, Wbcc",0.5126903553299492,0.5247524752475248,0.5247524752475248,0.5247524752475248,0.5188221947194719
10,RF,5,XGBoost,"Sc, Bp, Pot, Hemo, Wbcc",0.49746192893401014,0.5104166666666666,0.48514851485148514,0.49746192893401014,0.5222772277227723
10,DODA,5,Logistic Regression,"Sc, Bp, Bu, Hemo, Pot",0.5228426395939086,0.5346534653465347,0.5346534653465347,0.5346534653465347,0.49804042904290435
10,DODA,5,Random Forest,"Sc, Bp, Bu, Hemo, Pot",0.5279187817258884,0.5416666666666666,0.5148514851485149,0.5279187817258884,0.5426464521452146
10,DODA,5,XGBoost,"Sc, Bp, Bu, Hemo, Pot",0.5329949238578681,0.5517241379310345,0.4752475247524752,0.5106382978723404,0.5334158415841583
10,RF,10,Logistic Regression,"Sc, Bp, Pot, Hemo, Wbcc, Bu, Bgr, Age, Pcv, Rbcc",0.5177664974619289,0.53125,0.504950495049505,0.5177664974619289,0.4984529702970297
10,RF,10,Random Forest,"Sc, Bp, Pot, Hemo, Wbcc, Bu, Bgr, Age, Pcv, Rbcc",0.49238578680203043,0.5061728395061729,0.40594059405940597,0.45054945054945056,0.48592202970297027
10,RF,10,XGBoost,"Sc, Bp, Pot, Hemo, Wbcc, Bu, Bgr, Age, Pcv, Rbcc",0.5329949238578681,0.5542168674698795,0.45544554455445546,0.5,0.5223803630363036
10,DODA,10,Logistic Regression,"Sc, Bp, Bu, Hemo, Pot, Bgr, Al, Pcv, Sg, Wbcc",0.5076142131979695,0.5188679245283019,0.5445544554455446,0.5314009661835749,0.4932962046204621
10,DODA,10,Random Forest,"Sc, Bp, Bu, Hemo, Pot, Bgr, Al, Pcv, Sg, Wbcc",0.49238578680203043,0.5054945054945055,0.45544554455445546,0.4791666666666667,0.49778259075907594
10,DODA,10,XGBoost,"Sc, Bp, Bu, Hemo, Pot, Bgr, Al, Pcv, Sg, Wbcc",0.49238578680203043,0.5053763440860215,0.46534653465346537,0.4845360824742268,0.5201113861386139
10,RF,15,Logistic Regression,"Sc, Bp, Pot, Hemo, Wbcc, Bu, Bgr, Age, Pcv, Rbcc, Sod, Su, Sg, Al, Pe",0.5025380710659898,0.5145631067961165,0.5247524752475248,0.5196078431372549,0.4841171617161716
10,RF,15,Random Forest,"Sc, Bp, Pot, Hemo, Wbcc, Bu, Bgr, Age, Pcv, Rbcc, Sod, Su, Sg, Al, Pe",0.5076142131979695,0.5222222222222223,0.46534653465346537,0.49214659685863876,0.509075907590759
10,RF,15,XGBoost,"Sc, Bp, Pot, Hemo, Wbcc, Bu, Bgr, Age, Pcv, Rbcc, Sod, Su, Sg, Al, Pe",0.5076142131979695,0.5217391304347826,0.4752475247524752,0.49740932642487046,0.5170173267326732
10,DODA,15,Logistic Regression,"Sc, Bp, Bu, Hemo, Pot, Bgr, Al, Pcv, Sg, Wbcc, Age, Sod, Rbcc, Dm, Su",0.47715736040609136,0.4897959183673469,0.4752475247524752,0.4824120603015075,0.46895627062706263
10,DODA,15,Random Forest,"Sc, Bp, Bu, Hemo, Pot, Bgr, Al, Pcv, Sg, Wbcc, Age, Sod, Rbcc, Dm, Su",0.5279187817258884,0.5444444444444444,0.48514851485148514,0.5130890052356021,0.5265057755775577
10,DODA,15,XGBoost,"Sc, Bp, Bu, Hemo, Pot, Bgr, Al, Pcv, Sg, Wbcc, Age, Sod, Rbcc, Dm, Su",0.5177664974619289,0.532608695652174,0.48514851485148514,0.5077720207253886,0.5149546204620462
10,RF,20,Logistic Regression,"Sc, Bp, Pot, Hemo, Wbcc, Bu, Bgr, Age, Pcv, Rbcc, Sod, Su, Sg, Al, Pe, Pcc, Dm, Cad, Appet, Ba",0.5076142131979695,0.52,0.5148514851485149,0.5174129353233831,0.4726691419141914
10,RF,20,Random Forest,"Sc, Bp, Pot, Hemo, Wbcc, Bu, Bgr, Age, Pcv, Rbcc, Sod, Su, Sg, Al, Pe, Pcc, Dm, Cad, Appet, Ba",0.5228426395939086,0.5376344086021505,0.49504950495049505,0.5154639175257731,0.5146452145214521
10,RF,20,XGBoost,"Sc, Bp, Pot, Hemo, Wbcc, Bu, Bgr, Age, Pcv, Rbcc, Sod, Su, Sg, Al, Pe, Pcc, Dm, Cad, Appet, Ba",0.5329949238578681,0.5529411764705883,0.46534653465346537,0.5053763440860215,0.5093853135313532
10,DODA,20,Logistic Regression,"Sc, Bp, Bu, Hemo, Pot, Bgr, Al, Pcv, Sg, Wbcc, Age, Sod, Rbcc, Dm, Su, Pe, Htn, Pcc, Cad, Ane",0.49238578680203043,0.5052631578947369,0.4752475247524752,0.4897959183673469,0.46091171617161714
10,DODA,20,Random Forest,"Sc, Bp, Bu, Hemo, Pot, Bgr, Al, Pcv, Sg, Wbcc, Age, Sod, Rbcc, Dm, Su, Pe, Htn, Pcc, Cad, Ane",0.5279187817258884,0.5425531914893617,0.504950495049505,0.5230769230769231,0.5289294554455446
10,DODA,20,XGBoost,"Sc, Bp, Bu, Hemo, Pot, Bgr, Al, Pcv, Sg, Wbcc, Age, Sod, Rbcc, Dm, Su, Pe, Htn, Pcc, Cad, Ane",0.49746192893401014,0.5113636363636364,0.44554455445544555,0.47619047619047616,0.5009282178217822
11,RF,5,Logistic Regression,"Bp, Bu, Sc, Pot, Hemo",0.5555555555555556,0.5537190082644629,0.6633663366336634,0.6036036036036037,0.5178115749719301
11,RF,5,Random Forest,"Bp, Bu, Sc, Pot, Hemo",0.5656565656565656,0.5742574257425742,0.5742574257425742,0.5742574257425742,0.5533836888843523
11,RF,5,XGBoost,"Bp, Bu, Sc, Pot, Hemo",0.5202020202020202,0.5306122448979592,0.5148514851485149,0.5226130653266332,0.5556803102990711
11,DODA,5,Logistic Regression,"Sc, Bu, Bp, Hemo, Pot",0.5555555555555556,0.5537190082644629,0.6633663366336634,0.6036036036036037,0.5178115749719301
11,DODA,5,Random Forest,"Sc, Bu, Bp, Hemo, Pot",0.5505050505050505,0.56,0.5544554455445545,0.5572139303482587,0.556445850770644
11,DODA,5,XGBoost,"Sc, Bu, Bp, Hemo, Pot",0.5353535353535354,0.5428571428571428,0.5643564356435643,0.5533980582524272,0.5631315708890478
11,RF,10,Logistic Regression,"Bp, Bu, Sc, Pot, Hemo, Wbcc, Bgr, Age, Pcv, Rbcc",0.5353535353535354,0.5371900826446281,0.6435643564356436,0.5855855855855856,0.5278146371338165
11,RF,10,Random Forest,"Bp, Bu, Sc, Pot, Hemo, Wbcc, Bgr, Age, Pcv, Rbcc",0.5505050505050505,0.5612244897959183,0.5445544554455446,0.5527638190954773,0.5457793202000613
11,RF,10,XGBoost,"Bp, Bu, Sc, Pot, Hemo, Wbcc, Bgr, Age, Pcv, Rbcc",0.5252525252525253,0.5353535353535354,0.5247524752475248,0.53,0.5233234663672552
11,DODA,10,Logistic Regression,"Sc, Bu, Bp, Hemo, Pot, Al, Bgr, Pcv, Age, Sg",0.5202020202020202,0.5238095238095238,0.6534653465346535,0.5814977973568282,0.5224048178013678
11,DODA,10,Random Forest,"Sc, Bu, Bp, Hemo, Pot, Al, Bgr, Pcv, Age, Sg",0.5909090909090909,0.5925925925925926,0.6336633663366337,0.6124401913875598,0.5817086863325508
11,DODA,10,XGBoost,"Sc, Bu, Bp, Hemo, Pot, Al, Bgr, Pcv, Age, Sg",0.5151515151515151,0.5252525252525253,0.5148514851485149,0.52,0.5648667959579463
11,RF,15,Logistic Regression,"Bp, Bu, Sc, Pot, Hemo, Wbcc, Bgr, Age, Pcv, Rbcc, Sod, Su, Al, Sg, Rbc",0.5,0.5084745762711864,0.594059405940594,0.547945205479452,0.5046442788608758
11,RF,15,Random Forest,"Bp, Bu, Sc, Pot, Hemo, Wbcc, Bgr, Age, Pcv, Rbcc, Sod, Su, Al, Sg, Rbc",0.5606060606060606,0.5625,0.6237623762376238,0.5915492957746479,0.5655302643666429
11,RF,15,XGBoost,"Bp, Bu, Sc, Pot, Hemo, Wbcc, Bgr, Age, Pcv, Rbcc, Sod, Su, Al, Sg, Rbc",0.5303030303030303,0.54,0.5346534653465347,0.5373134328358209,0.535776258038175
11,DODA,15,Logistic Regression,"Sc, Bu, Bp, Hemo, Pot, Al, Bgr, Pcv, Age, Sg, Wbcc, Sod, Rbcc, Htn, Su",0.5252525252525253,0.5299145299145299,0.6138613861386139,0.5688073394495413,0.511483107073594
11,DODA,15,Random Forest,"Sc, Bu, Bp, Hemo, Pot, Al, Bgr, Pcv, Age, Sg, Wbcc, Sod, Rbcc, Htn, Su",0.5505050505050505,0.5555555555555556,0.594059405940594,0.5741626794258373,0.5765030111258549
11,DODA,15,XGBoost,"Sc, Bu, Bp, Hemo, Pot, Al, Bgr, Pcv, Age, Sg, Wbcc, Sod, Rbcc, Htn, Su",0.5353535353535354,0.5420560747663551,0.5742574257425742,0.5576923076923077,0.5410840053077473
11,RF,20,Logistic Regression,"Bp, Bu, Sc, Pot, Hemo, Wbcc, Bgr, Age, Pcv, Rbcc, Sod, Su, Al, Sg, Rbc, Pcc, Htn, Pc, Ba, Cad",0.5050505050505051,0.5130434782608696,0.5841584158415841,0.5462962962962963,0.5077064407471676
11,RF,20,Random Forest,"Bp, Bu, Sc, Pot, Hemo, Wbcc, Bgr, Age, Pcv, Rbcc, Sod, Su, Al, Sg, Rbc, Pcc, Htn, Pc, Ba, Cad",0.5454545454545454,0.5514018691588785,0.5841584158415841,0.5673076923076923,0.5447585995712974
11,RF,20,XGBoost,"Bp, Bu, Sc, Pot, Hemo, Wbcc, Bgr, Age, Pcv, Rbcc, Sod, Su, Al, Sg, Rbc, Pcc, Htn, Pc, Ba, Cad",0.5505050505050505,0.5566037735849056,0.5841584158415841,0.5700483091787439,0.5402674288047362
11,DODA,20,Logistic Regression,"Sc, Bu, Bp, Hemo, Pot, Al, Bgr, Pcv, Age, Sg, Wbcc, Sod, Rbcc, Htn, Su, Rbc, Dm, Ane, Pc, Pcc",0.5353535353535354,0.5378151260504201,0.6336633663366337,0.5818181818181818,0.510972746759212
11,DODA,20,Random Forest,"Sc, Bu, Bp, Hemo, Pot, Al, Bgr, Pcv, Age, Sg, Wbcc, Sod, Rbcc, Htn, Su, Rbc, Dm, Ane, Pc, Pcc",0.5353535353535354,0.5445544554455446,0.5445544554455446,0.5445544554455446,0.5696641829131367
11,DODA,20,XGBoost,"Sc, Bu, Bp, Hemo, Pot, Al, Bgr, Pcv, Age, Sg, Wbcc, Sod, Rbcc, Htn, Su, Rbc, Dm, Ane, Pc, Pcc",0.5404040404040404,0.5510204081632653,0.5346534653465347,0.542713567839196,0.5522098601612738
12,RF,5,Logistic Regression,"Pot, Wbcc, Bu, Bgr, Bp",0.5757575757575758,0.5775862068965517,0.6568627450980392,0.6146788990825688,0.5891544117647058
12,RF,5,Random Forest,"Pot, Wbcc, Bu, Bgr, Bp",0.5555555555555556,0.5760869565217391,0.5196078431372549,0.5463917525773195,0.5446793300653594
12,RF,5,XGBoost,"Pot, Wbcc, Bu, Bgr, Bp",0.5808080808080808,0.594059405940594,0.5882352941176471,0.5911330049261084,0.538500816993464
12,DODA,5,Logistic Regression,"Bu, Sc, Pot, Bp, Bgr",0.5656565656565656,0.5701754385964912,0.6372549019607843,0.6018518518518519,0.5918096405228757
12,DODA,5,Random Forest,"Bu, Sc, Pot, Bp, Bgr",0.5303030303030303,0.5405405405405406,0.5882352941176471,0.5633802816901409,0.5378370098039216
12,DODA,5,XGBoost,"Bu, Sc, Pot, Bp, Bgr",0.5353535353535354,0.5480769230769231,0.5588235294117647,0.5533980582524272,0.542279411764706
12,RF,10,Logistic Regression,"Pot, Wbcc, Bu, Bgr, Bp, Sc, Hemo, Age, Rbcc, Pcv",0.5909090909090909,0.5963302752293578,0.6372549019607843,0.6161137440758294,0.5861928104575164
12,RF,10,Random Forest,"Pot, Wbcc, Bu, Bgr, Bp, Sc, Hemo, Age, Rbcc, Pcv",0.5606060606060606,0.5773195876288659,0.5490196078431373,0.5628140703517588,0.5494281045751633
12,RF,10,XGBoost,"Pot, Wbcc, Bu, Bgr, Bp, Sc, Hemo, Age, Rbcc, Pcv",0.5707070707070707,0.580952380952381,0.5980392156862745,0.5893719806763285,0.5811887254901961
12,DODA,10,Logistic Regression,"Bu, Sc, Pot, Bp, Bgr, Hemo, Al, Wbcc, Pcv, Age",0.5555555555555556,0.5614035087719298,0.6274509803921569,0.5925925925925926,0.5931372549019607
12,DODA,10,Random Forest,"Bu, Sc, Pot, Bp, Bgr, Hemo, Al, Wbcc, Pcv, Age",0.5252525252525253,0.5384615384615384,0.5490196078431373,0.5436893203883495,0.5561683006535947
12,DODA,10,XGBoost,"Bu, Sc, Pot, Bp, Bgr, Hemo, Al, Wbcc, Pcv, Age",0.5808080808080808,0.584070796460177,0.6470588235294118,0.6139534883720931,0.5968137254901962
12,RF,15,Logistic Regression,"Pot, Wbcc, Bu, Bgr, Bp, Sc, Hemo, Age, Rbcc, Pcv, Sod, Al, Su, Sg, Ba",0.5707070707070707,0.5858585858585859,0.5686274509803921,0.5771144278606966,0.5777165032679739
12,RF,15,Random Forest,"Pot, Wbcc, Bu, Bgr, Bp, Sc, Hemo, Age, Rbcc, Pcv, Sod, Al, Su, Sg, Ba",0.5606060606060606,0.5806451612903226,0.5294117647058824,0.5538461538461539,0.5891544117647058
12,RF,15,XGBoost,"Pot, Wbcc, Bu, Bgr, Bp, Sc, Hemo, Age, Rbcc, Pcv, Sod, Al, Su, Sg, Ba",0.5808080808080808,0.594059405940594,0.5882352941176471,0.5911330049261084,0.5818014705882353
12,DODA,15,Logistic Regression,"Bu, Sc, Pot, Bp, Bgr, Hemo, Al, Wbcc, Pcv, Age, Sg, Rbcc, Sod, Dm, Su",0.5757575757575758,0.5775862068965517,0.6568627450980392,0.6146788990825688,0.5811887254901961
12,DODA,15,Random Forest,"Bu, Sc, Pot, Bp, Bgr, Hemo, Al, Wbcc, Pcv, Age, Sg, Rbcc, Sod, Dm, Su",0.5555555555555556,0.5614035087719298,0.6274509803921569,0.5925925925925926,0.5739379084967321
12,DODA,15,XGBoost,"Bu, Sc, Pot, Bp, Bgr, Hemo, Al, Wbcc, Pcv, Age, Sg, Rbcc, Sod, Dm, Su",0.5707070707070707,0.5779816513761468,0.6176470588235294,0.5971563981042654,0.5782271241830065
12,RF,20,Logistic Regression,"Pot, Wbcc, Bu, Bgr, Bp, Sc, Hemo, Age, Rbcc, Pcv, Sod, Al, Su, Sg, Ba, Rbc, Dm, Pcc, Cad, Htn",0.5505050505050505,0.5643564356435643,0.5588235294117647,0.5615763546798029,0.5734272875816994
12,RF,20,Random Forest,"Pot, Wbcc, Bu, Bgr, Bp, Sc, Hemo, Age, Rbcc, Pcv, Sod, Al, Su, Sg, Ba, Rbc, Dm, Pcc, Cad, Htn",0.5353535353535354,0.5490196078431373,0.5490196078431373,0.5490196078431373,0.5367136437908496
12,RF,20,XGBoost,"Pot, Wbcc, Bu, Bgr, Bp, Sc, Hemo, Age, Rbcc, Pcv, Sod, Al, Su, Sg, Ba, Rbc, Dm, Pcc, Cad, Htn",0.5454545454545454,0.5576923076923077,0.5686274509803921,0.5631067961165048,0.5772058823529411
12,DODA,20,Logistic Regression,"Bu, Sc, Pot, Bp, Bgr, Hemo, Al, Wbcc, Pcv, Age, Sg, Rbcc, Sod, Dm, Su, Htn, Rbc, Ba, Ane, Cad",0.5858585858585859,0.5980392156862745,0.5980392156862745,0.5980392156862745,0.572406045751634
12,DODA,20,Random Forest,"Bu, Sc, Pot, Bp, Bgr, Hemo, Al, Wbcc, Pcv, Age, Sg, Rbcc, Sod, Dm, Su, Htn, Rbc, Ba, Ane, Cad",0.5505050505050505,0.5607476635514018,0.5882352941176471,0.5741626794258373,0.5914011437908496
12,DODA,20,XGBoost,"Bu, Sc, Pot, Bp, Bgr, Hemo, Al, Wbcc, Pcv, Age, Sg, Rbcc, Sod, Dm, Su, Htn, Rbc, Ba, Ane, Cad",0.5606060606060606,0.5728155339805825,0.5784313725490197,0.5756097560975609,0.5863970588235294
13,RF,5,Logistic Regression,"Bu, Bp, Sc, Wbcc, Hemo",0.5404040404040404,0.5470085470085471,0.6274509803921569,0.5844748858447488,0.5418709150326798
13,RF,5,Random Forest,"Bu, Bp, Sc, Wbcc, Hemo",0.51010101010101,0.5274725274725275,0.47058823529411764,0.49740932642487046,0.5101613562091503
13,RF,5,XGBoost,"Bu, Bp, Sc, Wbcc, Hemo",0.5404040404040404,0.5523809523809524,0.5686274509803921,0.5603864734299517,0.5553513071895425
13,DODA,5,Logistic Regression,"Bu, Sc, Bp, Hemo, Al",0.5505050505050505,0.5565217391304348,0.6274509803921569,0.5898617511520737,0.5434027777777777
13,DODA,5,Random Forest,"Bu, Sc, Bp, Hemo, Al",0.494949494949495,0.5098039215686274,0.5098039215686274,0.5098039215686274,0.5246629901960784
13,DODA,5,XGBoost,"Bu, Sc, Bp, Hemo, Al",0.5202020202020202,0.5333333333333333,0.5490196078431373,0.5410628019323671,0.5675040849673202
13,RF,10,Logistic Regression,"Bu, Bp, Sc, Wbcc, Hemo, Pot, Bgr, Age, Pcv, Rbcc",0.5353535353535354,0.5446428571428571,0.5980392156862745,0.5700934579439252,0.5423815359477124
13,RF,10,Random Forest,"Bu, Bp, Sc, Wbcc, Hemo, Pot, Bgr, Age, Pcv, Rbcc",0.5454545454545454,0.5612244897959183,0.5392156862745098,0.55,0.5480494281045751
13,RF,10,XGBoost,"Bu, Bp, Sc, Wbcc, Hemo, Pot, Bgr, Age, Pcv, Rbcc",0.5555555555555556,0.5686274509803921,0.5686274509803921,0.5686274509803921,0.5522875816993463
13,DODA,10,Logistic Regression,"Bu, Sc, Bp, Hemo, Al, Bgr, Pot, Wbcc, Pcv, Age",0.5404040404040404,0.5486725663716814,0.6078431372549019,0.5767441860465117,0.5287990196078431
13,DODA,10,Random Forest,"Bu, Sc, Bp, Hemo, Al, Bgr, Pot, Wbcc, Pcv, Age",0.5303030303030303,0.550561797752809,0.4803921568627451,0.5130890052356021,0.5804738562091504
13,DODA,10,XGBoost,"Bu, Sc, Bp, Hemo, Al, Bgr, Pot, Wbcc, Pcv, Age",0.5606060606060606,0.5728155339805825,0.5784313725490197,0.5756097560975609,0.5690359477124184
13,RF,15,Logistic Regression,"Bu, Bp, Sc, Wbcc, Hemo, Pot, Bgr, Age, Pcv, Rbcc, Sod, Su, Al, Sg, Rbc",0.5151515151515151,0.5283018867924528,0.5490196078431373,0.5384615384615384,0.5460580065359477
13,RF,15,Random Forest,"Bu, Bp, Sc, Wbcc, Hemo, Pot, Bgr, Age, Pcv, Rbcc, Sod, Su, Al, Sg, Rbc",0.5656565656565656,0.5851063829787234,0.5392156862745098,0.5612244897959183,0.5800653594771241
13,RF,15,XGBoost,"Bu, Bp, Sc, Wbcc, Hemo, Pot, Bgr, Age, Pcv, Rbcc, Sod, Su, Al, Sg, Rbc",0.5303030303030303,0.5445544554455446,0.5392156862745098,0.541871921182266,0.5492238562091503
13,DODA,15,Logistic Regression,"Bu, Sc, Bp, Hemo, Al, Bgr, Pot, Wbcc, Pcv, Age, Sg, Sod, Rbcc, Su, Dm",0.5252525252525253,0.5370370370370371,0.5686274509803921,0.5523809523809524,0.5438112745098038
13,DODA,15,Random Forest,"Bu, Sc, Bp, Hemo, Al, Bgr, Pot, Wbcc, Pcv, Age, Sg, Sod, Rbcc, Su, Dm",0.5505050505050505,0.5643564356435643,0.5588235294117647,0.5615763546798029,0.5501429738562091
13,DODA,15,XGBoost,"Bu, Sc, Bp, Hemo, Al, Bgr, Pot, Wbcc, Pcv, Age, Sg, Sod, Rbcc, Su, Dm",0.5606060606060606,0.5742574257425742,0.5686274509803921,0.5714285714285714,0.5504493464052287
13,RF,20,Logistic Regression,"Bu, Bp, Sc, Wbcc, Hemo, Pot, Bgr, Age, Pcv, Rbcc, Sod, Su, Al, Sg, Rbc, Ba, Ane, Cad, Dm, Pe",0.5353535353535354,0.5454545454545454,0.5882352941176471,0.5660377358490566,0.5364583333333334
13,RF,20,Random Forest,"Bu, Bp, Sc, Wbcc, Hemo, Pot, Bgr, Age, Pcv, Rbcc, Sod, Su, Al, Sg, Rbc, Ba, Ane, Cad, Dm, Pe",0.5303030303030303,0.5420560747663551,0.5686274509803921,0.5550239234449761,0.5116421568627451
13,RF,20,XGBoost,"Bu, Bp, Sc, Wbcc, Hemo, Pot, Bgr, Age, Pcv, Rbcc, Sod, Su, Al, Sg, Rbc, Ba, Ane, Cad, Dm, Pe",0.5202020202020202,0.5333333333333333,0.5490196078431373,0.5410628019323671,0.5380923202614379
13,DODA,20,Logistic Regression,"Bu, Sc, Bp, Hemo, Al, Bgr, Pot, Wbcc, Pcv, Age, Sg, Sod, Rbcc, Su, Dm, Ane, Rbc, Htn, Pe, Ba",0.5,0.5137614678899083,0.5490196078431373,0.5308056872037915,0.5362540849673203
13,DODA,20,Random Forest,"Bu, Sc, Bp, Hemo, Al, Bgr, Pot, Wbcc, Pcv, Age, Sg, Sod, Rbcc, Su, Dm, Ane, Rbc, Htn, Pe, Ba",0.5353535353535354,0.5490196078431373,0.5490196078431373,0.5490196078431373,0.5271650326797386
13,DODA,20,XGBoost,"Bu, Sc, Bp, Hemo, Al, Bgr, Pot, Wbcc, Pcv, Age, Sg, Sod, Rbcc, Su, Dm, Ane, Rbc, Htn, Pe, Ba",0.51010101010101,0.5238095238095238,0.5392156862745098,0.5314009661835749,0.546875
14,RF,5,Logistic Regression,"Bu, Wbcc, Bp, Bgr, Sc",0.5634517766497462,0.5663716814159292,0.6336633663366337,0.5981308411214953,0.5780734323432343
14,RF,5,Random Forest,"Bu, Wbcc, Bp, Bgr, Sc",0.5228426395939086,0.5327102803738317,0.5643564356435643,0.5480769230769231,0.5573432343234324
14,RF,5,XGBoost,"Bu, Wbcc, Bp, Bgr, Sc",0.5329949238578681,0.5398230088495575,0.6039603960396039,0.5700934579439252,0.5696163366336634
14,DODA,5,Logistic Regression,"Bu, Sc, Bp, Bgr, Hemo",0.5736040609137056,0.5739130434782609,0.6534653465346535,0.6111111111111112,0.5727103960396039
14,DODA,5,Random Forest,"Bu, Sc, Bp, Bgr, Hemo",0.49746192893401014,0.5092592592592593,0.5445544554455446,0.5263157894736842,0.5185643564356436
14,DODA,5,XGBoost,"Bu, Sc, Bp, Bgr, Hemo",0.5431472081218274,0.5478260869565217,0.6237623762376238,0.5833333333333334,0.5539397689768977
14,RF,10,Logistic Regression,"Bu, Wbcc, Bp, Bgr, Sc, Hemo, Pot, Age, Pcv, Sod",0.5634517766497462,0.5619834710743802,0.6732673267326733,0.6126126126126126,0.584983498349835
14,RF,10,Random Forest,"Bu, Wbcc, Bp, Bgr, Sc, Hemo, Pot, Age, Pcv, Sod",0.5329949238578681,0.5384615384615384,0.6237623762376238,0.5779816513761468,0.5338283828382838
14,RF,10,XGBoost,"Bu, Wbcc, Bp, Bgr, Sc, Hemo, Pot, Age, Pcv, Sod",0.5228426395939086,0.5315315315315315,0.5841584158415841,0.5566037735849056,0.5441419141914191
14,DODA,10,Logistic Regression,"Bu, Sc, Bp, Bgr, Hemo, Al, Wbcc, Pot, Pcv, Age",0.5685279187817259,0.5666666666666667,0.6732673267326733,0.6153846153846154,0.5889026402640265
14,DODA,10,Random Forest,"Bu, Sc, Bp, Bgr, Hemo, Al, Wbcc, Pot, Pcv, Age",0.5380710659898477,0.5454545454545454,0.594059405940594,0.5687203791469194,0.5356332508250825
14,DODA,10,XGBoost,"Bu, Sc, Bp, Bgr, Hemo, Al, Wbcc, Pot, Pcv, Age",0.5126903553299492,0.5217391304347826,0.594059405940594,0.5555555555555556,0.5144389438943894
14,RF,15,Logistic Regression,"Bu, Wbcc, Bp, Bgr, Sc, Hemo, Pot, Age, Pcv, Sod, Rbcc, Al, Su, Sg, Ba",0.5939086294416244,0.5867768595041323,0.7029702970297029,0.6396396396396397,0.6138613861386139
14,RF,15,Random Forest,"Bu, Wbcc, Bp, Bgr, Sc, Hemo, Pot, Age, Pcv, Sod, Rbcc, Al, Su, Sg, Ba",0.5939086294416244,0.5882352941176471,0.693069306930693,0.6363636363636364,0.5968440594059405
14,RF,15,XGBoost,"Bu, Wbcc, Bp, Bgr, Sc, Hemo, Pot, Age, Pcv, Sod, Rbcc, Al, Su, Sg, Ba",0.5279187817258884,0.5333333333333333,0.6336633663366337,0.579185520361991,0.5483704620462047
14,DODA,15,Logistic Regression,"Bu, Sc, Bp, Bgr, Hemo, Al, Wbcc, Pot, Pcv, Age, Sg, Sod, Rbcc, Su, Ane",0.5482233502538071,0.55,0.6534653465346535,0.5972850678733032,0.6014851485148515
14,DODA,15,Random Forest,"Bu, Sc, Bp, Bgr, Hemo, Al, Wbcc, Pot, Pcv, Age, Sg, Sod, Rbcc, Su, Ane",0.5380710659898477,0.5480769230769231,0.5643564356435643,0.5560975609756098,0.5525474422442245
14,DODA,15,XGBoost,"Bu, Sc, Bp, Bgr, Hemo, Al, Wbcc, Pot, Pcv, Age, Sg, Sod, Rbcc, Su, Ane",0.5482233502538071,0.5517241379310345,0.6336633663366337,0.5898617511520737,0.5630156765676568
14,RF,20,Logistic Regression,"Bu, Wbcc, Bp, Bgr, Sc, Hemo, Pot, Age, Pcv, Sod, Rbcc, Al, Su, Sg, Ba, Rbc, Ane, Appet, Cad, Pcc",0.5989847715736041,0.5982142857142857,0.6633663366336634,0.6291079812206573,0.595503300330033
14,RF,20,Random Forest,"Bu, Wbcc, Bp, Bgr, Sc, Hemo, Pot, Age, Pcv, Sod, Rbcc, Al, Su, Sg, Ba, Rbc, Ane, Appet, Cad, Pcc",0.5228426395939086,0.5304347826086957,0.6039603960396039,0.5648148148148148,0.5238758250825082
14,RF,20,XGBoost,"Bu, Wbcc, Bp, Bgr, Sc, Hemo, Pot, Age, Pcv, Sod, Rbcc, Al, Su, Sg, Ba, Rbc, Ane, Appet, Cad, Pcc",0.5228426395939086,0.5309734513274337,0.594059405940594,0.5607476635514018,0.5323844884488449
14,DODA,20,Logistic Regression,"Bu, Sc, Bp, Bgr, Hemo, Al, Wbcc, Pot, Pcv, Age, Sg, Sod, Rbcc, Su, Ane, Htn, Rbc, Dm, Ba, Pe",0.5786802030456852,0.575,0.6831683168316832,0.6244343891402715,0.6128300330033004
14,DODA,20,Random Forest,"Bu, Sc, Bp, Bgr, Hemo, Al, Wbcc, Pot, Pcv, Age, Sg, Sod, Rbcc, Su, Ane, Htn, Rbc, Dm, Ba, Pe",0.5736040609137056,0.5714285714285714,0.6732673267326733,0.6181818181818182,0.5664707095709572
14,DODA,20,XGBoost,"Bu, Sc, Bp, Bgr, Hemo, Al, Wbcc, Pot, Pcv, Age, Sg, Sod, Rbcc, Su, Ane, Htn, Rbc, Dm, Ba, Pe",0.5177664974619289,0.5267857142857143,0.5841584158415841,0.5539906103286385,0.5413572607260727
15,RF,5,Logistic Regression,"Sc, Bp, Hemo, Age, Pot",0.5228426395939086,0.5346534653465347,0.5346534653465347,0.5346534653465347,0.5419760726072608
15,RF,5,Random Forest,"Sc, Bp, Hemo, Age, Pot",0.49746192893401014,0.5104166666666666,0.48514851485148514,0.49746192893401014,0.5145420792079208
15,RF,5,XGBoost,"Sc, Bp, Hemo, Age, Pot",0.5380710659898477,0.5543478260869565,0.504950495049505,0.5284974093264249,0.5555899339933993
15,DODA,5,Logistic Regression,"Sc, Bp, Hemo, Bu, Age",0.5126903553299492,0.5252525252525253,0.5148514851485149,0.52,0.5498143564356436
15,DODA,5,Random Forest,"Sc, Bp, Hemo, Bu, Age",0.5431472081218274,0.5533980582524272,0.5643564356435643,0.5588235294117647,0.5845709570957096
15,DODA,5,XGBoost,"Sc, Bp, Hemo, Bu, Age",0.5532994923857868,0.5619047619047619,0.5841584158415841,0.5728155339805825,0.5770420792079208
15,RF,10,Logistic Regression,"Sc, Bp, Hemo, Age, Pot, Wbcc, Bu, Bgr, Pcv, Sod",0.5076142131979695,0.5217391304347826,0.4752475247524752,0.49740932642487046,0.5248556105610561
15,RF,10,Random Forest,"Sc, Bp, Hemo, Age, Pot, Wbcc, Bu, Bgr, Pcv, Sod",0.5025380710659898,0.5154639175257731,0.49504950495049505,0.5050505050505051,0.5353238448844884
15,RF,10,XGBoost,"Sc, Bp, Hemo, Age, Pot, Wbcc, Bu, Bgr, Pcv, Sod",0.5177664974619289,0.5340909090909091,0.46534653465346537,0.4973544973544973,0.5424917491749175
15,DODA,10,Logistic Regression,"Sc, Bp, Hemo, Bu, Age, Pot, Al, Bgr, Pcv, Sg",0.5177664974619289,0.532608695652174,0.48514851485148514,0.5077720207253886,0.5200082508250824
15,DODA,10,Random Forest,"Sc, Bp, Hemo, Bu, Age, Pot, Al, Bgr, Pcv, Sg",0.5177664974619289,0.53125,0.504950495049505,0.5177664974619289,0.5549195544554456
15,DODA,10,XGBoost,"Sc, Bp, Hemo, Bu, Age, Pot, Al, Bgr, Pcv, Sg",0.5685279187817259,0.5909090909090909,0.5148514851485149,0.5502645502645502,0.5591996699669967
15,RF,15,Logistic Regression,"Sc, Bp, Hemo, Age, Pot, Wbcc, Bu, Bgr, Pcv, Sod, Rbcc, Su, Al, Sg, Pcc",0.5126903553299492,0.5274725274725275,0.4752475247524752,0.5,0.5330033003300331
15,RF,15,Random Forest,"Sc, Bp, Hemo, Age, Pot, Wbcc, Bu, Bgr, Pcv, Sod, Rbcc, Su, Al, Sg, Pcc",0.5736040609137056,0.5876288659793815,0.5643564356435643,0.5757575757575758,0.5654393564356436
15,RF,15,XGBoost,"Sc, Bp, Hemo, Age, Pot, Wbcc, Bu, Bgr, Pcv, Sod, Rbcc, Su, Al, Sg, Pcc",0.5329949238578681,0.5463917525773195,0.5247524752475248,0.5353535353535354,0.5457920792079208
15,DODA,15,Logistic Regression,"Sc, Bp, Hemo, Bu, Age, Pot, Al, Bgr, Pcv, Sg, Wbcc, Sod, Rbcc, Su, Htn",0.5532994923857868,0.5656565656565656,0.5544554455445545,0.56,0.5270214521452145
15,DODA,15,Random Forest,"Sc, Bp, Hemo, Bu, Age, Pot, Al, Bgr, Pcv, Sg, Wbcc, Sod, Rbcc, Su, Htn",0.5482233502538071,0.56,0.5544554455445545,0.5572139303482587,0.5585808580858086
15,DODA,15,XGBoost,"Sc, Bp, Hemo, Bu, Age, Pot, Al, Bgr, Pcv, Sg, Wbcc, Sod, Rbcc, Su, Htn",0.5380710659898477,0.5595238095238095,0.46534653465346537,0.5081081081081081,0.5617780528052806
15,RF,20,Logistic Regression,"Sc, Bp, Hemo, Age, Pot, Wbcc, Bu, Bgr, Pcv, Sod, Rbcc, Su, Al, Sg, Pcc, Ba, Appet, Cad, Rbc, Pc",0.5431472081218274,0.5544554455445545,0.5544554455445545,0.5544554455445545,0.550226897689769
15,RF,20,Random Forest,"Sc, Bp, Hemo, Age, Pot, Wbcc, Bu, Bgr, Pcv, Sod, Rbcc, Su, Al, Sg, Pcc, Ba, Appet, Cad, Rbc, Pc",0.5431472081218274,0.5504587155963303,0.594059405940594,0.5714285714285714,0.5660581683168316
15,RF,20,XGBoost,"Sc, Bp, Hemo, Age, Pot, Wbcc, Bu, Bgr, Pcv, Sod, Rbcc, Su, Al, Sg, Pcc, Ba, Appet, Cad, Rbc, Pc",0.5583756345177665,0.5760869565217391,0.5247524752475248,0.5492227979274611,0.5857054455445545
15,DODA,20,Logistic Regression,"Sc, Bp, Hemo, Bu, Age, Pot, Al, Bgr, Pcv, Sg, Wbcc, Sod, Rbcc, Su, Htn, Dm, Pcc, Rbc, Ba, Cad",0.5380710659898477,0.55,0.5445544554455446,0.5472636815920398,0.5295998349834984
15,DODA,20,Random Forest,"Sc, Bp, Hemo, Bu, Age, Pot, Al, Bgr, Pcv, Sg, Wbcc, Sod, Rbcc, Su, Htn, Dm, Pcc, Rbc, Ba, Cad",0.5431472081218274,0.5544554455445545,0.5544554455445545,0.5544554455445545,0.5771452145214522
15,DODA,20,XGBoost,"Sc, Bp, Hemo, Bu, Age, Pot, Al, Bgr, Pcv, Sg, Wbcc, Sod, Rbcc, Su, Htn, Dm, Pcc, Rbc, Ba, Cad",0.5736040609137056,0.5894736842105263,0.5544554455445545,0.5714285714285714,0.5790016501650166
16,RF,5,Logistic Regression,"Bp, Pot, Bu, Hemo, Sc",0.5404040404040404,0.5416666666666666,0.6435643564356436,0.5882352941176471,0.5023986934775951
16,RF,5,Random Forest,"Bp, Pot, Bu, Hemo, Sc",0.5151515151515151,0.5242718446601942,0.5346534653465347,0.5294117647058824,0.503623558232112
16,RF,5,XGBoost,"Bp, Pot, Bu, Hemo, Sc",0.5555555555555556,0.5546218487394958,0.6534653465346535,0.6,0.5188322956006941
16,DODA,5,Logistic Regression,"Bp, Bu, Sc, Pot, Hemo",0.5404040404040404,0.5416666666666666,0.6435643564356436,0.5882352941176471,0.5023986934775951
16,DODA,5,Random Forest,"Bp, Bu, Sc, Pot, Hemo",0.5050505050505051,0.5145631067961165,0.5247524752475248,0.5196078431372549,0.5040318464836174
16,DODA,5,XGBoost,"Bp, Bu, Sc, Pot, Hemo",0.5303030303030303,0.5363636363636364,0.5841584158415841,0.5592417061611374,0.5071960804327855
16,RF,10,Logistic Regression,"Bp, Pot, Bu, Hemo, Sc, Wbcc, Age, Bgr, Pcv, Rbcc",0.5202020202020202,0.5267857142857143,0.5841584158415841,0.5539906103286385,0.5078085128100439
16,RF,10,Random Forest,"Bp, Pot, Bu, Hemo, Sc, Wbcc, Age, Bgr, Pcv, Rbcc",0.4696969696969697,0.4811320754716981,0.504950495049505,0.4927536231884058,0.5072471164642238
16,RF,10,XGBoost,"Bp, Pot, Bu, Hemo, Sc, Wbcc, Age, Bgr, Pcv, Rbcc",0.5656565656565656,0.5700934579439252,0.6039603960396039,0.5865384615384616,0.5796672450750229
16,DODA,10,Logistic Regression,"Bp, Bu, Sc, Pot, Hemo, Al, Bgr, Sg, Pcv, Age",0.5202020202020202,0.5272727272727272,0.5742574257425742,0.5497630331753555,0.5040318464836174
16,DODA,10,Random Forest,"Bp, Bu, Sc, Pot, Hemo, Al, Bgr, Sg, Pcv, Age",0.48484848484848486,0.49514563106796117,0.504950495049505,0.5,0.5035725222006737
16,DODA,10,XGBoost,"Bp, Bu, Sc, Pot, Hemo, Al, Bgr, Sg, Pcv, Age",0.5707070707070707,0.5769230769230769,0.594059405940594,0.5853658536585366,0.5609880575686436
16,RF,15,Logistic Regression,"Bp, Pot, Bu, Hemo, Sc, Wbcc, Age, Bgr, Pcv, Rbcc, Sod, Sg, Al, Su, Ba",0.48484848484848486,0.4957983193277311,0.5841584158415841,0.5363636363636364,0.5184240073491886
16,RF,15,Random Forest,"Bp, Pot, Bu, Hemo, Sc, Wbcc, Age, Bgr, Pcv, Rbcc, Sod, Sg, Al, Su, Ba",0.5656565656565656,0.5688073394495413,0.6138613861386139,0.5904761904761905,0.5403184648361743
16,RF,15,XGBoost,"Bp, Pot, Bu, Hemo, Sc, Wbcc, Age, Bgr, Pcv, Rbcc, Sod, Sg, Al, Su, Ba",0.5656565656565656,0.5652173913043478,0.6435643564356436,0.6018518518518519,0.5740532816168215
16,DODA,15,Logistic Regression,"Bp, Bu, Sc, Pot, Hemo, Al, Bgr, Sg, Pcv, Age, Wbcc, Sod, Rbcc, Htn, Su",0.48484848484848486,0.4956521739130435,0.5643564356435643,0.5277777777777778,0.507808512810044
16,DODA,15,Random Forest,"Bp, Bu, Sc, Pot, Hemo, Al, Bgr, Sg, Pcv, Age, Wbcc, Sod, Rbcc, Htn, Su",0.5505050505050505,0.5535714285714286,0.6138613861386139,0.5821596244131455,0.5652750842094519
16,DODA,15,XGBoost,"Bp, Bu, Sc, Pot, Hemo, Al, Bgr, Sg, Pcv, Age, Wbcc, Sod, Rbcc, Htn, Su",0.5858585858585859,0.584070796460177,0.6534653465346535,0.616822429906542,0.5869143615392467
16,RF,20,Logistic Regression,"Bp, Pot, Bu, Hemo, Sc, Wbcc, Age, Bgr, Pcv, Rbcc, Sod, Sg, Al, Su, Ba, Pcc, Rbc, Pc, Htn, Dm",0.48484848484848486,0.4956521739130435,0.5643564356435643,0.5277777777777778,0.5029090537919771
16,RF,20,Random Forest,"Bp, Pot, Bu, Hemo, Sc, Wbcc, Age, Bgr, Pcv, Rbcc, Sod, Sg, Al, Su, Ba, Pcc, Rbc, Pc, Htn, Dm",0.5606060606060606,0.5648148148148148,0.6039603960396039,0.583732057416268,0.5475655813003981
16,RF,20,XGBoost,"Bp, Pot, Bu, Hemo, Sc, Wbcc, Age, Bgr, Pcv, Rbcc, Sod, Sg, Al, Su, Ba, Pcc, Rbc, Pc, Htn, Dm",0.5808080808080808,0.5789473684210527,0.6534653465346535,0.6139534883720931,0.5894661631111566
16,DODA,20,Logistic Regression,"Bp, Bu, Sc, Pot, Hemo, Al, Bgr, Sg, Pcv, Age, Wbcc, Sod, Rbcc, Htn, Su, Dm, Rbc, Ba, Pc, Pcc",0.48484848484848486,0.4956521739130435,0.5643564356435643,0.5277777777777778,0.5029090537919771
16,DODA,20,Random Forest,"Bp, Bu, Sc, Pot, Hemo, Al, Bgr, Sg, Pcv, Age, Wbcc, Sod, Rbcc, Htn, Su, Dm, Rbc, Ba, Pc, Pcc",0.5252525252525253,0.5321100917431193,0.5742574257425742,0.5523809523809524,0.5579769317137898
16,DODA,20,XGBoost,"Bp, Bu, Sc, Pot, Hemo, Al, Bgr, Sg, Pcv, Age, Wbcc, Sod, Rbcc, Htn, Su, Dm, Rbc, Ba, Pc, Pcc",0.5909090909090909,0.5909090909090909,0.6435643564356436,0.6161137440758294,0.5908951719914259
17,RF,5,Logistic Regression,"Sc, Bp, Pot, Wbcc, Bu",0.5,0.5135135135135135,0.5588235294117647,0.5352112676056338,0.5027573529411764
17,RF,5,Random Forest,"Sc, Bp, Pot, Wbcc, Bu",0.45454545454545453,0.4716981132075472,0.49019607843137253,0.4807692307692308,0.43382352941176466
17,RF,5,XGBoost,"Sc, Bp, Pot, Wbcc, Bu",0.47474747474747475,0.49,0.4803921568627451,0.48514851485148514,0.47058823529411764
17,DODA,5,Logistic Regression,"Sc, Bp, Bu, Pot, Bgr",0.5151515151515151,0.5277777777777778,0.5588235294117647,0.5428571428571428,0.5092933006535948
17,DODA,5,Random Forest,"Sc, Bp, Bu, Pot, Bgr",0.3939393939393939,0.4166666666666667,0.4411764705882353,0.42857142857142855,0.41370506535947715
17,DODA,5,XGBoost,"Sc, Bp, Bu, Pot, Bgr",0.4393939393939394,0.45794392523364486,0.4803921568627451,0.4688995215311005,0.4447508169934641
17,RF,10,Logistic Regression,"Sc, Bp, Pot, Wbcc, Bu, Bgr, Age, Hemo, Rbcc, Pcv",0.5303030303030303,0.5428571428571428,0.5588235294117647,0.5507246376811594,0.512765522875817
17,RF,10,Random Forest,"Sc, Bp, Pot, Wbcc, Bu, Bgr, Age, Hemo, Rbcc, Pcv",0.51010101010101,0.5229357798165137,0.5588235294117647,0.5402843601895735,0.5199652777777777
17,RF,10,XGBoost,"Sc, Bp, Pot, Wbcc, Bu, Bgr, Age, Hemo, Rbcc, Pcv",0.494949494949495,0.5094339622641509,0.5294117647058824,0.5192307692307693,0.5032679738562091
17,DODA,10,Logistic Regression,"Sc, Bp, Bu, Pot, Bgr, Hemo, Al, Wbcc, Age, Sg",0.5050505050505051,0.5188679245283019,0.5392156862745098,0.5288461538461539,0.5043913398692811
17,DODA,10,Random Forest,"Sc, Bp, Bu, Pot, Bgr, Hemo, Al, Wbcc, Age, Sg",0.51010101010101,0.5213675213675214,0.5980392156862745,0.5570776255707762,0.5260927287581699
17,DODA,10,XGBoost,"Sc, Bp, Bu, Pot, Bgr, Hemo, Al, Wbcc, Age, Sg",0.47474747474747475,0.49038461538461536,0.5,0.49514563106796117,0.5021446078431373
17,RF,15,Logistic Regression,"Sc, Bp, Pot, Wbcc, Bu, Bgr, Age, Hemo, Rbcc, Pcv, Sod, Su, Sg, Al, Rbc",0.5252525252525253,0.5392156862745098,0.5392156862745098,0.5392156862745098,0.5012254901960784
17,RF,15,Random Forest,"Sc, Bp, Pot, Wbcc, Bu, Bgr, Age, Hemo, Rbcc, Pcv, Sod, Su, Sg, Al, Rbc",0.4797979797979798,0.4953271028037383,0.5196078431372549,0.507177033492823,0.5017871732026143
17,RF,15,XGBoost,"Sc, Bp, Pot, Wbcc, Bu, Bgr, Age, Hemo, Rbcc, Pcv, Sod, Su, Sg, Al, Rbc",0.4797979797979798,0.49504950495049505,0.49019607843137253,0.49261083743842365,0.5040849673202614
17,DODA,15,Logistic Regression,"Sc, Bp, Bu, Pot, Bgr, Hemo, Al, Wbcc, Age, Sg, Pcv, Rbcc, Sod, Su, Htn",0.5202020202020202,0.5346534653465347,0.5294117647058824,0.5320197044334976,0.51828022875817
17,DODA,15,Random Forest,"Sc, Bp, Bu, Pot, Bgr, Hemo, Al, Wbcc, Age, Sg, Pcv, Rbcc, Sod, Su, Htn",0.46464646464646464,0.4811320754716981,0.5,0.49038461538461536,0.5056678921568627
17,DODA,15,XGBoost,"Sc, Bp, Bu, Pot, Bgr, Hemo, Al, Wbcc, Age, Sg, Pcv, Rbcc, Sod, Su, Htn",0.46464646464646464,0.4807692307692308,0.49019607843137253,0.4854368932038835,0.5024509803921569
17,RF,20,Logistic Regression,"Sc, Bp, Pot, Wbcc, Bu, Bgr, Age, Hemo, Rbcc, Pcv, Sod, Su, Sg, Al, Rbc, Ba, Pcc, Cad, Htn, Ane",0.5202020202020202,0.5321100917431193,0.5686274509803921,0.5497630331753555,0.4818218954248366
17,RF,20,Random Forest,"Sc, Bp, Pot, Wbcc, Bu, Bgr, Age, Hemo, Rbcc, Pcv, Sod, Su, Sg, Al, Rbc, Ba, Pcc, Cad, Htn, Ane",0.494949494949495,0.51,0.5,0.504950495049505,0.5107230392156863
17,RF,20,XGBoost,"Sc, Bp, Pot, Wbcc, Bu, Bgr, Age, Hemo, Rbcc, Pcv, Sod, Su, Sg, Al, Rbc, Ba, Pcc, Cad, Htn, Ane",0.4696969696969697,0.4864864864864865,0.5294117647058824,0.5070422535211268,0.4957107843137255
17,DODA,20,Logistic Regression,"Sc, Bp, Bu, Pot, Bgr, Hemo, Al, Wbcc, Age, Sg, Pcv, Rbcc, Sod, Su, Htn, Rbc, Dm, Ane, Ba, Cad",0.48484848484848486,0.5,0.5098039215686274,0.5048543689320388,0.4774305555555555
17,DODA,20,Random Forest,"Sc, Bp, Bu, Pot, Bgr, Hemo, Al, Wbcc, Age, Sg, Pcv, Rbcc, Sod, Su, Htn, Rbc, Dm, Ane, Ba, Cad",0.4696969696969697,0.4854368932038835,0.49019607843137253,0.4878048780487805,0.5134293300653595
17,DODA,20,XGBoost,"Sc, Bp, Bu, Pot, Bgr, Hemo, Al, Wbcc, Age, Sg, Pcv, Rbcc, Sod, Su, Htn, Rbc, Dm, Ane, Ba, Cad",0.4444444444444444,0.46226415094339623,0.4803921568627451,0.47115384615384615,0.4973447712418301
18,RF,5,Logistic Regression,"Bu, Sc, Wbcc, Bp, Hemo",0.5151515151515151,0.5254237288135594,0.6078431372549019,0.5636363636363636,0.55218545751634
18,RF,5,Random Forest,"Bu, Sc, Wbcc, Bp, Hemo",0.5606060606060606,0.5663716814159292,0.6274509803921569,0.5953488372093023,0.514297385620915
18,RF,5,XGBoost,"Bu, Sc, Wbcc, Bp, Hemo",0.5151515151515151,0.5263157894736842,0.5882352941176471,0.5555555555555556,0.5244076797385621
18,DODA,5,Logistic Regression,"Bu, Sc, Bp, Hemo, Al",0.5303030303030303,0.5384615384615384,0.6176470588235294,0.5753424657534246,0.5289011437908496
18,DODA,5,Random Forest,"Bu, Sc, Bp, Hemo, Al",0.51010101010101,0.5229357798165137,0.5588235294117647,0.5402843601895735,0.5362030228758169
18,DODA,5,XGBoost,"Bu, Sc, Bp, Hemo, Al",0.5151515151515151,0.5283018867924528,0.5490196078431373,0.5384615384615384,0.5303308823529412
18,RF,10,Logistic Regression,"Bu, Sc, Wbcc, Bp, Hemo, Pot, Bgr, Age, Pcv, Rbcc",0.5606060606060606,0.5641025641025641,0.6470588235294118,0.6027397260273972,0.5564746732026143
18,RF,10,Random Forest,"Bu, Sc, Wbcc, Bp, Hemo, Pot, Bgr, Age, Pcv, Rbcc",0.51010101010101,0.5213675213675214,0.5980392156862745,0.5570776255707762,0.5204248366013072
18,RF,10,XGBoost,"Bu, Sc, Wbcc, Bp, Hemo, Pot, Bgr, Age, Pcv, Rbcc",0.5151515151515151,0.5267857142857143,0.5784313725490197,0.5514018691588785,0.5286968954248366
18,DODA,10,Logistic Regression,"Bu, Sc, Bp, Hemo, Al, Bgr, Pot, Wbcc, Pcv, Sg",0.5606060606060606,0.5609756097560976,0.6764705882352942,0.6133333333333333,0.5319648692810458
18,DODA,10,Random Forest,"Bu, Sc, Bp, Hemo, Al, Bgr, Pot, Wbcc, Pcv, Sg",0.51010101010101,0.5225225225225225,0.5686274509803921,0.5446009389671361,0.4818218954248366
18,DODA,10,XGBoost,"Bu, Sc, Bp, Hemo, Al, Bgr, Pot, Wbcc, Pcv, Sg",0.5050505050505051,0.5185185185185185,0.5490196078431373,0.5333333333333333,0.4973447712418301
18,RF,15,Logistic Regression,"Bu, Sc, Wbcc, Bp, Hemo, Pot, Bgr, Age, Pcv, Rbcc, Sod, Al, Sg, Su, Dm",0.5555555555555556,0.5573770491803278,0.6666666666666666,0.6071428571428571,0.5443218954248366
18,RF,15,Random Forest,"Bu, Sc, Wbcc, Bp, Hemo, Pot, Bgr, Age, Pcv, Rbcc, Sod, Al, Sg, Su, Dm",0.5252525252525253,0.5357142857142857,0.5882352941176471,0.5607476635514018,0.5105698529411765
18,RF,15,XGBoost,"Bu, Sc, Wbcc, Bp, Hemo, Pot, Bgr, Age, Pcv, Rbcc, Sod, Al, Sg, Su, Dm",0.5454545454545454,0.5517241379310345,0.6274509803921569,0.5871559633027523,0.5321691176470588
18,DODA,15,Logistic Regression,"Bu, Sc, Bp, Hemo, Al, Bgr, Pot, Wbcc, Pcv, Sg, Age, Sod, Rbcc, Dm, Htn",0.5606060606060606,0.5630252100840336,0.6568627450980392,0.6063348416289592,0.5393178104575164
18,DODA,15,Random Forest,"Bu, Sc, Bp, Hemo, Al, Bgr, Pot, Wbcc, Pcv, Sg, Age, Sod, Rbcc, Dm, Htn",0.5151515151515151,0.5263157894736842,0.5882352941176471,0.5555555555555556,0.5101613562091503
18,DODA,15,XGBoost,"Bu, Sc, Bp, Hemo, Al, Bgr, Pot, Wbcc, Pcv, Sg, Age, Sod, Rbcc, Dm, Htn",0.5353535353535354,0.5431034482758621,0.6176470588235294,0.5779816513761468,0.5478962418300655
18,RF,20,Logistic Regression,"Bu, Sc, Wbcc, Bp, Hemo, Pot, Bgr, Age, Pcv, Rbcc, Sod, Al, Sg, Su, Dm, Appet, Htn, Pcc, Ane, Cad",0.5404040404040404,0.544,0.6666666666666666,0.5991189427312775,0.5314542483660131
18,RF,20,Random Forest,"Bu, Sc, Wbcc, Bp, Hemo, Pot, Bgr, Age, Pcv, Rbcc, Sod, Al, Sg, Su, Dm, Appet, Htn, Pcc, Ane, Cad",0.5404040404040404,0.5486725663716814,0.6078431372549019,0.5767441860465117,0.514859068627451
18,RF,20,XGBoost,"Bu, Sc, Wbcc, Bp, Hemo, Pot, Bgr, Age, Pcv, Rbcc, Sod, Al, Sg, Su, Dm, Appet, Htn, Pcc, Ane, Cad",0.5151515151515151,0.5277777777777778,0.5588235294117647,0.5428571428571428,0.5251225490196079
18,DODA,20,Logistic Regression,"Bu, Sc, Bp, Hemo, Al, Bgr, Pot, Wbcc, Pcv, Sg, Age, Sod, Rbcc, Dm, Htn, Su, Ane, Appet, Pcc, Pe",0.5202020202020202,0.5284552845528455,0.6372549019607843,0.5777777777777777,0.5392156862745098
18,DODA,20,Random Forest,"Bu, Sc, Bp, Hemo, Al, Bgr, Pot, Wbcc, Pcv, Sg, Age, Sod, Rbcc, Dm, Htn, Su, Ane, Appet, Pcc, Pe",0.5252525252525253,0.5338983050847458,0.6176470588235294,0.5727272727272728,0.5131740196078431
18,DODA,20,XGBoost,"Bu, Sc, Bp, Hemo, Al, Bgr, Pot, Wbcc, Pcv, Sg, Age, Sod, Rbcc, Dm, Htn, Su, Ane, Appet, Pcc, Pe",0.4898989898989899,0.5046728971962616,0.5294117647058824,0.5167464114832536,0.5208333333333334
19,RF,5,Logistic Regression,"Bu, Wbcc, Hemo, Sc, Bp",0.5786802030456852,0.575,0.6831683168316832,0.6244343891402715,0.5739480198019803
19,RF,5,Random Forest,"Bu, Wbcc, Hemo, Sc, Bp",0.4720812182741117,0.48484848484848486,0.4752475247524752,0.48,0.5136654290429044
19,RF,5,XGBoost,"Bu, Wbcc, Hemo, Sc, Bp",0.5482233502538071,0.5555555555555556,0.594059405940594,0.5741626794258373,0.5870462046204621
19,DODA,5,Logistic Regression,"Bu, Sc, Hemo, Bp, Wbcc",0.5786802030456852,0.575,0.6831683168316832,0.6244343891402715,0.5739480198019803
19,DODA,5,Random Forest,"Bu, Sc, Hemo, Bp, Wbcc",0.49746192893401014,0.51,0.504950495049505,0.5074626865671642,0.5156765676567656
19,DODA,5,XGBoost,"Bu, Sc, Hemo, Bp, Wbcc",0.5532994923857868,0.5585585585585585,0.6138613861386139,0.5849056603773585,0.5612623762376238
19,RF,10,Logistic Regression,"Bu, Wbcc, Hemo, Sc, Bp, Pot, Bgr, Age, Rbcc, Pcv",0.5583756345177665,0.5636363636363636,0.6138613861386139,0.5876777251184834,0.5443481848184819
19,RF,10,Random Forest,"Bu, Wbcc, Hemo, Sc, Bp, Pot, Bgr, Age, Rbcc, Pcv",0.5736040609137056,0.5858585858585859,0.5742574257425742,0.58,0.596947194719472
19,RF,10,XGBoost,"Bu, Wbcc, Hemo, Sc, Bp, Pot, Bgr, Age, Rbcc, Pcv",0.5228426395939086,0.5309734513274337,0.594059405940594,0.5607476635514018,0.5977722772277229
19,DODA,10,Logistic Regression,"Bu, Sc, Hemo, Bp, Wbcc, Al, Bgr, Pot, Pcv, Age",0.5431472081218274,0.5470085470085471,0.6336633663366337,0.5871559633027523,0.5499174917491749
19,DODA,10,Random Forest,"Bu, Sc, Hemo, Bp, Wbcc, Al, Bgr, Pot, Pcv, Age",0.5482233502538071,0.56,0.5544554455445545,0.5572139303482587,0.5628609735973598
19,DODA,10,XGBoost,"Bu, Sc, Hemo, Bp, Wbcc, Al, Bgr, Pot, Pcv, Age",0.5431472081218274,0.5567010309278351,0.5346534653465347,0.5454545454545454,0.593440594059406
19,RF,15,Logistic Regression,"Bu, Wbcc, Hemo, Sc, Bp, Pot, Bgr, Age, Rbcc, Pcv, Sod, Su, Al, Sg, Cad",0.48223350253807107,0.49557522123893805,0.5544554455445545,0.5233644859813084,0.5025783828382838
19,RF,15,Random Forest,"Bu, Wbcc, Hemo, Sc, Bp, Pot, Bgr, Age, Rbcc, Pcv, Sod, Su, Al, Sg, Cad",0.5736040609137056,0.5794392523364486,0.6138613861386139,0.5961538461538461,0.5501237623762376
19,RF,15,XGBoost,"Bu, Wbcc, Hemo, Sc, Bp, Pot, Bgr, Age, Rbcc, Pcv, Sod, Su, Al, Sg, Cad",0.5939086294416244,0.6019417475728155,0.6138613861386139,0.6078431372549019,0.5893151815181518
19,DODA,15,Logistic Regression,"Bu, Sc, Hemo, Bp, Wbcc, Al, Bgr, Pot, Pcv, Age, Sg, Rbcc, Sod, Su, Dm",0.48223350253807107,0.4954954954954955,0.5445544554455446,0.5188679245283019,0.5009282178217822
19,DODA,15,Random Forest,"Bu, Sc, Hemo, Bp, Wbcc, Al, Bgr, Pot, Pcv, Age, Sg, Rbcc, Sod, Su, Dm",0.5025380710659898,0.5142857142857142,0.5346534653465347,0.5242718446601942,0.5277949669966997
19,DODA,15,XGBoost,"Bu, Sc, Hemo, Bp, Wbcc, Al, Bgr, Pot, Pcv, Age, Sg, Rbcc, Sod, Su, Dm",0.5786802030456852,0.5882352941176471,0.594059405940594,0.5911330049261084,0.5768358085808581
19,RF,20,Logistic Regression,"Bu, Wbcc, Hemo, Sc, Bp, Pot, Bgr, Age, Rbcc, Pcv, Sod, Su, Al, Sg, Cad, Appet, Ane, Ba, Dm, Pe",0.47715736040609136,0.49074074074074076,0.5247524752475248,0.507177033492823,0.484529702970297
19,RF,20,Random Forest,"Bu, Wbcc, Hemo, Sc, Bp, Pot, Bgr, Age, Rbcc, Pcv, Sod, Su, Al, Sg, Cad, Appet, Ane, Ba, Dm, Pe",0.5329949238578681,0.5436893203883495,0.5544554455445545,0.5490196078431373,0.5153671617161717
19,RF,20,XGBoost,"Bu, Wbcc, Hemo, Sc, Bp, Pot, Bgr, Age, Rbcc, Pcv, Sod, Su, Al, Sg, Cad, Appet, Ane, Ba, Dm, Pe",0.5482233502538071,0.5566037735849056,0.5841584158415841,0.5700483091787439,0.5494018151815182
19,DODA,20,Logistic Regression,"Bu, Sc, Hemo, Bp, Wbcc, Al, Bgr, Pot, Pcv, Age, Sg, Rbcc, Sod, Su, Dm, Ane, Htn, Cad, Pe, Appet",0.47715736040609136,0.49107142857142855,0.5445544554455446,0.5164319248826291,0.4866955445544555
19,DODA,20,Random Forest,"Bu, Sc, Hemo, Bp, Wbcc, Al, Bgr, Pot, Pcv, Age, Sg, Rbcc, Sod, Su, Dm, Ane, Htn, Cad, Pe, Appet",0.5228426395939086,0.5315315315315315,0.5841584158415841,0.5566037735849056,0.5273308580858086
19,DODA,20,XGBoost,"Bu, Sc, Hemo, Bp, Wbcc, Al, Bgr, Pot, Pcv, Age, Sg, Rbcc, Sod, Su, Dm, Ane, Htn, Cad, Pe, Appet",0.5583756345177665,0.5648148148148148,0.6039603960396039,0.583732057416268,0.550536303630363
20,RF,5,Logistic Regression,"Sc, Wbcc, Pot, Bp, Bgr",0.5177664974619289,0.5241935483870968,0.6435643564356436,0.5777777777777777,0.5659034653465347
20,RF,5,Random Forest,"Sc, Wbcc, Pot, Bp, Bgr",0.467005076142132,0.4827586206896552,0.5544554455445545,0.5161290322580645,0.4822607260726072
20,RF,5,XGBoost,"Sc, Wbcc, Pot, Bp, Bgr",0.49746192893401014,0.5081967213114754,0.6138613861386139,0.5560538116591929,0.49412128712871284
20,DODA,5,Logistic Regression,"Sc, Bp, Bu, Pot, Bgr",0.5431472081218274,0.5462184873949579,0.6435643564356436,0.5909090909090909,0.5782797029702971
20,DODA,5,Random Forest,"Sc, Bp, Bu, Pot, Bgr",0.5685279187817259,0.5784313725490197,0.5841584158415841,0.5812807881773399,0.583384900990099
20,DODA,5,XGBoost,"Sc, Bp, Bu, Pot, Bgr",0.5736040609137056,0.5779816513761468,0.6237623762376238,0.6,0.5811674917491749
20,RF,10,Logistic Regression,"Sc, Wbcc, Pot, Bp, Bgr, Hemo, Bu, Age, Pcv, Rbcc",0.5482233502538071,0.5555555555555556,0.594059405940594,0.5741626794258373,0.5737417491749177
20,RF,10,Random Forest,"Sc, Wbcc, Pot, Bp, Bgr, Hemo, Bu, Age, Pcv, Rbcc",0.5126903553299492,0.5238095238095238,0.5445544554455446,0.5339805825242718,0.5297545379537953
20,RF,10,XGBoost,"Sc, Wbcc, Pot, Bp, Bgr, Hemo, Bu, Age, Pcv, Rbcc",0.5228426395939086,0.5321100917431193,0.5742574257425742,0.5523809523809524,0.5619843234323433
20,DODA,10,Logistic Regression,"Sc, Bp, Bu, Pot, Bgr, Hemo, Al, Wbcc, Pcv, Age",0.5329949238578681,0.5391304347826087,0.6138613861386139,0.5740740740740741,0.5627062706270628
20,DODA,10,Random Forest,"Sc, Bp, Bu, Pot, Bgr, Hemo, Al, Wbcc, Pcv, Age",0.49238578680203043,0.5042735042735043,0.5841584158415841,0.5412844036697247,0.5127372112211221
20,DODA,10,XGBoost,"Sc, Bp, Bu, Pot, Bgr, Hemo, Al, Wbcc, Pcv, Age",0.5177664974619289,0.5288461538461539,0.5445544554455446,0.5365853658536586,0.5436262376237624
20,RF,15,Logistic Regression,"Sc, Wbcc, Pot, Bp, Bgr, Hemo, Bu, Age, Pcv, Rbcc, Sod, Al, Su, Sg, Pcc",0.5329949238578681,0.5436893203883495,0.5544554455445545,0.5490196078431373,0.5495049504950495
20,RF,15,Random Forest,"Sc, Wbcc, Pot, Bp, Bgr, Hemo, Bu, Age, Pcv, Rbcc, Sod, Al, Su, Sg, Pcc",0.5380710659898477,0.5446428571428571,0.6039603960396039,0.5727699530516432,0.5537334983498351
20,RF,15,XGBoost,"Sc, Wbcc, Pot, Bp, Bgr, Hemo, Bu, Age, Pcv, Rbcc, Sod, Al, Su, Sg, Pcc",0.5634517766497462,0.5714285714285714,0.594059405940594,0.5825242718446602,0.5580651815181518
20,DODA,15,Logistic Regression,"Sc, Bp, Bu, Pot, Bgr, Hemo, Al, Wbcc, Pcv, Age, Sg, Sod, Rbcc, Htn, Dm",0.5228426395939086,0.5368421052631579,0.504950495049505,0.5204081632653061,0.5229991749174917
20,DODA,15,Random Forest,"Sc, Bp, Bu, Pot, Bgr, Hemo, Al, Wbcc, Pcv, Age, Sg, Sod, Rbcc, Htn, Dm",0.5279187817258884,0.5377358490566038,0.5643564356435643,0.5507246376811594,0.5411509900990099
20,DODA,15,XGBoost,"Sc, Bp, Bu, Pot, Bgr, Hemo, Al, Wbcc, Pcv, Age, Sg, Sod, Rbcc, Htn, Dm",0.5279187817258884,0.5384615384615384,0.5544554455445545,0.5463414634146342,0.5448638613861387
20,RF,20,Logistic Regression,"Sc, Wbcc, Pot, Bp, Bgr, Hemo, Bu, Age, Pcv, Rbcc, Sod, Al, Su, Sg, Pcc, Ba, Dm, Htn, Cad, Pe",0.5228426395939086,0.5346534653465347,0.5346534653465347,0.5346534653465347,0.5314562706270628
20,RF,20,Random Forest,"Sc, Wbcc, Pot, Bp, Bgr, Hemo, Bu, Age, Pcv, Rbcc, Sod, Al, Su, Sg, Pcc, Ba, Dm, Htn, Cad, Pe",0.5380710659898477,0.5462962962962963,0.5841584158415841,0.5645933014354066,0.5514645214521452
20,RF,20,XGBoost,"Sc, Wbcc, Pot, Bp, Bgr, Hemo, Bu, Age, Pcv, Rbcc, Sod, Al, Su, Sg, Pcc, Ba, Dm, Htn, Cad, Pe",0.5431472081218274,0.5544554455445545,0.5544554455445545,0.5544554455445545,0.5550742574257425
20,DODA,20,Logistic Regression,"Sc, Bp, Bu, Pot, Bgr, Hemo, Al, Wbcc, Pcv, Age, Sg, Sod, Rbcc, Htn, Dm, Su, Pe, Pcc, Ba, Ane",0.5126903553299492,0.5238095238095238,0.5445544554455446,0.5339805825242718,0.5342409240924092
20,DODA,20,Random Forest,"Sc, Bp, Bu, Pot, Bgr, Hemo, Al, Wbcc, Pcv, Age, Sg, Sod, Rbcc, Htn, Dm, Su, Pe, Pcc, Ba, Ane",0.5583756345177665,0.5660377358490566,0.594059405940594,0.5797101449275363,0.5445028877887789
20,DODA,20,XGBoost,"Sc, Bp, Bu, Pot, Bgr, Hemo, Al, Wbcc, Pcv, Age, Sg, Sod, Rbcc, Htn, Dm, Su, Pe, Pcc, Ba, Ane",0.5329949238578681,0.5428571428571428,0.5643564356435643,0.5533980582524272,0.5644595709570958
21,RF,5,Logistic Regression,"Bp, Pot, Wbcc, Hemo, Bu",0.601010101010101,0.5982142857142857,0.6633663366336634,0.6291079812206573,0.5914055323058078
21,RF,5,Random Forest,"Bp, Pot, Wbcc, Hemo, Bu",0.5404040404040404,0.55,0.5445544554455446,0.5472636815920398,0.5386342757987139
21,RF,5,XGBoost,"Bp, Pot, Wbcc, Hemo, Bu",0.494949494949495,0.5048543689320388,0.5148514851485149,0.5098039215686274,0.5361845462896806
21,DODA,5,Logistic Regression,"Bp, Bu, Sc, Pot, Hemo",0.5707070707070707,0.5689655172413793,0.6534653465346535,0.6082949308755761,0.5878330101051342
21,DODA,5,Random Forest,"Bp, Bu, Sc, Pot, Hemo",0.5606060606060606,0.5760869565217391,0.5247524752475248,0.5492227979274611,0.5535878330101052
21,DODA,5,XGBoost,"Bp, Bu, Sc, Pot, Hemo",0.5656565656565656,0.5824175824175825,0.5247524752475248,0.5520833333333334,0.5745636419312034
21,RF,10,Logistic Regression,"Bp, Pot, Wbcc, Hemo, Bu, Bgr, Sc, Age, Pcv, Rbcc",0.5656565656565656,0.5652173913043478,0.6435643564356436,0.6018518518518519,0.5996733693987956
21,RF,10,Random Forest,"Bp, Pot, Wbcc, Hemo, Bu, Bgr, Sc, Age, Pcv, Rbcc",0.5707070707070707,0.5784313725490197,0.5841584158415841,0.5812807881773399,0.5556803102990712
21,RF,10,XGBoost,"Bp, Pot, Wbcc, Hemo, Bu, Bgr, Sc, Age, Pcv, Rbcc",0.5303030303030303,0.5408163265306123,0.5247524752475248,0.5326633165829145,0.5419005818107584
21,DODA,10,Logistic Regression,"Bp, Bu, Sc, Pot, Hemo, Bgr, Al, Wbcc, Pcv, Age",0.5757575757575758,0.5739130434782609,0.6534653465346535,0.6111111111111112,0.5879350821680106
21,DODA,10,Random Forest,"Bp, Bu, Sc, Pot, Hemo, Bgr, Al, Wbcc, Pcv, Age",0.5707070707070707,0.5816326530612245,0.5643564356435643,0.5728643216080402,0.5650709400836992
21,DODA,10,XGBoost,"Bp, Bu, Sc, Pot, Hemo, Bgr, Al, Wbcc, Pcv, Age",0.5151515151515151,0.5257731958762887,0.504950495049505,0.5151515151515151,0.5348576094722874
21,RF,15,Logistic Regression,"Bp, Pot, Wbcc, Hemo, Bu, Bgr, Sc, Age, Pcv, Rbcc, Sod, Al, Su, Sg, Ba",0.5757575757575758,0.5779816513761468,0.6237623762376238,0.6,0.6165152597734
21,RF,15,Random Forest,"Bp, Pot, Wbcc, Hemo, Bu, Bgr, Sc, Age, Pcv, Rbcc, Sod, Al, Su, Sg, Ba",0.5606060606060606,0.5686274509803921,0.5742574257425742,0.5714285714285714,0.5817086863325508
21,RF,15,XGBoost,"Bp, Pot, Wbcc, Hemo, Bu, Bgr, Sc, Age, Pcv, Rbcc, Sod, Al, Su, Sg, Ba",0.5707070707070707,0.58,0.5742574257425742,0.5771144278606966,0.5752781463713382
21,DODA,15,Logistic Regression,"Bp, Bu, Sc, Pot, Hemo, Bgr, Al, Wbcc, Pcv, Age, Sg, Sod, Rbcc, Htn, Su",0.5606060606060606,0.5625,0.6237623762376238,0.5915492957746479,0.6063080534857609
21,DODA,15,Random Forest,"Bp, Bu, Sc, Pot, Hemo, Bgr, Al, Wbcc, Pcv, Age, Sg, Sod, Rbcc, Htn, Su",0.601010101010101,0.61,0.6039603960396039,0.6069651741293532,0.6029907114422782
21,DODA,15,XGBoost,"Bp, Bu, Sc, Pot, Hemo, Bgr, Al, Wbcc, Pcv, Age, Sg, Sod, Rbcc, Htn, Su",0.5353535353535354,0.5454545454545454,0.5346534653465347,0.54,0.5547616617331836
21,RF,20,Logistic Regression,"Bp, Pot, Wbcc, Hemo, Bu, Bgr, Sc, Age, Pcv, Rbcc, Sod, Al, Su, Sg, Ba, Ane, Pcc, Htn, Dm, Pc",0.5353535353535354,0.5436893203883495,0.5544554455445545,0.5490196078431373,0.5963049913238746
21,RF,20,Random Forest,"Bp, Pot, Wbcc, Hemo, Bu, Bgr, Sc, Age, Pcv, Rbcc, Sod, Al, Su, Sg, Ba, Ane, Pcc, Htn, Dm, Pc",0.5909090909090909,0.6,0.594059405940594,0.5970149253731343,0.5839542717158314
21,RF,20,XGBoost,"Bp, Pot, Wbcc, Hemo, Bu, Bgr, Sc, Age, Pcv, Rbcc, Sod, Al, Su, Sg, Ba, Ane, Pcc, Htn, Dm, Pc",0.5656565656565656,0.5773195876288659,0.5544554455445545,0.5656565656565656,0.5457793202000614
21,DODA,20,Logistic Regression,"Bp, Bu, Sc, Pot, Hemo, Bgr, Al, Wbcc, Pcv, Age, Sg, Sod, Rbcc, Htn, Su, Ane, Dm, Ba, Pe, Pcc",0.5404040404040404,0.5480769230769231,0.5643564356435643,0.5560975609756098,0.5856894967847299
21,DODA,20,Random Forest,"Bp, Bu, Sc, Pot, Hemo, Bgr, Al, Wbcc, Pcv, Age, Sg, Sod, Rbcc, Htn, Su, Ane, Dm, Ba, Pe, Pcc",0.5909090909090909,0.5961538461538461,0.6138613861386139,0.6048780487804878,0.5656323364295193
21,DODA,20,XGBoost,"Bp, Bu, Sc, Pot, Hemo, Bgr, Al, Wbcc, Pcv, Age, Sg, Sod, Rbcc, Htn, Su, Ane, Dm, Ba, Pe, Pcc",0.5404040404040404,0.55,0.5445544554455446,0.5472636815920398,0.5586404001224865
22,RF,5,Logistic Regression,"Sc, Bp, Bu, Pot, Wbcc",0.5757575757575758,0.5849056603773585,0.6078431372549019,0.5961538461538461,0.6076388888888888
22,RF,5,Random Forest,"Sc, Bp, Bu, Pot, Wbcc",0.494949494949495,0.5092592592592593,0.5392156862745098,0.5238095238095238,0.4842728758169934
22,RF,5,XGBoost,"Sc, Bp, Bu, Pot, Wbcc",0.47474747474747475,0.49038461538461536,0.5,0.49514563106796117,0.507455065359477
22,DODA,5,Logistic Regression,"Sc, Bu, Bp, Pot, Hemo",0.5757575757575758,0.5849056603773585,0.6078431372549019,0.5961538461538461,0.6082516339869282
22,DODA,5,Random Forest,"Sc, Bu, Bp, Pot, Hemo",0.5252525252525253,0.5370370370370371,0.5686274509803921,0.5523809523809524,0.554891748366013
22,DODA,5,XGBoost,"Sc, Bu, Bp, Pot, Hemo",0.5050505050505051,0.5178571428571429,0.5686274509803921,0.5420560747663551,0.5241013071895425
22,RF,10,Logistic Regression,"Sc, Bp, Bu, Pot, Wbcc, Hemo, Bgr, Age, Pcv, Rbcc",0.5959595959595959,0.6078431372549019,0.6078431372549019,0.6078431372549019,0.5949754901960785
22,RF,10,Random Forest,"Sc, Bp, Bu, Pot, Wbcc, Hemo, Bgr, Age, Pcv, Rbcc",0.51010101010101,0.5238095238095238,0.5392156862745098,0.5314009661835749,0.5351307189542482
22,RF,10,XGBoost,"Sc, Bp, Bu, Pot, Wbcc, Hemo, Bgr, Age, Pcv, Rbcc",0.5252525252525253,0.5392156862745098,0.5392156862745098,0.5392156862745098,0.5089869281045751
22,DODA,10,Logistic Regression,"Sc, Bu, Bp, Pot, Hemo, Al, Bgr, Pcv, Wbcc, Age",0.5858585858585859,0.5925925925925926,0.6274509803921569,0.6095238095238096,0.6031454248366013
22,DODA,10,Random Forest,"Sc, Bu, Bp, Pot, Hemo, Al, Bgr, Pcv, Wbcc, Age",0.5555555555555556,0.5625,0.6176470588235294,0.5887850467289719,0.5477941176470589
22,DODA,10,XGBoost,"Sc, Bu, Bp, Pot, Hemo, Al, Bgr, Pcv, Wbcc, Age",0.5353535353535354,0.5480769230769231,0.5588235294117647,0.5533980582524272,0.5358455882352942
22,RF,15,Logistic Regression,"Sc, Bp, Bu, Pot, Wbcc, Hemo, Bgr, Age, Pcv, Rbcc, Sod, Al, Su, Sg, Ba",0.5454545454545454,0.5588235294117647,0.5588235294117647,0.5588235294117647,0.5571895424836601
22,RF,15,Random Forest,"Sc, Bp, Bu, Pot, Wbcc, Hemo, Bgr, Age, Pcv, Rbcc, Sod, Al, Su, Sg, Ba",0.5404040404040404,0.5514018691588785,0.5784313725490197,0.5645933014354066,0.5742953431372549
22,RF,15,XGBoost,"Sc, Bp, Bu, Pot, Wbcc, Hemo, Bgr, Age, Pcv, Rbcc, Sod, Al, Su, Sg, Ba",0.5050505050505051,0.5192307692307693,0.5294117647058824,0.5242718446601942,0.5005106209150327
22,DODA,15,Logistic Regression,"Sc, Bu, Bp, Pot, Hemo, Al, Bgr, Pcv, Wbcc, Age, Sg, Sod, Rbcc, Su, Dm",0.5505050505050505,0.5575221238938053,0.6176470588235294,0.586046511627907,0.5701593137254901
22,DODA,15,Random Forest,"Sc, Bu, Bp, Pot, Hemo, Al, Bgr, Pcv, Wbcc, Age, Sg, Sod, Rbcc, Su, Dm",0.5656565656565656,0.5714285714285714,0.6274509803921569,0.5981308411214953,0.5719464869281047
22,DODA,15,XGBoost,"Sc, Bu, Bp, Pot, Hemo, Al, Bgr, Pcv, Wbcc, Age, Sg, Sod, Rbcc, Su, Dm",0.5151515151515151,0.5267857142857143,0.5784313725490197,0.5514018691588785,0.5177696078431372
22,RF,20,Logistic Regression,"Sc, Bp, Bu, Pot, Wbcc, Hemo, Bgr, Age, Pcv, Rbcc, Sod, Al, Su, Sg, Ba, Cad, Appet, Ane, Dm, Pcc",0.5252525252525253,0.5392156862745098,0.5392156862745098,0.5392156862745098,0.5476919934640523
22,RF,20,Random Forest,"Sc, Bp, Bu, Pot, Wbcc, Hemo, Bgr, Age, Pcv, Rbcc, Sod, Al, Su, Sg, Ba, Cad, Appet, Ane, Dm, Pcc",0.5202020202020202,0.5321100917431193,0.5686274509803921,0.5497630331753555,0.5416666666666667
22,RF,20,XGBoost,"Sc, Bp, Bu, Pot, Wbcc, Hemo, Bgr, Age, Pcv, Rbcc, Sod, Al, Su, Sg, Ba, Cad, Appet, Ane, Dm, Pcc",0.5151515151515151,0.53,0.5196078431372549,0.5247524752475248,0.5261437908496732
22,DODA,20,Logistic Regression,"Sc, Bu, Bp, Pot, Hemo, Al, Bgr, Pcv, Wbcc, Age, Sg, Sod, Rbcc, Su, Dm, Ane, Htn, Cad, Ba, Pe",0.5252525252525253,0.5408163265306123,0.5196078431372549,0.53,0.5352328431372548
22,DODA,20,Random Forest,"Sc, Bu, Bp, Pot, Hemo, Al, Bgr, Pcv, Wbcc, Age, Sg, Sod, Rbcc, Su, Dm, Ane, Htn, Cad, Ba, Pe",0.5404040404040404,0.5504587155963303,0.5882352941176471,0.5687203791469194,0.5354370915032679
22,DODA,20,XGBoost,"Sc, Bu, Bp, Pot, Hemo, Al, Bgr, Pcv, Wbcc, Age, Sg, Sod, Rbcc, Su, Dm, Ane, Htn, Cad, Ba, Pe",0.51010101010101,0.5225225225225225,0.5686274509803921,0.5446009389671361,0.5109272875816994
23,RF,5,Logistic Regression,"Bp, Bu, Hemo, Pot, Wbcc",0.494949494949495,0.5087719298245614,0.5686274509803921,0.5370370370370371,0.5280841503267975
23,RF,5,Random Forest,"Bp, Bu, Hemo, Pot, Wbcc",0.48484848484848486,0.5,0.5098039215686274,0.5048543689320388,0.4930555555555555
23,RF,5,XGBoost,"Bp, Bu, Hemo, Pot, Wbcc",0.5404040404040404,0.5504587155963303,0.5882352941176471,0.5687203791469194,0.5294117647058822
23,DODA,5,Logistic Regression,"Bu, Bp, Sc, Hemo, Pot",0.494949494949495,0.5087719298245614,0.5686274509803921,0.5370370370370371,0.5273692810457515
23,DODA,5,Random Forest,"Bu, Bp, Sc, Hemo, Pot",0.5050505050505051,0.5185185185185185,0.5490196078431373,0.5333333333333333,0.5117953431372549
23,DODA,5,XGBoost,"Bu, Bp, Sc, Hemo, Pot",0.5050505050505051,0.5181818181818182,0.5588235294117647,0.5377358490566038,0.5359477124183006
23,RF,10,Logistic Regression,"Bp, Bu, Hemo, Pot, Wbcc, Sc, Bgr, Age, Pcv, Rbcc",0.5303030303030303,0.5378151260504201,0.6274509803921569,0.579185520361991,0.5428921568627452
23,RF,10,Random Forest,"Bp, Bu, Hemo, Pot, Wbcc, Sc, Bgr, Age, Pcv, Rbcc",0.5252525252525253,0.5370370370370371,0.5686274509803921,0.5523809523809524,0.5252246732026145
23,RF,10,XGBoost,"Bp, Bu, Hemo, Pot, Wbcc, Sc, Bgr, Age, Pcv, Rbcc",0.5353535353535354,0.5462962962962963,0.5784313725490197,0.5619047619047619,0.5543300653594772
23,DODA,10,Logistic Regression,"Bu, Bp, Sc, Hemo, Pot, Al, Bgr, Pcv, Wbcc, Age",0.5202020202020202,0.5289256198347108,0.6274509803921569,0.5739910313901345,0.539419934640523
23,DODA,10,Random Forest,"Bu, Bp, Sc, Hemo, Pot, Al, Bgr, Pcv, Wbcc, Age",0.5555555555555556,0.5648148148148148,0.5980392156862745,0.580952380952381,0.5264501633986929
23,DODA,10,XGBoost,"Bu, Bp, Sc, Hemo, Pot, Al, Bgr, Pcv, Wbcc, Age",0.5505050505050505,0.5546218487394958,0.6470588235294118,0.5972850678733032,0.5737336601307189
23,RF,15,Logistic Regression,"Bp, Bu, Hemo, Pot, Wbcc, Sc, Bgr, Age, Pcv, Rbcc, Sod, Su, Al, Sg, Ba",0.51010101010101,0.5225225225225225,0.5686274509803921,0.5446009389671361,0.492953431372549
23,RF,15,Random Forest,"Bp, Bu, Hemo, Pot, Wbcc, Sc, Bgr, Age, Pcv, Rbcc, Sod, Su, Al, Sg, Ba",0.5252525252525253,0.5350877192982456,0.5980392156862745,0.5648148148148148,0.529156454248366
23,RF,15,XGBoost,"Bp, Bu, Hemo, Pot, Wbcc, Sc, Bgr, Age, Pcv, Rbcc, Sod, Su, Al, Sg, Ba",0.5050505050505051,0.5185185185185185,0.5490196078431373,0.5333333333333333,0.534109477124183
23,DODA,15,Logistic Regression,"Bu, Bp, Sc, Hemo, Pot, Al, Bgr, Pcv, Wbcc, Age, Sg, Sod, Rbcc, Su, Dm",0.5252525252525253,0.5333333333333333,0.6274509803921569,0.5765765765765766,0.5324754901960785
23,DODA,15,Random Forest,"Bu, Bp, Sc, Hemo, Pot, Al, Bgr, Pcv, Wbcc, Age, Sg, Sod, Rbcc, Su, Dm",0.5303030303030303,0.5384615384615384,0.6176470588235294,0.5753424657534246,0.549172794117647
23,DODA,15,XGBoost,"Bu, Bp, Sc, Hemo, Pot, Al, Bgr, Pcv, Wbcc, Age, Sg, Sod, Rbcc, Su, Dm",0.5505050505050505,0.5575221238938053,0.6176470588235294,0.586046511627907,0.5393178104575164
23,RF,20,Logistic Regression,"Bp, Bu, Hemo, Pot, Wbcc, Sc, Bgr, Age, Pcv, Rbcc, Sod, Su, Al, Sg, Ba, Cad, Pc, Appet, Rbc, Dm",0.4797979797979798,0.4953271028037383,0.5196078431372549,0.507177033492823,0.4736519607843137
23,RF,20,Random Forest,"Bp, Bu, Hemo, Pot, Wbcc, Sc, Bgr, Age, Pcv, Rbcc, Sod, Su, Al, Sg, Ba, Cad, Pc, Appet, Rbc, Dm",0.5151515151515151,0.5267857142857143,0.5784313725490197,0.5514018691588785,0.5349775326797386
23,RF,20,XGBoost,"Bp, Bu, Hemo, Pot, Wbcc, Sc, Bgr, Age, Pcv, Rbcc, Sod, Su, Al, Sg, Ba, Cad, Pc, Appet, Rbc, Dm",0.5151515151515151,0.5294117647058824,0.5294117647058824,0.5294117647058824,0.5206290849673203
23,DODA,20,Logistic Regression,"Bu, Bp, Sc, Hemo, Pot, Al, Bgr, Pcv, Wbcc, Age, Sg, Sod, Rbcc, Su, Dm, Htn, Pc, Cad, Ba, Rbc",0.46464646464646464,0.4811320754716981,0.5,0.49038461538461536,0.4878472222222222
23,DODA,20,Random Forest,"Bu, Bp, Sc, Hemo, Pot, Al, Bgr, Pcv, Wbcc, Age, Sg, Sod, Rbcc, Su, Dm, Htn, Pc, Cad, Ba, Rbc",0.5,0.5128205128205128,0.5882352941176471,0.547945205479452,0.5124591503267975
23,DODA,20,XGBoost,"Bu, Bp, Sc, Hemo, Pot, Al, Bgr, Pcv, Wbcc, Age, Sg, Sod, Rbcc, Su, Dm, Htn, Pc, Cad, Ba, Rbc",0.5353535353535354,0.5471698113207547,0.5686274509803921,0.5576923076923077,0.5295138888888888
24,RF,5,Logistic Regression,"Pot, Bu, Sc, Bp, Wbcc",0.5329949238578681,0.5398230088495575,0.6039603960396039,0.5700934579439252,0.5095915841584159
24,RF,5,Random Forest,"Pot, Bu, Sc, Bp, Wbcc",0.5634517766497462,0.5641025641025641,0.6534653465346535,0.6055045871559633,0.5527537128712872
24,RF,5,XGBoost,"Pot, Bu, Sc, Bp, Wbcc",0.5685279187817259,0.5655737704918032,0.6831683168316832,0.6188340807174888,0.5498143564356436
24,DODA,5,Logistic Regression,"Sc, Bu, Pot, Bp, Hemo",0.5076142131979695,0.5185185185185185,0.5544554455445545,0.5358851674641149,0.5070132013201321
24,DODA,5,Random Forest,"Sc, Bu, Pot, Bp, Hemo",0.5989847715736041,0.6018518518518519,0.6435643564356436,0.6220095693779905,0.5973597359735973
24,DODA,5,XGBoost,"Sc, Bu, Pot, Bp, Hemo",0.6091370558375635,0.6016949152542372,0.7029702970297029,0.6484018264840182,0.6223184818481848
24,RF,10,Logistic Regression,"Pot, Bu, Sc, Bp, Wbcc, Bgr, Hemo, Age, Pcv, Rbcc",0.5431472081218274,0.5523809523809524,0.5742574257425742,0.5631067961165048,0.5045379537953796
24,RF,10,Random Forest,"Pot, Bu, Sc, Bp, Wbcc, Bgr, Hemo, Age, Pcv, Rbcc",0.5431472081218274,0.5514018691588785,0.5841584158415841,0.5673076923076923,0.5708539603960395
24,RF,10,XGBoost,"Pot, Bu, Sc, Bp, Wbcc, Bgr, Hemo, Age, Pcv, Rbcc",0.5532994923857868,0.5585585585585585,0.6138613861386139,0.5849056603773585,0.6102516501650166
24,DODA,10,Logistic Regression,"Sc, Bu, Pot, Bp, Hemo, Bgr, Al, Pcv, Wbcc, Age",0.49746192893401014,0.5094339622641509,0.5346534653465347,0.5217391304347826,0.4933993399339933
24,DODA,10,Random Forest,"Sc, Bu, Pot, Bp, Hemo, Bgr, Al, Pcv, Wbcc, Age",0.5279187817258884,0.5377358490566038,0.5643564356435643,0.5507246376811594,0.5704929867986799
24,DODA,10,XGBoost,"Sc, Bu, Pot, Bp, Hemo, Bgr, Al, Pcv, Wbcc, Age",0.5736040609137056,0.5739130434782609,0.6534653465346535,0.6111111111111112,0.5943688118811882
24,RF,15,Logistic Regression,"Pot, Bu, Sc, Bp, Wbcc, Bgr, Hemo, Age, Pcv, Rbcc, Sod, Su, Al, Sg, Pc",0.4873096446700508,0.5,0.504950495049505,0.5024630541871922,0.5102103960396039
24,RF,15,Random Forest,"Pot, Bu, Sc, Bp, Wbcc, Bgr, Hemo, Age, Pcv, Rbcc, Sod, Su, Al, Sg, Pc",0.5380710659898477,0.5480769230769231,0.5643564356435643,0.5560975609756098,0.5660581683168316
24,RF,15,XGBoost,"Pot, Bu, Sc, Bp, Wbcc, Bgr, Hemo, Age, Pcv, Rbcc, Sod, Su, Al, Sg, Pc",0.5228426395939086,0.5333333333333333,0.5544554455445545,0.5436893203883495,0.5625
24,DODA,15,Logistic Regression,"Sc, Bu, Pot, Bp, Hemo, Bgr, Al, Pcv, Wbcc, Age, Sg, Sod, Rbcc, Su, Ane",0.49746192893401014,0.5096153846153846,0.5247524752475248,0.5170731707317073,0.5103135313531353
24,DODA,15,Random Forest,"Sc, Bu, Pot, Bp, Hemo, Bgr, Al, Pcv, Wbcc, Age, Sg, Sod, Rbcc, Su, Ane",0.5380710659898477,0.5490196078431373,0.5544554455445545,0.5517241379310345,0.5891604785478548
24,DODA,15,XGBoost,"Sc, Bu, Pot, Bp, Hemo, Bgr, Al, Pcv, Wbcc, Age, Sg, Sod, Rbcc, Su, Ane",0.5329949238578681,0.5420560747663551,0.5742574257425742,0.5576923076923077,0.5479579207920792
24,RF,20,Logistic Regression,"Pot, Bu, Sc, Bp, Wbcc, Bgr, Hemo, Age, Pcv, Rbcc, Sod, Su, Al, Sg, Pc, Ane, Ba, Cad, Rbc, Pcc",0.5025380710659898,0.5142857142857142,0.5346534653465347,0.5242718446601942,0.5082508250825082
24,RF,20,Random Forest,"Pot, Bu, Sc, Bp, Wbcc, Bgr, Hemo, Age, Pcv, Rbcc, Sod, Su, Al, Sg, Pc, Ane, Ba, Cad, Rbc, Pcc",0.5329949238578681,0.5463917525773195,0.5247524752475248,0.5353535353535354,0.5840037128712872
24,RF,20,XGBoost,"Pot, Bu, Sc, Bp, Wbcc, Bgr, Hemo, Age, Pcv, Rbcc, Sod, Su, Al, Sg, Pc, Ane, Ba, Cad, Rbc, Pcc",0.5532994923857868,0.5619047619047619,0.5841584158415841,0.5728155339805825,0.5600247524752475
24,DODA,20,Logistic Regression,"Sc, Bu, Pot, Bp, Hemo, Bgr, Al, Pcv, Wbcc, Age, Sg, Sod, Rbcc, Su, Ane, Dm, Htn, Pc, Rbc, Pe",0.5228426395939086,0.5339805825242718,0.5445544554455446,0.5392156862745098,0.4970090759075908
24,DODA,20,Random Forest,"Sc, Bu, Pot, Bp, Hemo, Bgr, Al, Pcv, Wbcc, Age, Sg, Sod, Rbcc, Su, Ane, Dm, Htn, Pc, Rbc, Pe",0.5126903553299492,0.5225225225225225,0.5742574257425742,0.5471698113207547,0.5420276402640264
24,DODA,20,XGBoost,"Sc, Bu, Pot, Bp, Hemo, Bgr, Al, Pcv, Wbcc, Age, Sg, Sod, Rbcc, Su, Ane, Dm, Htn, Pc, Rbc, Pe",0.5380710659898477,0.5471698113207547,0.5742574257425742,0.5603864734299517,0.5576526402640264
25,RF,5,Logistic Regression,"Bp, Wbcc, Sc, Hemo, Bu",0.5228426395939086,0.5304347826086957,0.6039603960396039,0.5648148148148148,0.5026815181518152
25,RF,5,Random Forest,"Bp, Wbcc, Sc, Hemo, Bu",0.5380710659898477,0.5454545454545454,0.594059405940594,0.5687203791469194,0.5619327557755776
25,RF,5,XGBoost,"Bp, Wbcc, Sc, Hemo, Bu",0.5532994923857868,0.5575221238938053,0.6237623762376238,0.5887850467289719,0.5486798679867987
25,DODA,5,Logistic Regression,"Sc, Bp, Bu, Hemo, Wbcc",0.5228426395939086,0.5304347826086957,0.6039603960396039,0.5648148148148148,0.5026815181518152
25,DODA,5,Random Forest,"Sc, Bp, Bu, Hemo, Wbcc",0.5329949238578681,0.5412844036697247,0.5841584158415841,0.5619047619047619,0.5746699669966997
25,DODA,5,XGBoost,"Sc, Bp, Bu, Hemo, Wbcc",0.5279187817258884,0.5370370370370371,0.5742574257425742,0.5550239234449761,0.5521864686468646
25,RF,10,Logistic Regression,"Bp, Wbcc, Sc, Hemo, Bu, Pot, Bgr, Age, Pcv, Sod",0.5228426395939086,0.5304347826086957,0.6039603960396039,0.5648148148148148,0.5280528052805281
25,RF,10,Random Forest,"Bp, Wbcc, Sc, Hemo, Bu, Pot, Bgr, Age, Pcv, Sod",0.49746192893401014,0.5092592592592593,0.5445544554455446,0.5263157894736842,0.5270214521452146
25,RF,10,XGBoost,"Bp, Wbcc, Sc, Hemo, Bu, Pot, Bgr, Age, Pcv, Sod",0.5228426395939086,0.5333333333333333,0.5544554455445545,0.5436893203883495,0.5545585808580858
25,DODA,10,Logistic Regression,"Sc, Bp, Bu, Hemo, Wbcc, Al, Bgr, Pot, Pcv, Age",0.5076142131979695,0.5172413793103449,0.594059405940594,0.5529953917050692,0.5181518151815181
25,DODA,10,Random Forest,"Sc, Bp, Bu, Hemo, Wbcc, Al, Bgr, Pot, Pcv, Age",0.47715736040609136,0.49107142857142855,0.5445544554455446,0.5164319248826291,0.5061881188118812
25,DODA,10,XGBoost,"Sc, Bp, Bu, Hemo, Wbcc, Al, Bgr, Pot, Pcv, Age",0.5177664974619289,0.5283018867924528,0.5544554455445545,0.5410628019323671,0.5261963696369637
25,RF,15,Logistic Regression,"Bp, Wbcc, Sc, Hemo, Bu, Pot, Bgr, Age, Pcv, Sod, Rbcc, Su, Al, Sg, Pc",0.5380710659898477,0.5423728813559322,0.6336633663366337,0.5844748858447488,0.4951526402640264
25,RF,15,Random Forest,"Bp, Wbcc, Sc, Hemo, Bu, Pot, Bgr, Age, Pcv, Sod, Rbcc, Su, Al, Sg, Pc",0.5583756345177665,0.5648148148148148,0.6039603960396039,0.583732057416268,0.5489377062706271
25,RF,15,XGBoost,"Bp, Wbcc, Sc, Hemo, Bu, Pot, Bgr, Age, Pcv, Sod, Rbcc, Su, Al, Sg, Pc",0.5380710659898477,0.5471698113207547,0.5742574257425742,0.5603864734299517,0.5452764026402641
25,DODA,15,Logistic Regression,"Sc, Bp, Bu, Hemo, Wbcc, Al, Bgr, Pot, Pcv, Age, Sg, Sod, Htn, Rbcc, Su",0.5532994923857868,0.5546218487394958,0.6534653465346535,0.6,0.4969059405940594
25,DODA,15,Random Forest,"Sc, Bp, Bu, Hemo, Wbcc, Al, Bgr, Pot, Pcv, Age, Sg, Sod, Htn, Rbcc, Su",0.5025380710659898,0.5132743362831859,0.5742574257425742,0.5420560747663551,0.5287747524752475
25,DODA,15,XGBoost,"Sc, Bp, Bu, Hemo, Wbcc, Al, Bgr, Pot, Pcv, Age, Sg, Sod, Htn, Rbcc, Su",0.5279187817258884,0.5384615384615384,0.5544554455445545,0.5463414634146342,0.5402227722772277
25,RF,20,Logistic Regression,"Bp, Wbcc, Sc, Hemo, Bu, Pot, Bgr, Age, Pcv, Sod, Rbcc, Su, Al, Sg, Pc, Appet, Htn, Dm, Cad, Ba",0.5126903553299492,0.5213675213675214,0.6039603960396039,0.5596330275229358,0.5099009900990099
25,RF,20,Random Forest,"Bp, Wbcc, Sc, Hemo, Bu, Pot, Bgr, Age, Pcv, Sod, Rbcc, Su, Al, Sg, Pc, Appet, Htn, Dm, Cad, Ba",0.5025380710659898,0.5137614678899083,0.5544554455445545,0.5333333333333333,0.53125
25,RF,20,XGBoost,"Bp, Wbcc, Sc, Hemo, Bu, Pot, Bgr, Age, Pcv, Sod, Rbcc, Su, Al, Sg, Pc, Appet, Htn, Dm, Cad, Ba",0.5177664974619289,0.5272727272727272,0.5742574257425742,0.5497630331753555,0.5179455445544554
25,DODA,20,Logistic Regression,"Sc, Bp, Bu, Hemo, Wbcc, Al, Bgr, Pot, Pcv, Age, Sg, Sod, Htn, Rbcc, Su, Dm, Pc, Ane, Appet, Pe",0.5177664974619289,0.5258620689655172,0.6039603960396039,0.5622119815668203,0.49896864686468645
25,DODA,20,Random Forest,"Sc, Bp, Bu, Hemo, Wbcc, Al, Bgr, Pot, Pcv, Age, Sg, Sod, Htn, Rbcc, Su, Dm, Pc, Ane, Appet, Pe",0.5279187817258884,0.5333333333333333,0.6336633663366337,0.579185520361991,0.5241336633663366
25,DODA,20,XGBoost,"Sc, Bp, Bu, Hemo, Wbcc, Al, Bgr, Pot, Pcv, Age, Sg, Sod, Htn, Rbcc, Su, Dm, Pc, Ane, Appet, Pe",0.5177664974619289,0.5272727272727272,0.5742574257425742,0.5497630331753555,0.5235148514851485
