Run,Method,Top_K,Model,Accuracy,Precision,Recall,F1,ROC_AUC,Selected_Features
1,ANOVA,5,Logistic Regression,0.9385964912280702,1.0,0.9014084507042254,0.9481481481481482,0.9977071732721913,"mean perimeter, mean concave points, worst radius, worst perimeter, worst concave points"
1,DODA,5,Logistic Regression,0.9385964912280702,1.0,0.9014084507042254,0.9481481481481482,0.9977071732721913,"worst concave points, worst perimeter, worst radius, mean concave points, worst area"
1,ANOVA,5,Random Forest,0.9385964912280702,0.9848484848484849,0.9154929577464789,0.948905109489051,0.9950867998689814,"mean perimeter, mean concave points, worst radius, worst perimeter, worst concave points"
1,DODA,5,Random Forest,0.956140350877193,1.0,0.9295774647887324,0.9635036496350365,0.9962332132328857,"worst concave points, worst perimeter, worst radius, mean concave points, worst area"
1,ANOVA,5,XGBoost,0.9385964912280702,0.9848484848484849,0.9154929577464789,0.948905109489051,0.996069439895185,"mean perimeter, mean concave points, worst radius, worst perimeter, worst concave points"
1,DODA,5,XGBoost,0.9385964912280702,0.9848484848484849,0.9154929577464789,0.948905109489051,0.996069439895185,"worst concave points, worst perimeter, worst radius, mean concave points, worst area"
1,ANOVA,10,Logistic Regression,0.9298245614035088,1.0,0.8873239436619719,0.9402985074626866,0.99737962659679,"mean radius, mean perimeter, mean area, mean concavity, mean concave points, worst radius, worst perimeter, worst area, worst concavity, worst concave points"
1,DODA,10,Logistic Regression,0.9298245614035088,1.0,0.8873239436619719,0.9402985074626866,0.99737962659679,"worst concave points, worst perimeter, worst radius, mean concave points, worst area, mean perimeter, mean radius, mean area, mean concavity, worst concavity"
1,ANOVA,10,Random Forest,0.956140350877193,0.9852941176470589,0.9436619718309859,0.9640287769784173,0.9968883065836882,"mean radius, mean perimeter, mean area, mean concavity, mean concave points, worst radius, worst perimeter, worst area, worst concavity, worst concave points"
1,DODA,10,Random Forest,0.956140350877193,0.9852941176470589,0.9436619718309859,0.9640287769784173,0.99737962659679,"worst concave points, worst perimeter, worst radius, mean concave points, worst area, mean perimeter, mean radius, mean area, mean concavity, worst concavity"
1,ANOVA,10,XGBoost,0.956140350877193,0.9852941176470589,0.9436619718309859,0.9640287769784173,0.9954143465443827,"mean radius, mean perimeter, mean area, mean concavity, mean concave points, worst radius, worst perimeter, worst area, worst concavity, worst concave points"
1,DODA,10,XGBoost,0.956140350877193,0.9852941176470589,0.9436619718309859,0.9640287769784173,0.9963969865705863,"worst concave points, worst perimeter, worst radius, mean concave points, worst area, mean perimeter, mean radius, mean area, mean concavity, worst concavity"
1,ANOVA,15,Logistic Regression,0.956140350877193,1.0,0.9295774647887324,0.9635036496350365,0.998689813298395,"mean radius, mean perimeter, mean area, mean compactness, mean concavity, mean concave points, radius error, perimeter error, area error, worst radius, worst perimeter, worst area, worst compactness, worst concavity, worst concave points"
1,DODA,15,Logistic Regression,0.956140350877193,1.0,0.9295774647887324,0.9635036496350365,0.998689813298395,"worst concave points, worst perimeter, worst radius, mean concave points, worst area, mean perimeter, mean radius, mean area, mean concavity, worst concavity, worst compactness, mean compactness, radius error, perimeter error, area error"
1,ANOVA,15,Random Forest,0.9736842105263158,1.0,0.9577464788732394,0.9784172661870504,0.998689813298395,"mean radius, mean perimeter, mean area, mean compactness, mean concavity, mean concave points, radius error, perimeter error, area error, worst radius, worst perimeter, worst area, worst compactness, worst concavity, worst concave points"
1,DODA,15,Random Forest,0.956140350877193,0.9852941176470589,0.9436619718309859,0.9640287769784173,0.996069439895185,"worst concave points, worst perimeter, worst radius, mean concave points, worst area, mean perimeter, mean radius, mean area, mean concavity, worst concavity, worst compactness, mean compactness, radius error, perimeter error, area error"
1,ANOVA,15,XGBoost,0.9736842105263158,0.9857142857142858,0.971830985915493,0.9787234042553191,0.9967245332459875,"mean radius, mean perimeter, mean area, mean compactness, mean concavity, mean concave points, radius error, perimeter error, area error, worst radius, worst perimeter, worst area, worst compactness, worst concavity, worst concave points"
1,DODA,15,XGBoost,0.9736842105263158,0.9857142857142858,0.971830985915493,0.9787234042553191,0.9967245332459875,"worst concave points, worst perimeter, worst radius, mean concave points, worst area, mean perimeter, mean radius, mean area, mean concavity, worst concavity, worst compactness, mean compactness, radius error, perimeter error, area error"
1,ANOVA,20,Logistic Regression,0.9649122807017544,1.0,0.9436619718309859,0.9710144927536232,0.9996724533245988,"mean radius, mean texture, mean perimeter, mean area, mean compactness, mean concavity, mean concave points, radius error, perimeter error, area error, concave points error, worst radius, worst texture, worst perimeter, worst area, worst smoothness, worst compactness, worst concavity, worst concave points, worst symmetry"
1,DODA,20,Logistic Regression,0.9649122807017544,1.0,0.9436619718309859,0.9710144927536232,0.9996724533245988,"worst concave points, worst perimeter, worst radius, mean concave points, worst area, mean perimeter, mean radius, mean area, mean concavity, worst concavity, worst compactness, mean compactness, radius error, perimeter error, area error, worst texture, worst symmetry, mean texture, worst smoothness, concave points error"
1,ANOVA,20,Random Forest,0.956140350877193,1.0,0.9295774647887324,0.9635036496350365,0.9986898132983951,"mean radius, mean texture, mean perimeter, mean area, mean compactness, mean concavity, mean concave points, radius error, perimeter error, area error, concave points error, worst radius, worst texture, worst perimeter, worst area, worst smoothness, worst compactness, worst concavity, worst concave points, worst symmetry"
1,DODA,20,Random Forest,0.9824561403508771,1.0,0.971830985915493,0.9857142857142858,0.998689813298395,"worst concave points, worst perimeter, worst radius, mean concave points, worst area, mean perimeter, mean radius, mean area, mean concavity, worst concavity, worst compactness, mean compactness, radius error, perimeter error, area error, worst texture, worst symmetry, mean texture, worst smoothness, concave points error"
1,ANOVA,20,XGBoost,0.9736842105263158,1.0,0.9577464788732394,0.9784172661870504,0.9977071732721914,"mean radius, mean texture, mean perimeter, mean area, mean compactness, mean concavity, mean concave points, radius error, perimeter error, area error, concave points error, worst radius, worst texture, worst perimeter, worst area, worst smoothness, worst compactness, worst concavity, worst concave points, worst symmetry"
1,DODA,20,XGBoost,0.9649122807017544,1.0,0.9436619718309859,0.9710144927536232,0.9983622666229938,"worst concave points, worst perimeter, worst radius, mean concave points, worst area, mean perimeter, mean radius, mean area, mean concavity, worst concavity, worst compactness, mean compactness, radius error, perimeter error, area error, worst texture, worst symmetry, mean texture, worst smoothness, concave points error"
2,ANOVA,5,Logistic Regression,0.9210526315789473,0.918918918918919,0.9577464788732394,0.9379310344827586,0.9787094660989191,"mean perimeter, mean concave points, worst radius, worst perimeter, worst concave points"
2,DODA,5,Logistic Regression,0.9210526315789473,0.918918918918919,0.9577464788732394,0.9379310344827586,0.9787094660989191,"worst concave points, worst perimeter, worst radius, mean concave points, worst area"
2,ANOVA,5,Random Forest,0.9210526315789473,0.918918918918919,0.9577464788732394,0.9379310344827586,0.9672453324598755,"mean perimeter, mean concave points, worst radius, worst perimeter, worst concave points"
2,DODA,5,Random Forest,0.9210526315789473,0.918918918918919,0.9577464788732394,0.9379310344827586,0.9574189321978381,"worst concave points, worst perimeter, worst radius, mean concave points, worst area"
2,ANOVA,5,XGBoost,0.9122807017543859,0.9066666666666666,0.9577464788732394,0.9315068493150684,0.9500491320013101,"mean perimeter, mean concave points, worst radius, worst perimeter, worst concave points"
2,DODA,5,XGBoost,0.8947368421052632,0.8831168831168831,0.9577464788732394,0.918918918918919,0.9561087454962333,"worst concave points, worst perimeter, worst radius, mean concave points, worst area"
2,ANOVA,10,Logistic Regression,0.9385964912280702,0.9444444444444444,0.9577464788732394,0.951048951048951,0.9796921061251228,"mean radius, mean perimeter, mean area, mean concavity, mean concave points, worst radius, worst perimeter, worst area, worst concavity, worst concave points"
2,DODA,10,Logistic Regression,0.9385964912280702,0.9444444444444444,0.9577464788732394,0.951048951048951,0.9796921061251228,"worst concave points, worst perimeter, worst radius, mean concave points, worst area, mean perimeter, mean radius, mean concavity, mean area, worst concavity"
2,ANOVA,10,Random Forest,0.9210526315789473,0.918918918918919,0.9577464788732394,0.9379310344827586,0.9695381591876842,"mean radius, mean perimeter, mean area, mean concavity, mean concave points, worst radius, worst perimeter, worst area, worst concavity, worst concave points"
2,DODA,10,Random Forest,0.9210526315789473,0.918918918918919,0.9577464788732394,0.9379310344827586,0.9703570258761873,"worst concave points, worst perimeter, worst radius, mean concave points, worst area, mean perimeter, mean radius, mean concavity, mean area, worst concavity"
2,ANOVA,10,XGBoost,0.9298245614035088,0.9436619718309859,0.9436619718309859,0.9436619718309859,0.9600393056010481,"mean radius, mean perimeter, mean area, mean concavity, mean concave points, worst radius, worst perimeter, worst area, worst concavity, worst concave points"
2,DODA,10,XGBoost,0.9210526315789473,0.9305555555555556,0.9436619718309859,0.9370629370629371,0.9557811988208319,"worst concave points, worst perimeter, worst radius, mean concave points, worst area, mean perimeter, mean radius, mean concavity, mean area, worst concavity"
2,ANOVA,15,Logistic Regression,0.9298245614035088,0.9436619718309859,0.9436619718309859,0.9436619718309859,0.9862430396331476,"mean radius, mean perimeter, mean area, mean compactness, mean concavity, mean concave points, radius error, perimeter error, area error, worst radius, worst perimeter, worst area, worst compactness, worst concavity, worst concave points"
2,DODA,15,Logistic Regression,0.9298245614035088,0.9436619718309859,0.9436619718309859,0.9436619718309859,0.9862430396331476,"worst concave points, worst perimeter, worst radius, mean concave points, worst area, mean perimeter, mean radius, mean concavity, mean area, worst concavity, worst compactness, mean compactness, radius error, perimeter error, area error"
2,ANOVA,15,Random Forest,0.9385964912280702,0.9324324324324325,0.971830985915493,0.9517241379310345,0.9747789059941041,"mean radius, mean perimeter, mean area, mean compactness, mean concavity, mean concave points, radius error, perimeter error, area error, worst radius, worst perimeter, worst area, worst compactness, worst concavity, worst concave points"
2,DODA,15,Random Forest,0.956140350877193,0.9714285714285714,0.9577464788732394,0.9645390070921985,0.983950212905339,"worst concave points, worst perimeter, worst radius, mean concave points, worst area, mean perimeter, mean radius, mean concavity, mean area, worst concavity, worst compactness, mean compactness, radius error, perimeter error, area error"
2,ANOVA,15,XGBoost,0.9298245614035088,0.9436619718309859,0.9436619718309859,0.9436619718309859,0.980019652800524,"mean radius, mean perimeter, mean area, mean compactness, mean concavity, mean concave points, radius error, perimeter error, area error, worst radius, worst perimeter, worst area, worst compactness, worst concavity, worst concave points"
2,DODA,15,XGBoost,0.9298245614035088,0.9436619718309859,0.9436619718309859,0.9436619718309859,0.9803471994759253,"worst concave points, worst perimeter, worst radius, mean concave points, worst area, mean perimeter, mean radius, mean concavity, mean area, worst concavity, worst compactness, mean compactness, radius error, perimeter error, area error"
2,ANOVA,20,Logistic Regression,0.9736842105263158,0.9594594594594594,1.0,0.9793103448275862,0.9980347199475925,"mean radius, mean texture, mean perimeter, mean area, mean compactness, mean concavity, mean concave points, radius error, perimeter error, area error, concave points error, worst radius, worst texture, worst perimeter, worst area, worst smoothness, worst compactness, worst concavity, worst concave points, worst symmetry"
2,DODA,20,Logistic Regression,0.9736842105263158,0.9594594594594594,1.0,0.9793103448275862,0.9980347199475925,"worst concave points, worst perimeter, worst radius, mean concave points, worst area, mean perimeter, mean radius, mean concavity, mean area, worst concavity, worst compactness, mean compactness, radius error, perimeter error, area error, worst texture, worst symmetry, worst smoothness, mean texture, concave points error"
2,ANOVA,20,Random Forest,0.956140350877193,0.9583333333333334,0.971830985915493,0.965034965034965,0.9803471994759253,"mean radius, mean texture, mean perimeter, mean area, mean compactness, mean concavity, mean concave points, radius error, perimeter error, area error, concave points error, worst radius, worst texture, worst perimeter, worst area, worst smoothness, worst compactness, worst concavity, worst concave points, worst symmetry"
2,DODA,20,Random Forest,0.956140350877193,0.9583333333333334,0.971830985915493,0.965034965034965,0.9864068129708484,"worst concave points, worst perimeter, worst radius, mean concave points, worst area, mean perimeter, mean radius, mean concavity, mean area, worst concavity, worst compactness, mean compactness, radius error, perimeter error, area error, worst texture, worst symmetry, worst smoothness, mean texture, concave points error"
2,ANOVA,20,XGBoost,0.9473684210526315,0.9452054794520548,0.971830985915493,0.9583333333333334,0.9908286930887652,"mean radius, mean texture, mean perimeter, mean area, mean compactness, mean concavity, mean concave points, radius error, perimeter error, area error, concave points error, worst radius, worst texture, worst perimeter, worst area, worst smoothness, worst compactness, worst concavity, worst concave points, worst symmetry"
2,DODA,20,XGBoost,0.956140350877193,0.9459459459459459,0.9859154929577465,0.9655172413793104,0.9895185063871601,"worst concave points, worst perimeter, worst radius, mean concave points, worst area, mean perimeter, mean radius, mean concavity, mean area, worst concavity, worst compactness, mean compactness, radius error, perimeter error, area error, worst texture, worst symmetry, worst smoothness, mean texture, concave points error"
3,ANOVA,5,Logistic Regression,0.9473684210526315,0.9583333333333334,0.9583333333333334,0.9583333333333334,0.9778439153439153,"mean perimeter, mean concave points, worst radius, worst perimeter, worst concave points"
3,DODA,5,Logistic Regression,0.9473684210526315,0.9583333333333334,0.9583333333333334,0.9583333333333334,0.9791666666666666,"worst perimeter, worst concave points, worst radius, mean concave points, worst area"
3,ANOVA,5,Random Forest,0.9473684210526315,0.9459459459459459,0.9722222222222222,0.958904109589041,0.9738756613756614,"mean perimeter, mean concave points, worst radius, worst perimeter, worst concave points"
3,DODA,5,Random Forest,0.956140350877193,0.958904109589041,0.9722222222222222,0.9655172413793104,0.9702380952380952,"worst perimeter, worst concave points, worst radius, mean concave points, worst area"
3,ANOVA,5,XGBoost,0.9298245614035088,0.9444444444444444,0.9444444444444444,0.9444444444444444,0.960978835978836,"mean perimeter, mean concave points, worst radius, worst perimeter, worst concave points"
3,DODA,5,XGBoost,0.9210526315789473,0.9315068493150684,0.9444444444444444,0.9379310344827586,0.957010582010582,"worst perimeter, worst concave points, worst radius, mean concave points, worst area"
3,ANOVA,10,Logistic Regression,0.9473684210526315,0.9583333333333334,0.9583333333333334,0.9583333333333334,0.9781746031746031,"mean radius, mean perimeter, mean area, mean concavity, mean concave points, worst radius, worst perimeter, worst area, worst concavity, worst concave points"
3,DODA,10,Logistic Regression,0.9473684210526315,0.9583333333333334,0.9583333333333334,0.9583333333333334,0.9781746031746031,"worst perimeter, worst concave points, worst radius, mean concave points, worst area, mean perimeter, mean radius, mean area, mean concavity, worst concavity"
3,ANOVA,10,Random Forest,0.956140350877193,0.958904109589041,0.9722222222222222,0.9655172413793104,0.9742063492063492,"mean radius, mean perimeter, mean area, mean concavity, mean concave points, worst radius, worst perimeter, worst area, worst concavity, worst concave points"
3,DODA,10,Random Forest,0.956140350877193,0.958904109589041,0.9722222222222222,0.9655172413793104,0.9733796296296297,"worst perimeter, worst concave points, worst radius, mean concave points, worst area, mean perimeter, mean radius, mean area, mean concavity, worst concavity"
3,ANOVA,10,XGBoost,0.9385964912280702,0.9452054794520548,0.9583333333333334,0.9517241379310345,0.9692460317460317,"mean radius, mean perimeter, mean area, mean concavity, mean concave points, worst radius, worst perimeter, worst area, worst concavity, worst concave points"
3,DODA,10,XGBoost,0.9385964912280702,0.9333333333333333,0.9722222222222222,0.9523809523809523,0.9699074074074073,"worst perimeter, worst concave points, worst radius, mean concave points, worst area, mean perimeter, mean radius, mean area, mean concavity, worst concavity"
3,ANOVA,15,Logistic Regression,0.9298245614035088,0.9444444444444444,0.9444444444444444,0.9444444444444444,0.9831349206349207,"mean radius, mean perimeter, mean area, mean compactness, mean concavity, mean concave points, radius error, perimeter error, area error, worst radius, worst perimeter, worst area, worst compactness, worst concavity, worst concave points"
3,DODA,15,Logistic Regression,0.9298245614035088,0.9444444444444444,0.9444444444444444,0.9444444444444444,0.9831349206349207,"worst perimeter, worst concave points, worst radius, mean concave points, worst area, mean perimeter, mean radius, mean area, mean concavity, worst concavity, worst compactness, mean compactness, radius error, perimeter error, area error"
3,ANOVA,15,Random Forest,0.956140350877193,0.9466666666666667,0.9861111111111112,0.9659863945578231,0.9829695767195767,"mean radius, mean perimeter, mean area, mean compactness, mean concavity, mean concave points, radius error, perimeter error, area error, worst radius, worst perimeter, worst area, worst compactness, worst concavity, worst concave points"
3,DODA,15,Random Forest,0.956140350877193,0.958904109589041,0.9722222222222222,0.9655172413793104,0.974537037037037,"worst perimeter, worst concave points, worst radius, mean concave points, worst area, mean perimeter, mean radius, mean area, mean concavity, worst concavity, worst compactness, mean compactness, radius error, perimeter error, area error"
3,ANOVA,15,XGBoost,0.956140350877193,0.958904109589041,0.9722222222222222,0.9655172413793104,0.9818121693121693,"mean radius, mean perimeter, mean area, mean compactness, mean concavity, mean concave points, radius error, perimeter error, area error, worst radius, worst perimeter, worst area, worst compactness, worst concavity, worst concave points"
3,DODA,15,XGBoost,0.956140350877193,0.958904109589041,0.9722222222222222,0.9655172413793104,0.9824735449735449,"worst perimeter, worst concave points, worst radius, mean concave points, worst area, mean perimeter, mean radius, mean area, mean concavity, worst concavity, worst compactness, mean compactness, radius error, perimeter error, area error"
3,ANOVA,20,Logistic Regression,0.9824561403508771,0.972972972972973,1.0,0.9863013698630136,0.9854497354497354,"mean radius, mean texture, mean perimeter, mean area, mean compactness, mean concavity, mean concave points, radius error, perimeter error, area error, concave points error, worst radius, worst texture, worst perimeter, worst area, worst smoothness, worst compactness, worst concavity, worst concave points, worst symmetry"
3,DODA,20,Logistic Regression,0.9824561403508771,0.972972972972973,1.0,0.9863013698630136,0.9854497354497354,"worst perimeter, worst concave points, worst radius, mean concave points, worst area, mean perimeter, mean radius, mean area, mean concavity, worst concavity, worst compactness, mean compactness, radius error, perimeter error, area error, worst texture, worst symmetry, mean texture, worst smoothness, concave points error"
3,ANOVA,20,Random Forest,0.9649122807017544,0.9594594594594594,0.9861111111111112,0.9726027397260274,0.9885912698412698,"mean radius, mean texture, mean perimeter, mean area, mean compactness, mean concavity, mean concave points, radius error, perimeter error, area error, concave points error, worst radius, worst texture, worst perimeter, worst area, worst smoothness, worst compactness, worst concavity, worst concave points, worst symmetry"
3,DODA,20,Random Forest,0.956140350877193,0.9466666666666667,0.9861111111111112,0.9659863945578231,0.9866071428571428,"worst perimeter, worst concave points, worst radius, mean concave points, worst area, mean perimeter, mean radius, mean area, mean concavity, worst concavity, worst compactness, mean compactness, radius error, perimeter error, area error, worst texture, worst symmetry, mean texture, worst smoothness, concave points error"
3,ANOVA,20,XGBoost,0.956140350877193,0.9466666666666667,0.9861111111111112,0.9659863945578231,0.9871031746031746,"mean radius, mean texture, mean perimeter, mean area, mean compactness, mean concavity, mean concave points, radius error, perimeter error, area error, concave points error, worst radius, worst texture, worst perimeter, worst area, worst smoothness, worst compactness, worst concavity, worst concave points, worst symmetry"
3,DODA,20,XGBoost,0.956140350877193,0.9466666666666667,0.9861111111111112,0.9659863945578231,0.9877645502645502,"worst perimeter, worst concave points, worst radius, mean concave points, worst area, mean perimeter, mean radius, mean area, mean concavity, worst concavity, worst compactness, mean compactness, radius error, perimeter error, area error, worst texture, worst symmetry, mean texture, worst smoothness, concave points error"
4,ANOVA,5,Logistic Regression,0.956140350877193,1.0,0.9305555555555556,0.9640287769784173,0.9937169312169312,"mean perimeter, mean concave points, worst radius, worst perimeter, worst concave points"
4,DODA,5,Logistic Regression,0.956140350877193,1.0,0.9305555555555556,0.9640287769784173,0.9937169312169312,"worst concave points, worst perimeter, worst radius, mean concave points, mean perimeter"
4,ANOVA,5,Random Forest,0.9298245614035088,0.9848484848484849,0.9027777777777778,0.9420289855072463,0.9920634920634921,"mean perimeter, mean concave points, worst radius, worst perimeter, worst concave points"
4,DODA,5,Random Forest,0.9385964912280702,0.9850746268656716,0.9166666666666666,0.9496402877697842,0.9937169312169313,"worst concave points, worst perimeter, worst radius, mean concave points, mean perimeter"
4,ANOVA,5,XGBoost,0.9385964912280702,0.9850746268656716,0.9166666666666666,0.9496402877697842,0.9895833333333333,"mean perimeter, mean concave points, worst radius, worst perimeter, worst concave points"
4,DODA,5,XGBoost,0.9298245614035088,0.9848484848484849,0.9027777777777778,0.9420289855072463,0.9897486772486772,"worst concave points, worst perimeter, worst radius, mean concave points, mean perimeter"
4,ANOVA,10,Logistic Regression,0.9385964912280702,1.0,0.9027777777777778,0.948905109489051,0.9953703703703703,"mean radius, mean perimeter, mean area, mean concavity, mean concave points, worst radius, worst perimeter, worst area, worst concavity, worst concave points"
4,DODA,10,Logistic Regression,0.9385964912280702,1.0,0.9027777777777778,0.948905109489051,0.9953703703703703,"worst concave points, worst perimeter, worst radius, mean concave points, mean perimeter, worst area, mean radius, mean concavity, mean area, worst concavity"
4,ANOVA,10,Random Forest,0.9298245614035088,0.9848484848484849,0.9027777777777778,0.9420289855072463,0.9938822751322751,"mean radius, mean perimeter, mean area, mean concavity, mean concave points, worst radius, worst perimeter, worst area, worst concavity, worst concave points"
4,DODA,10,Random Forest,0.9385964912280702,0.9850746268656716,0.9166666666666666,0.9496402877697842,0.9930555555555556,"worst concave points, worst perimeter, worst radius, mean concave points, mean perimeter, worst area, mean radius, mean concavity, mean area, worst concavity"
4,ANOVA,10,XGBoost,0.9122807017543859,0.9696969696969697,0.8888888888888888,0.927536231884058,0.9871031746031745,"mean radius, mean perimeter, mean area, mean concavity, mean concave points, worst radius, worst perimeter, worst area, worst concavity, worst concave points"
4,DODA,10,XGBoost,0.9035087719298246,0.9552238805970149,0.8888888888888888,0.920863309352518,0.9847883597883598,"worst concave points, worst perimeter, worst radius, mean concave points, mean perimeter, worst area, mean radius, mean concavity, mean area, worst concavity"
4,ANOVA,15,Logistic Regression,0.9385964912280702,1.0,0.9027777777777778,0.948905109489051,0.9933862433862434,"mean radius, mean perimeter, mean area, mean compactness, mean concavity, mean concave points, radius error, perimeter error, area error, worst radius, worst perimeter, worst area, worst compactness, worst concavity, worst concave points"
4,DODA,15,Logistic Regression,0.9385964912280702,1.0,0.9027777777777778,0.948905109489051,0.9933862433862434,"worst concave points, worst perimeter, worst radius, mean concave points, mean perimeter, worst area, mean radius, mean concavity, mean area, worst concavity, worst compactness, mean compactness, perimeter error, radius error, area error"
4,ANOVA,15,Random Forest,0.9298245614035088,0.9848484848484849,0.9027777777777778,0.9420289855072463,0.9915674603174605,"mean radius, mean perimeter, mean area, mean compactness, mean concavity, mean concave points, radius error, perimeter error, area error, worst radius, worst perimeter, worst area, worst compactness, worst concavity, worst concave points"
4,DODA,15,Random Forest,0.9122807017543859,0.984375,0.875,0.9264705882352942,0.9920634920634921,"worst concave points, worst perimeter, worst radius, mean concave points, mean perimeter, worst area, mean radius, mean concavity, mean area, worst concavity, worst compactness, mean compactness, perimeter error, radius error, area error"
4,ANOVA,15,XGBoost,0.9210526315789473,0.9436619718309859,0.9305555555555556,0.9370629370629371,0.9857804232804233,"mean radius, mean perimeter, mean area, mean compactness, mean concavity, mean concave points, radius error, perimeter error, area error, worst radius, worst perimeter, worst area, worst compactness, worst concavity, worst concave points"
4,DODA,15,XGBoost,0.9122807017543859,0.9428571428571428,0.9166666666666666,0.9295774647887324,0.9831349206349207,"worst concave points, worst perimeter, worst radius, mean concave points, mean perimeter, worst area, mean radius, mean concavity, mean area, worst concavity, worst compactness, mean compactness, perimeter error, radius error, area error"
4,ANOVA,20,Logistic Regression,0.9736842105263158,1.0,0.9583333333333334,0.9787234042553191,0.9996693121693121,"mean radius, mean texture, mean perimeter, mean area, mean compactness, mean concavity, mean concave points, radius error, perimeter error, area error, concave points error, worst radius, worst texture, worst perimeter, worst area, worst smoothness, worst compactness, worst concavity, worst concave points, worst symmetry"
4,DODA,20,Logistic Regression,0.9736842105263158,1.0,0.9583333333333334,0.9787234042553191,0.9996693121693121,"worst concave points, worst perimeter, worst radius, mean concave points, mean perimeter, worst area, mean radius, mean concavity, mean area, worst concavity, worst compactness, mean compactness, perimeter error, radius error, area error, worst texture, worst symmetry, worst smoothness, mean texture, concave points error"
4,ANOVA,20,Random Forest,0.956140350877193,1.0,0.9305555555555556,0.9640287769784173,0.994212962962963,"mean radius, mean texture, mean perimeter, mean area, mean compactness, mean concavity, mean concave points, radius error, perimeter error, area error, concave points error, worst radius, worst texture, worst perimeter, worst area, worst smoothness, worst compactness, worst concavity, worst concave points, worst symmetry"
4,DODA,20,Random Forest,0.9385964912280702,1.0,0.9027777777777778,0.948905109489051,0.9955357142857143,"worst concave points, worst perimeter, worst radius, mean concave points, mean perimeter, worst area, mean radius, mean concavity, mean area, worst concavity, worst compactness, mean compactness, perimeter error, radius error, area error, worst texture, worst symmetry, worst smoothness, mean texture, concave points error"
4,ANOVA,20,XGBoost,0.956140350877193,1.0,0.9305555555555556,0.9640287769784173,0.9993386243386243,"mean radius, mean texture, mean perimeter, mean area, mean compactness, mean concavity, mean concave points, radius error, perimeter error, area error, concave points error, worst radius, worst texture, worst perimeter, worst area, worst smoothness, worst compactness, worst concavity, worst concave points, worst symmetry"
4,DODA,20,XGBoost,0.9473684210526315,1.0,0.9166666666666666,0.9565217391304348,0.9986772486772486,"worst concave points, worst perimeter, worst radius, mean concave points, mean perimeter, worst area, mean radius, mean concavity, mean area, worst concavity, worst compactness, mean compactness, perimeter error, radius error, area error, worst texture, worst symmetry, worst smoothness, mean texture, concave points error"
5,ANOVA,5,Logistic Regression,0.9646017699115044,0.958904109589041,0.9859154929577465,0.9722222222222222,0.9969818913480886,"mean concave points, worst radius, worst perimeter, worst area, worst concave points"
5,DODA,5,Logistic Regression,0.9646017699115044,0.958904109589041,0.9859154929577465,0.9722222222222222,0.9969818913480886,"worst concave points, worst perimeter, worst radius, mean concave points, worst area"
5,ANOVA,5,Random Forest,0.9557522123893806,0.9583333333333334,0.971830985915493,0.965034965034965,0.9860831656606304,"mean concave points, worst radius, worst perimeter, worst area, worst concave points"
5,DODA,5,Random Forest,0.9557522123893806,0.9583333333333334,0.971830985915493,0.965034965034965,0.9862508383635145,"worst concave points, worst perimeter, worst radius, mean concave points, worst area"
5,ANOVA,5,XGBoost,0.9557522123893806,0.9583333333333334,0.971830985915493,0.965034965034965,0.9775318578135479,"mean concave points, worst radius, worst perimeter, worst area, worst concave points"
5,DODA,5,XGBoost,0.9557522123893806,0.9583333333333334,0.971830985915493,0.965034965034965,0.9775318578135479,"worst concave points, worst perimeter, worst radius, mean concave points, worst area"
5,ANOVA,10,Logistic Regression,0.9646017699115044,0.958904109589041,0.9859154929577465,0.9722222222222222,0.9969818913480886,"mean radius, mean perimeter, mean area, mean concavity, mean concave points, worst radius, worst perimeter, worst area, worst concavity, worst concave points"
5,DODA,10,Logistic Regression,0.9646017699115044,0.958904109589041,0.9859154929577465,0.9722222222222222,0.9969818913480886,"worst concave points, worst perimeter, worst radius, mean concave points, worst area, mean perimeter, mean radius, mean area, mean concavity, worst concavity"
5,ANOVA,10,Random Forest,0.9557522123893806,0.9583333333333334,0.971830985915493,0.965034965034965,0.9879275653923542,"mean radius, mean perimeter, mean area, mean concavity, mean concave points, worst radius, worst perimeter, worst area, worst concavity, worst concave points"
5,DODA,10,Random Forest,0.9557522123893806,0.9583333333333334,0.971830985915493,0.965034965034965,0.988262910798122,"worst concave points, worst perimeter, worst radius, mean concave points, worst area, mean perimeter, mean radius, mean area, mean concavity, worst concavity"
5,ANOVA,10,XGBoost,0.9646017699115044,0.958904109589041,0.9859154929577465,0.9722222222222222,0.9798792756539235,"mean radius, mean perimeter, mean area, mean concavity, mean concave points, worst radius, worst perimeter, worst area, worst concavity, worst concave points"
5,DODA,10,XGBoost,0.9646017699115044,0.958904109589041,0.9859154929577465,0.9722222222222222,0.9782025486250838,"worst concave points, worst perimeter, worst radius, mean concave points, worst area, mean perimeter, mean radius, mean area, mean concavity, worst concavity"
5,ANOVA,15,Logistic Regression,0.9823008849557522,0.9726027397260274,1.0,0.9861111111111112,0.9973172367538564,"mean radius, mean perimeter, mean area, mean compactness, mean concavity, mean concave points, radius error, perimeter error, area error, worst radius, worst perimeter, worst area, worst compactness, worst concavity, worst concave points"
5,DODA,15,Logistic Regression,0.9823008849557522,0.9726027397260274,1.0,0.9861111111111112,0.9973172367538564,"worst concave points, worst perimeter, worst radius, mean concave points, worst area, mean perimeter, mean radius, mean area, mean concavity, worst concavity, worst compactness, mean compactness, area error, radius error, perimeter error"
5,ANOVA,15,Random Forest,0.9469026548672567,0.9577464788732394,0.9577464788732394,0.9577464788732394,0.9911133467471496,"mean radius, mean perimeter, mean area, mean compactness, mean concavity, mean concave points, radius error, perimeter error, area error, worst radius, worst perimeter, worst area, worst compactness, worst concavity, worst concave points"
5,DODA,15,Random Forest,0.9557522123893806,0.9583333333333334,0.971830985915493,0.965034965034965,0.9914486921529175,"worst concave points, worst perimeter, worst radius, mean concave points, worst area, mean perimeter, mean radius, mean area, mean concavity, worst concavity, worst compactness, mean compactness, area error, radius error, perimeter error"
5,ANOVA,15,XGBoost,0.9646017699115044,0.958904109589041,0.9859154929577465,0.9722222222222222,0.9835680751173709,"mean radius, mean perimeter, mean area, mean compactness, mean concavity, mean concave points, radius error, perimeter error, area error, worst radius, worst perimeter, worst area, worst compactness, worst concavity, worst concave points"
5,DODA,15,XGBoost,0.9646017699115044,0.958904109589041,0.9859154929577465,0.9722222222222222,0.9835680751173709,"worst concave points, worst perimeter, worst radius, mean concave points, worst area, mean perimeter, mean radius, mean area, mean concavity, worst concavity, worst compactness, mean compactness, area error, radius error, perimeter error"
5,ANOVA,20,Logistic Regression,0.9911504424778761,0.9861111111111112,1.0,0.993006993006993,0.9986586183769282,"mean radius, mean texture, mean perimeter, mean area, mean compactness, mean concavity, mean concave points, radius error, perimeter error, area error, concave points error, worst radius, worst texture, worst perimeter, worst area, worst smoothness, worst compactness, worst concavity, worst concave points, worst symmetry"
5,DODA,20,Logistic Regression,0.9911504424778761,0.9861111111111112,1.0,0.993006993006993,0.9986586183769282,"worst concave points, worst perimeter, worst radius, mean concave points, worst area, mean perimeter, mean radius, mean area, mean concavity, worst concavity, worst compactness, mean compactness, area error, radius error, perimeter error, worst texture, worst smoothness, worst symmetry, mean texture, concave points error"
5,ANOVA,20,Random Forest,0.9734513274336283,0.9722222222222222,0.9859154929577465,0.9790209790209791,0.9931254191817572,"mean radius, mean texture, mean perimeter, mean area, mean compactness, mean concavity, mean concave points, radius error, perimeter error, area error, concave points error, worst radius, worst texture, worst perimeter, worst area, worst smoothness, worst compactness, worst concavity, worst concave points, worst symmetry"
5,DODA,20,Random Forest,0.9646017699115044,0.971830985915493,0.971830985915493,0.971830985915493,0.9916163648558015,"worst concave points, worst perimeter, worst radius, mean concave points, worst area, mean perimeter, mean radius, mean area, mean concavity, worst concavity, worst compactness, mean compactness, area error, radius error, perimeter error, worst texture, worst smoothness, worst symmetry, mean texture, concave points error"
5,ANOVA,20,XGBoost,0.9646017699115044,0.971830985915493,0.971830985915493,0.971830985915493,0.9896042924211939,"mean radius, mean texture, mean perimeter, mean area, mean compactness, mean concavity, mean concave points, radius error, perimeter error, area error, concave points error, worst radius, worst texture, worst perimeter, worst area, worst smoothness, worst compactness, worst concavity, worst concave points, worst symmetry"
5,DODA,20,XGBoost,0.9557522123893806,0.9583333333333334,0.971830985915493,0.965034965034965,0.9919517102615695,"worst concave points, worst perimeter, worst radius, mean concave points, worst area, mean perimeter, mean radius, mean area, mean concavity, worst concavity, worst compactness, mean compactness, area error, radius error, perimeter error, worst texture, worst smoothness, worst symmetry, mean texture, concave points error"
6,ANOVA,5,Logistic Regression,0.9736842105263158,1.0,0.9577464788732394,0.9784172661870504,0.9996724533245988,"mean perimeter, mean concave points, worst radius, worst perimeter, worst concave points"
6,DODA,5,Logistic Regression,0.9736842105263158,1.0,0.9577464788732394,0.9784172661870504,0.9993449066491975,"worst concave points, worst perimeter, worst radius, mean concave points, worst area"
6,ANOVA,5,Random Forest,0.9649122807017544,1.0,0.9436619718309859,0.9710144927536232,0.9991811333114968,"mean perimeter, mean concave points, worst radius, worst perimeter, worst concave points"
6,DODA,5,Random Forest,0.9736842105263158,1.0,0.9577464788732394,0.9784172661870504,0.9983622666229938,"worst concave points, worst perimeter, worst radius, mean concave points, worst area"
6,ANOVA,5,XGBoost,0.956140350877193,0.9852941176470589,0.9436619718309859,0.9640287769784173,0.9970520799213888,"mean perimeter, mean concave points, worst radius, worst perimeter, worst concave points"
6,DODA,5,XGBoost,0.9736842105263158,1.0,0.9577464788732394,0.9784172661870504,0.9980347199475925,"worst concave points, worst perimeter, worst radius, mean concave points, worst area"
6,ANOVA,10,Logistic Regression,0.9649122807017544,1.0,0.9436619718309859,0.9710144927536232,1.0,"mean radius, mean perimeter, mean area, mean concavity, mean concave points, worst radius, worst perimeter, worst area, worst concavity, worst concave points"
6,DODA,10,Logistic Regression,0.9649122807017544,1.0,0.9436619718309859,0.9710144927536232,1.0,"worst concave points, worst perimeter, worst radius, mean concave points, worst area, mean perimeter, mean radius, mean area, mean concavity, worst concavity"
6,ANOVA,10,Random Forest,0.9649122807017544,0.9855072463768116,0.9577464788732394,0.9714285714285714,0.9981984932852932,"mean radius, mean perimeter, mean area, mean concavity, mean concave points, worst radius, worst perimeter, worst area, worst concavity, worst concave points"
6,DODA,10,Random Forest,0.9736842105263158,1.0,0.9577464788732394,0.9784172661870504,0.9978709466098918,"worst concave points, worst perimeter, worst radius, mean concave points, worst area, mean perimeter, mean radius, mean area, mean concavity, worst concavity"
6,ANOVA,10,XGBoost,0.956140350877193,0.9714285714285714,0.9577464788732394,0.9645390070921985,0.9957418932197838,"mean radius, mean perimeter, mean area, mean concavity, mean concave points, worst radius, worst perimeter, worst area, worst concavity, worst concave points"
6,DODA,10,XGBoost,0.9649122807017544,0.971830985915493,0.971830985915493,0.971830985915493,0.9954143465443825,"worst concave points, worst perimeter, worst radius, mean concave points, worst area, mean perimeter, mean radius, mean area, mean concavity, worst concavity"
6,ANOVA,15,Logistic Regression,0.9649122807017544,1.0,0.9436619718309859,0.9710144927536232,0.9967245332459875,"mean radius, mean perimeter, mean area, mean compactness, mean concavity, mean concave points, radius error, perimeter error, area error, worst radius, worst perimeter, worst area, worst compactness, worst concavity, worst concave points"
6,DODA,15,Logistic Regression,0.9649122807017544,1.0,0.9436619718309859,0.9710144927536232,0.9967245332459875,"worst concave points, worst perimeter, worst radius, mean concave points, worst area, mean perimeter, mean radius, mean area, mean concavity, worst concavity, worst compactness, mean compactness, radius error, perimeter error, area error"
6,ANOVA,15,Random Forest,0.9824561403508771,1.0,0.971830985915493,0.9857142857142858,0.9986898132983951,"mean radius, mean perimeter, mean area, mean compactness, mean concavity, mean concave points, radius error, perimeter error, area error, worst radius, worst perimeter, worst area, worst compactness, worst concavity, worst concave points"
6,DODA,15,Random Forest,0.9824561403508771,1.0,0.971830985915493,0.9857142857142858,0.9993449066491975,"worst concave points, worst perimeter, worst radius, mean concave points, worst area, mean perimeter, mean radius, mean area, mean concavity, worst concavity, worst compactness, mean compactness, radius error, perimeter error, area error"
6,ANOVA,15,XGBoost,0.9473684210526315,0.9452054794520548,0.971830985915493,0.9583333333333334,0.9947592531935802,"mean radius, mean perimeter, mean area, mean compactness, mean concavity, mean concave points, radius error, perimeter error, area error, worst radius, worst perimeter, worst area, worst compactness, worst concavity, worst concave points"
6,DODA,15,XGBoost,0.9473684210526315,0.9452054794520548,0.971830985915493,0.9583333333333334,0.9947592531935802,"worst concave points, worst perimeter, worst radius, mean concave points, worst area, mean perimeter, mean radius, mean area, mean concavity, worst concavity, worst compactness, mean compactness, radius error, perimeter error, area error"
6,ANOVA,20,Logistic Regression,0.9824561403508771,1.0,0.971830985915493,0.9857142857142858,0.9980347199475925,"mean radius, mean texture, mean perimeter, mean area, mean compactness, mean concavity, mean concave points, radius error, perimeter error, area error, concave points error, worst radius, worst texture, worst perimeter, worst area, worst smoothness, worst compactness, worst concavity, worst concave points, worst symmetry"
6,DODA,20,Logistic Regression,0.9824561403508771,1.0,0.971830985915493,0.9857142857142858,0.9980347199475925,"worst concave points, worst perimeter, worst radius, mean concave points, worst area, mean perimeter, mean radius, mean area, mean concavity, worst concavity, worst compactness, mean compactness, radius error, perimeter error, area error, worst texture, worst symmetry, worst smoothness, mean texture, concave points error"
6,ANOVA,20,Random Forest,0.9912280701754386,1.0,0.9859154929577465,0.9929078014184397,0.9990173599737963,"mean radius, mean texture, mean perimeter, mean area, mean compactness, mean concavity, mean concave points, radius error, perimeter error, area error, concave points error, worst radius, worst texture, worst perimeter, worst area, worst smoothness, worst compactness, worst concavity, worst concave points, worst symmetry"
6,DODA,20,Random Forest,0.9824561403508771,1.0,0.971830985915493,0.9857142857142858,0.9991811333114969,"worst concave points, worst perimeter, worst radius, mean concave points, worst area, mean perimeter, mean radius, mean area, mean concavity, worst concavity, worst compactness, mean compactness, radius error, perimeter error, area error, worst texture, worst symmetry, worst smoothness, mean texture, concave points error"
6,ANOVA,20,XGBoost,0.9649122807017544,0.9855072463768116,0.9577464788732394,0.9714285714285714,0.9970520799213888,"mean radius, mean texture, mean perimeter, mean area, mean compactness, mean concavity, mean concave points, radius error, perimeter error, area error, concave points error, worst radius, worst texture, worst perimeter, worst area, worst smoothness, worst compactness, worst concavity, worst concave points, worst symmetry"
6,DODA,20,XGBoost,0.9649122807017544,0.9855072463768116,0.9577464788732394,0.9714285714285714,0.9970520799213888,"worst concave points, worst perimeter, worst radius, mean concave points, worst area, mean perimeter, mean radius, mean area, mean concavity, worst concavity, worst compactness, mean compactness, radius error, perimeter error, area error, worst texture, worst symmetry, worst smoothness, mean texture, concave points error"
7,ANOVA,5,Logistic Regression,0.9473684210526315,0.9577464788732394,0.9577464788732394,0.9577464788732394,0.9819849328529315,"mean perimeter, mean concave points, worst radius, worst perimeter, worst concave points"
7,DODA,5,Logistic Regression,0.9385964912280702,0.9444444444444444,0.9577464788732394,0.951048951048951,0.9823124795283328,"worst concave points, worst perimeter, worst radius, mean concave points, worst area"
7,ANOVA,5,Random Forest,0.9385964912280702,0.9444444444444444,0.9577464788732394,0.951048951048951,0.9880445463478547,"mean perimeter, mean concave points, worst radius, worst perimeter, worst concave points"
7,DODA,5,Random Forest,0.9210526315789473,0.9305555555555556,0.9436619718309859,0.9370629370629371,0.9752702260072061,"worst concave points, worst perimeter, worst radius, mean concave points, worst area"
7,ANOVA,5,XGBoost,0.9210526315789473,0.9305555555555556,0.9436619718309859,0.9370629370629371,0.9747789059941041,"mean perimeter, mean concave points, worst radius, worst perimeter, worst concave points"
7,DODA,5,XGBoost,0.9210526315789473,0.9305555555555556,0.9436619718309859,0.9370629370629371,0.9767441860465116,"worst concave points, worst perimeter, worst radius, mean concave points, worst area"
7,ANOVA,10,Logistic Regression,0.9473684210526315,0.9577464788732394,0.9577464788732394,0.9577464788732394,0.982640026203734,"mean radius, mean perimeter, mean area, mean concavity, mean concave points, worst radius, worst perimeter, worst area, worst concavity, worst concave points"
7,DODA,10,Logistic Regression,0.9473684210526315,0.9577464788732394,0.9577464788732394,0.9577464788732394,0.982640026203734,"worst concave points, worst perimeter, worst radius, mean concave points, worst area, mean perimeter, mean radius, mean area, mean concavity, worst concavity"
7,ANOVA,10,Random Forest,0.9473684210526315,0.9452054794520548,0.971830985915493,0.9583333333333334,0.9886996396986569,"mean radius, mean perimeter, mean area, mean concavity, mean concave points, worst radius, worst perimeter, worst area, worst concavity, worst concave points"
7,DODA,10,Random Forest,0.9473684210526315,0.9452054794520548,0.971830985915493,0.9583333333333334,0.9896822797248608,"worst concave points, worst perimeter, worst radius, mean concave points, worst area, mean perimeter, mean radius, mean area, mean concavity, worst concavity"
7,ANOVA,10,XGBoost,0.9385964912280702,0.9324324324324325,0.971830985915493,0.9517241379310345,0.9783819194235178,"mean radius, mean perimeter, mean area, mean concavity, mean concave points, worst radius, worst perimeter, worst area, worst concavity, worst concave points"
7,DODA,10,XGBoost,0.9385964912280702,0.9324324324324325,0.971830985915493,0.9517241379310345,0.9829675728791353,"worst concave points, worst perimeter, worst radius, mean concave points, worst area, mean perimeter, mean radius, mean area, mean concavity, worst concavity"
7,ANOVA,15,Logistic Regression,0.9649122807017544,0.971830985915493,0.971830985915493,0.971830985915493,0.9918113331149688,"mean radius, mean perimeter, mean area, mean compactness, mean concavity, mean concave points, radius error, perimeter error, area error, worst radius, worst perimeter, worst area, worst compactness, worst concavity, worst concave points"
7,DODA,15,Logistic Regression,0.9649122807017544,0.971830985915493,0.971830985915493,0.971830985915493,0.9918113331149688,"worst concave points, worst perimeter, worst radius, mean concave points, worst area, mean perimeter, mean radius, mean area, mean concavity, worst concavity, worst compactness, mean compactness, radius error, perimeter error, area error"
7,ANOVA,15,Random Forest,0.9473684210526315,0.9452054794520548,0.971830985915493,0.9583333333333334,0.9906649197510646,"mean radius, mean perimeter, mean area, mean compactness, mean concavity, mean concave points, radius error, perimeter error, area error, worst radius, worst perimeter, worst area, worst compactness, worst concavity, worst concave points"
7,DODA,15,Random Forest,0.9473684210526315,0.9452054794520548,0.971830985915493,0.9583333333333334,0.9942679331804782,"worst concave points, worst perimeter, worst radius, mean concave points, worst area, mean perimeter, mean radius, mean area, mean concavity, worst concavity, worst compactness, mean compactness, radius error, perimeter error, area error"
7,ANOVA,15,XGBoost,0.9473684210526315,0.9452054794520548,0.971830985915493,0.9583333333333334,0.9934490664919752,"mean radius, mean perimeter, mean area, mean compactness, mean concavity, mean concave points, radius error, perimeter error, area error, worst radius, worst perimeter, worst area, worst compactness, worst concavity, worst concave points"
7,DODA,15,XGBoost,0.9473684210526315,0.9452054794520548,0.971830985915493,0.9583333333333334,0.9934490664919751,"worst concave points, worst perimeter, worst radius, mean concave points, worst area, mean perimeter, mean radius, mean area, mean concavity, worst concavity, worst compactness, mean compactness, radius error, perimeter error, area error"
7,ANOVA,20,Logistic Regression,0.9912280701754386,0.9861111111111112,1.0,0.993006993006993,0.9977071732721913,"mean radius, mean texture, mean perimeter, mean area, mean smoothness, mean compactness, mean concavity, mean concave points, radius error, perimeter error, area error, worst radius, worst texture, worst perimeter, worst area, worst smoothness, worst compactness, worst concavity, worst concave points, worst symmetry"
7,DODA,20,Logistic Regression,0.9912280701754386,0.9861111111111112,1.0,0.993006993006993,0.9977071732721913,"worst concave points, worst perimeter, worst radius, mean concave points, worst area, mean perimeter, mean radius, mean area, mean concavity, worst concavity, worst compactness, mean compactness, radius error, perimeter error, area error, worst texture, worst symmetry, worst smoothness, mean texture, mean smoothness"
7,ANOVA,20,Random Forest,0.956140350877193,0.9583333333333334,0.971830985915493,0.965034965034965,0.9963969865705863,"mean radius, mean texture, mean perimeter, mean area, mean smoothness, mean compactness, mean concavity, mean concave points, radius error, perimeter error, area error, worst radius, worst texture, worst perimeter, worst area, worst smoothness, worst compactness, worst concavity, worst concave points, worst symmetry"
7,DODA,20,Random Forest,0.956140350877193,0.9583333333333334,0.971830985915493,0.965034965034965,0.996560759908287,"worst concave points, worst perimeter, worst radius, mean concave points, worst area, mean perimeter, mean radius, mean area, mean concavity, worst concavity, worst compactness, mean compactness, radius error, perimeter error, area error, worst texture, worst symmetry, worst smoothness, mean texture, mean smoothness"
7,ANOVA,20,XGBoost,0.956140350877193,0.9583333333333334,0.971830985915493,0.965034965034965,0.9970520799213889,"mean radius, mean texture, mean perimeter, mean area, mean smoothness, mean compactness, mean concavity, mean concave points, radius error, perimeter error, area error, worst radius, worst texture, worst perimeter, worst area, worst smoothness, worst compactness, worst concavity, worst concave points, worst symmetry"
7,DODA,20,XGBoost,0.956140350877193,0.9583333333333334,0.971830985915493,0.965034965034965,0.99737962659679,"worst concave points, worst perimeter, worst radius, mean concave points, worst area, mean perimeter, mean radius, mean area, mean concavity, worst concavity, worst compactness, mean compactness, radius error, perimeter error, area error, worst texture, worst symmetry, worst smoothness, mean texture, mean smoothness"
8,ANOVA,5,Logistic Regression,0.9385964912280702,0.9577464788732394,0.9444444444444444,0.951048951048951,0.9818121693121694,"mean perimeter, mean concave points, worst radius, worst perimeter, worst concave points"
8,DODA,5,Logistic Regression,0.9473684210526315,0.9714285714285714,0.9444444444444444,0.9577464788732394,0.9824735449735451,"worst concave points, worst perimeter, worst radius, mean concave points, worst area"
8,ANOVA,5,Random Forest,0.9298245614035088,0.9444444444444444,0.9444444444444444,0.9444444444444444,0.9713955026455026,"mean perimeter, mean concave points, worst radius, worst perimeter, worst concave points"
8,DODA,5,Random Forest,0.9473684210526315,0.9459459459459459,0.9722222222222222,0.958904109589041,0.9753637566137566,"worst concave points, worst perimeter, worst radius, mean concave points, worst area"
8,ANOVA,5,XGBoost,0.9385964912280702,0.9452054794520548,0.9583333333333334,0.9517241379310345,0.9639550264550265,"mean perimeter, mean concave points, worst radius, worst perimeter, worst concave points"
8,DODA,5,XGBoost,0.9385964912280702,0.9333333333333333,0.9722222222222222,0.9523809523809523,0.9626322751322751,"worst concave points, worst perimeter, worst radius, mean concave points, worst area"
8,ANOVA,10,Logistic Regression,0.9298245614035088,0.9705882352941176,0.9166666666666666,0.9428571428571428,0.9794973544973545,"mean radius, mean perimeter, mean area, mean concavity, mean concave points, worst radius, worst perimeter, worst area, worst concavity, worst concave points"
8,DODA,10,Logistic Regression,0.9298245614035088,0.9705882352941176,0.9166666666666666,0.9428571428571428,0.9794973544973545,"worst concave points, worst perimeter, worst radius, mean concave points, worst area, mean perimeter, mean radius, mean area, worst concavity, mean concavity"
8,ANOVA,10,Random Forest,0.9385964912280702,0.9577464788732394,0.9444444444444444,0.951048951048951,0.9743716931216931,"mean radius, mean perimeter, mean area, mean concavity, mean concave points, worst radius, worst perimeter, worst area, worst concavity, worst concave points"
8,DODA,10,Random Forest,0.9473684210526315,0.9714285714285714,0.9444444444444444,0.9577464788732394,0.9751984126984128,"worst concave points, worst perimeter, worst radius, mean concave points, worst area, mean perimeter, mean radius, mean area, worst concavity, mean concavity"
8,ANOVA,10,XGBoost,0.9298245614035088,0.9324324324324325,0.9583333333333334,0.9452054794520548,0.968915343915344,"mean radius, mean perimeter, mean area, mean concavity, mean concave points, worst radius, worst perimeter, worst area, worst concavity, worst concave points"
8,DODA,10,XGBoost,0.9473684210526315,0.9459459459459459,0.9722222222222222,0.958904109589041,0.9692460317460317,"worst concave points, worst perimeter, worst radius, mean concave points, worst area, mean perimeter, mean radius, mean area, worst concavity, mean concavity"
8,ANOVA,15,Logistic Regression,0.9298245614035088,0.9571428571428572,0.9305555555555556,0.9436619718309859,0.986441798941799,"mean radius, mean perimeter, mean area, mean compactness, mean concavity, mean concave points, radius error, perimeter error, area error, worst radius, worst perimeter, worst area, worst compactness, worst concavity, worst concave points"
8,DODA,15,Logistic Regression,0.9298245614035088,0.9571428571428572,0.9305555555555556,0.9436619718309859,0.986441798941799,"worst concave points, worst perimeter, worst radius, mean concave points, worst area, mean perimeter, mean radius, mean area, worst concavity, mean concavity, worst compactness, mean compactness, radius error, area error, perimeter error"
8,ANOVA,15,Random Forest,0.9649122807017544,0.9857142857142858,0.9583333333333334,0.971830985915493,0.9852843915343915,"mean radius, mean perimeter, mean area, mean compactness, mean concavity, mean concave points, radius error, perimeter error, area error, worst radius, worst perimeter, worst area, worst compactness, worst concavity, worst concave points"
8,DODA,15,Random Forest,0.956140350877193,0.971830985915493,0.9583333333333334,0.965034965034965,0.9780092592592592,"worst concave points, worst perimeter, worst radius, mean concave points, worst area, mean perimeter, mean radius, mean area, worst concavity, mean concavity, worst compactness, mean compactness, radius error, area error, perimeter error"
8,ANOVA,15,XGBoost,0.9473684210526315,0.9583333333333334,0.9583333333333334,0.9583333333333334,0.9874338624338624,"mean radius, mean perimeter, mean area, mean compactness, mean concavity, mean concave points, radius error, perimeter error, area error, worst radius, worst perimeter, worst area, worst compactness, worst concavity, worst concave points"
8,DODA,15,XGBoost,0.9385964912280702,0.9452054794520548,0.9583333333333334,0.9517241379310345,0.9897486772486773,"worst concave points, worst perimeter, worst radius, mean concave points, worst area, mean perimeter, mean radius, mean area, worst concavity, mean concavity, worst compactness, mean compactness, radius error, area error, perimeter error"
8,ANOVA,20,Logistic Regression,0.9649122807017544,0.9722222222222222,0.9722222222222222,0.9722222222222222,0.9844576719576721,"mean radius, mean texture, mean perimeter, mean area, mean compactness, mean concavity, mean concave points, radius error, perimeter error, area error, concave points error, worst radius, worst texture, worst perimeter, worst area, worst smoothness, worst compactness, worst concavity, worst concave points, worst symmetry"
8,DODA,20,Logistic Regression,0.9649122807017544,0.9722222222222222,0.9722222222222222,0.9722222222222222,0.9844576719576721,"worst concave points, worst perimeter, worst radius, mean concave points, worst area, mean perimeter, mean radius, mean area, worst concavity, mean concavity, worst compactness, mean compactness, radius error, area error, perimeter error, worst texture, worst symmetry, worst smoothness, mean texture, concave points error"
8,ANOVA,20,Random Forest,0.956140350877193,0.971830985915493,0.9583333333333334,0.965034965034965,0.9894179894179894,"mean radius, mean texture, mean perimeter, mean area, mean compactness, mean concavity, mean concave points, radius error, perimeter error, area error, concave points error, worst radius, worst texture, worst perimeter, worst area, worst smoothness, worst compactness, worst concavity, worst concave points, worst symmetry"
8,DODA,20,Random Forest,0.9473684210526315,0.9714285714285714,0.9444444444444444,0.9577464788732394,0.9914021164021165,"worst concave points, worst perimeter, worst radius, mean concave points, worst area, mean perimeter, mean radius, mean area, worst concavity, mean concavity, worst compactness, mean compactness, radius error, area error, perimeter error, worst texture, worst symmetry, worst smoothness, mean texture, concave points error"
8,ANOVA,20,XGBoost,0.9649122807017544,0.9594594594594594,0.9861111111111112,0.9726027397260274,0.986111111111111,"mean radius, mean texture, mean perimeter, mean area, mean compactness, mean concavity, mean concave points, radius error, perimeter error, area error, concave points error, worst radius, worst texture, worst perimeter, worst area, worst smoothness, worst compactness, worst concavity, worst concave points, worst symmetry"
8,DODA,20,XGBoost,0.9649122807017544,0.9594594594594594,0.9861111111111112,0.9726027397260274,0.9857804232804233,"worst concave points, worst perimeter, worst radius, mean concave points, worst area, mean perimeter, mean radius, mean area, worst concavity, mean concavity, worst compactness, mean compactness, radius error, area error, perimeter error, worst texture, worst symmetry, worst smoothness, mean texture, concave points error"
9,ANOVA,5,Logistic Regression,0.9473684210526315,0.9583333333333334,0.9583333333333334,0.9583333333333334,0.9933862433862435,"mean perimeter, mean concave points, worst radius, worst perimeter, worst concave points"
9,DODA,5,Logistic Regression,0.9385964912280702,0.9452054794520548,0.9583333333333334,0.9517241379310345,0.9933862433862435,"worst concave points, worst perimeter, worst radius, mean concave points, worst area"
9,ANOVA,5,Random Forest,0.9298245614035088,0.9444444444444444,0.9444444444444444,0.9444444444444444,0.9882605820105821,"mean perimeter, mean concave points, worst radius, worst perimeter, worst concave points"
9,DODA,5,Random Forest,0.9298245614035088,0.9444444444444444,0.9444444444444444,0.9444444444444444,0.9781746031746031,"worst concave points, worst perimeter, worst radius, mean concave points, worst area"
9,ANOVA,5,XGBoost,0.956140350877193,0.958904109589041,0.9722222222222222,0.9655172413793104,0.9884259259259259,"mean perimeter, mean concave points, worst radius, worst perimeter, worst concave points"
9,DODA,5,XGBoost,0.9210526315789473,0.9315068493150684,0.9444444444444444,0.9379310344827586,0.9854497354497354,"worst concave points, worst perimeter, worst radius, mean concave points, worst area"
9,ANOVA,10,Logistic Regression,0.956140350877193,0.958904109589041,0.9722222222222222,0.9655172413793104,0.9937169312169313,"mean radius, mean perimeter, mean area, mean concavity, mean concave points, worst radius, worst perimeter, worst area, worst concavity, worst concave points"
9,DODA,10,Logistic Regression,0.956140350877193,0.958904109589041,0.9722222222222222,0.9655172413793104,0.9937169312169313,"worst concave points, worst perimeter, worst radius, mean concave points, worst area, mean perimeter, mean radius, mean area, mean concavity, worst concavity"
9,ANOVA,10,Random Forest,0.9473684210526315,0.9583333333333334,0.9583333333333334,0.9583333333333334,0.9818121693121693,"mean radius, mean perimeter, mean area, mean concavity, mean concave points, worst radius, worst perimeter, worst area, worst concavity, worst concave points"
9,DODA,10,Random Forest,0.9473684210526315,0.9583333333333334,0.9583333333333334,0.9583333333333334,0.9837962962962963,"worst concave points, worst perimeter, worst radius, mean concave points, worst area, mean perimeter, mean radius, mean area, mean concavity, worst concavity"
9,ANOVA,10,XGBoost,0.956140350877193,0.958904109589041,0.9722222222222222,0.9655172413793104,0.9738756613756614,"mean radius, mean perimeter, mean area, mean concavity, mean concave points, worst radius, worst perimeter, worst area, worst concavity, worst concave points"
9,DODA,10,XGBoost,0.9473684210526315,0.9583333333333334,0.9583333333333334,0.9583333333333334,0.9775132275132276,"worst concave points, worst perimeter, worst radius, mean concave points, worst area, mean perimeter, mean radius, mean area, mean concavity, worst concavity"
9,ANOVA,15,Logistic Regression,0.956140350877193,0.958904109589041,0.9722222222222222,0.9655172413793104,0.9937169312169313,"mean radius, mean perimeter, mean area, mean compactness, mean concavity, mean concave points, radius error, perimeter error, area error, worst radius, worst perimeter, worst area, worst compactness, worst concavity, worst concave points"
9,DODA,15,Logistic Regression,0.956140350877193,0.958904109589041,0.9722222222222222,0.9655172413793104,0.9937169312169313,"worst concave points, worst perimeter, worst radius, mean concave points, worst area, mean perimeter, mean radius, mean area, mean concavity, worst concavity, worst compactness, mean compactness, area error, radius error, perimeter error"
9,ANOVA,15,Random Forest,0.9385964912280702,0.9452054794520548,0.9583333333333334,0.9517241379310345,0.9857804232804233,"mean radius, mean perimeter, mean area, mean compactness, mean concavity, mean concave points, radius error, perimeter error, area error, worst radius, worst perimeter, worst area, worst compactness, worst concavity, worst concave points"
9,DODA,15,Random Forest,0.9298245614035088,0.9324324324324325,0.9583333333333334,0.9452054794520548,0.9804894179894179,"worst concave points, worst perimeter, worst radius, mean concave points, worst area, mean perimeter, mean radius, mean area, mean concavity, worst concavity, worst compactness, mean compactness, area error, radius error, perimeter error"
9,ANOVA,15,XGBoost,0.9473684210526315,0.9459459459459459,0.9722222222222222,0.958904109589041,0.9814814814814815,"mean radius, mean perimeter, mean area, mean compactness, mean concavity, mean concave points, radius error, perimeter error, area error, worst radius, worst perimeter, worst area, worst compactness, worst concavity, worst concave points"
9,DODA,15,XGBoost,0.9473684210526315,0.9459459459459459,0.9722222222222222,0.958904109589041,0.982473544973545,"worst concave points, worst perimeter, worst radius, mean concave points, worst area, mean perimeter, mean radius, mean area, mean concavity, worst concavity, worst compactness, mean compactness, area error, radius error, perimeter error"
9,ANOVA,20,Logistic Regression,0.9736842105263158,0.9726027397260274,0.9861111111111112,0.9793103448275862,0.9953703703703703,"mean radius, mean texture, mean perimeter, mean area, mean compactness, mean concavity, mean concave points, radius error, perimeter error, area error, concave points error, worst radius, worst texture, worst perimeter, worst area, worst smoothness, worst compactness, worst concavity, worst concave points, worst symmetry"
9,DODA,20,Logistic Regression,0.9736842105263158,0.9726027397260274,0.9861111111111112,0.9793103448275862,0.9953703703703703,"worst concave points, worst perimeter, worst radius, mean concave points, worst area, mean perimeter, mean radius, mean area, mean concavity, worst concavity, worst compactness, mean compactness, area error, radius error, perimeter error, worst texture, worst symmetry, mean texture, worst smoothness, concave points error"
9,ANOVA,20,Random Forest,0.956140350877193,0.958904109589041,0.9722222222222222,0.9655172413793104,0.9920634920634921,"mean radius, mean texture, mean perimeter, mean area, mean compactness, mean concavity, mean concave points, radius error, perimeter error, area error, concave points error, worst radius, worst texture, worst perimeter, worst area, worst smoothness, worst compactness, worst concavity, worst concave points, worst symmetry"
9,DODA,20,Random Forest,0.9736842105263158,0.9859154929577465,0.9722222222222222,0.9790209790209791,0.9914021164021164,"worst concave points, worst perimeter, worst radius, mean concave points, worst area, mean perimeter, mean radius, mean area, mean concavity, worst concavity, worst compactness, mean compactness, area error, radius error, perimeter error, worst texture, worst symmetry, mean texture, worst smoothness, concave points error"
9,ANOVA,20,XGBoost,0.956140350877193,0.971830985915493,0.9583333333333334,0.965034965034965,0.9914021164021164,"mean radius, mean texture, mean perimeter, mean area, mean compactness, mean concavity, mean concave points, radius error, perimeter error, area error, concave points error, worst radius, worst texture, worst perimeter, worst area, worst smoothness, worst compactness, worst concavity, worst concave points, worst symmetry"
9,DODA,20,XGBoost,0.956140350877193,0.971830985915493,0.9583333333333334,0.965034965034965,0.9923941798941799,"worst concave points, worst perimeter, worst radius, mean concave points, worst area, mean perimeter, mean radius, mean area, mean concavity, worst concavity, worst compactness, mean compactness, area error, radius error, perimeter error, worst texture, worst symmetry, mean texture, worst smoothness, concave points error"
10,ANOVA,5,Logistic Regression,0.9292035398230089,0.9846153846153847,0.9014084507042254,0.9411764705882353,0.9845741113346748,"mean perimeter, mean concave points, worst radius, worst perimeter, worst concave points"
10,DODA,5,Logistic Regression,0.911504424778761,0.9692307692307692,0.8873239436619719,0.9264705882352942,0.9845741113346748,"worst concave points, worst perimeter, worst radius, mean concave points, worst area"
10,ANOVA,5,Random Forest,0.9203539823008849,0.9558823529411765,0.9154929577464789,0.935251798561151,0.9708249496981891,"mean perimeter, mean concave points, worst radius, worst perimeter, worst concave points"
10,DODA,5,Random Forest,0.9203539823008849,0.9558823529411765,0.9154929577464789,0.935251798561151,0.971327967806841,"worst concave points, worst perimeter, worst radius, mean concave points, worst area"
10,ANOVA,5,XGBoost,0.9026548672566371,0.9545454545454546,0.8873239436619719,0.9197080291970803,0.9668008048289738,"mean perimeter, mean concave points, worst radius, worst perimeter, worst concave points"
10,DODA,5,XGBoost,0.9292035398230089,0.9701492537313433,0.9154929577464789,0.9420289855072463,0.9679745137491615,"worst concave points, worst perimeter, worst radius, mean concave points, worst area"
10,ANOVA,10,Logistic Regression,0.9292035398230089,0.9846153846153847,0.9014084507042254,0.9411764705882353,0.9869215291750504,"mean radius, mean perimeter, mean area, mean concavity, mean concave points, worst radius, worst perimeter, worst area, worst concavity, worst concave points"
10,DODA,10,Logistic Regression,0.9292035398230089,0.9846153846153847,0.9014084507042254,0.9411764705882353,0.9869215291750504,"worst concave points, worst perimeter, worst radius, mean concave points, worst area, mean perimeter, mean radius, mean area, mean concavity, worst concavity"
10,ANOVA,10,Random Forest,0.9380530973451328,0.9705882352941176,0.9295774647887324,0.9496402877697842,0.977364185110664,"mean radius, mean perimeter, mean area, mean concavity, mean concave points, worst radius, worst perimeter, worst area, worst concavity, worst concave points"
10,DODA,10,Random Forest,0.9469026548672567,0.9710144927536232,0.9436619718309859,0.9571428571428572,0.9761904761904763,"worst concave points, worst perimeter, worst radius, mean concave points, worst area, mean perimeter, mean radius, mean area, mean concavity, worst concavity"
10,ANOVA,10,XGBoost,0.9292035398230089,0.9701492537313433,0.9154929577464789,0.9420289855072463,0.9684775318578135,"mean radius, mean perimeter, mean area, mean concavity, mean concave points, worst radius, worst perimeter, worst area, worst concavity, worst concave points"
10,DODA,10,XGBoost,0.9469026548672567,0.9710144927536232,0.9436619718309859,0.9571428571428572,0.9678068410462777,"worst concave points, worst perimeter, worst radius, mean concave points, worst area, mean perimeter, mean radius, mean area, mean concavity, worst concavity"
10,ANOVA,15,Logistic Regression,0.9469026548672567,0.9850746268656716,0.9295774647887324,0.9565217391304348,0.9906103286384976,"mean radius, mean perimeter, mean area, mean compactness, mean concavity, mean concave points, radius error, perimeter error, area error, worst radius, worst perimeter, worst area, worst compactness, worst concavity, worst concave points"
10,DODA,15,Logistic Regression,0.9469026548672567,0.9850746268656716,0.9295774647887324,0.9565217391304348,0.9906103286384976,"worst concave points, worst perimeter, worst radius, mean concave points, worst area, mean perimeter, mean radius, mean area, mean concavity, worst concavity, worst compactness, mean compactness, radius error, perimeter error, area error"
10,ANOVA,15,Random Forest,0.9292035398230089,0.9701492537313433,0.9154929577464789,0.9420289855072463,0.9755197853789404,"mean radius, mean perimeter, mean area, mean compactness, mean concavity, mean concave points, radius error, perimeter error, area error, worst radius, worst perimeter, worst area, worst compactness, worst concavity, worst concave points"
10,DODA,15,Random Forest,0.9380530973451328,0.9705882352941176,0.9295774647887324,0.9496402877697842,0.983232729711603,"worst concave points, worst perimeter, worst radius, mean concave points, worst area, mean perimeter, mean radius, mean area, mean concavity, worst concavity, worst compactness, mean compactness, radius error, perimeter error, area error"
10,ANOVA,15,XGBoost,0.911504424778761,0.9692307692307692,0.8873239436619719,0.9264705882352942,0.9795439302481556,"mean radius, mean perimeter, mean area, mean compactness, mean concavity, mean concave points, radius error, perimeter error, area error, worst radius, worst perimeter, worst area, worst compactness, worst concavity, worst concave points"
10,DODA,15,XGBoost,0.9203539823008849,0.9696969696969697,0.9014084507042254,0.9343065693430657,0.982897384305835,"worst concave points, worst perimeter, worst radius, mean concave points, worst area, mean perimeter, mean radius, mean area, mean concavity, worst concavity, worst compactness, mean compactness, radius error, perimeter error, area error"
10,ANOVA,20,Logistic Regression,0.9646017699115044,0.958904109589041,0.9859154929577465,0.9722222222222222,0.9973172367538565,"mean radius, mean texture, mean perimeter, mean area, mean compactness, mean concavity, mean concave points, radius error, perimeter error, area error, concave points error, worst radius, worst texture, worst perimeter, worst area, worst smoothness, worst compactness, worst concavity, worst concave points, worst symmetry"
10,DODA,20,Logistic Regression,0.9646017699115044,0.958904109589041,0.9859154929577465,0.9722222222222222,0.9973172367538565,"worst concave points, worst perimeter, worst radius, mean concave points, worst area, mean perimeter, mean radius, mean area, mean concavity, worst concavity, worst compactness, mean compactness, radius error, perimeter error, area error, worst texture, worst symmetry, mean texture, worst smoothness, concave points error"
10,ANOVA,20,Random Forest,0.9557522123893806,0.9714285714285714,0.9577464788732394,0.9645390070921985,0.9766934942991281,"mean radius, mean texture, mean perimeter, mean area, mean compactness, mean concavity, mean concave points, radius error, perimeter error, area error, concave points error, worst radius, worst texture, worst perimeter, worst area, worst smoothness, worst compactness, worst concavity, worst concave points, worst symmetry"
10,DODA,20,Random Forest,0.9469026548672567,0.9577464788732394,0.9577464788732394,0.9577464788732394,0.9875922199865861,"worst concave points, worst perimeter, worst radius, mean concave points, worst area, mean perimeter, mean radius, mean area, mean concavity, worst concavity, worst compactness, mean compactness, radius error, perimeter error, area error, worst texture, worst symmetry, mean texture, worst smoothness, concave points error"
10,ANOVA,20,XGBoost,0.9557522123893806,0.9583333333333334,0.971830985915493,0.965034965034965,0.993963782696177,"mean radius, mean texture, mean perimeter, mean area, mean compactness, mean concavity, mean concave points, radius error, perimeter error, area error, concave points error, worst radius, worst texture, worst perimeter, worst area, worst smoothness, worst compactness, worst concavity, worst concave points, worst symmetry"
10,DODA,20,XGBoost,0.9557522123893806,0.9583333333333334,0.971830985915493,0.965034965034965,0.9922870556673373,"worst concave points, worst perimeter, worst radius, mean concave points, worst area, mean perimeter, mean radius, mean area, mean concavity, worst concavity, worst compactness, mean compactness, radius error, perimeter error, area error, worst texture, worst symmetry, mean texture, worst smoothness, concave points error"
11,ANOVA,5,Logistic Regression,0.9385964912280702,0.9444444444444444,0.9577464788732394,0.951048951048951,0.9751064526695054,"mean perimeter, mean concave points, worst radius, worst perimeter, worst concave points"
11,DODA,5,Logistic Regression,0.9385964912280702,0.9444444444444444,0.9577464788732394,0.951048951048951,0.9751064526695054,"worst concave points, worst perimeter, worst radius, mean concave points, mean perimeter"
11,ANOVA,5,Random Forest,0.9298245614035088,0.92,0.971830985915493,0.9452054794520548,0.9674091057975762,"mean perimeter, mean concave points, worst radius, worst perimeter, worst concave points"
11,DODA,5,Random Forest,0.9298245614035088,0.92,0.971830985915493,0.9452054794520548,0.9667540124467737,"worst concave points, worst perimeter, worst radius, mean concave points, mean perimeter"
11,ANOVA,5,XGBoost,0.9210526315789473,0.918918918918919,0.9577464788732394,0.9379310344827586,0.9597117589256469,"mean perimeter, mean concave points, worst radius, worst perimeter, worst concave points"
11,DODA,5,XGBoost,0.9210526315789473,0.918918918918919,0.9577464788732394,0.9379310344827586,0.9597117589256469,"worst concave points, worst perimeter, worst radius, mean concave points, mean perimeter"
11,ANOVA,10,Logistic Regression,0.9385964912280702,0.9444444444444444,0.9577464788732394,0.951048951048951,0.9760890926957091,"mean radius, mean perimeter, mean area, mean concavity, mean concave points, worst radius, worst perimeter, worst area, worst concavity, worst concave points"
11,DODA,10,Logistic Regression,0.9385964912280702,0.9444444444444444,0.9577464788732394,0.951048951048951,0.9760890926957091,"worst concave points, worst perimeter, worst radius, mean concave points, mean perimeter, worst area, mean radius, mean area, mean concavity, worst concavity"
11,ANOVA,10,Random Forest,0.9210526315789473,0.918918918918919,0.9577464788732394,0.9379310344827586,0.9710121192269898,"mean radius, mean perimeter, mean area, mean concavity, mean concave points, worst radius, worst perimeter, worst area, worst concavity, worst concave points"
11,DODA,10,Random Forest,0.9385964912280702,0.9324324324324325,0.971830985915493,0.9517241379310345,0.970520799213888,"worst concave points, worst perimeter, worst radius, mean concave points, mean perimeter, worst area, mean radius, mean area, mean concavity, worst concavity"
11,ANOVA,10,XGBoost,0.9298245614035088,0.92,0.971830985915493,0.9452054794520548,0.9564362921716345,"mean radius, mean perimeter, mean area, mean concavity, mean concave points, worst radius, worst perimeter, worst area, worst concavity, worst concave points"
11,DODA,10,XGBoost,0.9298245614035088,0.92,0.971830985915493,0.9452054794520548,0.9593842122502457,"worst concave points, worst perimeter, worst radius, mean concave points, mean perimeter, worst area, mean radius, mean area, mean concavity, worst concavity"
11,ANOVA,15,Logistic Regression,0.9473684210526315,0.9577464788732394,0.9577464788732394,0.9577464788732394,0.9868981329839502,"mean radius, mean perimeter, mean area, mean compactness, mean concavity, mean concave points, radius error, perimeter error, area error, worst radius, worst perimeter, worst area, worst compactness, worst concavity, worst concave points"
11,DODA,15,Logistic Regression,0.9473684210526315,0.9577464788732394,0.9577464788732394,0.9577464788732394,0.9868981329839502,"worst concave points, worst perimeter, worst radius, mean concave points, mean perimeter, worst area, mean radius, mean area, mean concavity, worst concavity, worst compactness, mean compactness, radius error, perimeter error, area error"
11,ANOVA,15,Random Forest,0.9210526315789473,0.918918918918919,0.9577464788732394,0.9379310344827586,0.9746151326564035,"mean radius, mean perimeter, mean area, mean compactness, mean concavity, mean concave points, radius error, perimeter error, area error, worst radius, worst perimeter, worst area, worst compactness, worst concavity, worst concave points"
11,DODA,15,Random Forest,0.9210526315789473,0.918918918918919,0.9577464788732394,0.9379310344827586,0.9729773992793973,"worst concave points, worst perimeter, worst radius, mean concave points, mean perimeter, worst area, mean radius, mean area, mean concavity, worst concavity, worst compactness, mean compactness, radius error, perimeter error, area error"
11,ANOVA,15,XGBoost,0.9210526315789473,0.9305555555555556,0.9436619718309859,0.9370629370629371,0.9832951195545365,"mean radius, mean perimeter, mean area, mean compactness, mean concavity, mean concave points, radius error, perimeter error, area error, worst radius, worst perimeter, worst area, worst compactness, worst concavity, worst concave points"
11,DODA,15,XGBoost,0.9298245614035088,0.9436619718309859,0.9436619718309859,0.9436619718309859,0.9829675728791353,"worst concave points, worst perimeter, worst radius, mean concave points, mean perimeter, worst area, mean radius, mean area, mean concavity, worst concavity, worst compactness, mean compactness, radius error, perimeter error, area error"
11,ANOVA,20,Logistic Regression,0.9824561403508771,0.9726027397260274,1.0,0.9861111111111112,0.9980347199475925,"mean radius, mean texture, mean perimeter, mean area, mean compactness, mean concavity, mean concave points, radius error, perimeter error, area error, concave points error, worst radius, worst texture, worst perimeter, worst area, worst smoothness, worst compactness, worst concavity, worst concave points, worst symmetry"
11,DODA,20,Logistic Regression,0.9824561403508771,0.9726027397260274,1.0,0.9861111111111112,0.9980347199475925,"worst concave points, worst perimeter, worst radius, mean concave points, mean perimeter, worst area, mean radius, mean area, mean concavity, worst concavity, worst compactness, mean compactness, radius error, perimeter error, area error, worst texture, worst symmetry, mean texture, worst smoothness, concave points error"
11,ANOVA,20,Random Forest,0.9385964912280702,0.9324324324324325,0.971830985915493,0.9517241379310345,0.9882083196855552,"mean radius, mean texture, mean perimeter, mean area, mean compactness, mean concavity, mean concave points, radius error, perimeter error, area error, concave points error, worst radius, worst texture, worst perimeter, worst area, worst smoothness, worst compactness, worst concavity, worst concave points, worst symmetry"
11,DODA,20,Random Forest,0.9385964912280702,0.9210526315789473,0.9859154929577465,0.9523809523809523,0.9805109728136259,"worst concave points, worst perimeter, worst radius, mean concave points, mean perimeter, worst area, mean radius, mean area, mean concavity, worst concavity, worst compactness, mean compactness, radius error, perimeter error, area error, worst texture, worst symmetry, mean texture, worst smoothness, concave points error"
11,ANOVA,20,XGBoost,0.9473684210526315,0.9577464788732394,0.9577464788732394,0.9577464788732394,0.9934490664919752,"mean radius, mean texture, mean perimeter, mean area, mean compactness, mean concavity, mean concave points, radius error, perimeter error, area error, concave points error, worst radius, worst texture, worst perimeter, worst area, worst smoothness, worst compactness, worst concavity, worst concave points, worst symmetry"
11,DODA,20,XGBoost,0.9473684210526315,0.9452054794520548,0.971830985915493,0.9583333333333334,0.9934490664919751,"worst concave points, worst perimeter, worst radius, mean concave points, mean perimeter, worst area, mean radius, mean area, mean concavity, worst concavity, worst compactness, mean compactness, radius error, perimeter error, area error, worst texture, worst symmetry, mean texture, worst smoothness, concave points error"
12,ANOVA,5,Logistic Regression,0.9736842105263158,1.0,0.9577464788732394,0.9784172661870504,0.9957418932197838,"mean perimeter, mean concave points, worst radius, worst perimeter, worst concave points"
12,DODA,5,Logistic Regression,0.9736842105263158,1.0,0.9577464788732394,0.9784172661870504,0.9967245332459875,"worst concave points, worst perimeter, worst radius, mean concave points, worst area"
12,ANOVA,5,Random Forest,0.9298245614035088,0.9701492537313433,0.9154929577464789,0.9420289855072463,0.9896822797248608,"mean perimeter, mean concave points, worst radius, worst perimeter, worst concave points"
12,DODA,5,Random Forest,0.9649122807017544,1.0,0.9436619718309859,0.9710144927536232,0.9923026531280708,"worst concave points, worst perimeter, worst radius, mean concave points, worst area"
12,ANOVA,5,XGBoost,0.956140350877193,0.9714285714285714,0.9577464788732394,0.9645390070921985,0.9924664264657714,"mean perimeter, mean concave points, worst radius, worst perimeter, worst concave points"
12,DODA,5,XGBoost,0.9649122807017544,0.9855072463768116,0.9577464788732394,0.9714285714285714,0.9944317065181788,"worst concave points, worst perimeter, worst radius, mean concave points, worst area"
12,ANOVA,10,Logistic Regression,0.9473684210526315,1.0,0.9154929577464789,0.9558823529411765,0.9983622666229938,"mean radius, mean perimeter, mean area, mean concavity, mean concave points, worst radius, worst perimeter, worst area, worst concavity, worst concave points"
12,DODA,10,Logistic Regression,0.9473684210526315,1.0,0.9154929577464789,0.9558823529411765,0.9983622666229938,"worst concave points, worst perimeter, worst radius, mean concave points, worst area, mean perimeter, mean radius, mean area, mean concavity, worst concavity"
12,ANOVA,10,Random Forest,0.956140350877193,1.0,0.9295774647887324,0.9635036496350365,0.9954143465443827,"mean radius, mean perimeter, mean area, mean concavity, mean concave points, worst radius, worst perimeter, worst area, worst concavity, worst concave points"
12,DODA,10,Random Forest,0.9736842105263158,1.0,0.9577464788732394,0.9784172661870504,0.9957418932197839,"worst concave points, worst perimeter, worst radius, mean concave points, worst area, mean perimeter, mean radius, mean area, mean concavity, worst concavity"
12,ANOVA,10,XGBoost,0.956140350877193,0.9852941176470589,0.9436619718309859,0.9640287769784173,0.9941041598427776,"mean radius, mean perimeter, mean area, mean concavity, mean concave points, worst radius, worst perimeter, worst area, worst concavity, worst concave points"
12,DODA,10,XGBoost,0.956140350877193,0.9852941176470589,0.9436619718309859,0.9640287769784173,0.9941041598427776,"worst concave points, worst perimeter, worst radius, mean concave points, worst area, mean perimeter, mean radius, mean area, mean concavity, worst concavity"
12,ANOVA,15,Logistic Regression,0.9649122807017544,1.0,0.9436619718309859,0.9710144927536232,0.9967245332459875,"mean radius, mean perimeter, mean area, mean compactness, mean concavity, mean concave points, radius error, perimeter error, area error, worst radius, worst perimeter, worst area, worst compactness, worst concavity, worst concave points"
12,DODA,15,Logistic Regression,0.9649122807017544,1.0,0.9436619718309859,0.9710144927536232,0.9967245332459875,"worst concave points, worst perimeter, worst radius, mean concave points, worst area, mean perimeter, mean radius, mean area, mean concavity, worst concavity, worst compactness, mean compactness, radius error, perimeter error, area error"
12,ANOVA,15,Random Forest,0.9824561403508771,1.0,0.971830985915493,0.9857142857142858,0.998689813298395,"mean radius, mean perimeter, mean area, mean compactness, mean concavity, mean concave points, radius error, perimeter error, area error, worst radius, worst perimeter, worst area, worst compactness, worst concavity, worst concave points"
12,DODA,15,Random Forest,0.9736842105263158,1.0,0.9577464788732394,0.9784172661870504,0.9975433999344907,"worst concave points, worst perimeter, worst radius, mean concave points, worst area, mean perimeter, mean radius, mean area, mean concavity, worst concavity, worst compactness, mean compactness, radius error, perimeter error, area error"
12,ANOVA,15,XGBoost,0.9736842105263158,0.9857142857142858,0.971830985915493,0.9787234042553191,0.9944317065181788,"mean radius, mean perimeter, mean area, mean compactness, mean concavity, mean concave points, radius error, perimeter error, area error, worst radius, worst perimeter, worst area, worst compactness, worst concavity, worst concave points"
12,DODA,15,XGBoost,0.9649122807017544,0.9855072463768116,0.9577464788732394,0.9714285714285714,0.9944317065181789,"worst concave points, worst perimeter, worst radius, mean concave points, worst area, mean perimeter, mean radius, mean area, mean concavity, worst concavity, worst compactness, mean compactness, radius error, perimeter error, area error"
12,ANOVA,20,Logistic Regression,0.9912280701754386,1.0,0.9859154929577465,0.9929078014184397,0.9996724533245988,"mean radius, mean texture, mean perimeter, mean area, mean compactness, mean concavity, mean concave points, radius error, perimeter error, area error, concave points error, worst radius, worst texture, worst perimeter, worst area, worst smoothness, worst compactness, worst concavity, worst concave points, worst symmetry"
12,DODA,20,Logistic Regression,0.9912280701754386,1.0,0.9859154929577465,0.9929078014184397,0.9996724533245988,"worst concave points, worst perimeter, worst radius, mean concave points, worst area, mean perimeter, mean radius, mean area, mean concavity, worst concavity, worst compactness, mean compactness, radius error, perimeter error, area error, worst texture, worst smoothness, worst symmetry, mean texture, concave points error"
12,ANOVA,20,Random Forest,0.9824561403508771,1.0,0.971830985915493,0.9857142857142858,0.9998362266622994,"mean radius, mean texture, mean perimeter, mean area, mean compactness, mean concavity, mean concave points, radius error, perimeter error, area error, concave points error, worst radius, worst texture, worst perimeter, worst area, worst smoothness, worst compactness, worst concavity, worst concave points, worst symmetry"
12,DODA,20,Random Forest,0.9736842105263158,1.0,0.9577464788732394,0.9784172661870504,0.9996724533245988,"worst concave points, worst perimeter, worst radius, mean concave points, worst area, mean perimeter, mean radius, mean area, mean concavity, worst concavity, worst compactness, mean compactness, radius error, perimeter error, area error, worst texture, worst smoothness, worst symmetry, mean texture, concave points error"
12,ANOVA,20,XGBoost,0.9736842105263158,1.0,0.9577464788732394,0.9784172661870504,0.9977071732721913,"mean radius, mean texture, mean perimeter, mean area, mean compactness, mean concavity, mean concave points, radius error, perimeter error, area error, concave points error, worst radius, worst texture, worst perimeter, worst area, worst smoothness, worst compactness, worst concavity, worst concave points, worst symmetry"
12,DODA,20,XGBoost,0.956140350877193,0.9852941176470589,0.9436619718309859,0.9640287769784173,0.9954143465443827,"worst concave points, worst perimeter, worst radius, mean concave points, worst area, mean perimeter, mean radius, mean area, mean concavity, worst concavity, worst compactness, mean compactness, radius error, perimeter error, area error, worst texture, worst smoothness, worst symmetry, mean texture, concave points error"
13,ANOVA,5,Logistic Regression,0.956140350877193,0.9855072463768116,0.9444444444444444,0.9645390070921985,0.9973544973544973,"mean perimeter, mean concave points, worst radius, worst perimeter, worst concave points"
13,DODA,5,Logistic Regression,0.956140350877193,0.9855072463768116,0.9444444444444444,0.9645390070921985,0.9973544973544973,"worst concave points, worst perimeter, worst radius, mean concave points, worst area"
13,ANOVA,5,Random Forest,0.9736842105263158,0.9859154929577465,0.9722222222222222,0.9790209790209791,0.9976851851851851,"mean perimeter, mean concave points, worst radius, worst perimeter, worst concave points"
13,DODA,5,Random Forest,0.9736842105263158,0.9859154929577465,0.9722222222222222,0.9790209790209791,0.9957010582010581,"worst concave points, worst perimeter, worst radius, mean concave points, worst area"
13,ANOVA,5,XGBoost,0.9736842105263158,0.9859154929577465,0.9722222222222222,0.9790209790209791,0.998015873015873,"mean perimeter, mean concave points, worst radius, worst perimeter, worst concave points"
13,DODA,5,XGBoost,0.956140350877193,0.971830985915493,0.9583333333333334,0.965034965034965,0.9930555555555556,"worst concave points, worst perimeter, worst radius, mean concave points, worst area"
13,ANOVA,10,Logistic Regression,0.956140350877193,0.9855072463768116,0.9444444444444444,0.9645390070921985,0.9970238095238094,"mean radius, mean perimeter, mean area, mean concavity, mean concave points, worst radius, worst perimeter, worst area, worst concavity, worst concave points"
13,DODA,10,Logistic Regression,0.956140350877193,0.9855072463768116,0.9444444444444444,0.9645390070921985,0.9970238095238094,"worst concave points, worst perimeter, worst radius, mean concave points, worst area, mean perimeter, mean radius, mean concavity, worst concavity, mean area"
13,ANOVA,10,Random Forest,0.9824561403508771,0.9861111111111112,0.9861111111111112,0.9861111111111112,0.996362433862434,"mean radius, mean perimeter, mean area, mean concavity, mean concave points, worst radius, worst perimeter, worst area, worst concavity, worst concave points"
13,DODA,10,Random Forest,0.9824561403508771,0.9861111111111112,0.9861111111111112,0.9861111111111112,0.9950396825396824,"worst concave points, worst perimeter, worst radius, mean concave points, worst area, mean perimeter, mean radius, mean concavity, worst concavity, mean area"
13,ANOVA,10,XGBoost,0.956140350877193,0.9855072463768116,0.9444444444444444,0.9645390070921985,0.9920634920634921,"mean radius, mean perimeter, mean area, mean concavity, mean concave points, worst radius, worst perimeter, worst area, worst concavity, worst concave points"
13,DODA,10,XGBoost,0.9649122807017544,0.9857142857142858,0.9583333333333334,0.971830985915493,0.9910714285714285,"worst concave points, worst perimeter, worst radius, mean concave points, worst area, mean perimeter, mean radius, mean concavity, worst concavity, mean area"
13,ANOVA,15,Logistic Regression,0.9649122807017544,0.9857142857142858,0.9583333333333334,0.971830985915493,0.9983465608465608,"mean radius, mean perimeter, mean area, mean compactness, mean concavity, mean concave points, radius error, perimeter error, area error, worst radius, worst perimeter, worst area, worst compactness, worst concavity, worst concave points"
13,DODA,15,Logistic Regression,0.9649122807017544,0.9857142857142858,0.9583333333333334,0.971830985915493,0.9983465608465608,"worst concave points, worst perimeter, worst radius, mean concave points, worst area, mean perimeter, mean radius, mean concavity, worst concavity, mean area, worst compactness, mean compactness, radius error, perimeter error, area error"
13,ANOVA,15,Random Forest,0.9736842105263158,0.9859154929577465,0.9722222222222222,0.9790209790209791,0.9966931216931216,"mean radius, mean perimeter, mean area, mean compactness, mean concavity, mean concave points, radius error, perimeter error, area error, worst radius, worst perimeter, worst area, worst compactness, worst concavity, worst concave points"
13,DODA,15,Random Forest,0.9649122807017544,0.9857142857142858,0.9583333333333334,0.971830985915493,0.9966931216931216,"worst concave points, worst perimeter, worst radius, mean concave points, worst area, mean perimeter, mean radius, mean concavity, worst concavity, mean area, worst compactness, mean compactness, radius error, perimeter error, area error"
13,ANOVA,15,XGBoost,0.9736842105263158,0.9859154929577465,0.9722222222222222,0.9790209790209791,0.9976851851851851,"mean radius, mean perimeter, mean area, mean compactness, mean concavity, mean concave points, radius error, perimeter error, area error, worst radius, worst perimeter, worst area, worst compactness, worst concavity, worst concave points"
13,DODA,15,XGBoost,0.9824561403508771,0.9861111111111112,0.9861111111111112,0.9861111111111112,0.9983465608465608,"worst concave points, worst perimeter, worst radius, mean concave points, worst area, mean perimeter, mean radius, mean concavity, worst concavity, mean area, worst compactness, mean compactness, radius error, perimeter error, area error"
13,ANOVA,20,Logistic Regression,0.9824561403508771,1.0,0.9722222222222222,0.9859154929577465,1.0,"mean radius, mean texture, mean perimeter, mean area, mean compactness, mean concavity, mean concave points, radius error, perimeter error, area error, concave points error, worst radius, worst texture, worst perimeter, worst area, worst smoothness, worst compactness, worst concavity, worst concave points, worst symmetry"
13,DODA,20,Logistic Regression,0.9824561403508771,1.0,0.9722222222222222,0.9859154929577465,1.0,"worst concave points, worst perimeter, worst radius, mean concave points, worst area, mean perimeter, mean radius, mean concavity, worst concavity, mean area, worst compactness, mean compactness, radius error, perimeter error, area error, worst texture, worst symmetry, worst smoothness, mean texture, concave points error"
13,ANOVA,20,Random Forest,0.9736842105263158,1.0,0.9583333333333334,0.9787234042553191,0.9990079365079365,"mean radius, mean texture, mean perimeter, mean area, mean compactness, mean concavity, mean concave points, radius error, perimeter error, area error, concave points error, worst radius, worst texture, worst perimeter, worst area, worst smoothness, worst compactness, worst concavity, worst concave points, worst symmetry"
13,DODA,20,Random Forest,0.9736842105263158,0.9859154929577465,0.9722222222222222,0.9790209790209791,0.9993386243386243,"worst concave points, worst perimeter, worst radius, mean concave points, worst area, mean perimeter, mean radius, mean concavity, worst concavity, mean area, worst compactness, mean compactness, radius error, perimeter error, area error, worst texture, worst symmetry, worst smoothness, mean texture, concave points error"
13,ANOVA,20,XGBoost,0.9824561403508771,1.0,0.9722222222222222,0.9859154929577465,1.0,"mean radius, mean texture, mean perimeter, mean area, mean compactness, mean concavity, mean concave points, radius error, perimeter error, area error, concave points error, worst radius, worst texture, worst perimeter, worst area, worst smoothness, worst compactness, worst concavity, worst concave points, worst symmetry"
13,DODA,20,XGBoost,0.9824561403508771,1.0,0.9722222222222222,0.9859154929577465,1.0,"worst concave points, worst perimeter, worst radius, mean concave points, worst area, mean perimeter, mean radius, mean concavity, worst concavity, mean area, worst compactness, mean compactness, radius error, perimeter error, area error, worst texture, worst symmetry, worst smoothness, mean texture, concave points error"
14,ANOVA,5,Logistic Regression,0.9473684210526315,0.9583333333333334,0.9583333333333334,0.9583333333333334,0.9847883597883598,"mean perimeter, mean concave points, worst radius, worst perimeter, worst concave points"
14,DODA,5,Logistic Regression,0.9473684210526315,0.9583333333333334,0.9583333333333334,0.9583333333333334,0.9841269841269842,"worst concave points, worst perimeter, worst radius, mean concave points, worst area"
14,ANOVA,5,Random Forest,0.9385964912280702,0.9452054794520548,0.9583333333333334,0.9517241379310345,0.9799933862433863,"mean perimeter, mean concave points, worst radius, worst perimeter, worst concave points"
14,DODA,5,Random Forest,0.9473684210526315,0.9583333333333334,0.9583333333333334,0.9583333333333334,0.9790013227513227,"worst concave points, worst perimeter, worst radius, mean concave points, worst area"
14,ANOVA,5,XGBoost,0.9649122807017544,0.9594594594594594,0.9861111111111112,0.9726027397260274,0.970568783068783,"mean perimeter, mean concave points, worst radius, worst perimeter, worst concave points"
14,DODA,5,XGBoost,0.9385964912280702,0.9452054794520548,0.9583333333333334,0.9517241379310345,0.9692460317460317,"worst concave points, worst perimeter, worst radius, mean concave points, worst area"
14,ANOVA,10,Logistic Regression,0.9385964912280702,0.9577464788732394,0.9444444444444444,0.951048951048951,0.9831349206349206,"mean radius, mean perimeter, mean area, mean concavity, mean concave points, worst radius, worst perimeter, worst area, worst concavity, worst concave points"
14,DODA,10,Logistic Regression,0.9385964912280702,0.9577464788732394,0.9444444444444444,0.951048951048951,0.9831349206349206,"worst concave points, worst perimeter, worst radius, mean concave points, worst area, mean perimeter, mean radius, mean area, mean concavity, worst concavity"
14,ANOVA,10,Random Forest,0.9473684210526315,0.9459459459459459,0.9722222222222222,0.958904109589041,0.9780092592592593,"mean radius, mean perimeter, mean area, mean concavity, mean concave points, worst radius, worst perimeter, worst area, worst concavity, worst concave points"
14,DODA,10,Random Forest,0.9473684210526315,0.9459459459459459,0.9722222222222222,0.958904109589041,0.9781746031746031,"worst concave points, worst perimeter, worst radius, mean concave points, worst area, mean perimeter, mean radius, mean area, mean concavity, worst concavity"
14,ANOVA,10,XGBoost,0.956140350877193,0.958904109589041,0.9722222222222222,0.9655172413793104,0.9712301587301588,"mean radius, mean perimeter, mean area, mean concavity, mean concave points, worst radius, worst perimeter, worst area, worst concavity, worst concave points"
14,DODA,10,XGBoost,0.956140350877193,0.958904109589041,0.9722222222222222,0.9655172413793104,0.97255291005291,"worst concave points, worst perimeter, worst radius, mean concave points, worst area, mean perimeter, mean radius, mean area, mean concavity, worst concavity"
14,ANOVA,15,Logistic Regression,0.9473684210526315,0.9714285714285714,0.9444444444444444,0.9577464788732394,0.9900793650793651,"mean radius, mean perimeter, mean area, mean compactness, mean concavity, mean concave points, radius error, perimeter error, area error, worst radius, worst perimeter, worst area, worst compactness, worst concavity, worst concave points"
14,DODA,15,Logistic Regression,0.9473684210526315,0.9714285714285714,0.9444444444444444,0.9577464788732394,0.9900793650793651,"worst concave points, worst perimeter, worst radius, mean concave points, worst area, mean perimeter, mean radius, mean area, mean concavity, worst concavity, worst compactness, mean compactness, area error, radius error, perimeter error"
14,ANOVA,15,Random Forest,0.9385964912280702,0.9333333333333333,0.9722222222222222,0.9523809523809523,0.9831349206349207,"mean radius, mean perimeter, mean area, mean compactness, mean concavity, mean concave points, radius error, perimeter error, area error, worst radius, worst perimeter, worst area, worst compactness, worst concavity, worst concave points"
14,DODA,15,Random Forest,0.9473684210526315,0.9459459459459459,0.9722222222222222,0.958904109589041,0.9776785714285714,"worst concave points, worst perimeter, worst radius, mean concave points, worst area, mean perimeter, mean radius, mean area, mean concavity, worst concavity, worst compactness, mean compactness, area error, radius error, perimeter error"
14,ANOVA,15,XGBoost,0.9473684210526315,0.9342105263157895,0.9861111111111112,0.9594594594594594,0.992063492063492,"mean radius, mean perimeter, mean area, mean compactness, mean concavity, mean concave points, radius error, perimeter error, area error, worst radius, worst perimeter, worst area, worst compactness, worst concavity, worst concave points"
14,DODA,15,XGBoost,0.9473684210526315,0.9342105263157895,0.9861111111111112,0.9594594594594594,0.9927248677248678,"worst concave points, worst perimeter, worst radius, mean concave points, worst area, mean perimeter, mean radius, mean area, mean concavity, worst concavity, worst compactness, mean compactness, area error, radius error, perimeter error"
14,ANOVA,20,Logistic Regression,0.9824561403508771,0.972972972972973,1.0,0.9863013698630136,0.9884259259259258,"mean radius, mean texture, mean perimeter, mean area, mean compactness, mean concavity, mean concave points, radius error, perimeter error, area error, concave points error, worst radius, worst texture, worst perimeter, worst area, worst smoothness, worst compactness, worst concavity, worst concave points, worst symmetry"
14,DODA,20,Logistic Regression,0.9824561403508771,0.972972972972973,1.0,0.9863013698630136,0.9884259259259258,"worst concave points, worst perimeter, worst radius, mean concave points, worst area, mean perimeter, mean radius, mean area, mean concavity, worst concavity, worst compactness, mean compactness, area error, radius error, perimeter error, worst texture, worst symmetry, worst smoothness, mean texture, concave points error"
14,ANOVA,20,Random Forest,0.9649122807017544,0.9594594594594594,0.9861111111111112,0.9726027397260274,0.9892526455026456,"mean radius, mean texture, mean perimeter, mean area, mean compactness, mean concavity, mean concave points, radius error, perimeter error, area error, concave points error, worst radius, worst texture, worst perimeter, worst area, worst smoothness, worst compactness, worst concavity, worst concave points, worst symmetry"
14,DODA,20,Random Forest,0.9736842105263158,0.96,1.0,0.9795918367346939,0.9938822751322751,"worst concave points, worst perimeter, worst radius, mean concave points, worst area, mean perimeter, mean radius, mean area, mean concavity, worst concavity, worst compactness, mean compactness, area error, radius error, perimeter error, worst texture, worst symmetry, worst smoothness, mean texture, concave points error"
14,ANOVA,20,XGBoost,0.9736842105263158,0.96,1.0,0.9795918367346939,0.9907407407407408,"mean radius, mean texture, mean perimeter, mean area, mean compactness, mean concavity, mean concave points, radius error, perimeter error, area error, concave points error, worst radius, worst texture, worst perimeter, worst area, worst smoothness, worst compactness, worst concavity, worst concave points, worst symmetry"
14,DODA,20,XGBoost,0.9736842105263158,0.96,1.0,0.9795918367346939,0.9914021164021164,"worst concave points, worst perimeter, worst radius, mean concave points, worst area, mean perimeter, mean radius, mean area, mean concavity, worst concavity, worst compactness, mean compactness, area error, radius error, perimeter error, worst texture, worst symmetry, worst smoothness, mean texture, concave points error"
15,ANOVA,5,Logistic Regression,0.9203539823008849,0.9558823529411765,0.9154929577464789,0.935251798561151,0.9842387659289068,"mean perimeter, mean concave points, worst radius, worst perimeter, worst concave points"
15,DODA,5,Logistic Regression,0.911504424778761,0.9552238805970149,0.9014084507042254,0.927536231884058,0.9849094567404426,"worst concave points, worst perimeter, worst radius, mean concave points, worst area"
15,ANOVA,5,Random Forest,0.9292035398230089,0.9565217391304348,0.9295774647887324,0.9428571428571428,0.9797116029510395,"mean perimeter, mean concave points, worst radius, worst perimeter, worst concave points"
15,DODA,5,Random Forest,0.9026548672566371,0.9411764705882353,0.9014084507042254,0.920863309352518,0.9723340040241449,"worst concave points, worst perimeter, worst radius, mean concave points, worst area"
15,ANOVA,5,XGBoost,0.9292035398230089,0.9436619718309859,0.9436619718309859,0.9436619718309859,0.9698189134808852,"mean perimeter, mean concave points, worst radius, worst perimeter, worst concave points"
15,DODA,5,XGBoost,0.911504424778761,0.9552238805970149,0.9014084507042254,0.927536231884058,0.9701542588866533,"worst concave points, worst perimeter, worst radius, mean concave points, worst area"
15,ANOVA,10,Logistic Regression,0.9203539823008849,0.9696969696969697,0.9014084507042254,0.9343065693430657,0.9865861837692824,"mean radius, mean perimeter, mean area, mean concavity, mean concave points, worst radius, worst perimeter, worst area, worst concavity, worst concave points"
15,DODA,10,Logistic Regression,0.9203539823008849,0.9696969696969697,0.9014084507042254,0.9343065693430657,0.9865861837692824,"worst concave points, worst perimeter, worst radius, mean concave points, worst area, mean perimeter, mean radius, mean area, mean concavity, worst concavity"
15,ANOVA,10,Random Forest,0.9469026548672567,0.9710144927536232,0.9436619718309859,0.9571428571428572,0.9847417840375587,"mean radius, mean perimeter, mean area, mean concavity, mean concave points, worst radius, worst perimeter, worst area, worst concavity, worst concave points"
15,DODA,10,Random Forest,0.9203539823008849,0.9428571428571428,0.9295774647887324,0.9361702127659575,0.9825620389000671,"worst concave points, worst perimeter, worst radius, mean concave points, worst area, mean perimeter, mean radius, mean area, mean concavity, worst concavity"
15,ANOVA,10,XGBoost,0.9292035398230089,0.9436619718309859,0.9436619718309859,0.9436619718309859,0.9701542588866533,"mean radius, mean perimeter, mean area, mean concavity, mean concave points, worst radius, worst perimeter, worst area, worst concavity, worst concave points"
15,DODA,10,XGBoost,0.9292035398230089,0.9436619718309859,0.9436619718309859,0.9436619718309859,0.9701542588866533,"worst concave points, worst perimeter, worst radius, mean concave points, worst area, mean perimeter, mean radius, mean area, mean concavity, worst concavity"
15,ANOVA,15,Logistic Regression,0.9203539823008849,0.9558823529411765,0.9154929577464789,0.935251798561151,0.9879275653923542,"mean radius, mean perimeter, mean area, mean compactness, mean concavity, mean concave points, radius error, perimeter error, area error, worst radius, worst perimeter, worst area, worst compactness, worst concavity, worst concave points"
15,DODA,15,Logistic Regression,0.9203539823008849,0.9558823529411765,0.9154929577464789,0.935251798561151,0.9879275653923542,"worst concave points, worst perimeter, worst radius, mean concave points, worst area, mean perimeter, mean radius, mean area, mean concavity, worst concavity, worst compactness, mean compactness, radius error, perimeter error, area error"
15,ANOVA,15,Random Forest,0.9557522123893806,0.9852941176470589,0.9436619718309859,0.9640287769784173,0.9862508383635145,"mean radius, mean perimeter, mean area, mean compactness, mean concavity, mean concave points, radius error, perimeter error, area error, worst radius, worst perimeter, worst area, worst compactness, worst concavity, worst concave points"
15,DODA,15,Random Forest,0.9469026548672567,0.9710144927536232,0.9436619718309859,0.9571428571428572,0.9844064386317908,"worst concave points, worst perimeter, worst radius, mean concave points, worst area, mean perimeter, mean radius, mean area, mean concavity, worst concavity, worst compactness, mean compactness, radius error, perimeter error, area error"
15,ANOVA,15,XGBoost,0.9380530973451328,0.9571428571428572,0.9436619718309859,0.950354609929078,0.9718309859154929,"mean radius, mean perimeter, mean area, mean compactness, mean concavity, mean concave points, radius error, perimeter error, area error, worst radius, worst perimeter, worst area, worst compactness, worst concavity, worst concave points"
15,DODA,15,XGBoost,0.9469026548672567,0.9710144927536232,0.9436619718309859,0.9571428571428572,0.9805499664654594,"worst concave points, worst perimeter, worst radius, mean concave points, worst area, mean perimeter, mean radius, mean area, mean concavity, worst concavity, worst compactness, mean compactness, radius error, perimeter error, area error"
15,ANOVA,20,Logistic Regression,0.9469026548672567,0.9452054794520548,0.971830985915493,0.9583333333333334,0.9902749832327298,"mean radius, mean texture, mean perimeter, mean area, mean compactness, mean concavity, mean concave points, radius error, perimeter error, area error, concave points error, worst radius, worst texture, worst perimeter, worst area, worst smoothness, worst compactness, worst concavity, worst concave points, worst symmetry"
15,DODA,20,Logistic Regression,0.9469026548672567,0.9452054794520548,0.971830985915493,0.9583333333333334,0.9902749832327298,"worst concave points, worst perimeter, worst radius, mean concave points, worst area, mean perimeter, mean radius, mean area, mean concavity, worst concavity, worst compactness, mean compactness, radius error, perimeter error, area error, worst texture, worst symmetry, worst smoothness, mean texture, concave points error"
15,ANOVA,20,Random Forest,0.9557522123893806,0.9852941176470589,0.9436619718309859,0.9640287769784173,0.9845741113346747,"mean radius, mean texture, mean perimeter, mean area, mean compactness, mean concavity, mean concave points, radius error, perimeter error, area error, concave points error, worst radius, worst texture, worst perimeter, worst area, worst smoothness, worst compactness, worst concavity, worst concave points, worst symmetry"
15,DODA,20,Random Forest,0.9557522123893806,0.9852941176470589,0.9436619718309859,0.9640287769784173,0.9859154929577465,"worst concave points, worst perimeter, worst radius, mean concave points, worst area, mean perimeter, mean radius, mean area, mean concavity, worst concavity, worst compactness, mean compactness, radius error, perimeter error, area error, worst texture, worst symmetry, worst smoothness, mean texture, concave points error"
15,ANOVA,20,XGBoost,0.9469026548672567,0.9577464788732394,0.9577464788732394,0.9577464788732394,0.9865861837692823,"mean radius, mean texture, mean perimeter, mean area, mean compactness, mean concavity, mean concave points, radius error, perimeter error, area error, concave points error, worst radius, worst texture, worst perimeter, worst area, worst smoothness, worst compactness, worst concavity, worst concave points, worst symmetry"
15,DODA,20,XGBoost,0.9469026548672567,0.9577464788732394,0.9577464788732394,0.9577464788732394,0.9875922199865862,"worst concave points, worst perimeter, worst radius, mean concave points, worst area, mean perimeter, mean radius, mean area, mean concavity, worst concavity, worst compactness, mean compactness, radius error, perimeter error, area error, worst texture, worst symmetry, worst smoothness, mean texture, concave points error"
16,ANOVA,5,Logistic Regression,0.9385964912280702,0.9571428571428572,0.9436619718309859,0.950354609929078,0.9862430396331477,"mean perimeter, mean concave points, worst radius, worst perimeter, worst concave points"
16,DODA,5,Logistic Regression,0.9385964912280702,0.9571428571428572,0.9436619718309859,0.950354609929078,0.9868981329839502,"worst concave points, worst perimeter, worst radius, mean concave points, worst area"
16,ANOVA,5,Random Forest,0.9298245614035088,0.92,0.971830985915493,0.9452054794520548,0.9790370127743203,"mean perimeter, mean concave points, worst radius, worst perimeter, worst concave points"
16,DODA,5,Random Forest,0.9385964912280702,0.9324324324324325,0.971830985915493,0.9517241379310345,0.9778905994104161,"worst concave points, worst perimeter, worst radius, mean concave points, worst area"
16,ANOVA,5,XGBoost,0.9035087719298246,0.8947368421052632,0.9577464788732394,0.9251700680272109,0.9734687192924991,"mean perimeter, mean concave points, worst radius, worst perimeter, worst concave points"
16,DODA,5,XGBoost,0.9210526315789473,0.9078947368421053,0.971830985915493,0.9387755102040817,0.9741238126433017,"worst concave points, worst perimeter, worst radius, mean concave points, worst area"
16,ANOVA,10,Logistic Regression,0.9385964912280702,0.9571428571428572,0.9436619718309859,0.950354609929078,0.9872256796593515,"mean radius, mean perimeter, mean area, mean concavity, mean concave points, worst radius, worst perimeter, worst area, worst concavity, worst concave points"
16,DODA,10,Logistic Regression,0.9385964912280702,0.9571428571428572,0.9436619718309859,0.950354609929078,0.9872256796593515,"worst concave points, worst perimeter, worst radius, mean concave points, worst area, mean perimeter, mean radius, mean area, mean concavity, worst concavity"
16,ANOVA,10,Random Forest,0.9385964912280702,0.9324324324324325,0.971830985915493,0.9517241379310345,0.982640026203734,"mean radius, mean perimeter, mean area, mean concavity, mean concave points, worst radius, worst perimeter, worst area, worst concavity, worst concave points"
16,DODA,10,Random Forest,0.9385964912280702,0.9324324324324325,0.971830985915493,0.9517241379310345,0.9801834261382247,"worst concave points, worst perimeter, worst radius, mean concave points, worst area, mean perimeter, mean radius, mean area, mean concavity, worst concavity"
16,ANOVA,10,XGBoost,0.9210526315789473,0.9078947368421053,0.971830985915493,0.9387755102040817,0.9806747461513265,"mean radius, mean perimeter, mean area, mean concavity, mean concave points, worst radius, worst perimeter, worst area, worst concavity, worst concave points"
16,DODA,10,XGBoost,0.9210526315789473,0.9078947368421053,0.971830985915493,0.9387755102040817,0.9806747461513265,"worst concave points, worst perimeter, worst radius, mean concave points, worst area, mean perimeter, mean radius, mean area, mean concavity, worst concavity"
16,ANOVA,15,Logistic Regression,0.9473684210526315,0.9577464788732394,0.9577464788732394,0.9577464788732394,0.986570586308549,"mean radius, mean perimeter, mean area, mean compactness, mean concavity, mean concave points, radius error, perimeter error, area error, worst radius, worst perimeter, worst area, worst compactness, worst concavity, worst concave points"
16,DODA,15,Logistic Regression,0.9473684210526315,0.9577464788732394,0.9577464788732394,0.9577464788732394,0.986570586308549,"worst concave points, worst perimeter, worst radius, mean concave points, worst area, mean perimeter, mean radius, mean area, mean concavity, worst concavity, worst compactness, mean compactness, radius error, perimeter error, area error"
16,ANOVA,15,Random Forest,0.9385964912280702,0.9324324324324325,0.971830985915493,0.9517241379310345,0.9796921061251228,"mean radius, mean perimeter, mean area, mean compactness, mean concavity, mean concave points, radius error, perimeter error, area error, worst radius, worst perimeter, worst area, worst compactness, worst concavity, worst concave points"
16,DODA,15,Random Forest,0.9473684210526315,0.9452054794520548,0.971830985915493,0.9583333333333334,0.9877169996724533,"worst concave points, worst perimeter, worst radius, mean concave points, worst area, mean perimeter, mean radius, mean area, mean concavity, worst concavity, worst compactness, mean compactness, radius error, perimeter error, area error"
16,ANOVA,15,XGBoost,0.9385964912280702,0.9444444444444444,0.9577464788732394,0.951048951048951,0.987880773010154,"mean radius, mean perimeter, mean area, mean compactness, mean concavity, mean concave points, radius error, perimeter error, area error, worst radius, worst perimeter, worst area, worst compactness, worst concavity, worst concave points"
16,DODA,15,XGBoost,0.9385964912280702,0.9444444444444444,0.9577464788732394,0.951048951048951,0.9872256796593515,"worst concave points, worst perimeter, worst radius, mean concave points, worst area, mean perimeter, mean radius, mean area, mean concavity, worst concavity, worst compactness, mean compactness, radius error, perimeter error, area error"
16,ANOVA,20,Logistic Regression,0.9912280701754386,0.9861111111111112,1.0,0.993006993006993,0.9977071732721913,"mean radius, mean texture, mean perimeter, mean area, mean compactness, mean concavity, mean concave points, radius error, perimeter error, area error, concave points error, worst radius, worst texture, worst perimeter, worst area, worst smoothness, worst compactness, worst concavity, worst concave points, worst symmetry"
16,DODA,20,Logistic Regression,0.9912280701754386,0.9861111111111112,1.0,0.993006993006993,0.9977071732721913,"worst concave points, worst perimeter, worst radius, mean concave points, worst area, mean perimeter, mean radius, mean area, mean concavity, worst concavity, worst compactness, mean compactness, radius error, perimeter error, area error, worst texture, worst symmetry, mean texture, worst smoothness, concave points error"
16,ANOVA,20,Random Forest,0.956140350877193,0.9583333333333334,0.971830985915493,0.965034965034965,0.9921388797903701,"mean radius, mean texture, mean perimeter, mean area, mean compactness, mean concavity, mean concave points, radius error, perimeter error, area error, concave points error, worst radius, worst texture, worst perimeter, worst area, worst smoothness, worst compactness, worst concavity, worst concave points, worst symmetry"
16,DODA,20,Random Forest,0.956140350877193,0.9583333333333334,0.971830985915493,0.965034965034965,0.9911562397641663,"worst concave points, worst perimeter, worst radius, mean concave points, worst area, mean perimeter, mean radius, mean area, mean concavity, worst concavity, worst compactness, mean compactness, radius error, perimeter error, area error, worst texture, worst symmetry, mean texture, worst smoothness, concave points error"
16,ANOVA,20,XGBoost,0.9473684210526315,0.9452054794520548,0.971830985915493,0.9583333333333334,0.9944317065181788,"mean radius, mean texture, mean perimeter, mean area, mean compactness, mean concavity, mean concave points, radius error, perimeter error, area error, concave points error, worst radius, worst texture, worst perimeter, worst area, worst smoothness, worst compactness, worst concavity, worst concave points, worst symmetry"
16,DODA,20,XGBoost,0.956140350877193,0.9583333333333334,0.971830985915493,0.965034965034965,0.9937766131673764,"worst concave points, worst perimeter, worst radius, mean concave points, worst area, mean perimeter, mean radius, mean area, mean concavity, worst concavity, worst compactness, mean compactness, radius error, perimeter error, area error, worst texture, worst symmetry, mean texture, worst smoothness, concave points error"
17,ANOVA,5,Logistic Regression,0.9035087719298246,0.9838709677419355,0.8591549295774648,0.9172932330827067,0.9918113331149689,"mean perimeter, mean concave points, worst radius, worst perimeter, worst concave points"
17,DODA,5,Logistic Regression,0.9122807017543859,0.9841269841269841,0.8732394366197183,0.9253731343283582,0.9908286930887652,"worst concave points, worst perimeter, worst radius, mean concave points, worst area"
17,ANOVA,5,Random Forest,0.9210526315789473,0.984375,0.8873239436619719,0.9333333333333333,0.9844415329184408,"mean perimeter, mean concave points, worst radius, worst perimeter, worst concave points"
17,DODA,5,Random Forest,0.9210526315789473,0.984375,0.8873239436619719,0.9333333333333333,0.9803471994759254,"worst concave points, worst perimeter, worst radius, mean concave points, worst area"
17,ANOVA,5,XGBoost,0.9122807017543859,0.9692307692307692,0.8873239436619719,0.9264705882352942,0.9836226662299378,"mean perimeter, mean concave points, worst radius, worst perimeter, worst concave points"
17,DODA,5,XGBoost,0.9122807017543859,0.9692307692307692,0.8873239436619719,0.9264705882352942,0.9823124795283328,"worst concave points, worst perimeter, worst radius, mean concave points, worst area"
17,ANOVA,10,Logistic Regression,0.9035087719298246,0.96875,0.8732394366197183,0.9185185185185185,0.9921388797903702,"mean radius, mean perimeter, mean area, mean concavity, mean concave points, worst radius, worst perimeter, worst area, worst concavity, worst concave points"
17,DODA,10,Logistic Regression,0.9035087719298246,0.96875,0.8732394366197183,0.9185185185185185,0.9921388797903702,"worst concave points, worst perimeter, worst radius, mean concave points, worst area, mean perimeter, mean radius, mean area, mean concavity, worst concavity"
17,ANOVA,10,Random Forest,0.9298245614035088,0.9846153846153847,0.9014084507042254,0.9411764705882353,0.9898460530625613,"mean radius, mean perimeter, mean area, mean concavity, mean concave points, worst radius, worst perimeter, worst area, worst concavity, worst concave points"
17,DODA,10,Random Forest,0.9210526315789473,0.984375,0.8873239436619719,0.9333333333333333,0.9877169996724534,"worst concave points, worst perimeter, worst radius, mean concave points, worst area, mean perimeter, mean radius, mean area, mean concavity, worst concavity"
17,ANOVA,10,XGBoost,0.9385964912280702,0.9848484848484849,0.9154929577464789,0.948905109489051,0.987880773010154,"mean radius, mean perimeter, mean area, mean concavity, mean concave points, worst radius, worst perimeter, worst area, worst concavity, worst concave points"
17,DODA,10,XGBoost,0.9385964912280702,0.9848484848484849,0.9154929577464789,0.948905109489051,0.987880773010154,"worst concave points, worst perimeter, worst radius, mean concave points, worst area, mean perimeter, mean radius, mean area, mean concavity, worst concavity"
17,ANOVA,15,Logistic Regression,0.9298245614035088,0.9846153846153847,0.9014084507042254,0.9411764705882353,0.9957418932197838,"mean radius, mean perimeter, mean area, mean compactness, mean concavity, mean concave points, radius error, perimeter error, area error, worst radius, worst perimeter, worst area, worst compactness, worst concavity, worst concave points"
17,DODA,15,Logistic Regression,0.9298245614035088,0.9846153846153847,0.9014084507042254,0.9411764705882353,0.9957418932197838,"worst concave points, worst perimeter, worst radius, mean concave points, worst area, mean perimeter, mean radius, mean area, mean concavity, worst concavity, worst compactness, mean compactness, radius error, perimeter error, area error"
17,ANOVA,15,Random Forest,0.9298245614035088,0.9846153846153847,0.9014084507042254,0.9411764705882353,0.9860792662954471,"mean radius, mean perimeter, mean area, mean compactness, mean concavity, mean concave points, radius error, perimeter error, area error, worst radius, worst perimeter, worst area, worst compactness, worst concavity, worst concave points"
17,DODA,15,Random Forest,0.9210526315789473,0.9696969696969697,0.9014084507042254,0.9343065693430657,0.9867343596462494,"worst concave points, worst perimeter, worst radius, mean concave points, worst area, mean perimeter, mean radius, mean area, mean concavity, worst concavity, worst compactness, mean compactness, radius error, perimeter error, area error"
17,ANOVA,15,XGBoost,0.9298245614035088,0.9846153846153847,0.9014084507042254,0.9411764705882353,0.9836226662299378,"mean radius, mean perimeter, mean area, mean compactness, mean concavity, mean concave points, radius error, perimeter error, area error, worst radius, worst perimeter, worst area, worst compactness, worst concavity, worst concave points"
17,DODA,15,XGBoost,0.9298245614035088,0.9846153846153847,0.9014084507042254,0.9411764705882353,0.983950212905339,"worst concave points, worst perimeter, worst radius, mean concave points, worst area, mean perimeter, mean radius, mean area, mean concavity, worst concavity, worst compactness, mean compactness, radius error, perimeter error, area error"
17,ANOVA,20,Logistic Regression,0.9649122807017544,0.9855072463768116,0.9577464788732394,0.9714285714285714,0.9990173599737963,"mean radius, mean texture, mean perimeter, mean area, mean compactness, mean concavity, mean concave points, radius error, perimeter error, area error, concave points error, worst radius, worst texture, worst perimeter, worst area, worst smoothness, worst compactness, worst concavity, worst concave points, worst symmetry"
17,DODA,20,Logistic Regression,0.9649122807017544,0.9855072463768116,0.9577464788732394,0.9714285714285714,0.9990173599737963,"worst concave points, worst perimeter, worst radius, mean concave points, worst area, mean perimeter, mean radius, mean area, mean concavity, worst concavity, worst compactness, mean compactness, radius error, perimeter error, area error, worst texture, worst symmetry, worst smoothness, mean texture, concave points error"
17,ANOVA,20,Random Forest,0.9210526315789473,0.984375,0.8873239436619719,0.9333333333333333,0.9914837864395677,"mean radius, mean texture, mean perimeter, mean area, mean compactness, mean concavity, mean concave points, radius error, perimeter error, area error, concave points error, worst radius, worst texture, worst perimeter, worst area, worst smoothness, worst compactness, worst concavity, worst concave points, worst symmetry"
17,DODA,20,Random Forest,0.9298245614035088,0.9846153846153847,0.9014084507042254,0.9411764705882353,0.9957418932197838,"worst concave points, worst perimeter, worst radius, mean concave points, worst area, mean perimeter, mean radius, mean area, mean concavity, worst concavity, worst compactness, mean compactness, radius error, perimeter error, area error, worst texture, worst symmetry, worst smoothness, mean texture, concave points error"
17,ANOVA,20,XGBoost,0.9210526315789473,0.984375,0.8873239436619719,0.9333333333333333,0.9960694398951851,"mean radius, mean texture, mean perimeter, mean area, mean compactness, mean concavity, mean concave points, radius error, perimeter error, area error, concave points error, worst radius, worst texture, worst perimeter, worst area, worst smoothness, worst compactness, worst concavity, worst concave points, worst symmetry"
17,DODA,20,XGBoost,0.9385964912280702,0.9848484848484849,0.9154929577464789,0.948905109489051,0.9963969865705864,"worst concave points, worst perimeter, worst radius, mean concave points, worst area, mean perimeter, mean radius, mean area, mean concavity, worst concavity, worst compactness, mean compactness, radius error, perimeter error, area error, worst texture, worst symmetry, worst smoothness, mean texture, concave points error"
18,ANOVA,5,Logistic Regression,0.9649122807017544,0.9594594594594594,0.9861111111111112,0.9726027397260274,0.9818121693121694,"mean perimeter, mean concave points, worst radius, worst perimeter, worst concave points"
18,DODA,5,Logistic Regression,0.9649122807017544,0.9722222222222222,0.9722222222222222,0.9722222222222222,0.9834656084656085,"worst concave points, worst perimeter, worst radius, mean concave points, worst area"
18,ANOVA,5,Random Forest,0.9649122807017544,0.9722222222222222,0.9722222222222222,0.9722222222222222,0.976521164021164,"mean perimeter, mean concave points, worst radius, worst perimeter, worst concave points"
18,DODA,5,Random Forest,0.956140350877193,0.958904109589041,0.9722222222222222,0.9655172413793104,0.9831349206349206,"worst concave points, worst perimeter, worst radius, mean concave points, worst area"
18,ANOVA,5,XGBoost,0.956140350877193,0.958904109589041,0.9722222222222222,0.9655172413793104,0.9791666666666667,"mean perimeter, mean concave points, worst radius, worst perimeter, worst concave points"
18,DODA,5,XGBoost,0.956140350877193,0.9466666666666667,0.9861111111111112,0.9659863945578231,0.976521164021164,"worst concave points, worst perimeter, worst radius, mean concave points, worst area"
18,ANOVA,10,Logistic Regression,0.956140350877193,0.958904109589041,0.9722222222222222,0.9655172413793104,0.9791666666666667,"mean radius, mean perimeter, mean area, mean concavity, mean concave points, worst radius, worst perimeter, worst area, worst concavity, worst concave points"
18,DODA,10,Logistic Regression,0.956140350877193,0.958904109589041,0.9722222222222222,0.9655172413793104,0.9791666666666667,"worst concave points, worst perimeter, worst radius, mean concave points, worst area, mean perimeter, mean radius, mean area, mean concavity, worst concavity"
18,ANOVA,10,Random Forest,0.9649122807017544,0.9722222222222222,0.9722222222222222,0.9722222222222222,0.9915674603174602,"mean radius, mean perimeter, mean area, mean concavity, mean concave points, worst radius, worst perimeter, worst area, worst concavity, worst concave points"
18,DODA,10,Random Forest,0.9649122807017544,0.9722222222222222,0.9722222222222222,0.9722222222222222,0.9912367724867726,"worst concave points, worst perimeter, worst radius, mean concave points, worst area, mean perimeter, mean radius, mean area, mean concavity, worst concavity"
18,ANOVA,10,XGBoost,0.9649122807017544,0.9594594594594594,0.9861111111111112,0.9726027397260274,0.9847883597883599,"mean radius, mean perimeter, mean area, mean concavity, mean concave points, worst radius, worst perimeter, worst area, worst concavity, worst concave points"
18,DODA,10,XGBoost,0.9649122807017544,0.9594594594594594,0.9861111111111112,0.9726027397260274,0.9847883597883599,"worst concave points, worst perimeter, worst radius, mean concave points, worst area, mean perimeter, mean radius, mean area, mean concavity, worst concavity"
18,ANOVA,15,Logistic Regression,0.9298245614035088,0.9324324324324325,0.9583333333333334,0.9452054794520548,0.9923941798941799,"mean radius, mean perimeter, mean area, mean compactness, mean concavity, mean concave points, radius error, perimeter error, area error, worst radius, worst perimeter, worst area, worst compactness, worst concavity, worst concave points"
18,DODA,15,Logistic Regression,0.9298245614035088,0.9324324324324325,0.9583333333333334,0.9452054794520548,0.9923941798941799,"worst concave points, worst perimeter, worst radius, mean concave points, worst area, mean perimeter, mean radius, mean area, mean concavity, worst concavity, worst compactness, mean compactness, radius error, perimeter error, area error"
18,ANOVA,15,Random Forest,0.9736842105263158,0.9859154929577465,0.9722222222222222,0.9790209790209791,0.9965277777777778,"mean radius, mean perimeter, mean area, mean compactness, mean concavity, mean concave points, radius error, perimeter error, area error, worst radius, worst perimeter, worst area, worst compactness, worst concavity, worst concave points"
18,DODA,15,Random Forest,0.9736842105263158,0.9726027397260274,0.9861111111111112,0.9793103448275862,0.9958664021164021,"worst concave points, worst perimeter, worst radius, mean concave points, worst area, mean perimeter, mean radius, mean area, mean concavity, worst concavity, worst compactness, mean compactness, radius error, perimeter error, area error"
18,ANOVA,15,XGBoost,0.9385964912280702,0.922077922077922,0.9861111111111112,0.9530201342281879,0.9940476190476191,"mean radius, mean perimeter, mean area, mean compactness, mean concavity, mean concave points, radius error, perimeter error, area error, worst radius, worst perimeter, worst area, worst compactness, worst concavity, worst concave points"
18,DODA,15,XGBoost,0.9385964912280702,0.9333333333333333,0.9722222222222222,0.9523809523809523,0.9937169312169312,"worst concave points, worst perimeter, worst radius, mean concave points, worst area, mean perimeter, mean radius, mean area, mean concavity, worst concavity, worst compactness, mean compactness, radius error, perimeter error, area error"
18,ANOVA,20,Logistic Regression,0.9736842105263158,0.9726027397260274,0.9861111111111112,0.9793103448275862,0.9963624338624338,"mean radius, mean perimeter, mean area, mean smoothness, mean compactness, mean concavity, mean concave points, radius error, perimeter error, area error, concave points error, worst radius, worst texture, worst perimeter, worst area, worst smoothness, worst compactness, worst concavity, worst concave points, worst symmetry"
18,DODA,20,Logistic Regression,0.9736842105263158,0.9726027397260274,0.9861111111111112,0.9793103448275862,0.9966931216931217,"worst concave points, worst perimeter, worst radius, mean concave points, worst area, mean perimeter, mean radius, mean area, mean concavity, worst concavity, worst compactness, mean compactness, radius error, perimeter error, area error, worst texture, worst smoothness, worst symmetry, mean texture, concave points error"
18,ANOVA,20,Random Forest,0.9736842105263158,0.9726027397260274,0.9861111111111112,0.9793103448275862,0.9973544973544974,"mean radius, mean perimeter, mean area, mean smoothness, mean compactness, mean concavity, mean concave points, radius error, perimeter error, area error, concave points error, worst radius, worst texture, worst perimeter, worst area, worst smoothness, worst compactness, worst concavity, worst concave points, worst symmetry"
18,DODA,20,Random Forest,0.9736842105263158,0.9726027397260274,0.9861111111111112,0.9793103448275862,0.998015873015873,"worst concave points, worst perimeter, worst radius, mean concave points, worst area, mean perimeter, mean radius, mean area, mean concavity, worst concavity, worst compactness, mean compactness, radius error, perimeter error, area error, worst texture, worst smoothness, worst symmetry, mean texture, concave points error"
18,ANOVA,20,XGBoost,0.956140350877193,0.958904109589041,0.9722222222222222,0.9655172413793104,0.9937169312169312,"mean radius, mean perimeter, mean area, mean smoothness, mean compactness, mean concavity, mean concave points, radius error, perimeter error, area error, concave points error, worst radius, worst texture, worst perimeter, worst area, worst smoothness, worst compactness, worst concavity, worst concave points, worst symmetry"
18,DODA,20,XGBoost,0.9473684210526315,0.9583333333333334,0.9583333333333334,0.9583333333333334,0.9914021164021164,"worst concave points, worst perimeter, worst radius, mean concave points, worst area, mean perimeter, mean radius, mean area, mean concavity, worst concavity, worst compactness, mean compactness, radius error, perimeter error, area error, worst texture, worst smoothness, worst symmetry, mean texture, concave points error"
19,ANOVA,5,Logistic Regression,0.9649122807017544,0.9722222222222222,0.9722222222222222,0.9722222222222222,0.9923941798941799,"mean perimeter, mean concave points, worst radius, worst perimeter, worst concave points"
19,DODA,5,Logistic Regression,0.9649122807017544,0.9722222222222222,0.9722222222222222,0.9722222222222222,0.9927248677248677,"worst concave points, worst perimeter, worst radius, mean concave points, worst area"
19,ANOVA,5,Random Forest,0.9736842105263158,0.9726027397260274,0.9861111111111112,0.9793103448275862,0.980489417989418,"mean perimeter, mean concave points, worst radius, worst perimeter, worst concave points"
19,DODA,5,Random Forest,0.9649122807017544,0.9722222222222222,0.9722222222222222,0.9722222222222222,0.9801587301587302,"worst concave points, worst perimeter, worst radius, mean concave points, worst area"
19,ANOVA,5,XGBoost,0.9649122807017544,0.9594594594594594,0.9861111111111112,0.9726027397260274,0.9768518518518519,"mean perimeter, mean concave points, worst radius, worst perimeter, worst concave points"
19,DODA,5,XGBoost,0.9473684210526315,0.9583333333333334,0.9583333333333334,0.9583333333333334,0.9738756613756614,"worst concave points, worst perimeter, worst radius, mean concave points, worst area"
19,ANOVA,10,Logistic Regression,0.9649122807017544,0.9722222222222222,0.9722222222222222,0.9722222222222222,0.9937169312169312,"mean radius, mean perimeter, mean area, mean concavity, mean concave points, worst radius, worst perimeter, worst area, worst concavity, worst concave points"
19,DODA,10,Logistic Regression,0.9649122807017544,0.9722222222222222,0.9722222222222222,0.9722222222222222,0.9937169312169312,"worst concave points, worst perimeter, worst radius, mean concave points, worst area, mean perimeter, mean radius, mean area, mean concavity, worst concavity"
19,ANOVA,10,Random Forest,0.9824561403508771,0.972972972972973,1.0,0.9863013698630136,0.982308201058201,"mean radius, mean perimeter, mean area, mean concavity, mean concave points, worst radius, worst perimeter, worst area, worst concavity, worst concave points"
19,DODA,10,Random Forest,0.9824561403508771,0.972972972972973,1.0,0.9863013698630136,0.982638888888889,"worst concave points, worst perimeter, worst radius, mean concave points, worst area, mean perimeter, mean radius, mean area, mean concavity, worst concavity"
19,ANOVA,10,XGBoost,0.9649122807017544,0.9594594594594594,0.9861111111111112,0.9726027397260274,0.9751984126984128,"mean radius, mean perimeter, mean area, mean concavity, mean concave points, worst radius, worst perimeter, worst area, worst concavity, worst concave points"
19,DODA,10,XGBoost,0.956140350877193,0.9466666666666667,0.9861111111111112,0.9659863945578231,0.9768518518518519,"worst concave points, worst perimeter, worst radius, mean concave points, worst area, mean perimeter, mean radius, mean area, mean concavity, worst concavity"
19,ANOVA,15,Logistic Regression,0.956140350877193,0.9855072463768116,0.9444444444444444,0.9645390070921985,0.9923941798941799,"mean radius, mean perimeter, mean area, mean compactness, mean concavity, mean concave points, radius error, perimeter error, area error, worst radius, worst perimeter, worst area, worst compactness, worst concavity, worst concave points"
19,DODA,15,Logistic Regression,0.956140350877193,0.9855072463768116,0.9444444444444444,0.9645390070921985,0.9923941798941799,"worst concave points, worst perimeter, worst radius, mean concave points, worst area, mean perimeter, mean radius, mean area, mean concavity, worst concavity, worst compactness, mean compactness, area error, radius error, perimeter error"
19,ANOVA,15,Random Forest,0.956140350877193,0.971830985915493,0.9583333333333334,0.965034965034965,0.9900793650793651,"mean radius, mean perimeter, mean area, mean compactness, mean concavity, mean concave points, radius error, perimeter error, area error, worst radius, worst perimeter, worst area, worst compactness, worst concavity, worst concave points"
19,DODA,15,Random Forest,0.9649122807017544,0.9722222222222222,0.9722222222222222,0.9722222222222222,0.9823082010582012,"worst concave points, worst perimeter, worst radius, mean concave points, worst area, mean perimeter, mean radius, mean area, mean concavity, worst concavity, worst compactness, mean compactness, area error, radius error, perimeter error"
19,ANOVA,15,XGBoost,0.9649122807017544,0.9594594594594594,0.9861111111111112,0.9726027397260274,0.9933862433862434,"mean radius, mean perimeter, mean area, mean compactness, mean concavity, mean concave points, radius error, perimeter error, area error, worst radius, worst perimeter, worst area, worst compactness, worst concavity, worst concave points"
19,DODA,15,XGBoost,0.9736842105263158,0.96,1.0,0.9795918367346939,0.9943783068783069,"worst concave points, worst perimeter, worst radius, mean concave points, worst area, mean perimeter, mean radius, mean area, mean concavity, worst concavity, worst compactness, mean compactness, area error, radius error, perimeter error"
19,ANOVA,20,Logistic Regression,0.9736842105263158,0.9859154929577465,0.9722222222222222,0.9790209790209791,0.998015873015873,"mean radius, mean texture, mean perimeter, mean area, mean compactness, mean concavity, mean concave points, radius error, perimeter error, area error, concave points error, worst radius, worst texture, worst perimeter, worst area, worst smoothness, worst compactness, worst concavity, worst concave points, worst symmetry"
19,DODA,20,Logistic Regression,0.9736842105263158,0.9859154929577465,0.9722222222222222,0.9790209790209791,0.998015873015873,"worst concave points, worst perimeter, worst radius, mean concave points, worst area, mean perimeter, mean radius, mean area, mean concavity, worst concavity, worst compactness, mean compactness, area error, radius error, perimeter error, worst texture, worst symmetry, mean texture, worst smoothness, concave points error"
19,ANOVA,20,Random Forest,0.9736842105263158,0.9726027397260274,0.9861111111111112,0.9793103448275862,0.9905753968253967,"mean radius, mean texture, mean perimeter, mean area, mean compactness, mean concavity, mean concave points, radius error, perimeter error, area error, concave points error, worst radius, worst texture, worst perimeter, worst area, worst smoothness, worst compactness, worst concavity, worst concave points, worst symmetry"
19,DODA,20,Random Forest,0.9649122807017544,0.9722222222222222,0.9722222222222222,0.9722222222222222,0.9907407407407407,"worst concave points, worst perimeter, worst radius, mean concave points, worst area, mean perimeter, mean radius, mean area, mean concavity, worst concavity, worst compactness, mean compactness, area error, radius error, perimeter error, worst texture, worst symmetry, mean texture, worst smoothness, concave points error"
19,ANOVA,20,XGBoost,0.9912280701754386,0.9863013698630136,1.0,0.993103448275862,0.998015873015873,"mean radius, mean texture, mean perimeter, mean area, mean compactness, mean concavity, mean concave points, radius error, perimeter error, area error, concave points error, worst radius, worst texture, worst perimeter, worst area, worst smoothness, worst compactness, worst concavity, worst concave points, worst symmetry"
19,DODA,20,XGBoost,0.9824561403508771,0.9861111111111112,0.9861111111111112,0.9861111111111112,0.9976851851851851,"worst concave points, worst perimeter, worst radius, mean concave points, worst area, mean perimeter, mean radius, mean area, mean concavity, worst concavity, worst compactness, mean compactness, area error, radius error, perimeter error, worst texture, worst symmetry, mean texture, worst smoothness, concave points error"
20,ANOVA,5,Logistic Regression,0.9734513274336283,0.9857142857142858,0.971830985915493,0.9787234042553191,0.98859825620389,"mean perimeter, mean concave points, worst radius, worst perimeter, worst concave points"
20,DODA,5,Logistic Regression,0.9557522123893806,0.9714285714285714,0.9577464788732394,0.9645390070921985,0.9885982562038901,"worst perimeter, worst concave points, worst radius, mean concave points, worst area"
20,ANOVA,5,Random Forest,0.9469026548672567,0.9710144927536232,0.9436619718309859,0.9571428571428572,0.9805499664654594,"mean perimeter, mean concave points, worst radius, worst perimeter, worst concave points"
20,DODA,5,Random Forest,0.9380530973451328,0.9705882352941176,0.9295774647887324,0.9496402877697842,0.9783702213279679,"worst perimeter, worst concave points, worst radius, mean concave points, worst area"
20,ANOVA,5,XGBoost,0.9469026548672567,0.9710144927536232,0.9436619718309859,0.9571428571428572,0.972166331321261,"mean perimeter, mean concave points, worst radius, worst perimeter, worst concave points"
20,DODA,5,XGBoost,0.9469026548672567,0.9710144927536232,0.9436619718309859,0.9571428571428572,0.9698189134808853,"worst perimeter, worst concave points, worst radius, mean concave points, worst area"
20,ANOVA,10,Logistic Regression,0.9557522123893806,0.9852941176470589,0.9436619718309859,0.9640287769784173,0.9862508383635145,"mean radius, mean perimeter, mean area, mean concavity, mean concave points, worst radius, worst perimeter, worst area, worst concavity, worst concave points"
20,DODA,10,Logistic Regression,0.9557522123893806,0.9852941176470589,0.9436619718309859,0.9640287769784173,0.9862508383635145,"worst perimeter, worst concave points, worst radius, mean concave points, worst area, mean perimeter, mean radius, mean area, mean concavity, worst concavity"
20,ANOVA,10,Random Forest,0.9557522123893806,0.9714285714285714,0.9577464788732394,0.9645390070921985,0.9810529845741113,"mean radius, mean perimeter, mean area, mean concavity, mean concave points, worst radius, worst perimeter, worst area, worst concavity, worst concave points"
20,DODA,10,Random Forest,0.9557522123893806,0.9714285714285714,0.9577464788732394,0.9645390070921985,0.9810529845741114,"worst perimeter, worst concave points, worst radius, mean concave points, worst area, mean perimeter, mean radius, mean area, mean concavity, worst concavity"
20,ANOVA,10,XGBoost,0.9646017699115044,0.971830985915493,0.971830985915493,0.971830985915493,0.9748490945674044,"mean radius, mean perimeter, mean area, mean concavity, mean concave points, worst radius, worst perimeter, worst area, worst concavity, worst concave points"
20,DODA,10,XGBoost,0.9557522123893806,0.9714285714285714,0.9577464788732394,0.9645390070921985,0.9751844399731724,"worst perimeter, worst concave points, worst radius, mean concave points, worst area, mean perimeter, mean radius, mean area, mean concavity, worst concavity"
20,ANOVA,15,Logistic Regression,0.9646017699115044,0.9855072463768116,0.9577464788732394,0.9714285714285714,0.9932930918846412,"mean radius, mean perimeter, mean area, mean compactness, mean concavity, mean concave points, radius error, perimeter error, area error, worst radius, worst perimeter, worst area, worst compactness, worst concavity, worst concave points"
20,DODA,15,Logistic Regression,0.9646017699115044,0.9855072463768116,0.9577464788732394,0.9714285714285714,0.9932930918846412,"worst perimeter, worst concave points, worst radius, mean concave points, worst area, mean perimeter, mean radius, mean area, mean concavity, worst concavity, worst compactness, mean compactness, radius error, perimeter error, area error"
20,ANOVA,15,Random Forest,0.9557522123893806,0.9714285714285714,0.9577464788732394,0.9645390070921985,0.9798792756539236,"mean radius, mean perimeter, mean area, mean compactness, mean concavity, mean concave points, radius error, perimeter error, area error, worst radius, worst perimeter, worst area, worst compactness, worst concavity, worst concave points"
20,DODA,15,Random Forest,0.9646017699115044,0.971830985915493,0.971830985915493,0.971830985915493,0.9907780013413816,"worst perimeter, worst concave points, worst radius, mean concave points, worst area, mean perimeter, mean radius, mean area, mean concavity, worst concavity, worst compactness, mean compactness, radius error, perimeter error, area error"
20,ANOVA,15,XGBoost,0.9646017699115044,0.971830985915493,0.971830985915493,0.971830985915493,0.9896042924211939,"mean radius, mean perimeter, mean area, mean compactness, mean concavity, mean concave points, radius error, perimeter error, area error, worst radius, worst perimeter, worst area, worst compactness, worst concavity, worst concave points"
20,DODA,15,XGBoost,0.9646017699115044,0.971830985915493,0.971830985915493,0.971830985915493,0.9798792756539235,"worst perimeter, worst concave points, worst radius, mean concave points, worst area, mean perimeter, mean radius, mean area, mean concavity, worst concavity, worst compactness, mean compactness, radius error, perimeter error, area error"
20,ANOVA,20,Logistic Regression,0.9823008849557522,0.9859154929577465,0.9859154929577465,0.9859154929577465,0.9916163648558014,"mean radius, mean texture, mean perimeter, mean area, mean compactness, mean concavity, mean concave points, radius error, perimeter error, area error, concave points error, worst radius, worst texture, worst perimeter, worst area, worst smoothness, worst compactness, worst concavity, worst concave points, worst symmetry"
20,DODA,20,Logistic Regression,0.9823008849557522,0.9859154929577465,0.9859154929577465,0.9859154929577465,0.9916163648558014,"worst perimeter, worst concave points, worst radius, mean concave points, worst area, mean perimeter, mean radius, mean area, mean concavity, worst concavity, worst compactness, mean compactness, radius error, perimeter error, area error, worst texture, worst symmetry, mean texture, worst smoothness, concave points error"
20,ANOVA,20,Random Forest,0.9734513274336283,0.9857142857142858,0.971830985915493,0.9787234042553191,0.988262910798122,"mean radius, mean texture, mean perimeter, mean area, mean compactness, mean concavity, mean concave points, radius error, perimeter error, area error, concave points error, worst radius, worst texture, worst perimeter, worst area, worst smoothness, worst compactness, worst concavity, worst concave points, worst symmetry"
20,DODA,20,Random Forest,0.9734513274336283,0.9857142857142858,0.971830985915493,0.9787234042553191,0.9911133467471496,"worst perimeter, worst concave points, worst radius, mean concave points, worst area, mean perimeter, mean radius, mean area, mean concavity, worst concavity, worst compactness, mean compactness, radius error, perimeter error, area error, worst texture, worst symmetry, mean texture, worst smoothness, concave points error"
20,ANOVA,20,XGBoost,0.9646017699115044,0.9855072463768116,0.9577464788732394,0.9714285714285714,0.9872568745808183,"mean radius, mean texture, mean perimeter, mean area, mean compactness, mean concavity, mean concave points, radius error, perimeter error, area error, concave points error, worst radius, worst texture, worst perimeter, worst area, worst smoothness, worst compactness, worst concavity, worst concave points, worst symmetry"
20,DODA,20,XGBoost,0.9734513274336283,0.9857142857142858,0.971830985915493,0.9787234042553191,0.9818913480885313,"worst perimeter, worst concave points, worst radius, mean concave points, worst area, mean perimeter, mean radius, mean area, mean concavity, worst concavity, worst compactness, mean compactness, radius error, perimeter error, area error, worst texture, worst symmetry, mean texture, worst smoothness, concave points error"
21,ANOVA,5,Logistic Regression,0.9298245614035088,0.92,0.971830985915493,0.9452054794520548,0.9859154929577465,"mean perimeter, mean concave points, worst radius, worst perimeter, worst concave points"
21,DODA,5,Logistic Regression,0.9210526315789473,0.918918918918919,0.9577464788732394,0.9379310344827586,0.9849328529315426,"worst concave points, worst perimeter, worst radius, mean concave points, worst area"
21,ANOVA,5,Random Forest,0.9122807017543859,0.8961038961038961,0.971830985915493,0.9324324324324325,0.9685555191614805,"mean perimeter, mean concave points, worst radius, worst perimeter, worst concave points"
21,DODA,5,Random Forest,0.9122807017543859,0.8961038961038961,0.971830985915493,0.9324324324324325,0.9646249590566657,"worst concave points, worst perimeter, worst radius, mean concave points, worst area"
21,ANOVA,5,XGBoost,0.9298245614035088,0.92,0.971830985915493,0.9452054794520548,0.9615132656403538,"mean perimeter, mean concave points, worst radius, worst perimeter, worst concave points"
21,DODA,5,XGBoost,0.9298245614035088,0.92,0.971830985915493,0.9452054794520548,0.9536521454307239,"worst concave points, worst perimeter, worst radius, mean concave points, worst area"
21,ANOVA,10,Logistic Regression,0.9122807017543859,0.9178082191780822,0.9436619718309859,0.9305555555555556,0.9855879462823451,"mean radius, mean perimeter, mean area, mean concavity, mean concave points, worst radius, worst perimeter, worst area, worst concavity, worst concave points"
21,DODA,10,Logistic Regression,0.9122807017543859,0.9178082191780822,0.9436619718309859,0.9305555555555556,0.9855879462823451,"worst concave points, worst perimeter, worst radius, mean concave points, worst area, mean perimeter, mean radius, mean area, mean concavity, worst concavity"
21,ANOVA,10,Random Forest,0.9210526315789473,0.9078947368421053,0.971830985915493,0.9387755102040817,0.9700294792007861,"mean radius, mean perimeter, mean area, mean concavity, mean concave points, worst radius, worst perimeter, worst area, worst concavity, worst concave points"
21,DODA,10,Random Forest,0.9210526315789473,0.9078947368421053,0.971830985915493,0.9387755102040817,0.9711758925646904,"worst concave points, worst perimeter, worst radius, mean concave points, worst area, mean perimeter, mean radius, mean area, mean concavity, worst concavity"
21,ANOVA,10,XGBoost,0.9210526315789473,0.9078947368421053,0.971830985915493,0.9387755102040817,0.9715034392400917,"mean radius, mean perimeter, mean area, mean concavity, mean concave points, worst radius, worst perimeter, worst area, worst concavity, worst concave points"
21,DODA,10,XGBoost,0.9298245614035088,0.92,0.971830985915493,0.9452054794520548,0.966590239109073,"worst concave points, worst perimeter, worst radius, mean concave points, worst area, mean perimeter, mean radius, mean area, mean concavity, worst concavity"
21,ANOVA,15,Logistic Regression,0.9210526315789473,0.9428571428571428,0.9295774647887324,0.9361702127659575,0.9836226662299377,"mean radius, mean perimeter, mean area, mean compactness, mean concavity, mean concave points, radius error, perimeter error, area error, worst radius, worst perimeter, worst area, worst compactness, worst concavity, worst concave points"
21,DODA,15,Logistic Regression,0.9210526315789473,0.9428571428571428,0.9295774647887324,0.9361702127659575,0.9836226662299377,"worst concave points, worst perimeter, worst radius, mean concave points, worst area, mean perimeter, mean radius, mean area, mean concavity, worst concavity, worst compactness, mean compactness, radius error, perimeter error, area error"
21,ANOVA,15,Random Forest,0.9035087719298246,0.9054054054054054,0.9436619718309859,0.9241379310344827,0.9698657058630855,"mean radius, mean perimeter, mean area, mean compactness, mean concavity, mean concave points, radius error, perimeter error, area error, worst radius, worst perimeter, worst area, worst compactness, worst concavity, worst concave points"
21,DODA,15,Random Forest,0.9210526315789473,0.9078947368421053,0.971830985915493,0.9387755102040817,0.979200786112021,"worst concave points, worst perimeter, worst radius, mean concave points, worst area, mean perimeter, mean radius, mean area, mean concavity, worst concavity, worst compactness, mean compactness, radius error, perimeter error, area error"
21,ANOVA,15,XGBoost,0.9298245614035088,0.92,0.971830985915493,0.9452054794520548,0.9832951195545365,"mean radius, mean perimeter, mean area, mean compactness, mean concavity, mean concave points, radius error, perimeter error, area error, worst radius, worst perimeter, worst area, worst compactness, worst concavity, worst concave points"
21,DODA,15,XGBoost,0.9298245614035088,0.92,0.971830985915493,0.9452054794520548,0.9832951195545365,"worst concave points, worst perimeter, worst radius, mean concave points, worst area, mean perimeter, mean radius, mean area, mean concavity, worst concavity, worst compactness, mean compactness, radius error, perimeter error, area error"
21,ANOVA,20,Logistic Regression,0.9824561403508771,0.9859154929577465,0.9859154929577465,0.9859154929577465,0.9980347199475925,"mean radius, mean texture, mean perimeter, mean area, mean compactness, mean concavity, mean concave points, radius error, perimeter error, area error, concave points error, worst radius, worst texture, worst perimeter, worst area, worst smoothness, worst compactness, worst concavity, worst concave points, worst symmetry"
21,DODA,20,Logistic Regression,0.9824561403508771,0.9859154929577465,0.9859154929577465,0.9859154929577465,0.9980347199475925,"worst concave points, worst perimeter, worst radius, mean concave points, worst area, mean perimeter, mean radius, mean area, mean concavity, worst concavity, worst compactness, mean compactness, radius error, perimeter error, area error, worst texture, worst symmetry, worst smoothness, mean texture, concave points error"
21,ANOVA,20,Random Forest,0.9122807017543859,0.9178082191780822,0.9436619718309859,0.9305555555555556,0.9726498526039961,"mean radius, mean texture, mean perimeter, mean area, mean compactness, mean concavity, mean concave points, radius error, perimeter error, area error, concave points error, worst radius, worst texture, worst perimeter, worst area, worst smoothness, worst compactness, worst concavity, worst concave points, worst symmetry"
21,DODA,20,Random Forest,0.9298245614035088,0.92,0.971830985915493,0.9452054794520548,0.9744513593187029,"worst concave points, worst perimeter, worst radius, mean concave points, worst area, mean perimeter, mean radius, mean area, mean concavity, worst concavity, worst compactness, mean compactness, radius error, perimeter error, area error, worst texture, worst symmetry, worst smoothness, mean texture, concave points error"
21,ANOVA,20,XGBoost,0.9385964912280702,0.9324324324324325,0.971830985915493,0.9517241379310345,0.9908286930887651,"mean radius, mean texture, mean perimeter, mean area, mean compactness, mean concavity, mean concave points, radius error, perimeter error, area error, concave points error, worst radius, worst texture, worst perimeter, worst area, worst smoothness, worst compactness, worst concavity, worst concave points, worst symmetry"
21,DODA,20,XGBoost,0.9473684210526315,0.9333333333333333,0.9859154929577465,0.958904109589041,0.9908286930887651,"worst concave points, worst perimeter, worst radius, mean concave points, worst area, mean perimeter, mean radius, mean area, mean concavity, worst concavity, worst compactness, mean compactness, radius error, perimeter error, area error, worst texture, worst symmetry, worst smoothness, mean texture, concave points error"
22,ANOVA,5,Logistic Regression,0.9649122807017544,0.9855072463768116,0.9577464788732394,0.9714285714285714,0.9882083196855552,"mean perimeter, mean concave points, worst radius, worst perimeter, worst concave points"
22,DODA,5,Logistic Regression,0.9649122807017544,0.9855072463768116,0.9577464788732394,0.9714285714285714,0.987880773010154,"worst concave points, worst perimeter, worst radius, mean concave points, worst area"
22,ANOVA,5,Random Forest,0.956140350877193,0.9714285714285714,0.9577464788732394,0.9645390070921985,0.9808385194890271,"mean perimeter, mean concave points, worst radius, worst perimeter, worst concave points"
22,DODA,5,Random Forest,0.956140350877193,0.9714285714285714,0.9577464788732394,0.9645390070921985,0.9800196528005242,"worst concave points, worst perimeter, worst radius, mean concave points, worst area"
22,ANOVA,5,XGBoost,0.9473684210526315,0.9710144927536232,0.9436619718309859,0.9571428571428572,0.9746151326564034,"mean perimeter, mean concave points, worst radius, worst perimeter, worst concave points"
22,DODA,5,XGBoost,0.9473684210526315,0.9452054794520548,0.971830985915493,0.9583333333333334,0.9726498526039961,"worst concave points, worst perimeter, worst radius, mean concave points, worst area"
22,ANOVA,10,Logistic Regression,0.9473684210526315,0.9850746268656716,0.9295774647887324,0.9565217391304348,0.9868981329839502,"mean radius, mean perimeter, mean area, mean concavity, mean concave points, worst radius, worst perimeter, worst area, worst concavity, worst concave points"
22,DODA,10,Logistic Regression,0.9473684210526315,0.9850746268656716,0.9295774647887324,0.9565217391304348,0.9868981329839502,"worst concave points, worst perimeter, worst radius, mean concave points, worst area, mean perimeter, mean radius, mean area, mean concavity, worst concavity"
22,ANOVA,10,Random Forest,0.9473684210526315,0.9710144927536232,0.9436619718309859,0.9571428571428572,0.9808385194890272,"mean radius, mean perimeter, mean area, mean concavity, mean concave points, worst radius, worst perimeter, worst area, worst concavity, worst concave points"
22,DODA,10,Random Forest,0.956140350877193,0.9714285714285714,0.9577464788732394,0.9645390070921985,0.9806747461513265,"worst concave points, worst perimeter, worst radius, mean concave points, worst area, mean perimeter, mean radius, mean area, mean concavity, worst concavity"
22,ANOVA,10,XGBoost,0.956140350877193,0.9714285714285714,0.9577464788732394,0.9645390070921985,0.9747789059941042,"mean radius, mean perimeter, mean area, mean concavity, mean concave points, worst radius, worst perimeter, worst area, worst concavity, worst concave points"
22,DODA,10,XGBoost,0.9649122807017544,0.9855072463768116,0.9577464788732394,0.9714285714285714,0.9754339993449066,"worst concave points, worst perimeter, worst radius, mean concave points, worst area, mean perimeter, mean radius, mean area, mean concavity, worst concavity"
22,ANOVA,15,Logistic Regression,0.9473684210526315,0.9850746268656716,0.9295774647887324,0.9565217391304348,0.9924664264657713,"mean radius, mean perimeter, mean area, mean compactness, mean concavity, mean concave points, radius error, perimeter error, area error, worst radius, worst perimeter, worst area, worst compactness, worst concavity, worst concave points"
22,DODA,15,Logistic Regression,0.9473684210526315,0.9850746268656716,0.9295774647887324,0.9565217391304348,0.9924664264657713,"worst concave points, worst perimeter, worst radius, mean concave points, worst area, mean perimeter, mean radius, mean area, mean concavity, worst concavity, worst compactness, mean compactness, radius error, area error, perimeter error"
22,ANOVA,15,Random Forest,0.956140350877193,0.9583333333333334,0.971830985915493,0.965034965034965,0.9905011464133638,"mean radius, mean perimeter, mean area, mean compactness, mean concavity, mean concave points, radius error, perimeter error, area error, worst radius, worst perimeter, worst area, worst compactness, worst concavity, worst concave points"
22,DODA,15,Random Forest,0.9473684210526315,0.9710144927536232,0.9436619718309859,0.9571428571428572,0.9890271863740583,"worst concave points, worst perimeter, worst radius, mean concave points, worst area, mean perimeter, mean radius, mean area, mean concavity, worst concavity, worst compactness, mean compactness, radius error, area error, perimeter error"
22,ANOVA,15,XGBoost,0.9473684210526315,0.9452054794520548,0.971830985915493,0.9583333333333334,0.9914837864395676,"mean radius, mean perimeter, mean area, mean compactness, mean concavity, mean concave points, radius error, perimeter error, area error, worst radius, worst perimeter, worst area, worst compactness, worst concavity, worst concave points"
22,DODA,15,XGBoost,0.9473684210526315,0.9452054794520548,0.971830985915493,0.9583333333333334,0.9914837864395676,"worst concave points, worst perimeter, worst radius, mean concave points, worst area, mean perimeter, mean radius, mean area, mean concavity, worst concavity, worst compactness, mean compactness, radius error, area error, perimeter error"
22,ANOVA,20,Logistic Regression,0.9649122807017544,0.971830985915493,0.971830985915493,0.971830985915493,0.9872256796593515,"mean radius, mean texture, mean perimeter, mean area, mean compactness, mean concavity, mean concave points, radius error, perimeter error, area error, concave points error, worst radius, worst texture, worst perimeter, worst area, worst smoothness, worst compactness, worst concavity, worst concave points, worst symmetry"
22,DODA,20,Logistic Regression,0.9649122807017544,0.971830985915493,0.971830985915493,0.971830985915493,0.9872256796593515,"worst concave points, worst perimeter, worst radius, mean concave points, worst area, mean perimeter, mean radius, mean area, mean concavity, worst concavity, worst compactness, mean compactness, radius error, area error, perimeter error, worst texture, mean texture, worst symmetry, worst smoothness, concave points error"
22,ANOVA,20,Random Forest,0.9736842105263158,0.9722222222222222,0.9859154929577465,0.9790209790209791,0.9898460530625615,"mean radius, mean texture, mean perimeter, mean area, mean compactness, mean concavity, mean concave points, radius error, perimeter error, area error, concave points error, worst radius, worst texture, worst perimeter, worst area, worst smoothness, worst compactness, worst concavity, worst concave points, worst symmetry"
22,DODA,20,Random Forest,0.9736842105263158,0.9722222222222222,0.9859154929577465,0.9790209790209791,0.989190959711759,"worst concave points, worst perimeter, worst radius, mean concave points, worst area, mean perimeter, mean radius, mean area, mean concavity, worst concavity, worst compactness, mean compactness, radius error, area error, perimeter error, worst texture, mean texture, worst symmetry, worst smoothness, concave points error"
22,ANOVA,20,XGBoost,0.9649122807017544,0.958904109589041,0.9859154929577465,0.9722222222222222,0.9882083196855551,"mean radius, mean texture, mean perimeter, mean area, mean compactness, mean concavity, mean concave points, radius error, perimeter error, area error, concave points error, worst radius, worst texture, worst perimeter, worst area, worst smoothness, worst compactness, worst concavity, worst concave points, worst symmetry"
22,DODA,20,XGBoost,0.9649122807017544,0.958904109589041,0.9859154929577465,0.9722222222222222,0.9882083196855551,"worst concave points, worst perimeter, worst radius, mean concave points, worst area, mean perimeter, mean radius, mean area, mean concavity, worst concavity, worst compactness, mean compactness, radius error, area error, perimeter error, worst texture, mean texture, worst symmetry, worst smoothness, concave points error"
23,ANOVA,5,Logistic Regression,0.956140350877193,0.971830985915493,0.9583333333333334,0.965034965034965,0.9801587301587302,"mean concavity, mean concave points, worst radius, worst perimeter, worst concave points"
23,DODA,5,Logistic Regression,0.9649122807017544,0.9722222222222222,0.9722222222222222,0.9722222222222222,0.9821428571428572,"worst concave points, worst perimeter, mean concave points, worst radius, worst area"
23,ANOVA,5,Random Forest,0.9210526315789473,0.92,0.9583333333333334,0.9387755102040817,0.9753637566137565,"mean concavity, mean concave points, worst radius, worst perimeter, worst concave points"
23,DODA,5,Random Forest,0.9385964912280702,0.9333333333333333,0.9722222222222222,0.9523809523809523,0.9755291005291005,"worst concave points, worst perimeter, mean concave points, worst radius, worst area"
23,ANOVA,5,XGBoost,0.9298245614035088,0.9210526315789473,0.9722222222222222,0.9459459459459459,0.9841269841269841,"mean concavity, mean concave points, worst radius, worst perimeter, worst concave points"
23,DODA,5,XGBoost,0.9298245614035088,0.9210526315789473,0.9722222222222222,0.9459459459459459,0.9715608465608465,"worst concave points, worst perimeter, mean concave points, worst radius, worst area"
23,ANOVA,10,Logistic Regression,0.9649122807017544,0.9722222222222222,0.9722222222222222,0.9722222222222222,0.9801587301587302,"mean radius, mean perimeter, mean area, mean concavity, mean concave points, worst radius, worst perimeter, worst area, worst concavity, worst concave points"
23,DODA,10,Logistic Regression,0.9649122807017544,0.9722222222222222,0.9722222222222222,0.9722222222222222,0.9801587301587302,"worst concave points, worst perimeter, mean concave points, worst radius, worst area, mean concavity, mean perimeter, worst concavity, mean radius, mean area"
23,ANOVA,10,Random Forest,0.9385964912280702,0.922077922077922,0.9861111111111112,0.9530201342281879,0.9874338624338624,"mean radius, mean perimeter, mean area, mean concavity, mean concave points, worst radius, worst perimeter, worst area, worst concavity, worst concave points"
23,DODA,10,Random Forest,0.956140350877193,0.935064935064935,1.0,0.9664429530201343,0.9790013227513228,"worst concave points, worst perimeter, mean concave points, worst radius, worst area, mean concavity, mean perimeter, worst concavity, mean radius, mean area"
23,ANOVA,10,XGBoost,0.9473684210526315,0.9342105263157895,0.9861111111111112,0.9594594594594594,0.9775132275132276,"mean radius, mean perimeter, mean area, mean concavity, mean concave points, worst radius, worst perimeter, worst area, worst concavity, worst concave points"
23,DODA,10,XGBoost,0.9385964912280702,0.9333333333333333,0.9722222222222222,0.9523809523809523,0.9775132275132274,"worst concave points, worst perimeter, mean concave points, worst radius, worst area, mean concavity, mean perimeter, worst concavity, mean radius, mean area"
23,ANOVA,15,Logistic Regression,0.956140350877193,0.958904109589041,0.9722222222222222,0.9655172413793104,0.9874338624338624,"mean radius, mean perimeter, mean area, mean compactness, mean concavity, mean concave points, radius error, perimeter error, area error, worst radius, worst perimeter, worst area, worst compactness, worst concavity, worst concave points"
23,DODA,15,Logistic Regression,0.956140350877193,0.958904109589041,0.9722222222222222,0.9655172413793104,0.9874338624338624,"worst concave points, worst perimeter, mean concave points, worst radius, worst area, mean concavity, mean perimeter, worst concavity, mean radius, mean area, worst compactness, mean compactness, radius error, perimeter error, area error"
23,ANOVA,15,Random Forest,0.9385964912280702,0.9113924050632911,1.0,0.9536423841059603,0.9874338624338623,"mean radius, mean perimeter, mean area, mean compactness, mean concavity, mean concave points, radius error, perimeter error, area error, worst radius, worst perimeter, worst area, worst compactness, worst concavity, worst concave points"
23,DODA,15,Random Forest,0.9385964912280702,0.922077922077922,0.9861111111111112,0.9530201342281879,0.9892526455026455,"worst concave points, worst perimeter, mean concave points, worst radius, worst area, mean concavity, mean perimeter, worst concavity, mean radius, mean area, worst compactness, mean compactness, radius error, perimeter error, area error"
23,ANOVA,15,XGBoost,0.9385964912280702,0.9333333333333333,0.9722222222222222,0.9523809523809523,0.9933862433862434,"mean radius, mean perimeter, mean area, mean compactness, mean concavity, mean concave points, radius error, perimeter error, area error, worst radius, worst perimeter, worst area, worst compactness, worst concavity, worst concave points"
23,DODA,15,XGBoost,0.9298245614035088,0.9210526315789473,0.9722222222222222,0.9459459459459459,0.9930555555555555,"worst concave points, worst perimeter, mean concave points, worst radius, worst area, mean concavity, mean perimeter, worst concavity, mean radius, mean area, worst compactness, mean compactness, radius error, perimeter error, area error"
23,ANOVA,20,Logistic Regression,0.9473684210526315,0.9714285714285714,0.9444444444444444,0.9577464788732394,0.9917328042328042,"mean radius, mean texture, mean perimeter, mean area, mean compactness, mean concavity, mean concave points, radius error, perimeter error, area error, concave points error, worst radius, worst texture, worst perimeter, worst area, worst smoothness, worst compactness, worst concavity, worst concave points, worst symmetry"
23,DODA,20,Logistic Regression,0.9473684210526315,0.9714285714285714,0.9444444444444444,0.9577464788732394,0.9917328042328042,"worst concave points, worst perimeter, mean concave points, worst radius, worst area, mean concavity, mean perimeter, worst concavity, mean radius, mean area, worst compactness, mean compactness, radius error, perimeter error, area error, worst texture, worst symmetry, worst smoothness, concave points error, mean texture"
23,ANOVA,20,Random Forest,0.956140350877193,0.9466666666666667,0.9861111111111112,0.9659863945578231,0.9970238095238095,"mean radius, mean texture, mean perimeter, mean area, mean compactness, mean concavity, mean concave points, radius error, perimeter error, area error, concave points error, worst radius, worst texture, worst perimeter, worst area, worst smoothness, worst compactness, worst concavity, worst concave points, worst symmetry"
23,DODA,20,Random Forest,0.9736842105263158,0.96,1.0,0.9795918367346939,0.9965277777777778,"worst concave points, worst perimeter, mean concave points, worst radius, worst area, mean concavity, mean perimeter, worst concavity, mean radius, mean area, worst compactness, mean compactness, radius error, perimeter error, area error, worst texture, worst symmetry, worst smoothness, concave points error, mean texture"
23,ANOVA,20,XGBoost,0.956140350877193,0.935064935064935,1.0,0.9664429530201343,0.9966931216931217,"mean radius, mean texture, mean perimeter, mean area, mean compactness, mean concavity, mean concave points, radius error, perimeter error, area error, concave points error, worst radius, worst texture, worst perimeter, worst area, worst smoothness, worst compactness, worst concavity, worst concave points, worst symmetry"
23,DODA,20,XGBoost,0.9473684210526315,0.9342105263157895,0.9861111111111112,0.9594594594594594,0.9953703703703703,"worst concave points, worst perimeter, mean concave points, worst radius, worst area, mean concavity, mean perimeter, worst concavity, mean radius, mean area, worst compactness, mean compactness, radius error, perimeter error, area error, worst texture, worst symmetry, worst smoothness, concave points error, mean texture"
24,ANOVA,5,Logistic Regression,0.9210526315789473,0.9846153846153847,0.8888888888888888,0.9343065693430657,0.9897486772486772,"mean perimeter, mean concave points, worst radius, worst perimeter, worst concave points"
24,DODA,5,Logistic Regression,0.9210526315789473,0.9846153846153847,0.8888888888888888,0.9343065693430657,0.9897486772486772,"worst perimeter, worst concave points, worst radius, mean concave points, worst area"
24,ANOVA,5,Random Forest,0.9210526315789473,0.9846153846153847,0.8888888888888888,0.9343065693430657,0.9841269841269842,"mean perimeter, mean concave points, worst radius, worst perimeter, worst concave points"
24,DODA,5,Random Forest,0.9210526315789473,0.9846153846153847,0.8888888888888888,0.9343065693430657,0.9791666666666667,"worst perimeter, worst concave points, worst radius, mean concave points, worst area"
24,ANOVA,5,XGBoost,0.9210526315789473,0.9846153846153847,0.8888888888888888,0.9343065693430657,0.9814814814814814,"mean perimeter, mean concave points, worst radius, worst perimeter, worst concave points"
24,DODA,5,XGBoost,0.9210526315789473,0.9846153846153847,0.8888888888888888,0.9343065693430657,0.9834656084656086,"worst perimeter, worst concave points, worst radius, mean concave points, worst area"
24,ANOVA,10,Logistic Regression,0.9210526315789473,0.9846153846153847,0.8888888888888888,0.9343065693430657,0.9907407407407407,"mean radius, mean perimeter, mean area, mean concavity, mean concave points, worst radius, worst perimeter, worst area, worst concavity, worst concave points"
24,DODA,10,Logistic Regression,0.9210526315789473,0.9846153846153847,0.8888888888888888,0.9343065693430657,0.9907407407407407,"worst perimeter, worst concave points, worst radius, mean concave points, worst area, mean perimeter, mean radius, mean area, mean concavity, worst concavity"
24,ANOVA,10,Random Forest,0.9298245614035088,0.9848484848484849,0.9027777777777778,0.9420289855072463,0.9914021164021164,"mean radius, mean perimeter, mean area, mean concavity, mean concave points, worst radius, worst perimeter, worst area, worst concavity, worst concave points"
24,DODA,10,Random Forest,0.9210526315789473,0.9846153846153847,0.8888888888888888,0.9343065693430657,0.9905753968253967,"worst perimeter, worst concave points, worst radius, mean concave points, worst area, mean perimeter, mean radius, mean area, mean concavity, worst concavity"
24,ANOVA,10,XGBoost,0.9385964912280702,0.9850746268656716,0.9166666666666666,0.9496402877697842,0.9894179894179893,"mean radius, mean perimeter, mean area, mean concavity, mean concave points, worst radius, worst perimeter, worst area, worst concavity, worst concave points"
24,DODA,10,XGBoost,0.9385964912280702,0.9850746268656716,0.9166666666666666,0.9496402877697842,0.990079365079365,"worst perimeter, worst concave points, worst radius, mean concave points, worst area, mean perimeter, mean radius, mean area, mean concavity, worst concavity"
24,ANOVA,15,Logistic Regression,0.9385964912280702,0.9850746268656716,0.9166666666666666,0.9496402877697842,0.9937169312169313,"mean radius, mean perimeter, mean area, mean compactness, mean concavity, mean concave points, radius error, perimeter error, area error, worst radius, worst perimeter, worst area, worst compactness, worst concavity, worst concave points"
24,DODA,15,Logistic Regression,0.9385964912280702,0.9850746268656716,0.9166666666666666,0.9496402877697842,0.9937169312169313,"worst perimeter, worst concave points, worst radius, mean concave points, worst area, mean perimeter, mean radius, mean area, mean concavity, worst concavity, worst compactness, mean compactness, radius error, perimeter error, area error"
24,ANOVA,15,Random Forest,0.9210526315789473,0.9846153846153847,0.8888888888888888,0.9343065693430657,0.9900793650793651,"mean radius, mean perimeter, mean area, mean compactness, mean concavity, mean concave points, radius error, perimeter error, area error, worst radius, worst perimeter, worst area, worst compactness, worst concavity, worst concave points"
24,DODA,15,Random Forest,0.9122807017543859,0.9696969696969697,0.8888888888888888,0.927536231884058,0.9907407407407407,"worst perimeter, worst concave points, worst radius, mean concave points, worst area, mean perimeter, mean radius, mean area, mean concavity, worst concavity, worst compactness, mean compactness, radius error, perimeter error, area error"
24,ANOVA,15,XGBoost,0.9385964912280702,0.9850746268656716,0.9166666666666666,0.9496402877697842,0.9894179894179894,"mean radius, mean perimeter, mean area, mean compactness, mean concavity, mean concave points, radius error, perimeter error, area error, worst radius, worst perimeter, worst area, worst compactness, worst concavity, worst concave points"
24,DODA,15,XGBoost,0.9385964912280702,0.9850746268656716,0.9166666666666666,0.9496402877697842,0.9894179894179894,"worst perimeter, worst concave points, worst radius, mean concave points, worst area, mean perimeter, mean radius, mean area, mean concavity, worst concavity, worst compactness, mean compactness, radius error, perimeter error, area error"
24,ANOVA,20,Logistic Regression,0.9912280701754386,0.9863013698630136,1.0,0.993103448275862,0.9963624338624338,"mean radius, mean texture, mean perimeter, mean area, mean compactness, mean concavity, mean concave points, radius error, perimeter error, area error, concave points error, worst radius, worst texture, worst perimeter, worst area, worst smoothness, worst compactness, worst concavity, worst concave points, worst symmetry"
24,DODA,20,Logistic Regression,0.9912280701754386,0.9863013698630136,1.0,0.993103448275862,0.9963624338624338,"worst perimeter, worst concave points, worst radius, mean concave points, worst area, mean perimeter, mean radius, mean area, mean concavity, worst concavity, worst compactness, mean compactness, radius error, perimeter error, area error, worst texture, worst symmetry, worst smoothness, mean texture, concave points error"
24,ANOVA,20,Random Forest,0.9298245614035088,0.9705882352941176,0.9166666666666666,0.9428571428571428,0.9933862433862433,"mean radius, mean texture, mean perimeter, mean area, mean compactness, mean concavity, mean concave points, radius error, perimeter error, area error, concave points error, worst radius, worst texture, worst perimeter, worst area, worst smoothness, worst compactness, worst concavity, worst concave points, worst symmetry"
24,DODA,20,Random Forest,0.9385964912280702,0.9850746268656716,0.9166666666666666,0.9496402877697842,0.9935515873015873,"worst perimeter, worst concave points, worst radius, mean concave points, worst area, mean perimeter, mean radius, mean area, mean concavity, worst concavity, worst compactness, mean compactness, radius error, perimeter error, area error, worst texture, worst symmetry, worst smoothness, mean texture, concave points error"
24,ANOVA,20,XGBoost,0.9473684210526315,0.9852941176470589,0.9305555555555556,0.9571428571428572,0.9947089947089947,"mean radius, mean texture, mean perimeter, mean area, mean compactness, mean concavity, mean concave points, radius error, perimeter error, area error, concave points error, worst radius, worst texture, worst perimeter, worst area, worst smoothness, worst compactness, worst concavity, worst concave points, worst symmetry"
24,DODA,20,XGBoost,0.9473684210526315,0.9852941176470589,0.9305555555555556,0.9571428571428572,0.9947089947089947,"worst perimeter, worst concave points, worst radius, mean concave points, worst area, mean perimeter, mean radius, mean area, mean concavity, worst concavity, worst compactness, mean compactness, radius error, perimeter error, area error, worst texture, worst symmetry, worst smoothness, mean texture, concave points error"
25,ANOVA,5,Logistic Regression,0.9557522123893806,0.9852941176470589,0.9436619718309859,0.9640287769784173,0.9929577464788732,"mean perimeter, mean concave points, worst radius, worst perimeter, worst concave points"
25,DODA,5,Logistic Regression,0.9557522123893806,0.9852941176470589,0.9436619718309859,0.9640287769784173,0.9932930918846412,"worst concave points, worst perimeter, worst radius, mean concave points, worst area"
25,ANOVA,5,Random Forest,0.9557522123893806,0.9852941176470589,0.9436619718309859,0.9640287769784173,0.9954728370221329,"mean perimeter, mean concave points, worst radius, worst perimeter, worst concave points"
25,DODA,5,Random Forest,0.9469026548672567,0.9850746268656716,0.9295774647887324,0.9565217391304348,0.994131455399061,"worst concave points, worst perimeter, worst radius, mean concave points, worst area"
25,ANOVA,5,XGBoost,0.9380530973451328,0.9705882352941176,0.9295774647887324,0.9496402877697842,0.9956405097250168,"mean perimeter, mean concave points, worst radius, worst perimeter, worst concave points"
25,DODA,5,XGBoost,0.9380530973451328,0.9848484848484849,0.9154929577464789,0.948905109489051,0.9963112005365526,"worst concave points, worst perimeter, worst radius, mean concave points, worst area"
25,ANOVA,10,Logistic Regression,0.9557522123893806,0.9852941176470589,0.9436619718309859,0.9640287769784173,0.9942991281019451,"mean radius, mean perimeter, mean area, mean concavity, mean concave points, worst radius, worst perimeter, worst area, worst concavity, worst concave points"
25,DODA,10,Logistic Regression,0.9557522123893806,0.9852941176470589,0.9436619718309859,0.9640287769784173,0.9942991281019451,"worst concave points, worst perimeter, worst radius, mean concave points, worst area, mean perimeter, mean radius, mean area, mean concavity, worst concavity"
25,ANOVA,10,Random Forest,0.9557522123893806,0.9852941176470589,0.9436619718309859,0.9640287769784173,0.9944668008048291,"mean radius, mean perimeter, mean area, mean concavity, mean concave points, worst radius, worst perimeter, worst area, worst concavity, worst concave points"
25,DODA,10,Random Forest,0.9469026548672567,0.9850746268656716,0.9295774647887324,0.9565217391304348,0.9956405097250167,"worst concave points, worst perimeter, worst radius, mean concave points, worst area, mean perimeter, mean radius, mean area, mean concavity, worst concavity"
25,ANOVA,10,XGBoost,0.9557522123893806,0.9852941176470589,0.9436619718309859,0.9640287769784173,0.994299128101945,"mean radius, mean perimeter, mean area, mean concavity, mean concave points, worst radius, worst perimeter, worst area, worst concavity, worst concave points"
25,DODA,10,XGBoost,0.9557522123893806,0.9852941176470589,0.9436619718309859,0.9640287769784173,0.9976525821596244,"worst concave points, worst perimeter, worst radius, mean concave points, worst area, mean perimeter, mean radius, mean area, mean concavity, worst concavity"
25,ANOVA,15,Logistic Regression,0.9646017699115044,0.9855072463768116,0.9577464788732394,0.9714285714285714,0.9953051643192489,"mean radius, mean perimeter, mean area, mean compactness, mean concavity, mean concave points, radius error, perimeter error, area error, worst radius, worst perimeter, worst area, worst compactness, worst concavity, worst concave points"
25,DODA,15,Logistic Regression,0.9646017699115044,0.9855072463768116,0.9577464788732394,0.9714285714285714,0.9953051643192489,"worst concave points, worst perimeter, worst radius, mean concave points, worst area, mean perimeter, mean radius, mean area, mean concavity, worst concavity, worst compactness, mean compactness, radius error, area error, perimeter error"
25,ANOVA,15,Random Forest,0.9557522123893806,0.9852941176470589,0.9436619718309859,0.9640287769784173,0.9942991281019451,"mean radius, mean perimeter, mean area, mean compactness, mean concavity, mean concave points, radius error, perimeter error, area error, worst radius, worst perimeter, worst area, worst compactness, worst concavity, worst concave points"
25,DODA,15,Random Forest,0.9646017699115044,0.9855072463768116,0.9577464788732394,0.9714285714285714,0.9931254191817572,"worst concave points, worst perimeter, worst radius, mean concave points, worst area, mean perimeter, mean radius, mean area, mean concavity, worst concavity, worst compactness, mean compactness, radius error, area error, perimeter error"
25,ANOVA,15,XGBoost,0.9734513274336283,1.0,0.9577464788732394,0.9784172661870504,0.9973172367538564,"mean radius, mean perimeter, mean area, mean compactness, mean concavity, mean concave points, radius error, perimeter error, area error, worst radius, worst perimeter, worst area, worst compactness, worst concavity, worst concave points"
25,DODA,15,XGBoost,0.9734513274336283,1.0,0.9577464788732394,0.9784172661870504,0.9979879275653923,"worst concave points, worst perimeter, worst radius, mean concave points, worst area, mean perimeter, mean radius, mean area, mean concavity, worst concavity, worst compactness, mean compactness, radius error, area error, perimeter error"
25,ANOVA,20,Logistic Regression,1.0,1.0,1.0,1.0,1.0,"mean radius, mean texture, mean perimeter, mean area, mean compactness, mean concavity, mean concave points, radius error, perimeter error, area error, concave points error, worst radius, worst texture, worst perimeter, worst area, worst smoothness, worst compactness, worst concavity, worst concave points, worst symmetry"
25,DODA,20,Logistic Regression,1.0,1.0,1.0,1.0,1.0,"worst concave points, worst perimeter, worst radius, mean concave points, worst area, mean perimeter, mean radius, mean area, mean concavity, worst concavity, worst compactness, mean compactness, radius error, area error, perimeter error, worst texture, worst symmetry, mean texture, worst smoothness, concave points error"
25,ANOVA,20,Random Forest,0.9823008849557522,1.0,0.971830985915493,0.9857142857142858,0.9993293091884641,"mean radius, mean texture, mean perimeter, mean area, mean compactness, mean concavity, mean concave points, radius error, perimeter error, area error, concave points error, worst radius, worst texture, worst perimeter, worst area, worst smoothness, worst compactness, worst concavity, worst concave points, worst symmetry"
25,DODA,20,Random Forest,0.9823008849557522,1.0,0.971830985915493,0.9857142857142858,0.9993293091884641,"worst concave points, worst perimeter, worst radius, mean concave points, worst area, mean perimeter, mean radius, mean area, mean concavity, worst concavity, worst compactness, mean compactness, radius error, area error, perimeter error, worst texture, worst symmetry, mean texture, worst smoothness, concave points error"
25,ANOVA,20,XGBoost,0.9823008849557522,1.0,0.971830985915493,0.9857142857142858,0.9993293091884641,"mean radius, mean texture, mean perimeter, mean area, mean compactness, mean concavity, mean concave points, radius error, perimeter error, area error, concave points error, worst radius, worst texture, worst perimeter, worst area, worst smoothness, worst compactness, worst concavity, worst concave points, worst symmetry"
25,DODA,20,XGBoost,0.9823008849557522,1.0,0.971830985915493,0.9857142857142858,0.9993293091884641,"worst concave points, worst perimeter, worst radius, mean concave points, worst area, mean perimeter, mean radius, mean area, mean concavity, worst concavity, worst compactness, mean compactness, radius error, area error, perimeter error, worst texture, worst symmetry, mean texture, worst smoothness, concave points error"
