Run,Method,Top_K,Model,Accuracy,Precision,Recall,F1,ROC_AUC,Selected_Features
1,Boruta,5,Logistic Regression,0.9122807017543859,0.9692307692307692,0.8873239436619719,0.9264705882352942,0.989190959711759,"area error, mean area, mean compactness, mean concave points, mean concavity"
1,Boruta,5,Random Forest,0.9473684210526315,1.0,0.9154929577464789,0.9558823529411765,0.990009826400262,"area error, mean area, mean compactness, mean concave points, mean concavity"
1,Boruta,5,XGBoost,0.956140350877193,1.0,0.9295774647887324,0.9635036496350365,0.989190959711759,"area error, mean area, mean compactness, mean concave points, mean concavity"
1,Boruta + DODA,5,Logistic Regression,0.9298245614035088,1.0,0.8873239436619719,0.9402985074626866,0.99737962659679,"worst radius, worst perimeter, worst area, worst concavity, worst concave points"
1,Boruta + DODA,5,Random Forest,0.9298245614035088,0.9846153846153847,0.9014084507042254,0.9411764705882353,0.9957418932197838,"worst radius, worst perimeter, worst area, worst concavity, worst concave points"
1,Boruta + DODA,5,XGBoost,0.9649122807017544,0.9855072463768116,0.9577464788732394,0.9714285714285714,0.9957418932197838,"worst radius, worst perimeter, worst area, worst concavity, worst concave points"
1,Boruta,10,Logistic Regression,0.9210526315789473,0.9696969696969697,0.9014084507042254,0.9343065693430657,0.9888634130363577,"area error, mean area, mean compactness, mean concave points, mean concavity, mean perimeter, mean radius, mean smoothness, mean texture, perimeter error"
1,Boruta,10,Random Forest,0.956140350877193,1.0,0.9295774647887324,0.9635036496350365,0.9905011464133638,"area error, mean area, mean compactness, mean concave points, mean concavity, mean perimeter, mean radius, mean smoothness, mean texture, perimeter error"
1,Boruta,10,XGBoost,0.9824561403508771,1.0,0.971830985915493,0.9857142857142858,0.9954143465443825,"area error, mean area, mean compactness, mean concave points, mean concavity, mean perimeter, mean radius, mean smoothness, mean texture, perimeter error"
1,Boruta + DODA,10,Logistic Regression,0.9298245614035088,1.0,0.8873239436619719,0.9402985074626866,0.99737962659679,"worst radius, worst perimeter, worst area, worst concavity, worst concave points, mean radius, mean perimeter, mean area, mean concavity, mean concave points"
1,Boruta + DODA,10,Random Forest,0.9473684210526315,0.9850746268656716,0.9295774647887324,0.9565217391304348,0.9963969865705864,"worst radius, worst perimeter, worst area, worst concavity, worst concave points, mean radius, mean perimeter, mean area, mean concavity, mean concave points"
1,Boruta + DODA,10,XGBoost,0.956140350877193,0.9852941176470589,0.9436619718309859,0.9640287769784173,0.9954143465443827,"worst radius, worst perimeter, worst area, worst concavity, worst concave points, mean radius, mean perimeter, mean area, mean concavity, mean concave points"
1,Boruta,15,Logistic Regression,0.9385964912280702,0.9848484848484849,0.9154929577464789,0.948905109489051,0.9977071732721913,"area error, mean area, mean compactness, mean concave points, mean concavity, mean perimeter, mean radius, mean smoothness, mean texture, perimeter error, radius error, worst area, worst compactness, worst concave points, worst concavity"
1,Boruta,15,Random Forest,0.9824561403508771,1.0,0.971830985915493,0.9857142857142858,0.9985260399606944,"area error, mean area, mean compactness, mean concave points, mean concavity, mean perimeter, mean radius, mean smoothness, mean texture, perimeter error, radius error, worst area, worst compactness, worst concave points, worst concavity"
1,Boruta,15,XGBoost,0.9736842105263158,1.0,0.9577464788732394,0.9784172661870504,0.9980347199475924,"area error, mean area, mean compactness, mean concave points, mean concavity, mean perimeter, mean radius, mean smoothness, mean texture, perimeter error, radius error, worst area, worst compactness, worst concave points, worst concavity"
1,Boruta + DODA,15,Logistic Regression,0.956140350877193,1.0,0.9295774647887324,0.9635036496350365,0.9980347199475925,"worst radius, worst perimeter, worst area, worst concavity, worst concave points, mean radius, mean perimeter, mean area, mean concavity, mean concave points, worst compactness, mean compactness, worst texture, worst symmetry, mean texture"
1,Boruta + DODA,15,Random Forest,0.9649122807017544,1.0,0.9436619718309859,0.9710144927536232,0.9980347199475925,"worst radius, worst perimeter, worst area, worst concavity, worst concave points, mean radius, mean perimeter, mean area, mean concavity, mean concave points, worst compactness, mean compactness, worst texture, worst symmetry, mean texture"
1,Boruta + DODA,15,XGBoost,0.9473684210526315,0.9710144927536232,0.9436619718309859,0.9571428571428572,0.9963969865705863,"worst radius, worst perimeter, worst area, worst concavity, worst concave points, mean radius, mean perimeter, mean area, mean concavity, mean concave points, worst compactness, mean compactness, worst texture, worst symmetry, mean texture"
1,Boruta,20,Logistic Regression,0.9736842105263158,1.0,0.9577464788732394,0.9784172661870504,1.0,"area error, mean area, mean compactness, mean concave points, mean concavity, mean perimeter, mean radius, mean smoothness, mean texture, perimeter error, radius error, worst area, worst compactness, worst concave points, worst concavity, worst fractal dimension, worst perimeter, worst radius, worst smoothness, worst symmetry"
1,Boruta,20,Random Forest,0.956140350877193,1.0,0.9295774647887324,0.9635036496350365,0.9985260399606943,"area error, mean area, mean compactness, mean concave points, mean concavity, mean perimeter, mean radius, mean smoothness, mean texture, perimeter error, radius error, worst area, worst compactness, worst concave points, worst concavity, worst fractal dimension, worst perimeter, worst radius, worst smoothness, worst symmetry"
1,Boruta,20,XGBoost,0.9824561403508771,1.0,0.971830985915493,0.9857142857142858,0.9993449066491975,"area error, mean area, mean compactness, mean concave points, mean concavity, mean perimeter, mean radius, mean smoothness, mean texture, perimeter error, radius error, worst area, worst compactness, worst concave points, worst concavity, worst fractal dimension, worst perimeter, worst radius, worst smoothness, worst symmetry"
1,Boruta + DODA,20,Logistic Regression,0.9649122807017544,1.0,0.9436619718309859,0.9710144927536232,0.9993449066491975,"worst radius, worst perimeter, worst area, worst concavity, worst concave points, mean radius, mean perimeter, mean area, mean concavity, mean concave points, worst compactness, mean compactness, worst texture, worst symmetry, mean texture, radius error, perimeter error, area error, worst smoothness, mean smoothness"
1,Boruta + DODA,20,Random Forest,0.9649122807017544,1.0,0.9436619718309859,0.9710144927536232,0.9981984932852932,"worst radius, worst perimeter, worst area, worst concavity, worst concave points, mean radius, mean perimeter, mean area, mean concavity, mean concave points, worst compactness, mean compactness, worst texture, worst symmetry, mean texture, radius error, perimeter error, area error, worst smoothness, mean smoothness"
1,Boruta + DODA,20,XGBoost,0.9736842105263158,0.9857142857142858,0.971830985915493,0.9787234042553191,0.9983622666229938,"worst radius, worst perimeter, worst area, worst concavity, worst concave points, mean radius, mean perimeter, mean area, mean concavity, mean concave points, worst compactness, mean compactness, worst texture, worst symmetry, mean texture, radius error, perimeter error, area error, worst smoothness, mean smoothness"
2,Boruta,5,Logistic Regression,0.9122807017543859,0.8860759493670886,0.9859154929577465,0.9333333333333333,0.9780543727481166,"area error, concave points error, concavity error, mean area, mean compactness"
2,Boruta,5,Random Forest,0.9298245614035088,0.9090909090909091,0.9859154929577465,0.9459459459459459,0.9703570258761874,"area error, concave points error, concavity error, mean area, mean compactness"
2,Boruta,5,XGBoost,0.9035087719298246,0.8947368421052632,0.9577464788732394,0.9251700680272109,0.9505404520144121,"area error, concave points error, concavity error, mean area, mean compactness"
2,Boruta + DODA,5,Logistic Regression,0.9298245614035088,0.9315068493150684,0.9577464788732394,0.9444444444444444,0.9760890926957091,"worst radius, worst perimeter, worst area, worst concavity, worst concave points"
2,Boruta + DODA,5,Random Forest,0.8859649122807017,0.881578947368421,0.9436619718309859,0.9115646258503401,0.9551261054700295,"worst radius, worst perimeter, worst area, worst concavity, worst concave points"
2,Boruta + DODA,5,XGBoost,0.9035087719298246,0.9054054054054054,0.9436619718309859,0.9241379310344827,0.941041598427776,"worst radius, worst perimeter, worst area, worst concavity, worst concave points"
2,Boruta,10,Logistic Regression,0.9385964912280702,0.9324324324324325,0.971830985915493,0.9517241379310345,0.9872256796593515,"area error, concave points error, concavity error, mean area, mean compactness, mean concave points, mean concavity, mean perimeter, mean radius, mean smoothness"
2,Boruta,10,Random Forest,0.9210526315789473,0.918918918918919,0.9577464788732394,0.9379310344827586,0.9711758925646904,"area error, concave points error, concavity error, mean area, mean compactness, mean concave points, mean concavity, mean perimeter, mean radius, mean smoothness"
2,Boruta,10,XGBoost,0.9298245614035088,0.9315068493150684,0.9577464788732394,0.9444444444444444,0.982640026203734,"area error, concave points error, concavity error, mean area, mean compactness, mean concave points, mean concavity, mean perimeter, mean radius, mean smoothness"
2,Boruta + DODA,10,Logistic Regression,0.9385964912280702,0.9444444444444444,0.9577464788732394,0.951048951048951,0.9796921061251228,"worst radius, worst perimeter, worst area, worst concavity, worst concave points, mean radius, mean perimeter, mean area, mean concavity, mean concave points"
2,Boruta + DODA,10,Random Forest,0.9210526315789473,0.918918918918919,0.9577464788732394,0.9379310344827586,0.970029479200786,"worst radius, worst perimeter, worst area, worst concavity, worst concave points, mean radius, mean perimeter, mean area, mean concavity, mean concave points"
2,Boruta + DODA,10,XGBoost,0.9298245614035088,0.9436619718309859,0.9436619718309859,0.9436619718309859,0.9505404520144121,"worst radius, worst perimeter, worst area, worst concavity, worst concave points, mean radius, mean perimeter, mean area, mean concavity, mean concave points"
2,Boruta,15,Logistic Regression,0.956140350877193,0.9459459459459459,0.9859154929577465,0.9655172413793104,0.9941041598427776,"area error, concave points error, concavity error, mean area, mean compactness, mean concave points, mean concavity, mean perimeter, mean radius, mean smoothness, mean texture, perimeter error, radius error, worst area, worst compactness"
2,Boruta,15,Random Forest,0.9473684210526315,0.9333333333333333,0.9859154929577465,0.958904109589041,0.9803471994759253,"area error, concave points error, concavity error, mean area, mean compactness, mean concave points, mean concavity, mean perimeter, mean radius, mean smoothness, mean texture, perimeter error, radius error, worst area, worst compactness"
2,Boruta,15,XGBoost,0.9385964912280702,0.9210526315789473,0.9859154929577465,0.9523809523809523,0.9882083196855551,"area error, concave points error, concavity error, mean area, mean compactness, mean concave points, mean concavity, mean perimeter, mean radius, mean smoothness, mean texture, perimeter error, radius error, worst area, worst compactness"
2,Boruta + DODA,15,Logistic Regression,0.9649122807017544,0.958904109589041,0.9859154929577465,0.9722222222222222,0.9872256796593515,"worst radius, worst perimeter, worst area, worst concavity, worst concave points, mean radius, mean perimeter, mean area, mean concavity, mean concave points, worst compactness, mean compactness, worst texture, worst symmetry, mean texture"
2,Boruta + DODA,15,Random Forest,0.956140350877193,0.9583333333333334,0.971830985915493,0.965034965034965,0.975761546020308,"worst radius, worst perimeter, worst area, worst concavity, worst concave points, mean radius, mean perimeter, mean area, mean concavity, mean concave points, worst compactness, mean compactness, worst texture, worst symmetry, mean texture"
2,Boruta + DODA,15,XGBoost,0.9649122807017544,0.958904109589041,0.9859154929577465,0.9722222222222222,0.9908286930887651,"worst radius, worst perimeter, worst area, worst concavity, worst concave points, mean radius, mean perimeter, mean area, mean concavity, mean concave points, worst compactness, mean compactness, worst texture, worst symmetry, mean texture"
2,Boruta,20,Logistic Regression,0.956140350877193,0.9459459459459459,0.9859154929577465,0.9655172413793104,0.9967245332459876,"area error, concave points error, concavity error, mean area, mean compactness, mean concave points, mean concavity, mean perimeter, mean radius, mean smoothness, mean texture, perimeter error, radius error, worst area, worst compactness, worst concave points, worst concavity, worst fractal dimension, worst perimeter, worst radius"
2,Boruta,20,Random Forest,0.9473684210526315,0.9452054794520548,0.971830985915493,0.9583333333333334,0.9751064526695054,"area error, concave points error, concavity error, mean area, mean compactness, mean concave points, mean concavity, mean perimeter, mean radius, mean smoothness, mean texture, perimeter error, radius error, worst area, worst compactness, worst concave points, worst concavity, worst fractal dimension, worst perimeter, worst radius"
2,Boruta,20,XGBoost,0.9385964912280702,0.9324324324324325,0.971830985915493,0.9517241379310345,0.9855879462823453,"area error, concave points error, concavity error, mean area, mean compactness, mean concave points, mean concavity, mean perimeter, mean radius, mean smoothness, mean texture, perimeter error, radius error, worst area, worst compactness, worst concave points, worst concavity, worst fractal dimension, worst perimeter, worst radius"
2,Boruta + DODA,20,Logistic Regression,0.9736842105263158,0.9594594594594594,1.0,0.9793103448275862,0.9970520799213888,"worst radius, worst perimeter, worst area, worst concavity, worst concave points, mean radius, mean perimeter, mean area, mean concavity, mean concave points, worst compactness, mean compactness, worst texture, worst symmetry, mean texture, radius error, perimeter error, area error, worst smoothness, mean smoothness"
2,Boruta + DODA,20,Random Forest,0.9473684210526315,0.9452054794520548,0.971830985915493,0.9583333333333334,0.9785456927612184,"worst radius, worst perimeter, worst area, worst concavity, worst concave points, mean radius, mean perimeter, mean area, mean concavity, mean concave points, worst compactness, mean compactness, worst texture, worst symmetry, mean texture, radius error, perimeter error, area error, worst smoothness, mean smoothness"
2,Boruta + DODA,20,XGBoost,0.9385964912280702,0.9324324324324325,0.971830985915493,0.9517241379310345,0.9931215198165739,"worst radius, worst perimeter, worst area, worst concavity, worst concave points, mean radius, mean perimeter, mean area, mean concavity, mean concave points, worst compactness, mean compactness, worst texture, worst symmetry, mean texture, radius error, perimeter error, area error, worst smoothness, mean smoothness"
3,Boruta,5,Logistic Regression,0.9210526315789473,0.9090909090909091,0.9722222222222222,0.9395973154362416,0.9675925925925927,"area error, concave points error, concavity error, mean area, mean compactness"
3,Boruta,5,Random Forest,0.9035087719298246,0.9178082191780822,0.9305555555555556,0.9241379310344827,0.9482473544973545,"area error, concave points error, concavity error, mean area, mean compactness"
3,Boruta,5,XGBoost,0.8947368421052632,0.9285714285714286,0.9027777777777778,0.9154929577464789,0.9444444444444444,"area error, concave points error, concavity error, mean area, mean compactness"
3,Boruta + DODA,5,Logistic Regression,0.9473684210526315,0.9583333333333334,0.9583333333333334,0.9583333333333334,0.9742063492063493,"worst radius, worst perimeter, worst area, worst concavity, worst concave points"
3,Boruta + DODA,5,Random Forest,0.9385964912280702,0.9452054794520548,0.9583333333333334,0.9517241379310345,0.9700727513227513,"worst radius, worst perimeter, worst area, worst concavity, worst concave points"
3,Boruta + DODA,5,XGBoost,0.9210526315789473,0.9315068493150684,0.9444444444444444,0.9379310344827586,0.9507275132275131,"worst radius, worst perimeter, worst area, worst concavity, worst concave points"
3,Boruta,10,Logistic Regression,0.9122807017543859,0.9078947368421053,0.9583333333333334,0.9324324324324325,0.9788359788359788,"area error, concave points error, concavity error, mean area, mean compactness, mean concave points, mean concavity, mean perimeter, mean radius, mean smoothness"
3,Boruta,10,Random Forest,0.9298245614035088,0.9324324324324325,0.9583333333333334,0.9452054794520548,0.9783399470899471,"area error, concave points error, concavity error, mean area, mean compactness, mean concave points, mean concavity, mean perimeter, mean radius, mean smoothness"
3,Boruta,10,XGBoost,0.956140350877193,0.9466666666666667,0.9861111111111112,0.9659863945578231,0.9851190476190477,"area error, concave points error, concavity error, mean area, mean compactness, mean concave points, mean concavity, mean perimeter, mean radius, mean smoothness"
3,Boruta + DODA,10,Logistic Regression,0.9473684210526315,0.9583333333333334,0.9583333333333334,0.9583333333333334,0.9781746031746031,"worst radius, worst perimeter, worst area, worst concavity, worst concave points, mean radius, mean perimeter, mean area, mean concavity, mean concave points"
3,Boruta + DODA,10,Random Forest,0.9649122807017544,0.9594594594594594,0.9861111111111112,0.9726027397260274,0.9758597883597884,"worst radius, worst perimeter, worst area, worst concavity, worst concave points, mean radius, mean perimeter, mean area, mean concavity, mean concave points"
3,Boruta + DODA,10,XGBoost,0.9298245614035088,0.9324324324324325,0.9583333333333334,0.9452054794520548,0.9682539682539684,"worst radius, worst perimeter, worst area, worst concavity, worst concave points, mean radius, mean perimeter, mean area, mean concavity, mean concave points"
3,Boruta,15,Logistic Regression,0.9649122807017544,0.9473684210526315,1.0,0.972972972972973,0.9867724867724867,"area error, concave points error, concavity error, mean area, mean compactness, mean concave points, mean concavity, mean perimeter, mean radius, mean smoothness, mean texture, perimeter error, radius error, worst area, worst compactness"
3,Boruta,15,Random Forest,0.9473684210526315,0.9459459459459459,0.9722222222222222,0.958904109589041,0.982473544973545,"area error, concave points error, concavity error, mean area, mean compactness, mean concave points, mean concavity, mean perimeter, mean radius, mean smoothness, mean texture, perimeter error, radius error, worst area, worst compactness"
3,Boruta,15,XGBoost,0.9649122807017544,0.9594594594594594,0.9861111111111112,0.9726027397260274,0.986441798941799,"area error, concave points error, concavity error, mean area, mean compactness, mean concave points, mean concavity, mean perimeter, mean radius, mean smoothness, mean texture, perimeter error, radius error, worst area, worst compactness"
3,Boruta + DODA,15,Logistic Regression,0.956140350877193,0.9466666666666667,0.9861111111111112,0.9659863945578231,0.9811507936507936,"worst radius, worst perimeter, worst area, worst concavity, worst concave points, mean radius, mean perimeter, mean area, mean concavity, mean concave points, worst compactness, mean compactness, worst texture, worst symmetry, mean texture"
3,Boruta + DODA,15,Random Forest,0.9649122807017544,0.9594594594594594,0.9861111111111112,0.9726027397260274,0.9794973544973545,"worst radius, worst perimeter, worst area, worst concavity, worst concave points, mean radius, mean perimeter, mean area, mean concavity, mean concave points, worst compactness, mean compactness, worst texture, worst symmetry, mean texture"
3,Boruta + DODA,15,XGBoost,0.956140350877193,0.958904109589041,0.9722222222222222,0.9655172413793104,0.9776785714285715,"worst radius, worst perimeter, worst area, worst concavity, worst concave points, mean radius, mean perimeter, mean area, mean concavity, mean concave points, worst compactness, mean compactness, worst texture, worst symmetry, mean texture"
3,Boruta,20,Logistic Regression,0.956140350877193,0.9466666666666667,0.9861111111111112,0.9659863945578231,0.9880952380952381,"area error, concave points error, concavity error, mean area, mean compactness, mean concave points, mean concavity, mean perimeter, mean radius, mean smoothness, mean texture, perimeter error, radius error, worst area, worst compactness, worst concave points, worst concavity, worst fractal dimension, worst perimeter, worst radius"
3,Boruta,20,Random Forest,0.9649122807017544,0.9594594594594594,0.9861111111111112,0.9726027397260274,0.9766865079365079,"area error, concave points error, concavity error, mean area, mean compactness, mean concave points, mean concavity, mean perimeter, mean radius, mean smoothness, mean texture, perimeter error, radius error, worst area, worst compactness, worst concave points, worst concavity, worst fractal dimension, worst perimeter, worst radius"
3,Boruta,20,XGBoost,0.9649122807017544,0.9473684210526315,1.0,0.972972972972973,0.986111111111111,"area error, concave points error, concavity error, mean area, mean compactness, mean concave points, mean concavity, mean perimeter, mean radius, mean smoothness, mean texture, perimeter error, radius error, worst area, worst compactness, worst concave points, worst concavity, worst fractal dimension, worst perimeter, worst radius"
3,Boruta + DODA,20,Logistic Regression,0.9824561403508771,0.972972972972973,1.0,0.9863013698630136,0.9854497354497354,"worst radius, worst perimeter, worst area, worst concavity, worst concave points, mean radius, mean perimeter, mean area, mean concavity, mean concave points, worst compactness, mean compactness, worst texture, worst symmetry, mean texture, radius error, perimeter error, area error, worst smoothness, mean smoothness"
3,Boruta + DODA,20,Random Forest,0.9824561403508771,0.972972972972973,1.0,0.9863013698630136,0.9857804232804233,"worst radius, worst perimeter, worst area, worst concavity, worst concave points, mean radius, mean perimeter, mean area, mean concavity, mean concave points, worst compactness, mean compactness, worst texture, worst symmetry, mean texture, radius error, perimeter error, area error, worst smoothness, mean smoothness"
3,Boruta + DODA,20,XGBoost,0.9649122807017544,0.9594594594594594,0.9861111111111112,0.9726027397260274,0.9867724867724867,"worst radius, worst perimeter, worst area, worst concavity, worst concave points, mean radius, mean perimeter, mean area, mean concavity, mean concave points, worst compactness, mean compactness, worst texture, worst symmetry, mean texture, radius error, perimeter error, area error, worst smoothness, mean smoothness"
4,Boruta,5,Logistic Regression,0.8947368421052632,0.96875,0.8611111111111112,0.9117647058823529,0.9718915343915344,"area error, concave points error, concavity error, mean area, mean compactness"
4,Boruta,5,Random Forest,0.8771929824561403,0.9393939393939394,0.8611111111111112,0.8985507246376812,0.9672619047619048,"area error, concave points error, concavity error, mean area, mean compactness"
4,Boruta,5,XGBoost,0.8508771929824561,0.9230769230769231,0.8333333333333334,0.8759124087591241,0.968915343915344,"area error, concave points error, concavity error, mean area, mean compactness"
4,Boruta + DODA,5,Logistic Regression,0.9385964912280702,1.0,0.9027777777777778,0.948905109489051,0.9986772486772486,"worst radius, worst perimeter, worst area, worst concavity, worst concave points"
4,Boruta + DODA,5,Random Forest,0.9122807017543859,0.9696969696969697,0.8888888888888888,0.927536231884058,0.9920634920634921,"worst radius, worst perimeter, worst area, worst concavity, worst concave points"
4,Boruta + DODA,5,XGBoost,0.9298245614035088,0.9571428571428572,0.9305555555555556,0.9436619718309859,0.9872685185185184,"worst radius, worst perimeter, worst area, worst concavity, worst concave points"
4,Boruta,10,Logistic Regression,0.9210526315789473,0.9701492537313433,0.9027777777777778,0.935251798561151,0.9814814814814814,"area error, concave points error, concavity error, mean area, mean compactness, mean concave points, mean concavity, mean perimeter, mean radius, mean smoothness"
4,Boruta,10,Random Forest,0.9122807017543859,0.9696969696969697,0.8888888888888888,0.927536231884058,0.9618055555555556,"area error, concave points error, concavity error, mean area, mean compactness, mean concave points, mean concavity, mean perimeter, mean radius, mean smoothness"
4,Boruta,10,XGBoost,0.8947368421052632,0.9411764705882353,0.8888888888888888,0.9142857142857143,0.9801587301587302,"area error, concave points error, concavity error, mean area, mean compactness, mean concave points, mean concavity, mean perimeter, mean radius, mean smoothness"
4,Boruta + DODA,10,Logistic Regression,0.9385964912280702,1.0,0.9027777777777778,0.948905109489051,0.9953703703703703,"worst radius, worst perimeter, worst area, worst concavity, worst concave points, mean radius, mean perimeter, mean area, mean concavity, mean concave points"
4,Boruta + DODA,10,Random Forest,0.9298245614035088,0.9705882352941176,0.9166666666666666,0.9428571428571428,0.9927248677248677,"worst radius, worst perimeter, worst area, worst concavity, worst concave points, mean radius, mean perimeter, mean area, mean concavity, mean concave points"
4,Boruta + DODA,10,XGBoost,0.9122807017543859,0.9696969696969697,0.8888888888888888,0.927536231884058,0.9861111111111112,"worst radius, worst perimeter, worst area, worst concavity, worst concave points, mean radius, mean perimeter, mean area, mean concavity, mean concave points"
4,Boruta,15,Logistic Regression,0.956140350877193,1.0,0.9305555555555556,0.9640287769784173,0.9973544973544973,"area error, concave points error, concavity error, mean area, mean compactness, mean concave points, mean concavity, mean perimeter, mean radius, mean smoothness, mean texture, perimeter error, radius error, worst area, worst compactness"
4,Boruta,15,Random Forest,0.9298245614035088,0.9848484848484849,0.9027777777777778,0.9420289855072463,0.988425925925926,"area error, concave points error, concavity error, mean area, mean compactness, mean concave points, mean concavity, mean perimeter, mean radius, mean smoothness, mean texture, perimeter error, radius error, worst area, worst compactness"
4,Boruta,15,XGBoost,0.9298245614035088,0.9848484848484849,0.9027777777777778,0.9420289855072463,0.9970238095238094,"area error, concave points error, concavity error, mean area, mean compactness, mean concave points, mean concavity, mean perimeter, mean radius, mean smoothness, mean texture, perimeter error, radius error, worst area, worst compactness"
4,Boruta + DODA,15,Logistic Regression,0.9736842105263158,1.0,0.9583333333333334,0.9787234042553191,0.9996693121693121,"worst radius, worst perimeter, worst area, worst concavity, worst concave points, mean radius, mean perimeter, mean area, mean concavity, mean concave points, worst compactness, mean compactness, worst texture, worst symmetry, mean texture"
4,Boruta + DODA,15,Random Forest,0.956140350877193,1.0,0.9305555555555556,0.9640287769784173,0.998015873015873,"worst radius, worst perimeter, worst area, worst concavity, worst concave points, mean radius, mean perimeter, mean area, mean concavity, mean concave points, worst compactness, mean compactness, worst texture, worst symmetry, mean texture"
4,Boruta + DODA,15,XGBoost,0.9649122807017544,0.9857142857142858,0.9583333333333334,0.971830985915493,0.998015873015873,"worst radius, worst perimeter, worst area, worst concavity, worst concave points, mean radius, mean perimeter, mean area, mean concavity, mean concave points, worst compactness, mean compactness, worst texture, worst symmetry, mean texture"
4,Boruta,20,Logistic Regression,0.9824561403508771,1.0,0.9722222222222222,0.9859154929577465,1.0,"area error, concave points error, concavity error, mean area, mean compactness, mean concave points, mean concavity, mean perimeter, mean radius, mean smoothness, mean texture, perimeter error, radius error, worst area, worst compactness, worst concave points, worst concavity, worst fractal dimension, worst perimeter, worst radius"
4,Boruta,20,Random Forest,0.9298245614035088,0.9848484848484849,0.9027777777777778,0.9420289855072463,0.992063492063492,"area error, concave points error, concavity error, mean area, mean compactness, mean concave points, mean concavity, mean perimeter, mean radius, mean smoothness, mean texture, perimeter error, radius error, worst area, worst compactness, worst concave points, worst concavity, worst fractal dimension, worst perimeter, worst radius"
4,Boruta,20,XGBoost,0.9473684210526315,1.0,0.9166666666666666,0.9565217391304348,0.996031746031746,"area error, concave points error, concavity error, mean area, mean compactness, mean concave points, mean concavity, mean perimeter, mean radius, mean smoothness, mean texture, perimeter error, radius error, worst area, worst compactness, worst concave points, worst concavity, worst fractal dimension, worst perimeter, worst radius"
4,Boruta + DODA,20,Logistic Regression,0.9736842105263158,1.0,0.9583333333333334,0.9787234042553191,0.9996693121693121,"worst radius, worst perimeter, worst area, worst concavity, worst concave points, mean radius, mean perimeter, mean area, mean concavity, mean concave points, worst compactness, mean compactness, worst texture, worst symmetry, mean texture, radius error, perimeter error, area error, worst smoothness, mean smoothness"
4,Boruta + DODA,20,Random Forest,0.956140350877193,1.0,0.9305555555555556,0.9640287769784173,0.9950396825396826,"worst radius, worst perimeter, worst area, worst concavity, worst concave points, mean radius, mean perimeter, mean area, mean concavity, mean concave points, worst compactness, mean compactness, worst texture, worst symmetry, mean texture, radius error, perimeter error, area error, worst smoothness, mean smoothness"
4,Boruta + DODA,20,XGBoost,0.956140350877193,1.0,0.9305555555555556,0.9640287769784173,0.9983465608465608,"worst radius, worst perimeter, worst area, worst concavity, worst concave points, mean radius, mean perimeter, mean area, mean concavity, mean concave points, worst compactness, mean compactness, worst texture, worst symmetry, mean texture, radius error, perimeter error, area error, worst smoothness, mean smoothness"
5,Boruta,5,Logistic Regression,0.9380530973451328,0.9324324324324325,0.971830985915493,0.9517241379310345,0.983232729711603,"area error, concave points error, concavity error, mean area, mean compactness"
5,Boruta,5,Random Forest,0.9203539823008849,0.9305555555555556,0.9436619718309859,0.9370629370629371,0.9743460764587525,"area error, concave points error, concavity error, mean area, mean compactness"
5,Boruta,5,XGBoost,0.9203539823008849,0.9305555555555556,0.9436619718309859,0.9370629370629371,0.9527162977867203,"area error, concave points error, concavity error, mean area, mean compactness"
5,Boruta + DODA,5,Logistic Regression,0.9557522123893806,0.9583333333333334,0.971830985915493,0.965034965034965,0.9963112005365526,"worst radius, worst perimeter, worst area, worst concavity, worst concave points"
5,Boruta + DODA,5,Random Forest,0.9469026548672567,0.9577464788732394,0.9577464788732394,0.9577464788732394,0.9850771294433267,"worst radius, worst perimeter, worst area, worst concavity, worst concave points"
5,Boruta + DODA,5,XGBoost,0.9469026548672567,0.9577464788732394,0.9577464788732394,0.9577464788732394,0.9778672032193159,"worst radius, worst perimeter, worst area, worst concavity, worst concave points"
5,Boruta,10,Logistic Regression,0.9557522123893806,0.9583333333333334,0.971830985915493,0.965034965034965,0.9889336016096579,"area error, concave points error, concavity error, mean area, mean compactness, mean concave points, mean concavity, mean perimeter, mean radius, mean smoothness"
5,Boruta,10,Random Forest,0.9557522123893806,0.9714285714285714,0.9577464788732394,0.9645390070921985,0.9822266934942991,"area error, concave points error, concavity error, mean area, mean compactness, mean concave points, mean concavity, mean perimeter, mean radius, mean smoothness"
5,Boruta,10,XGBoost,0.9380530973451328,0.9444444444444444,0.9577464788732394,0.951048951048951,0.9688128772635816,"area error, concave points error, concavity error, mean area, mean compactness, mean concave points, mean concavity, mean perimeter, mean radius, mean smoothness"
5,Boruta + DODA,10,Logistic Regression,0.9646017699115044,0.958904109589041,0.9859154929577465,0.9722222222222222,0.9969818913480886,"worst radius, worst perimeter, worst area, worst concavity, worst concave points, mean radius, mean perimeter, mean area, mean concavity, mean concave points"
5,Boruta + DODA,10,Random Forest,0.9557522123893806,0.9583333333333334,0.971830985915493,0.965034965034965,0.9912810194500334,"worst radius, worst perimeter, worst area, worst concavity, worst concave points, mean radius, mean perimeter, mean area, mean concavity, mean concave points"
5,Boruta + DODA,10,XGBoost,0.9646017699115044,0.958904109589041,0.9859154929577465,0.9722222222222222,0.9745137491616365,"worst radius, worst perimeter, worst area, worst concavity, worst concave points, mean radius, mean perimeter, mean area, mean concavity, mean concave points"
5,Boruta,15,Logistic Regression,0.9734513274336283,0.9722222222222222,0.9859154929577465,0.9790209790209791,0.9976525821596244,"area error, concave points error, concavity error, mean area, mean compactness, mean concave points, mean concavity, mean perimeter, mean radius, mean smoothness, mean texture, perimeter error, radius error, worst area, worst compactness"
5,Boruta,15,Random Forest,0.9734513274336283,0.9722222222222222,0.9859154929577465,0.9790209790209791,0.9914486921529175,"area error, concave points error, concavity error, mean area, mean compactness, mean concave points, mean concavity, mean perimeter, mean radius, mean smoothness, mean texture, perimeter error, radius error, worst area, worst compactness"
5,Boruta,15,XGBoost,0.9734513274336283,0.9722222222222222,0.9859154929577465,0.9790209790209791,0.9959758551307848,"area error, concave points error, concavity error, mean area, mean compactness, mean concave points, mean concavity, mean perimeter, mean radius, mean smoothness, mean texture, perimeter error, radius error, worst area, worst compactness"
5,Boruta + DODA,15,Logistic Regression,0.9911504424778761,0.9861111111111112,1.0,0.993006993006993,0.999664654594232,"worst radius, worst perimeter, worst area, worst concavity, worst concave points, mean radius, mean perimeter, mean area, mean concavity, mean concave points, worst compactness, mean compactness, worst texture, worst symmetry, mean texture"
5,Boruta + DODA,15,Random Forest,0.9734513274336283,0.9722222222222222,0.9859154929577465,0.9790209790209791,0.9964788732394365,"worst radius, worst perimeter, worst area, worst concavity, worst concave points, mean radius, mean perimeter, mean area, mean concavity, mean concave points, worst compactness, mean compactness, worst texture, worst symmetry, mean texture"
5,Boruta + DODA,15,XGBoost,0.9823008849557522,0.9859154929577465,0.9859154929577465,0.9859154929577465,0.9916163648558015,"worst radius, worst perimeter, worst area, worst concavity, worst concave points, mean radius, mean perimeter, mean area, mean concavity, mean concave points, worst compactness, mean compactness, worst texture, worst symmetry, mean texture"
5,Boruta,20,Logistic Regression,0.9823008849557522,0.9726027397260274,1.0,0.9861111111111112,0.9973172367538564,"area error, concave points error, concavity error, mean area, mean compactness, mean concave points, mean concavity, mean perimeter, mean radius, mean smoothness, mean texture, perimeter error, radius error, worst area, worst compactness, worst concave points, worst concavity, worst fractal dimension, worst perimeter, worst radius"
5,Boruta,20,Random Forest,0.9646017699115044,0.971830985915493,0.971830985915493,0.971830985915493,0.9917840375586855,"area error, concave points error, concavity error, mean area, mean compactness, mean concave points, mean concavity, mean perimeter, mean radius, mean smoothness, mean texture, perimeter error, radius error, worst area, worst compactness, worst concave points, worst concavity, worst fractal dimension, worst perimeter, worst radius"
5,Boruta,20,XGBoost,0.9646017699115044,0.958904109589041,0.9859154929577465,0.9722222222222222,0.9909456740442656,"area error, concave points error, concavity error, mean area, mean compactness, mean concave points, mean concavity, mean perimeter, mean radius, mean smoothness, mean texture, perimeter error, radius error, worst area, worst compactness, worst concave points, worst concavity, worst fractal dimension, worst perimeter, worst radius"
5,Boruta + DODA,20,Logistic Regression,0.9911504424778761,0.9861111111111112,1.0,0.993006993006993,0.9986586183769282,"worst radius, worst perimeter, worst area, worst concavity, worst concave points, mean radius, mean perimeter, mean area, mean concavity, mean concave points, worst compactness, mean compactness, worst texture, worst symmetry, mean texture, radius error, perimeter error, area error, worst smoothness, mean smoothness"
5,Boruta + DODA,20,Random Forest,0.9734513274336283,0.9722222222222222,0.9859154929577465,0.9790209790209791,0.9921193829644533,"worst radius, worst perimeter, worst area, worst concavity, worst concave points, mean radius, mean perimeter, mean area, mean concavity, mean concave points, worst compactness, mean compactness, worst texture, worst symmetry, mean texture, radius error, perimeter error, area error, worst smoothness, mean smoothness"
5,Boruta + DODA,20,XGBoost,0.9734513274336283,0.9722222222222222,0.9859154929577465,0.9790209790209791,0.9906103286384976,"worst radius, worst perimeter, worst area, worst concavity, worst concave points, mean radius, mean perimeter, mean area, mean concavity, mean concave points, worst compactness, mean compactness, worst texture, worst symmetry, mean texture, radius error, perimeter error, area error, worst smoothness, mean smoothness"
6,Boruta,5,Logistic Regression,0.9122807017543859,0.9295774647887324,0.9295774647887324,0.9295774647887324,0.9793645594497216,"area error, concave points error, concavity error, mean area, mean compactness"
6,Boruta,5,Random Forest,0.9035087719298246,0.9054054054054054,0.9436619718309859,0.9241379310344827,0.9770717327219128,"area error, concave points error, concavity error, mean area, mean compactness"
6,Boruta,5,XGBoost,0.8947368421052632,0.9041095890410958,0.9295774647887324,0.9166666666666666,0.9669177857844742,"area error, concave points error, concavity error, mean area, mean compactness"
6,Boruta + DODA,5,Logistic Regression,0.9473684210526315,1.0,0.9154929577464789,0.9558823529411765,0.998689813298395,"worst radius, worst perimeter, worst area, worst concavity, worst concave points"
6,Boruta + DODA,5,Random Forest,0.9473684210526315,0.9850746268656716,0.9295774647887324,0.9565217391304348,0.9954143465443825,"worst radius, worst perimeter, worst area, worst concavity, worst concave points"
6,Boruta + DODA,5,XGBoost,0.9473684210526315,0.9710144927536232,0.9436619718309859,0.9571428571428572,0.9963969865705864,"worst radius, worst perimeter, worst area, worst concavity, worst concave points"
6,Boruta,10,Logistic Regression,0.9385964912280702,0.9571428571428572,0.9436619718309859,0.950354609929078,0.9918113331149688,"area error, concave points error, concavity error, mean area, mean compactness, mean concave points, mean concavity, mean perimeter, mean radius, mean smoothness"
6,Boruta,10,Random Forest,0.9473684210526315,0.9710144927536232,0.9436619718309859,0.9571428571428572,0.9947592531935802,"area error, concave points error, concavity error, mean area, mean compactness, mean concave points, mean concavity, mean perimeter, mean radius, mean smoothness"
6,Boruta,10,XGBoost,0.9473684210526315,0.9577464788732394,0.9577464788732394,0.9577464788732394,0.9957418932197838,"area error, concave points error, concavity error, mean area, mean compactness, mean concave points, mean concavity, mean perimeter, mean radius, mean smoothness"
6,Boruta + DODA,10,Logistic Regression,0.9649122807017544,1.0,0.9436619718309859,0.9710144927536232,1.0,"worst radius, worst perimeter, worst area, worst concavity, worst concave points, mean radius, mean perimeter, mean area, mean concavity, mean concave points"
6,Boruta + DODA,10,Random Forest,0.9824561403508771,1.0,0.971830985915493,0.9857142857142858,0.9980347199475925,"worst radius, worst perimeter, worst area, worst concavity, worst concave points, mean radius, mean perimeter, mean area, mean concavity, mean concave points"
6,Boruta + DODA,10,XGBoost,0.956140350877193,0.9714285714285714,0.9577464788732394,0.9645390070921985,0.9947592531935802,"worst radius, worst perimeter, worst area, worst concavity, worst concave points, mean radius, mean perimeter, mean area, mean concavity, mean concave points"
6,Boruta,15,Logistic Regression,0.9912280701754386,1.0,0.9859154929577465,0.9929078014184397,0.9996724533245988,"area error, concave points error, concavity error, mean area, mean compactness, mean concave points, mean concavity, mean perimeter, mean radius, mean smoothness, mean texture, perimeter error, radius error, worst area, worst compactness"
6,Boruta,15,Random Forest,0.9824561403508771,1.0,0.971830985915493,0.9857142857142858,0.9967245332459875,"area error, concave points error, concavity error, mean area, mean compactness, mean concave points, mean concavity, mean perimeter, mean radius, mean smoothness, mean texture, perimeter error, radius error, worst area, worst compactness"
6,Boruta,15,XGBoost,0.9824561403508771,0.9859154929577465,0.9859154929577465,0.9859154929577465,0.9990173599737963,"area error, concave points error, concavity error, mean area, mean compactness, mean concave points, mean concavity, mean perimeter, mean radius, mean smoothness, mean texture, perimeter error, radius error, worst area, worst compactness"
6,Boruta + DODA,15,Logistic Regression,0.9649122807017544,0.971830985915493,0.971830985915493,0.971830985915493,0.9980347199475925,"worst radius, worst perimeter, worst area, worst concavity, worst concave points, mean radius, mean perimeter, mean area, mean concavity, mean concave points, worst compactness, mean compactness, worst texture, worst symmetry, mean texture"
6,Boruta + DODA,15,Random Forest,0.9824561403508771,1.0,0.971830985915493,0.9857142857142858,0.9985260399606943,"worst radius, worst perimeter, worst area, worst concavity, worst concave points, mean radius, mean perimeter, mean area, mean concavity, mean concave points, worst compactness, mean compactness, worst texture, worst symmetry, mean texture"
6,Boruta + DODA,15,XGBoost,0.9649122807017544,0.9855072463768116,0.9577464788732394,0.9714285714285714,0.9977071732721914,"worst radius, worst perimeter, worst area, worst concavity, worst concave points, mean radius, mean perimeter, mean area, mean concavity, mean concave points, worst compactness, mean compactness, worst texture, worst symmetry, mean texture"
6,Boruta,20,Logistic Regression,0.9824561403508771,1.0,0.971830985915493,0.9857142857142858,0.998689813298395,"area error, concave points error, concavity error, mean area, mean compactness, mean concave points, mean concavity, mean perimeter, mean radius, mean smoothness, mean texture, perimeter error, radius error, worst area, worst compactness, worst concave points, worst concavity, worst fractal dimension, worst perimeter, worst radius"
6,Boruta,20,Random Forest,0.9824561403508771,1.0,0.971830985915493,0.9857142857142858,0.9981984932852932,"area error, concave points error, concavity error, mean area, mean compactness, mean concave points, mean concavity, mean perimeter, mean radius, mean smoothness, mean texture, perimeter error, radius error, worst area, worst compactness, worst concave points, worst concavity, worst fractal dimension, worst perimeter, worst radius"
6,Boruta,20,XGBoost,0.9736842105263158,0.9857142857142858,0.971830985915493,0.9787234042553191,0.9977071732721913,"area error, concave points error, concavity error, mean area, mean compactness, mean concave points, mean concavity, mean perimeter, mean radius, mean smoothness, mean texture, perimeter error, radius error, worst area, worst compactness, worst concave points, worst concavity, worst fractal dimension, worst perimeter, worst radius"
6,Boruta + DODA,20,Logistic Regression,0.9824561403508771,1.0,0.971830985915493,0.9857142857142858,0.9980347199475925,"worst radius, worst perimeter, worst area, worst concavity, worst concave points, mean radius, mean perimeter, mean area, mean concavity, mean concave points, worst compactness, mean compactness, worst texture, worst symmetry, mean texture, radius error, perimeter error, area error, worst smoothness, mean smoothness"
6,Boruta + DODA,20,Random Forest,0.9824561403508771,1.0,0.971830985915493,0.9857142857142858,0.9978709466098918,"worst radius, worst perimeter, worst area, worst concavity, worst concave points, mean radius, mean perimeter, mean area, mean concavity, mean concave points, worst compactness, mean compactness, worst texture, worst symmetry, mean texture, radius error, perimeter error, area error, worst smoothness, mean smoothness"
6,Boruta + DODA,20,XGBoost,0.9649122807017544,0.9855072463768116,0.9577464788732394,0.9714285714285714,0.9970520799213888,"worst radius, worst perimeter, worst area, worst concavity, worst concave points, mean radius, mean perimeter, mean area, mean concavity, mean concave points, worst compactness, mean compactness, worst texture, worst symmetry, mean texture, radius error, perimeter error, area error, worst smoothness, mean smoothness"
7,Boruta,5,Logistic Regression,0.9298245614035088,0.9315068493150684,0.9577464788732394,0.9444444444444444,0.971830985915493,"area error, concave points error, concavity error, mean area, mean compactness"
7,Boruta,5,Random Forest,0.9298245614035088,0.9436619718309859,0.9436619718309859,0.9436619718309859,0.9736324926301998,"area error, concave points error, concavity error, mean area, mean compactness"
7,Boruta,5,XGBoost,0.9035087719298246,0.9166666666666666,0.9295774647887324,0.9230769230769231,0.9544710121192269,"area error, concave points error, concavity error, mean area, mean compactness"
7,Boruta + DODA,5,Logistic Regression,0.956140350877193,0.9583333333333334,0.971830985915493,0.965034965034965,0.9806747461513265,"worst radius, worst perimeter, worst area, worst concavity, worst concave points"
7,Boruta + DODA,5,Random Forest,0.9385964912280702,0.9324324324324325,0.971830985915493,0.9517241379310345,0.974451359318703,"worst radius, worst perimeter, worst area, worst concavity, worst concave points"
7,Boruta + DODA,5,XGBoost,0.9298245614035088,0.9315068493150684,0.9577464788732394,0.9444444444444444,0.9525057320668195,"worst radius, worst perimeter, worst area, worst concavity, worst concave points"
7,Boruta,10,Logistic Regression,0.9298245614035088,0.9315068493150684,0.9577464788732394,0.9444444444444444,0.9859154929577465,"area error, concave points error, concavity error, mean area, mean compactness, mean concave points, mean concavity, mean perimeter, mean radius, mean smoothness"
7,Boruta,10,Random Forest,0.9298245614035088,0.9436619718309859,0.9436619718309859,0.9436619718309859,0.9846053062561414,"area error, concave points error, concavity error, mean area, mean compactness, mean concave points, mean concavity, mean perimeter, mean radius, mean smoothness"
7,Boruta,10,XGBoost,0.9298245614035088,0.9436619718309859,0.9436619718309859,0.9436619718309859,0.9836226662299378,"area error, concave points error, concavity error, mean area, mean compactness, mean concave points, mean concavity, mean perimeter, mean radius, mean smoothness"
7,Boruta + DODA,10,Logistic Regression,0.9473684210526315,0.9577464788732394,0.9577464788732394,0.9577464788732394,0.982640026203734,"worst radius, worst perimeter, worst area, worst concavity, worst concave points, mean radius, mean perimeter, mean area, mean concavity, mean concave points"
7,Boruta + DODA,10,Random Forest,0.9473684210526315,0.9452054794520548,0.971830985915493,0.9583333333333334,0.9901735997379627,"worst radius, worst perimeter, worst area, worst concavity, worst concave points, mean radius, mean perimeter, mean area, mean concavity, mean concave points"
7,Boruta + DODA,10,XGBoost,0.9385964912280702,0.9324324324324325,0.971830985915493,0.9517241379310345,0.9829675728791353,"worst radius, worst perimeter, worst area, worst concavity, worst concave points, mean radius, mean perimeter, mean area, mean concavity, mean concave points"
7,Boruta,15,Logistic Regression,0.956140350877193,0.9852941176470589,0.9436619718309859,0.9640287769784173,0.9977071732721913,"area error, concave points error, concavity error, mean area, mean compactness, mean concave points, mean concavity, mean perimeter, mean radius, mean smoothness, mean texture, perimeter error, radius error, worst area, worst compactness"
7,Boruta,15,Random Forest,0.9385964912280702,0.9444444444444444,0.9577464788732394,0.951048951048951,0.9941041598427777,"area error, concave points error, concavity error, mean area, mean compactness, mean concave points, mean concavity, mean perimeter, mean radius, mean smoothness, mean texture, perimeter error, radius error, worst area, worst compactness"
7,Boruta,15,XGBoost,0.9824561403508771,0.9859154929577465,0.9859154929577465,0.9859154929577465,0.9967245332459875,"area error, concave points error, concavity error, mean area, mean compactness, mean concave points, mean concavity, mean perimeter, mean radius, mean smoothness, mean texture, perimeter error, radius error, worst area, worst compactness"
7,Boruta + DODA,15,Logistic Regression,0.9824561403508771,0.9859154929577465,0.9859154929577465,0.9859154929577465,0.9882083196855552,"worst radius, worst perimeter, worst area, worst concavity, worst concave points, mean radius, mean perimeter, mean area, mean concavity, mean concave points, worst compactness, mean compactness, worst texture, worst symmetry, mean texture"
7,Boruta + DODA,15,Random Forest,0.9473684210526315,0.9452054794520548,0.971830985915493,0.9583333333333334,0.99475925319358,"worst radius, worst perimeter, worst area, worst concavity, worst concave points, mean radius, mean perimeter, mean area, mean concavity, mean concave points, worst compactness, mean compactness, worst texture, worst symmetry, mean texture"
7,Boruta + DODA,15,XGBoost,0.956140350877193,0.9583333333333334,0.971830985915493,0.965034965034965,0.9963969865705863,"worst radius, worst perimeter, worst area, worst concavity, worst concave points, mean radius, mean perimeter, mean area, mean concavity, mean concave points, worst compactness, mean compactness, worst texture, worst symmetry, mean texture"
7,Boruta,20,Logistic Regression,0.9736842105263158,0.9857142857142858,0.971830985915493,0.9787234042553191,0.998689813298395,"area error, concave points error, concavity error, mean area, mean compactness, mean concave points, mean concavity, mean perimeter, mean radius, mean smoothness, mean texture, perimeter error, radius error, worst area, worst compactness, worst concave points, worst concavity, worst fractal dimension, worst perimeter, worst radius"
7,Boruta,20,Random Forest,0.9385964912280702,0.9444444444444444,0.9577464788732394,0.951048951048951,0.9950867998689813,"area error, concave points error, concavity error, mean area, mean compactness, mean concave points, mean concavity, mean perimeter, mean radius, mean smoothness, mean texture, perimeter error, radius error, worst area, worst compactness, worst concave points, worst concavity, worst fractal dimension, worst perimeter, worst radius"
7,Boruta,20,XGBoost,0.9736842105263158,0.9722222222222222,0.9859154929577465,0.9790209790209791,0.9970520799213888,"area error, concave points error, concavity error, mean area, mean compactness, mean concave points, mean concavity, mean perimeter, mean radius, mean smoothness, mean texture, perimeter error, radius error, worst area, worst compactness, worst concave points, worst concavity, worst fractal dimension, worst perimeter, worst radius"
7,Boruta + DODA,20,Logistic Regression,0.9912280701754386,0.9861111111111112,1.0,0.993006993006993,0.9977071732721913,"worst radius, worst perimeter, worst area, worst concavity, worst concave points, mean radius, mean perimeter, mean area, mean concavity, mean concave points, worst compactness, mean compactness, worst texture, worst symmetry, mean texture, radius error, perimeter error, area error, worst smoothness, mean smoothness"
7,Boruta + DODA,20,Random Forest,0.956140350877193,0.9583333333333334,0.971830985915493,0.965034965034965,0.9963969865705864,"worst radius, worst perimeter, worst area, worst concavity, worst concave points, mean radius, mean perimeter, mean area, mean concavity, mean concave points, worst compactness, mean compactness, worst texture, worst symmetry, mean texture, radius error, perimeter error, area error, worst smoothness, mean smoothness"
7,Boruta + DODA,20,XGBoost,0.956140350877193,0.9583333333333334,0.971830985915493,0.965034965034965,0.9970520799213888,"worst radius, worst perimeter, worst area, worst concavity, worst concave points, mean radius, mean perimeter, mean area, mean concavity, mean concave points, worst compactness, mean compactness, worst texture, worst symmetry, mean texture, radius error, perimeter error, area error, worst smoothness, mean smoothness"
8,Boruta,5,Logistic Regression,0.9298245614035088,0.9705882352941176,0.9166666666666666,0.9428571428571428,0.9880952380952381,"area error, concavity error, mean area, mean compactness, mean concave points"
8,Boruta,5,Random Forest,0.9473684210526315,0.9714285714285714,0.9444444444444444,0.9577464788732394,0.9912367724867726,"area error, concavity error, mean area, mean compactness, mean concave points"
8,Boruta,5,XGBoost,0.9298245614035088,0.9444444444444444,0.9444444444444444,0.9444444444444444,0.9851190476190476,"area error, concavity error, mean area, mean compactness, mean concave points"
8,Boruta + DODA,5,Logistic Regression,0.9210526315789473,0.9565217391304348,0.9166666666666666,0.9361702127659575,0.9771825396825397,"worst radius, worst perimeter, worst area, worst concavity, worst concave points"
8,Boruta + DODA,5,Random Forest,0.9035087719298246,0.9295774647887324,0.9166666666666666,0.9230769230769231,0.9704034391534392,"worst radius, worst perimeter, worst area, worst concavity, worst concave points"
8,Boruta + DODA,5,XGBoost,0.9298245614035088,0.9444444444444444,0.9444444444444444,0.9444444444444444,0.9591600529100529,"worst radius, worst perimeter, worst area, worst concavity, worst concave points"
8,Boruta,10,Logistic Regression,0.9385964912280702,0.9710144927536232,0.9305555555555556,0.950354609929078,0.9834656084656086,"area error, concavity error, mean area, mean compactness, mean concave points, mean concavity, mean perimeter, mean radius, mean texture, perimeter error"
8,Boruta,10,Random Forest,0.956140350877193,0.971830985915493,0.9583333333333334,0.965034965034965,0.9889219576719577,"area error, concavity error, mean area, mean compactness, mean concave points, mean concavity, mean perimeter, mean radius, mean texture, perimeter error"
8,Boruta,10,XGBoost,0.956140350877193,0.958904109589041,0.9722222222222222,0.9655172413793104,0.9884259259259259,"area error, concavity error, mean area, mean compactness, mean concave points, mean concavity, mean perimeter, mean radius, mean texture, perimeter error"
8,Boruta + DODA,10,Logistic Regression,0.9298245614035088,0.9705882352941176,0.9166666666666666,0.9428571428571428,0.9794973544973545,"worst radius, worst perimeter, worst area, worst concavity, worst concave points, mean radius, mean perimeter, mean area, mean concavity, mean concave points"
8,Boruta + DODA,10,Random Forest,0.956140350877193,0.971830985915493,0.9583333333333334,0.965034965034965,0.9766865079365079,"worst radius, worst perimeter, worst area, worst concavity, worst concave points, mean radius, mean perimeter, mean area, mean concavity, mean concave points"
8,Boruta + DODA,10,XGBoost,0.9298245614035088,0.9324324324324325,0.9583333333333334,0.9452054794520548,0.968915343915344,"worst radius, worst perimeter, worst area, worst concavity, worst concave points, mean radius, mean perimeter, mean area, mean concavity, mean concave points"
8,Boruta,15,Logistic Regression,0.9473684210526315,0.9714285714285714,0.9444444444444444,0.9577464788732394,0.9890873015873016,"area error, concavity error, mean area, mean compactness, mean concave points, mean concavity, mean perimeter, mean radius, mean texture, perimeter error, radius error, worst area, worst compactness, worst concave points, worst concavity"
8,Boruta,15,Random Forest,0.956140350877193,0.971830985915493,0.9583333333333334,0.965034965034965,0.9877645502645502,"area error, concavity error, mean area, mean compactness, mean concave points, mean concavity, mean perimeter, mean radius, mean texture, perimeter error, radius error, worst area, worst compactness, worst concave points, worst concavity"
8,Boruta,15,XGBoost,0.9473684210526315,0.9583333333333334,0.9583333333333334,0.9583333333333334,0.988095238095238,"area error, concavity error, mean area, mean compactness, mean concave points, mean concavity, mean perimeter, mean radius, mean texture, perimeter error, radius error, worst area, worst compactness, worst concave points, worst concavity"
8,Boruta + DODA,15,Logistic Regression,0.9473684210526315,0.9714285714285714,0.9444444444444444,0.9577464788732394,0.9794973544973545,"worst radius, worst perimeter, worst area, worst concavity, worst concave points, mean radius, mean perimeter, mean area, mean concavity, mean concave points, worst compactness, mean compactness, worst texture, worst symmetry, mean texture"
8,Boruta + DODA,15,Random Forest,0.9473684210526315,0.9714285714285714,0.9444444444444444,0.9577464788732394,0.980324074074074,"worst radius, worst perimeter, worst area, worst concavity, worst concave points, mean radius, mean perimeter, mean area, mean concavity, mean concave points, worst compactness, mean compactness, worst texture, worst symmetry, mean texture"
8,Boruta + DODA,15,XGBoost,0.9473684210526315,0.9583333333333334,0.9583333333333334,0.9583333333333334,0.9765211640211641,"worst radius, worst perimeter, worst area, worst concavity, worst concave points, mean radius, mean perimeter, mean area, mean concavity, mean concave points, worst compactness, mean compactness, worst texture, worst symmetry, mean texture"
8,Boruta,20,Logistic Regression,0.9736842105263158,0.9726027397260274,0.9861111111111112,0.9793103448275862,0.9851190476190477,"area error, concavity error, mean area, mean compactness, mean concave points, mean concavity, mean perimeter, mean radius, mean texture, perimeter error, radius error, worst area, worst compactness, worst concave points, worst concavity, worst fractal dimension, worst perimeter, worst radius, worst smoothness, worst symmetry"
8,Boruta,20,Random Forest,0.9473684210526315,0.9714285714285714,0.9444444444444444,0.9577464788732394,0.9851190476190477,"area error, concavity error, mean area, mean compactness, mean concave points, mean concavity, mean perimeter, mean radius, mean texture, perimeter error, radius error, worst area, worst compactness, worst concave points, worst concavity, worst fractal dimension, worst perimeter, worst radius, worst smoothness, worst symmetry"
8,Boruta,20,XGBoost,0.956140350877193,0.958904109589041,0.9722222222222222,0.9655172413793104,0.9871031746031746,"area error, concavity error, mean area, mean compactness, mean concave points, mean concavity, mean perimeter, mean radius, mean texture, perimeter error, radius error, worst area, worst compactness, worst concave points, worst concavity, worst fractal dimension, worst perimeter, worst radius, worst smoothness, worst symmetry"
8,Boruta + DODA,20,Logistic Regression,0.9649122807017544,0.9722222222222222,0.9722222222222222,0.9722222222222222,0.9847883597883599,"worst radius, worst perimeter, worst area, worst concavity, worst concave points, mean radius, mean perimeter, mean area, mean concavity, mean concave points, worst compactness, mean compactness, worst texture, worst symmetry, mean texture, radius error, perimeter error, area error, worst smoothness, concavity error"
8,Boruta + DODA,20,Random Forest,0.956140350877193,0.9855072463768116,0.9444444444444444,0.9645390070921985,0.9899140211640212,"worst radius, worst perimeter, worst area, worst concavity, worst concave points, mean radius, mean perimeter, mean area, mean concavity, mean concave points, worst compactness, mean compactness, worst texture, worst symmetry, mean texture, radius error, perimeter error, area error, worst smoothness, concavity error"
8,Boruta + DODA,20,XGBoost,0.9649122807017544,0.9594594594594594,0.9861111111111112,0.9726027397260274,0.9867724867724869,"worst radius, worst perimeter, worst area, worst concavity, worst concave points, mean radius, mean perimeter, mean area, mean concavity, mean concave points, worst compactness, mean compactness, worst texture, worst symmetry, mean texture, radius error, perimeter error, area error, worst smoothness, concavity error"
9,Boruta,5,Logistic Regression,0.9385964912280702,0.9333333333333333,0.9722222222222222,0.9523809523809523,0.9788359788359788,"area error, concave points error, concavity error, mean area, mean compactness"
9,Boruta,5,Random Forest,0.9210526315789473,0.9315068493150684,0.9444444444444444,0.9379310344827586,0.9442791005291006,"area error, concave points error, concavity error, mean area, mean compactness"
9,Boruta,5,XGBoost,0.9122807017543859,0.9078947368421053,0.9583333333333334,0.9324324324324325,0.9599867724867726,"area error, concave points error, concavity error, mean area, mean compactness"
9,Boruta + DODA,5,Logistic Regression,0.9473684210526315,0.9583333333333334,0.9583333333333334,0.9583333333333334,0.9947089947089948,"worst radius, worst perimeter, worst area, worst concavity, worst concave points"
9,Boruta + DODA,5,Random Forest,0.956140350877193,0.958904109589041,0.9722222222222222,0.9655172413793104,0.984457671957672,"worst radius, worst perimeter, worst area, worst concavity, worst concave points"
9,Boruta + DODA,5,XGBoost,0.9298245614035088,0.9324324324324325,0.9583333333333334,0.9452054794520548,0.9811507936507937,"worst radius, worst perimeter, worst area, worst concavity, worst concave points"
9,Boruta,10,Logistic Regression,0.9298245614035088,0.9324324324324325,0.9583333333333334,0.9452054794520548,0.9857804232804233,"area error, concave points error, concavity error, mean area, mean compactness, mean concave points, mean concavity, mean perimeter, mean radius, mean smoothness"
9,Boruta,10,Random Forest,0.9385964912280702,0.9577464788732394,0.9444444444444444,0.951048951048951,0.9750330687830688,"area error, concave points error, concavity error, mean area, mean compactness, mean concave points, mean concavity, mean perimeter, mean radius, mean smoothness"
9,Boruta,10,XGBoost,0.9210526315789473,0.9315068493150684,0.9444444444444444,0.9379310344827586,0.9675925925925926,"area error, concave points error, concavity error, mean area, mean compactness, mean concave points, mean concavity, mean perimeter, mean radius, mean smoothness"
9,Boruta + DODA,10,Logistic Regression,0.956140350877193,0.958904109589041,0.9722222222222222,0.9655172413793104,0.9937169312169313,"worst radius, worst perimeter, worst area, worst concavity, worst concave points, mean radius, mean perimeter, mean area, mean concavity, mean concave points"
9,Boruta + DODA,10,Random Forest,0.956140350877193,0.958904109589041,0.9722222222222222,0.9655172413793104,0.9897486772486772,"worst radius, worst perimeter, worst area, worst concavity, worst concave points, mean radius, mean perimeter, mean area, mean concavity, mean concave points"
9,Boruta + DODA,10,XGBoost,0.956140350877193,0.958904109589041,0.9722222222222222,0.9655172413793104,0.9751984126984128,"worst radius, worst perimeter, worst area, worst concavity, worst concave points, mean radius, mean perimeter, mean area, mean concavity, mean concave points"
9,Boruta,15,Logistic Regression,0.9736842105263158,0.9726027397260274,0.9861111111111112,0.9793103448275862,0.9953703703703705,"area error, concave points error, concavity error, mean area, mean compactness, mean concave points, mean concavity, mean perimeter, mean radius, mean smoothness, mean texture, perimeter error, radius error, worst area, worst compactness"
9,Boruta,15,Random Forest,0.9473684210526315,0.9583333333333334,0.9583333333333334,0.9583333333333334,0.984457671957672,"area error, concave points error, concavity error, mean area, mean compactness, mean concave points, mean concavity, mean perimeter, mean radius, mean smoothness, mean texture, perimeter error, radius error, worst area, worst compactness"
9,Boruta,15,XGBoost,0.9473684210526315,0.9583333333333334,0.9583333333333334,0.9583333333333334,0.992063492063492,"area error, concave points error, concavity error, mean area, mean compactness, mean concave points, mean concavity, mean perimeter, mean radius, mean smoothness, mean texture, perimeter error, radius error, worst area, worst compactness"
9,Boruta + DODA,15,Logistic Regression,0.9824561403508771,0.9861111111111112,0.9861111111111112,0.9861111111111112,0.9993386243386243,"worst radius, worst perimeter, worst area, worst concavity, worst concave points, mean radius, mean perimeter, mean area, mean concavity, mean concave points, worst compactness, mean compactness, worst texture, worst symmetry, mean texture"
9,Boruta + DODA,15,Random Forest,0.9736842105263158,0.9726027397260274,0.9861111111111112,0.9793103448275862,0.9948743386243386,"worst radius, worst perimeter, worst area, worst concavity, worst concave points, mean radius, mean perimeter, mean area, mean concavity, mean concave points, worst compactness, mean compactness, worst texture, worst symmetry, mean texture"
9,Boruta + DODA,15,XGBoost,0.9736842105263158,0.9726027397260274,0.9861111111111112,0.9793103448275862,0.9920634920634921,"worst radius, worst perimeter, worst area, worst concavity, worst concave points, mean radius, mean perimeter, mean area, mean concavity, mean concave points, worst compactness, mean compactness, worst texture, worst symmetry, mean texture"
9,Boruta,20,Logistic Regression,0.9736842105263158,0.9726027397260274,0.9861111111111112,0.9793103448275862,0.9960317460317459,"area error, concave points error, concavity error, mean area, mean compactness, mean concave points, mean concavity, mean perimeter, mean radius, mean smoothness, mean texture, perimeter error, radius error, worst area, worst compactness, worst concave points, worst concavity, worst fractal dimension, worst perimeter, worst radius"
9,Boruta,20,Random Forest,0.9473684210526315,0.9583333333333334,0.9583333333333334,0.9583333333333334,0.9877645502645502,"area error, concave points error, concavity error, mean area, mean compactness, mean concave points, mean concavity, mean perimeter, mean radius, mean smoothness, mean texture, perimeter error, radius error, worst area, worst compactness, worst concave points, worst concavity, worst fractal dimension, worst perimeter, worst radius"
9,Boruta,20,XGBoost,0.9649122807017544,0.9857142857142858,0.9583333333333334,0.971830985915493,0.9920634920634921,"area error, concave points error, concavity error, mean area, mean compactness, mean concave points, mean concavity, mean perimeter, mean radius, mean smoothness, mean texture, perimeter error, radius error, worst area, worst compactness, worst concave points, worst concavity, worst fractal dimension, worst perimeter, worst radius"
9,Boruta + DODA,20,Logistic Regression,0.9736842105263158,0.9726027397260274,0.9861111111111112,0.9793103448275862,0.9950396825396824,"worst radius, worst perimeter, worst area, worst concavity, worst concave points, mean radius, mean perimeter, mean area, mean concavity, mean concave points, worst compactness, mean compactness, worst texture, worst symmetry, mean texture, radius error, perimeter error, area error, worst smoothness, mean smoothness"
9,Boruta + DODA,20,Random Forest,0.9473684210526315,0.9459459459459459,0.9722222222222222,0.958904109589041,0.9910714285714286,"worst radius, worst perimeter, worst area, worst concavity, worst concave points, mean radius, mean perimeter, mean area, mean concavity, mean concave points, worst compactness, mean compactness, worst texture, worst symmetry, mean texture, radius error, perimeter error, area error, worst smoothness, mean smoothness"
9,Boruta + DODA,20,XGBoost,0.9649122807017544,0.9722222222222222,0.9722222222222222,0.9722222222222222,0.9927248677248678,"worst radius, worst perimeter, worst area, worst concavity, worst concave points, mean radius, mean perimeter, mean area, mean concavity, mean concave points, worst compactness, mean compactness, worst texture, worst symmetry, mean texture, radius error, perimeter error, area error, worst smoothness, mean smoothness"
10,Boruta,5,Logistic Regression,0.8938053097345132,0.927536231884058,0.9014084507042254,0.9142857142857143,0.9654594232059021,"area error, concave points error, concavity error, mean area, mean compactness"
10,Boruta,5,Random Forest,0.8761061946902655,0.9130434782608695,0.8873239436619719,0.9,0.9517102615694165,"area error, concave points error, concavity error, mean area, mean compactness"
10,Boruta,5,XGBoost,0.8938053097345132,0.9402985074626866,0.8873239436619719,0.9130434782608695,0.9490274983232729,"area error, concave points error, concavity error, mean area, mean compactness"
10,Boruta + DODA,5,Logistic Regression,0.9203539823008849,0.9558823529411765,0.9154929577464789,0.935251798561151,0.9872568745808182,"worst radius, worst perimeter, worst area, worst concavity, worst concave points"
10,Boruta + DODA,5,Random Forest,0.9203539823008849,0.9696969696969697,0.9014084507042254,0.9343065693430657,0.9756874580818242,"worst radius, worst perimeter, worst area, worst concavity, worst concave points"
10,Boruta + DODA,5,XGBoost,0.911504424778761,0.9841269841269841,0.8732394366197183,0.9253731343283582,0.9698189134808853,"worst radius, worst perimeter, worst area, worst concavity, worst concave points"
10,Boruta,10,Logistic Regression,0.9203539823008849,0.9428571428571428,0.9295774647887324,0.9361702127659575,0.9805499664654594,"area error, concave points error, concavity error, mean area, mean compactness, mean concave points, mean concavity, mean perimeter, mean radius, mean smoothness"
10,Boruta,10,Random Forest,0.8938053097345132,0.9402985074626866,0.8873239436619719,0.9130434782608695,0.9626089872568746,"area error, concave points error, concavity error, mean area, mean compactness, mean concave points, mean concavity, mean perimeter, mean radius, mean smoothness"
10,Boruta,10,XGBoost,0.8849557522123894,0.9264705882352942,0.8873239436619719,0.9064748201438849,0.9694835680751174,"area error, concave points error, concavity error, mean area, mean compactness, mean concave points, mean concavity, mean perimeter, mean radius, mean smoothness"
10,Boruta + DODA,10,Logistic Regression,0.9292035398230089,0.9846153846153847,0.9014084507042254,0.9411764705882353,0.9869215291750504,"worst radius, worst perimeter, worst area, worst concavity, worst concave points, mean radius, mean perimeter, mean area, mean concavity, mean concave points"
10,Boruta + DODA,10,Random Forest,0.9380530973451328,0.9705882352941176,0.9295774647887324,0.9496402877697842,0.9771965124077799,"worst radius, worst perimeter, worst area, worst concavity, worst concave points, mean radius, mean perimeter, mean area, mean concavity, mean concave points"
10,Boruta + DODA,10,XGBoost,0.9380530973451328,0.9705882352941176,0.9295774647887324,0.9496402877697842,0.9681421864520456,"worst radius, worst perimeter, worst area, worst concavity, worst concave points, mean radius, mean perimeter, mean area, mean concavity, mean concave points"
10,Boruta,15,Logistic Regression,0.9380530973451328,0.9324324324324325,0.971830985915493,0.9517241379310345,0.9909456740442657,"area error, concave points error, concavity error, mean area, mean compactness, mean concave points, mean concavity, mean perimeter, mean radius, mean smoothness, mean texture, perimeter error, radius error, worst area, worst compactness"
10,Boruta,15,Random Forest,0.9203539823008849,0.9558823529411765,0.9154929577464789,0.935251798561151,0.9699865861837693,"area error, concave points error, concavity error, mean area, mean compactness, mean concave points, mean concavity, mean perimeter, mean radius, mean smoothness, mean texture, perimeter error, radius error, worst area, worst compactness"
10,Boruta,15,XGBoost,0.911504424778761,0.9420289855072463,0.9154929577464789,0.9285714285714286,0.9822266934942991,"area error, concave points error, concavity error, mean area, mean compactness, mean concave points, mean concavity, mean perimeter, mean radius, mean smoothness, mean texture, perimeter error, radius error, worst area, worst compactness"
10,Boruta + DODA,15,Logistic Regression,0.9823008849557522,0.9859154929577465,0.9859154929577465,0.9859154929577465,0.9973172367538564,"worst radius, worst perimeter, worst area, worst concavity, worst concave points, mean radius, mean perimeter, mean area, mean concavity, mean concave points, worst compactness, mean compactness, worst texture, worst symmetry, mean texture"
10,Boruta + DODA,15,Random Forest,0.9557522123893806,0.9714285714285714,0.9577464788732394,0.9645390070921985,0.9763581488933601,"worst radius, worst perimeter, worst area, worst concavity, worst concave points, mean radius, mean perimeter, mean area, mean concavity, mean concave points, worst compactness, mean compactness, worst texture, worst symmetry, mean texture"
10,Boruta + DODA,15,XGBoost,0.9469026548672567,0.9577464788732394,0.9577464788732394,0.9577464788732394,0.9922870556673373,"worst radius, worst perimeter, worst area, worst concavity, worst concave points, mean radius, mean perimeter, mean area, mean concavity, mean concave points, worst compactness, mean compactness, worst texture, worst symmetry, mean texture"
10,Boruta,20,Logistic Regression,0.9646017699115044,0.958904109589041,0.9859154929577465,0.9722222222222222,0.9953051643192489,"area error, concave points error, concavity error, mean area, mean compactness, mean concave points, mean concavity, mean perimeter, mean radius, mean smoothness, mean texture, perimeter error, radius error, worst area, worst compactness, worst concave points, worst concavity, worst fractal dimension, worst perimeter, worst radius"
10,Boruta,20,Random Forest,0.9380530973451328,0.9571428571428572,0.9436619718309859,0.950354609929078,0.9766934942991281,"area error, concave points error, concavity error, mean area, mean compactness, mean concave points, mean concavity, mean perimeter, mean radius, mean smoothness, mean texture, perimeter error, radius error, worst area, worst compactness, worst concave points, worst concavity, worst fractal dimension, worst perimeter, worst radius"
10,Boruta,20,XGBoost,0.9469026548672567,0.9577464788732394,0.9577464788732394,0.9577464788732394,0.9922870556673373,"area error, concave points error, concavity error, mean area, mean compactness, mean concave points, mean concavity, mean perimeter, mean radius, mean smoothness, mean texture, perimeter error, radius error, worst area, worst compactness, worst concave points, worst concavity, worst fractal dimension, worst perimeter, worst radius"
10,Boruta + DODA,20,Logistic Regression,0.9734513274336283,0.9722222222222222,0.9859154929577465,0.9790209790209791,0.9969818913480886,"worst radius, worst perimeter, worst area, worst concavity, worst concave points, mean radius, mean perimeter, mean area, mean concavity, mean concave points, worst compactness, mean compactness, worst texture, worst symmetry, mean texture, radius error, perimeter error, area error, worst smoothness, mean smoothness"
10,Boruta + DODA,20,Random Forest,0.9469026548672567,0.9710144927536232,0.9436619718309859,0.9571428571428572,0.9844064386317908,"worst radius, worst perimeter, worst area, worst concavity, worst concave points, mean radius, mean perimeter, mean area, mean concavity, mean concave points, worst compactness, mean compactness, worst texture, worst symmetry, mean texture, radius error, perimeter error, area error, worst smoothness, mean smoothness"
10,Boruta + DODA,20,XGBoost,0.9469026548672567,0.9577464788732394,0.9577464788732394,0.9577464788732394,0.9922870556673373,"worst radius, worst perimeter, worst area, worst concavity, worst concave points, mean radius, mean perimeter, mean area, mean concavity, mean concave points, worst compactness, mean compactness, worst texture, worst symmetry, mean texture, radius error, perimeter error, area error, worst smoothness, mean smoothness"
11,Boruta,5,Logistic Regression,0.9035087719298246,0.9054054054054054,0.9436619718309859,0.9241379310344827,0.9587291188994432,"area error, concave points error, concavity error, mean area, mean compactness"
11,Boruta,5,Random Forest,0.8947368421052632,0.8933333333333333,0.9436619718309859,0.9178082191780822,0.9474287585981002,"area error, concave points error, concavity error, mean area, mean compactness"
11,Boruta,5,XGBoost,0.868421052631579,0.8783783783783784,0.9154929577464789,0.896551724137931,0.9312151981657387,"area error, concave points error, concavity error, mean area, mean compactness"
11,Boruta + DODA,5,Logistic Regression,0.9473684210526315,0.9452054794520548,0.971830985915493,0.9583333333333334,0.9767441860465116,"worst radius, worst perimeter, worst area, worst concavity, worst concave points"
11,Boruta + DODA,5,Random Forest,0.9210526315789473,0.9078947368421053,0.971830985915493,0.9387755102040817,0.9606943989518507,"worst radius, worst perimeter, worst area, worst concavity, worst concave points"
11,Boruta + DODA,5,XGBoost,0.9035087719298246,0.8846153846153846,0.971830985915493,0.9261744966442953,0.9620045856534556,"worst radius, worst perimeter, worst area, worst concavity, worst concave points"
11,Boruta,10,Logistic Regression,0.9122807017543859,0.9178082191780822,0.9436619718309859,0.9305555555555556,0.9770717327219127,"area error, concave points error, concavity error, mean area, mean compactness, mean concave points, mean concavity, mean perimeter, mean radius, mean smoothness"
11,Boruta,10,Random Forest,0.8947368421052632,0.8933333333333333,0.9436619718309859,0.9178082191780822,0.9584015722240419,"area error, concave points error, concavity error, mean area, mean compactness, mean concave points, mean concavity, mean perimeter, mean radius, mean smoothness"
11,Boruta,10,XGBoost,0.9035087719298246,0.8947368421052632,0.9577464788732394,0.9251700680272109,0.9662626924336718,"area error, concave points error, concavity error, mean area, mean compactness, mean concave points, mean concavity, mean perimeter, mean radius, mean smoothness"
11,Boruta + DODA,10,Logistic Regression,0.9385964912280702,0.9444444444444444,0.9577464788732394,0.951048951048951,0.9760890926957091,"worst radius, worst perimeter, worst area, worst concavity, worst concave points, mean radius, mean perimeter, mean area, mean concavity, mean concave points"
11,Boruta + DODA,10,Random Forest,0.9298245614035088,0.9315068493150684,0.9577464788732394,0.9444444444444444,0.9690468391745823,"worst radius, worst perimeter, worst area, worst concavity, worst concave points, mean radius, mean perimeter, mean area, mean concavity, mean concave points"
11,Boruta + DODA,10,XGBoost,0.9298245614035088,0.92,0.971830985915493,0.9452054794520548,0.9593842122502457,"worst radius, worst perimeter, worst area, worst concavity, worst concave points, mean radius, mean perimeter, mean area, mean concavity, mean concave points"
11,Boruta,15,Logistic Regression,0.9649122807017544,0.958904109589041,0.9859154929577465,0.9722222222222222,0.9934490664919751,"area error, concave points error, concavity error, mean area, mean compactness, mean concave points, mean concavity, mean perimeter, mean radius, mean smoothness, mean texture, perimeter error, radius error, worst area, worst compactness"
11,Boruta,15,Random Forest,0.9298245614035088,0.9315068493150684,0.9577464788732394,0.9444444444444444,0.9762528660334098,"area error, concave points error, concavity error, mean area, mean compactness, mean concave points, mean concavity, mean perimeter, mean radius, mean smoothness, mean texture, perimeter error, radius error, worst area, worst compactness"
11,Boruta,15,XGBoost,0.9473684210526315,0.9452054794520548,0.971830985915493,0.9583333333333334,0.9898460530625615,"area error, concave points error, concavity error, mean area, mean compactness, mean concave points, mean concavity, mean perimeter, mean radius, mean smoothness, mean texture, perimeter error, radius error, worst area, worst compactness"
11,Boruta + DODA,15,Logistic Regression,0.9649122807017544,0.9466666666666667,1.0,0.9726027397260274,0.9862430396331477,"worst radius, worst perimeter, worst area, worst concavity, worst concave points, mean radius, mean perimeter, mean area, mean concavity, mean concave points, worst compactness, mean compactness, worst texture, worst symmetry, mean texture"
11,Boruta + DODA,15,Random Forest,0.9298245614035088,0.92,0.971830985915493,0.9452054794520548,0.9842777595807403,"worst radius, worst perimeter, worst area, worst concavity, worst concave points, mean radius, mean perimeter, mean area, mean concavity, mean concave points, worst compactness, mean compactness, worst texture, worst symmetry, mean texture"
11,Boruta + DODA,15,XGBoost,0.9385964912280702,0.9324324324324325,0.971830985915493,0.9517241379310345,0.9921388797903701,"worst radius, worst perimeter, worst area, worst concavity, worst concave points, mean radius, mean perimeter, mean area, mean concavity, mean concave points, worst compactness, mean compactness, worst texture, worst symmetry, mean texture"
11,Boruta,20,Logistic Regression,0.9824561403508771,0.9726027397260274,1.0,0.9861111111111112,0.9957418932197839,"area error, concave points error, concavity error, mean area, mean compactness, mean concave points, mean concavity, mean perimeter, mean radius, mean smoothness, mean texture, perimeter error, radius error, worst area, worst compactness, worst concave points, worst concavity, worst fractal dimension, worst perimeter, worst radius"
11,Boruta,20,Random Forest,0.9210526315789473,0.918918918918919,0.9577464788732394,0.9379310344827586,0.9829675728791353,"area error, concave points error, concavity error, mean area, mean compactness, mean concave points, mean concavity, mean perimeter, mean radius, mean smoothness, mean texture, perimeter error, radius error, worst area, worst compactness, worst concave points, worst concavity, worst fractal dimension, worst perimeter, worst radius"
11,Boruta,20,XGBoost,0.9385964912280702,0.9444444444444444,0.9577464788732394,0.951048951048951,0.9921388797903702,"area error, concave points error, concavity error, mean area, mean compactness, mean concave points, mean concavity, mean perimeter, mean radius, mean smoothness, mean texture, perimeter error, radius error, worst area, worst compactness, worst concave points, worst concavity, worst fractal dimension, worst perimeter, worst radius"
11,Boruta + DODA,20,Logistic Regression,0.9824561403508771,0.9726027397260274,1.0,0.9861111111111112,0.9980347199475925,"worst radius, worst perimeter, worst area, worst concavity, worst concave points, mean radius, mean perimeter, mean area, mean concavity, mean concave points, worst compactness, mean compactness, worst texture, worst symmetry, mean texture, radius error, perimeter error, area error, worst smoothness, mean smoothness"
11,Boruta + DODA,20,Random Forest,0.9473684210526315,0.9333333333333333,0.9859154929577465,0.958904109589041,0.9795283327874222,"worst radius, worst perimeter, worst area, worst concavity, worst concave points, mean radius, mean perimeter, mean area, mean concavity, mean concave points, worst compactness, mean compactness, worst texture, worst symmetry, mean texture, radius error, perimeter error, area error, worst smoothness, mean smoothness"
11,Boruta + DODA,20,XGBoost,0.956140350877193,0.9583333333333334,0.971830985915493,0.965034965034965,0.9941041598427777,"worst radius, worst perimeter, worst area, worst concavity, worst concave points, mean radius, mean perimeter, mean area, mean concavity, mean concave points, worst compactness, mean compactness, worst texture, worst symmetry, mean texture, radius error, perimeter error, area error, worst smoothness, mean smoothness"
12,Boruta,5,Logistic Regression,0.956140350877193,0.9714285714285714,0.9577464788732394,0.9645390070921985,0.9895185063871602,"area error, concavity error, mean area, mean compactness, mean concave points"
12,Boruta,5,Random Forest,0.9035087719298246,0.9545454545454546,0.8873239436619719,0.9197080291970803,0.980510972813626,"area error, concavity error, mean area, mean compactness, mean concave points"
12,Boruta,5,XGBoost,0.8859649122807017,0.9264705882352942,0.8873239436619719,0.9064748201438849,0.9737962659679004,"area error, concavity error, mean area, mean compactness, mean concave points"
12,Boruta + DODA,5,Logistic Regression,0.956140350877193,1.0,0.9295774647887324,0.9635036496350365,0.9967245332459875,"worst radius, worst perimeter, worst area, worst concavity, worst concave points"
12,Boruta + DODA,5,Random Forest,0.9473684210526315,1.0,0.9154929577464789,0.9558823529411765,0.99737962659679,"worst radius, worst perimeter, worst area, worst concavity, worst concave points"
12,Boruta + DODA,5,XGBoost,0.9649122807017544,1.0,0.9436619718309859,0.9710144927536232,0.9957418932197839,"worst radius, worst perimeter, worst area, worst concavity, worst concave points"
12,Boruta,10,Logistic Regression,0.956140350877193,0.9583333333333334,0.971830985915493,0.965034965034965,0.9934490664919751,"area error, concavity error, mean area, mean compactness, mean concave points, mean concavity, mean perimeter, mean radius, mean smoothness, mean texture"
12,Boruta,10,Random Forest,0.9473684210526315,0.9850746268656716,0.9295774647887324,0.9565217391304348,0.9906649197510645,"area error, concavity error, mean area, mean compactness, mean concave points, mean concavity, mean perimeter, mean radius, mean smoothness, mean texture"
12,Boruta,10,XGBoost,0.9473684210526315,0.9710144927536232,0.9436619718309859,0.9571428571428572,0.9868981329839502,"area error, concavity error, mean area, mean compactness, mean concave points, mean concavity, mean perimeter, mean radius, mean smoothness, mean texture"
12,Boruta + DODA,10,Logistic Regression,0.9473684210526315,1.0,0.9154929577464789,0.9558823529411765,0.9983622666229938,"worst radius, worst perimeter, worst area, worst concavity, worst concave points, mean radius, mean perimeter, mean area, mean concavity, mean concave points"
12,Boruta + DODA,10,Random Forest,0.9649122807017544,1.0,0.9436619718309859,0.9710144927536232,0.9955781198820832,"worst radius, worst perimeter, worst area, worst concavity, worst concave points, mean radius, mean perimeter, mean area, mean concavity, mean concave points"
12,Boruta + DODA,10,XGBoost,0.956140350877193,0.9852941176470589,0.9436619718309859,0.9640287769784173,0.9941041598427776,"worst radius, worst perimeter, worst area, worst concavity, worst concave points, mean radius, mean perimeter, mean area, mean concavity, mean concave points"
12,Boruta,15,Logistic Regression,0.9736842105263158,0.9857142857142858,0.971830985915493,0.9787234042553191,0.9980347199475925,"area error, concavity error, mean area, mean compactness, mean concave points, mean concavity, mean perimeter, mean radius, mean smoothness, mean texture, perimeter error, radius error, worst area, worst compactness, worst concave points"
12,Boruta,15,Random Forest,0.9736842105263158,1.0,0.9577464788732394,0.9784172661870504,0.998689813298395,"area error, concavity error, mean area, mean compactness, mean concave points, mean concavity, mean perimeter, mean radius, mean smoothness, mean texture, perimeter error, radius error, worst area, worst compactness, worst concave points"
12,Boruta,15,XGBoost,0.956140350877193,0.9852941176470589,0.9436619718309859,0.9640287769784173,0.9967245332459875,"area error, concavity error, mean area, mean compactness, mean concave points, mean concavity, mean perimeter, mean radius, mean smoothness, mean texture, perimeter error, radius error, worst area, worst compactness, worst concave points"
12,Boruta + DODA,15,Logistic Regression,0.9736842105263158,1.0,0.9577464788732394,0.9784172661870504,0.9977071732721913,"worst radius, worst perimeter, worst area, worst concavity, worst concave points, mean radius, mean perimeter, mean area, mean concavity, mean concave points, worst compactness, mean compactness, worst texture, worst symmetry, mean texture"
12,Boruta + DODA,15,Random Forest,0.9824561403508771,1.0,0.971830985915493,0.9857142857142858,0.9990173599737963,"worst radius, worst perimeter, worst area, worst concavity, worst concave points, mean radius, mean perimeter, mean area, mean concavity, mean concave points, worst compactness, mean compactness, worst texture, worst symmetry, mean texture"
12,Boruta + DODA,15,XGBoost,0.956140350877193,0.9714285714285714,0.9577464788732394,0.9645390070921985,0.9947592531935802,"worst radius, worst perimeter, worst area, worst concavity, worst concave points, mean radius, mean perimeter, mean area, mean concavity, mean concave points, worst compactness, mean compactness, worst texture, worst symmetry, mean texture"
12,Boruta,20,Logistic Regression,0.9824561403508771,1.0,0.971830985915493,0.9857142857142858,0.9996724533245988,"area error, concavity error, mean area, mean compactness, mean concave points, mean concavity, mean perimeter, mean radius, mean smoothness, mean texture, perimeter error, radius error, worst area, worst compactness, worst concave points, worst concavity, worst fractal dimension, worst perimeter, worst radius, worst smoothness"
12,Boruta,20,Random Forest,0.9736842105263158,1.0,0.9577464788732394,0.9784172661870504,0.9986898132983949,"area error, concavity error, mean area, mean compactness, mean concave points, mean concavity, mean perimeter, mean radius, mean smoothness, mean texture, perimeter error, radius error, worst area, worst compactness, worst concave points, worst concavity, worst fractal dimension, worst perimeter, worst radius, worst smoothness"
12,Boruta,20,XGBoost,0.956140350877193,0.9852941176470589,0.9436619718309859,0.9640287769784173,0.9977071732721913,"area error, concavity error, mean area, mean compactness, mean concave points, mean concavity, mean perimeter, mean radius, mean smoothness, mean texture, perimeter error, radius error, worst area, worst compactness, worst concave points, worst concavity, worst fractal dimension, worst perimeter, worst radius, worst smoothness"
12,Boruta + DODA,20,Logistic Regression,0.9824561403508771,1.0,0.971830985915493,0.9857142857142858,0.9990173599737963,"worst radius, worst perimeter, worst area, worst concavity, worst concave points, mean radius, mean perimeter, mean area, mean concavity, mean concave points, worst compactness, mean compactness, worst texture, worst symmetry, mean texture, radius error, perimeter error, area error, worst smoothness, mean smoothness"
12,Boruta + DODA,20,Random Forest,0.9736842105263158,1.0,0.9577464788732394,0.9784172661870504,1.0,"worst radius, worst perimeter, worst area, worst concavity, worst concave points, mean radius, mean perimeter, mean area, mean concavity, mean concave points, worst compactness, mean compactness, worst texture, worst symmetry, mean texture, radius error, perimeter error, area error, worst smoothness, mean smoothness"
12,Boruta + DODA,20,XGBoost,0.956140350877193,0.9714285714285714,0.9577464788732394,0.9645390070921985,0.9963969865705864,"worst radius, worst perimeter, worst area, worst concavity, worst concave points, mean radius, mean perimeter, mean area, mean concavity, mean concave points, worst compactness, mean compactness, worst texture, worst symmetry, mean texture, radius error, perimeter error, area error, worst smoothness, mean smoothness"
13,Boruta,5,Logistic Regression,0.956140350877193,0.971830985915493,0.9583333333333334,0.965034965034965,0.9923941798941799,"area error, concavity error, mean area, mean compactness, mean concave points"
13,Boruta,5,Random Forest,0.956140350877193,0.971830985915493,0.9583333333333334,0.965034965034965,0.9937169312169313,"area error, concavity error, mean area, mean compactness, mean concave points"
13,Boruta,5,XGBoost,0.956140350877193,0.971830985915493,0.9583333333333334,0.965034965034965,0.9917328042328043,"area error, concavity error, mean area, mean compactness, mean concave points"
13,Boruta + DODA,5,Logistic Regression,0.9473684210526315,0.9852941176470589,0.9305555555555556,0.9571428571428572,0.9970238095238094,"worst radius, worst perimeter, worst area, worst concavity, worst concave points"
13,Boruta + DODA,5,Random Forest,0.9649122807017544,0.9857142857142858,0.9583333333333334,0.971830985915493,0.9957010582010581,"worst radius, worst perimeter, worst area, worst concavity, worst concave points"
13,Boruta + DODA,5,XGBoost,0.9385964912280702,0.9710144927536232,0.9305555555555556,0.950354609929078,0.9798280423280424,"worst radius, worst perimeter, worst area, worst concavity, worst concave points"
13,Boruta,10,Logistic Regression,0.956140350877193,0.9855072463768116,0.9444444444444444,0.9645390070921985,0.9940476190476191,"area error, concavity error, mean area, mean compactness, mean concave points, mean concavity, mean perimeter, mean radius, mean smoothness, mean texture"
13,Boruta,10,Random Forest,0.9912280701754386,0.9863013698630136,1.0,0.993103448275862,0.9983465608465608,"area error, concavity error, mean area, mean compactness, mean concave points, mean concavity, mean perimeter, mean radius, mean smoothness, mean texture"
13,Boruta,10,XGBoost,0.956140350877193,0.9855072463768116,0.9444444444444444,0.9645390070921985,0.9970238095238095,"area error, concavity error, mean area, mean compactness, mean concave points, mean concavity, mean perimeter, mean radius, mean smoothness, mean texture"
13,Boruta + DODA,10,Logistic Regression,0.956140350877193,0.9855072463768116,0.9444444444444444,0.9645390070921985,0.9970238095238094,"worst radius, worst perimeter, worst area, worst concavity, worst concave points, mean radius, mean perimeter, mean area, mean concavity, mean concave points"
13,Boruta + DODA,10,Random Forest,0.9736842105263158,0.9859154929577465,0.9722222222222222,0.9790209790209791,0.9978505291005291,"worst radius, worst perimeter, worst area, worst concavity, worst concave points, mean radius, mean perimeter, mean area, mean concavity, mean concave points"
13,Boruta + DODA,10,XGBoost,0.956140350877193,0.9855072463768116,0.9444444444444444,0.9645390070921985,0.9907407407407407,"worst radius, worst perimeter, worst area, worst concavity, worst concave points, mean radius, mean perimeter, mean area, mean concavity, mean concave points"
13,Boruta,15,Logistic Regression,0.9824561403508771,1.0,0.9722222222222222,0.9859154929577465,0.9996693121693121,"area error, concavity error, mean area, mean compactness, mean concave points, mean concavity, mean perimeter, mean radius, mean smoothness, mean texture, perimeter error, radius error, worst area, worst compactness, worst concave points"
13,Boruta,15,Random Forest,0.9824561403508771,0.9861111111111112,0.9861111111111112,0.9861111111111112,0.9993386243386244,"area error, concavity error, mean area, mean compactness, mean concave points, mean concavity, mean perimeter, mean radius, mean smoothness, mean texture, perimeter error, radius error, worst area, worst compactness, worst concave points"
13,Boruta,15,XGBoost,0.9912280701754386,1.0,0.9861111111111112,0.993006993006993,1.0,"area error, concavity error, mean area, mean compactness, mean concave points, mean concavity, mean perimeter, mean radius, mean smoothness, mean texture, perimeter error, radius error, worst area, worst compactness, worst concave points"
13,Boruta + DODA,15,Logistic Regression,0.9736842105263158,1.0,0.9583333333333334,0.9787234042553191,1.0,"worst radius, worst perimeter, worst area, worst concavity, worst concave points, mean radius, mean perimeter, mean area, mean concavity, mean concave points, worst compactness, mean compactness, worst texture, worst symmetry, mean texture"
13,Boruta + DODA,15,Random Forest,0.9736842105263158,0.9859154929577465,0.9722222222222222,0.9790209790209791,0.9983465608465609,"worst radius, worst perimeter, worst area, worst concavity, worst concave points, mean radius, mean perimeter, mean area, mean concavity, mean concave points, worst compactness, mean compactness, worst texture, worst symmetry, mean texture"
13,Boruta + DODA,15,XGBoost,0.9824561403508771,1.0,0.9722222222222222,0.9859154929577465,0.9990079365079365,"worst radius, worst perimeter, worst area, worst concavity, worst concave points, mean radius, mean perimeter, mean area, mean concavity, mean concave points, worst compactness, mean compactness, worst texture, worst symmetry, mean texture"
13,Boruta,20,Logistic Regression,0.9824561403508771,1.0,0.9722222222222222,0.9859154929577465,1.0,"area error, concavity error, mean area, mean compactness, mean concave points, mean concavity, mean perimeter, mean radius, mean smoothness, mean texture, perimeter error, radius error, worst area, worst compactness, worst concave points, worst concavity, worst fractal dimension, worst perimeter, worst radius, worst smoothness"
13,Boruta,20,Random Forest,0.9649122807017544,0.9857142857142858,0.9583333333333334,0.971830985915493,0.9990079365079365,"area error, concavity error, mean area, mean compactness, mean concave points, mean concavity, mean perimeter, mean radius, mean smoothness, mean texture, perimeter error, radius error, worst area, worst compactness, worst concave points, worst concavity, worst fractal dimension, worst perimeter, worst radius, worst smoothness"
13,Boruta,20,XGBoost,0.9912280701754386,1.0,0.9861111111111112,0.993006993006993,1.0,"area error, concavity error, mean area, mean compactness, mean concave points, mean concavity, mean perimeter, mean radius, mean smoothness, mean texture, perimeter error, radius error, worst area, worst compactness, worst concave points, worst concavity, worst fractal dimension, worst perimeter, worst radius, worst smoothness"
13,Boruta + DODA,20,Logistic Regression,0.9912280701754386,1.0,0.9861111111111112,0.993006993006993,0.9996693121693121,"worst radius, worst perimeter, worst area, worst concavity, worst concave points, mean radius, mean perimeter, mean area, mean concavity, mean concave points, worst compactness, mean compactness, worst texture, worst symmetry, mean texture, radius error, perimeter error, area error, worst smoothness, mean smoothness"
13,Boruta + DODA,20,Random Forest,0.9736842105263158,0.9859154929577465,0.9722222222222222,0.9790209790209791,0.9993386243386243,"worst radius, worst perimeter, worst area, worst concavity, worst concave points, mean radius, mean perimeter, mean area, mean concavity, mean concave points, worst compactness, mean compactness, worst texture, worst symmetry, mean texture, radius error, perimeter error, area error, worst smoothness, mean smoothness"
13,Boruta + DODA,20,XGBoost,0.9912280701754386,1.0,0.9861111111111112,0.993006993006993,1.0,"worst radius, worst perimeter, worst area, worst concavity, worst concave points, mean radius, mean perimeter, mean area, mean concavity, mean concave points, worst compactness, mean compactness, worst texture, worst symmetry, mean texture, radius error, perimeter error, area error, worst smoothness, mean smoothness"
14,Boruta,5,Logistic Regression,0.9035087719298246,0.9066666666666666,0.9444444444444444,0.9251700680272109,0.9758597883597884,"area error, concave points error, concavity error, mean area, mean compactness"
14,Boruta,5,Random Forest,0.8859649122807017,0.8933333333333333,0.9305555555555556,0.9115646258503401,0.9715608465608466,"area error, concave points error, concavity error, mean area, mean compactness"
14,Boruta,5,XGBoost,0.9122807017543859,0.918918918918919,0.9444444444444444,0.9315068493150684,0.9666005291005291,"area error, concave points error, concavity error, mean area, mean compactness"
14,Boruta + DODA,5,Logistic Regression,0.9385964912280702,0.9577464788732394,0.9444444444444444,0.951048951048951,0.982473544973545,"worst radius, worst perimeter, worst area, worst concavity, worst concave points"
14,Boruta + DODA,5,Random Forest,0.9385964912280702,0.9333333333333333,0.9722222222222222,0.9523809523809523,0.9776785714285714,"worst radius, worst perimeter, worst area, worst concavity, worst concave points"
14,Boruta + DODA,5,XGBoost,0.9473684210526315,0.9342105263157895,0.9861111111111112,0.9594594594594594,0.9712301587301587,"worst radius, worst perimeter, worst area, worst concavity, worst concave points"
14,Boruta,10,Logistic Regression,0.9210526315789473,0.9315068493150684,0.9444444444444444,0.9379310344827586,0.9861111111111112,"area error, concave points error, concavity error, mean area, mean compactness, mean concave points, mean concavity, mean perimeter, mean radius, mean smoothness"
14,Boruta,10,Random Forest,0.9298245614035088,0.9571428571428572,0.9305555555555556,0.9436619718309859,0.9846230158730158,"area error, concave points error, concavity error, mean area, mean compactness, mean concave points, mean concavity, mean perimeter, mean radius, mean smoothness"
14,Boruta,10,XGBoost,0.9298245614035088,0.9444444444444444,0.9444444444444444,0.9444444444444444,0.9864417989417991,"area error, concave points error, concavity error, mean area, mean compactness, mean concave points, mean concavity, mean perimeter, mean radius, mean smoothness"
14,Boruta + DODA,10,Logistic Regression,0.9385964912280702,0.9577464788732394,0.9444444444444444,0.951048951048951,0.9831349206349206,"worst radius, worst perimeter, worst area, worst concavity, worst concave points, mean radius, mean perimeter, mean area, mean concavity, mean concave points"
14,Boruta + DODA,10,Random Forest,0.9473684210526315,0.9459459459459459,0.9722222222222222,0.958904109589041,0.9773478835978835,"worst radius, worst perimeter, worst area, worst concavity, worst concave points, mean radius, mean perimeter, mean area, mean concavity, mean concave points"
14,Boruta + DODA,10,XGBoost,0.956140350877193,0.958904109589041,0.9722222222222222,0.9655172413793104,0.9712301587301588,"worst radius, worst perimeter, worst area, worst concavity, worst concave points, mean radius, mean perimeter, mean area, mean concavity, mean concave points"
14,Boruta,15,Logistic Regression,0.9736842105263158,0.9726027397260274,0.9861111111111112,0.9793103448275862,0.9930555555555556,"area error, concave points error, concavity error, mean area, mean compactness, mean concave points, mean concavity, mean perimeter, mean radius, mean smoothness, mean texture, perimeter error, radius error, worst area, worst compactness"
14,Boruta,15,Random Forest,0.956140350877193,0.971830985915493,0.9583333333333334,0.965034965034965,0.986276455026455,"area error, concave points error, concavity error, mean area, mean compactness, mean concave points, mean concavity, mean perimeter, mean radius, mean smoothness, mean texture, perimeter error, radius error, worst area, worst compactness"
14,Boruta,15,XGBoost,0.9649122807017544,0.9722222222222222,0.9722222222222222,0.9722222222222222,0.9897486772486773,"area error, concave points error, concavity error, mean area, mean compactness, mean concave points, mean concavity, mean perimeter, mean radius, mean smoothness, mean texture, perimeter error, radius error, worst area, worst compactness"
14,Boruta + DODA,15,Logistic Regression,0.9824561403508771,0.972972972972973,1.0,0.9863013698630136,0.9851190476190476,"worst radius, worst perimeter, worst area, worst concavity, worst concave points, mean radius, mean perimeter, mean area, mean concavity, mean concave points, worst compactness, mean compactness, worst texture, worst symmetry, mean texture"
14,Boruta + DODA,15,Random Forest,0.9736842105263158,0.96,1.0,0.9795918367346939,0.9824735449735449,"worst radius, worst perimeter, worst area, worst concavity, worst concave points, mean radius, mean perimeter, mean area, mean concavity, mean concave points, worst compactness, mean compactness, worst texture, worst symmetry, mean texture"
14,Boruta + DODA,15,XGBoost,0.9824561403508771,0.972972972972973,1.0,0.9863013698630136,0.9854497354497355,"worst radius, worst perimeter, worst area, worst concavity, worst concave points, mean radius, mean perimeter, mean area, mean concavity, mean concave points, worst compactness, mean compactness, worst texture, worst symmetry, mean texture"
14,Boruta,20,Logistic Regression,0.9649122807017544,0.9722222222222222,0.9722222222222222,0.9722222222222222,0.9933862433862434,"area error, concave points error, concavity error, mean area, mean compactness, mean concave points, mean concavity, mean perimeter, mean radius, mean smoothness, mean texture, perimeter error, radius error, worst area, worst compactness, worst concave points, worst concavity, worst fractal dimension, worst perimeter, worst radius"
14,Boruta,20,Random Forest,0.956140350877193,0.9466666666666667,0.9861111111111112,0.9659863945578231,0.9866071428571428,"area error, concave points error, concavity error, mean area, mean compactness, mean concave points, mean concavity, mean perimeter, mean radius, mean smoothness, mean texture, perimeter error, radius error, worst area, worst compactness, worst concave points, worst concavity, worst fractal dimension, worst perimeter, worst radius"
14,Boruta,20,XGBoost,0.9824561403508771,0.972972972972973,1.0,0.9863013698630136,0.9930555555555555,"area error, concave points error, concavity error, mean area, mean compactness, mean concave points, mean concavity, mean perimeter, mean radius, mean smoothness, mean texture, perimeter error, radius error, worst area, worst compactness, worst concave points, worst concavity, worst fractal dimension, worst perimeter, worst radius"
14,Boruta + DODA,20,Logistic Regression,0.9824561403508771,0.972972972972973,1.0,0.9863013698630136,0.9884259259259258,"worst radius, worst perimeter, worst area, worst concavity, worst concave points, mean radius, mean perimeter, mean area, mean concavity, mean concave points, worst compactness, mean compactness, worst texture, worst symmetry, mean texture, radius error, perimeter error, area error, worst smoothness, mean smoothness"
14,Boruta + DODA,20,Random Forest,0.9736842105263158,0.96,1.0,0.9795918367346939,0.9894179894179895,"worst radius, worst perimeter, worst area, worst concavity, worst concave points, mean radius, mean perimeter, mean area, mean concavity, mean concave points, worst compactness, mean compactness, worst texture, worst symmetry, mean texture, radius error, perimeter error, area error, worst smoothness, mean smoothness"
14,Boruta + DODA,20,XGBoost,0.9736842105263158,0.96,1.0,0.9795918367346939,0.9930555555555557,"worst radius, worst perimeter, worst area, worst concavity, worst concave points, mean radius, mean perimeter, mean area, mean concavity, mean concave points, worst compactness, mean compactness, worst texture, worst symmetry, mean texture, radius error, perimeter error, area error, worst smoothness, mean smoothness"
15,Boruta,5,Logistic Regression,0.8938053097345132,0.9402985074626866,0.8873239436619719,0.9130434782608695,0.9735077129443326,"area error, concavity error, mean area, mean compactness, mean concave points"
15,Boruta,5,Random Forest,0.911504424778761,0.9420289855072463,0.9154929577464789,0.9285714285714286,0.9743460764587525,"area error, concavity error, mean area, mean compactness, mean concave points"
15,Boruta,5,XGBoost,0.9292035398230089,0.9315068493150684,0.9577464788732394,0.9444444444444444,0.9617706237424546,"area error, concavity error, mean area, mean compactness, mean concave points"
15,Boruta + DODA,5,Logistic Regression,0.9203539823008849,0.9696969696969697,0.9014084507042254,0.9343065693430657,0.9852448021462106,"worst radius, worst perimeter, worst area, worst concavity, worst concave points"
15,Boruta + DODA,5,Random Forest,0.9380530973451328,0.9705882352941176,0.9295774647887324,0.9496402877697842,0.9780348759221998,"worst radius, worst perimeter, worst area, worst concavity, worst concave points"
15,Boruta + DODA,5,XGBoost,0.9380530973451328,0.9705882352941176,0.9295774647887324,0.9496402877697842,0.9668008048289739,"worst radius, worst perimeter, worst area, worst concavity, worst concave points"
15,Boruta,10,Logistic Regression,0.9292035398230089,0.9565217391304348,0.9295774647887324,0.9428571428571428,0.9842387659289068,"area error, concavity error, mean area, mean compactness, mean concave points, mean concavity, mean perimeter, mean radius, mean smoothness, mean texture"
15,Boruta,10,Random Forest,0.9380530973451328,0.9705882352941176,0.9295774647887324,0.9496402877697842,0.9803822937625755,"area error, concavity error, mean area, mean compactness, mean concave points, mean concavity, mean perimeter, mean radius, mean smoothness, mean texture"
15,Boruta,10,XGBoost,0.9203539823008849,0.9558823529411765,0.9154929577464789,0.935251798561151,0.9855801475519785,"area error, concavity error, mean area, mean compactness, mean concave points, mean concavity, mean perimeter, mean radius, mean smoothness, mean texture"
15,Boruta + DODA,10,Logistic Regression,0.9203539823008849,0.9696969696969697,0.9014084507042254,0.9343065693430657,0.9865861837692824,"worst radius, worst perimeter, worst area, worst concavity, worst concave points, mean radius, mean perimeter, mean area, mean concavity, mean concave points"
15,Boruta + DODA,10,Random Forest,0.9380530973451328,0.9571428571428572,0.9436619718309859,0.950354609929078,0.983903420523139,"worst radius, worst perimeter, worst area, worst concavity, worst concave points, mean radius, mean perimeter, mean area, mean concavity, mean concave points"
15,Boruta + DODA,10,XGBoost,0.9292035398230089,0.9436619718309859,0.9436619718309859,0.9436619718309859,0.9701542588866533,"worst radius, worst perimeter, worst area, worst concavity, worst concave points, mean radius, mean perimeter, mean area, mean concavity, mean concave points"
15,Boruta,15,Logistic Regression,0.9469026548672567,0.9577464788732394,0.9577464788732394,0.9577464788732394,0.9902749832327297,"area error, concavity error, mean area, mean compactness, mean concave points, mean concavity, mean perimeter, mean radius, mean smoothness, mean texture, perimeter error, radius error, worst area, worst compactness, worst concave points"
15,Boruta,15,Random Forest,0.9469026548672567,0.9850746268656716,0.9295774647887324,0.9565217391304348,0.9862508383635145,"area error, concavity error, mean area, mean compactness, mean concave points, mean concavity, mean perimeter, mean radius, mean smoothness, mean texture, perimeter error, radius error, worst area, worst compactness, worst concave points"
15,Boruta,15,XGBoost,0.9469026548672567,0.9710144927536232,0.9436619718309859,0.9571428571428572,0.9892689470154259,"area error, concavity error, mean area, mean compactness, mean concave points, mean concavity, mean perimeter, mean radius, mean smoothness, mean texture, perimeter error, radius error, worst area, worst compactness, worst concave points"
15,Boruta + DODA,15,Logistic Regression,0.9646017699115044,0.9855072463768116,0.9577464788732394,0.9714285714285714,0.9976525821596244,"worst radius, worst perimeter, worst area, worst concavity, worst concave points, mean radius, mean perimeter, mean area, mean concavity, mean concave points, worst compactness, mean compactness, worst texture, worst symmetry, mean texture"
15,Boruta + DODA,15,Random Forest,0.9557522123893806,0.9852941176470589,0.9436619718309859,0.9640287769784173,0.9899396378269617,"worst radius, worst perimeter, worst area, worst concavity, worst concave points, mean radius, mean perimeter, mean area, mean concavity, mean concave points, worst compactness, mean compactness, worst texture, worst symmetry, mean texture"
15,Boruta + DODA,15,XGBoost,0.9646017699115044,0.9855072463768116,0.9577464788732394,0.9714285714285714,0.9872568745808182,"worst radius, worst perimeter, worst area, worst concavity, worst concave points, mean radius, mean perimeter, mean area, mean concavity, mean concave points, worst compactness, mean compactness, worst texture, worst symmetry, mean texture"
15,Boruta,20,Logistic Regression,0.9557522123893806,0.9459459459459459,0.9859154929577465,0.9655172413793104,0.9852448021462106,"area error, concavity error, mean area, mean compactness, mean concave points, mean concavity, mean perimeter, mean radius, mean smoothness, mean texture, perimeter error, radius error, worst area, worst compactness, worst concave points, worst concavity, worst fractal dimension, worst perimeter, worst radius, worst smoothness"
15,Boruta,20,Random Forest,0.9469026548672567,0.9710144927536232,0.9436619718309859,0.9571428571428572,0.9849094567404426,"area error, concavity error, mean area, mean compactness, mean concave points, mean concavity, mean perimeter, mean radius, mean smoothness, mean texture, perimeter error, radius error, worst area, worst compactness, worst concave points, worst concavity, worst fractal dimension, worst perimeter, worst radius, worst smoothness"
15,Boruta,20,XGBoost,0.9380530973451328,0.9444444444444444,0.9577464788732394,0.951048951048951,0.9855801475519785,"area error, concavity error, mean area, mean compactness, mean concave points, mean concavity, mean perimeter, mean radius, mean smoothness, mean texture, perimeter error, radius error, worst area, worst compactness, worst concave points, worst concavity, worst fractal dimension, worst perimeter, worst radius, worst smoothness"
15,Boruta + DODA,20,Logistic Regression,0.9557522123893806,0.9459459459459459,0.9859154929577465,0.9655172413793104,0.9896042924211939,"worst radius, worst perimeter, worst area, worst concavity, worst concave points, mean radius, mean perimeter, mean area, mean concavity, mean concave points, worst compactness, mean compactness, worst texture, worst symmetry, mean texture, radius error, perimeter error, area error, worst smoothness, mean smoothness"
15,Boruta + DODA,20,Random Forest,0.9469026548672567,0.9710144927536232,0.9436619718309859,0.9571428571428572,0.9852448021462106,"worst radius, worst perimeter, worst area, worst concavity, worst concave points, mean radius, mean perimeter, mean area, mean concavity, mean concave points, worst compactness, mean compactness, worst texture, worst symmetry, mean texture, radius error, perimeter error, area error, worst smoothness, mean smoothness"
15,Boruta + DODA,20,XGBoost,0.9469026548672567,0.9577464788732394,0.9577464788732394,0.9577464788732394,0.9862508383635145,"worst radius, worst perimeter, worst area, worst concavity, worst concave points, mean radius, mean perimeter, mean area, mean concavity, mean concave points, worst compactness, mean compactness, worst texture, worst symmetry, mean texture, radius error, perimeter error, area error, worst smoothness, mean smoothness"
16,Boruta,5,Logistic Regression,0.9122807017543859,0.9066666666666666,0.9577464788732394,0.9315068493150684,0.9760890926957091,"area error, concavity error, mean area, mean compactness, mean concave points"
16,Boruta,5,Random Forest,0.8947368421052632,0.8933333333333333,0.9436619718309859,0.9178082191780822,0.9734687192924991,"area error, concavity error, mean area, mean compactness, mean concave points"
16,Boruta,5,XGBoost,0.9035087719298246,0.9054054054054054,0.9436619718309859,0.9241379310344827,0.9731411726170979,"area error, concavity error, mean area, mean compactness, mean concave points"
16,Boruta + DODA,5,Logistic Regression,0.9210526315789473,0.9558823529411765,0.9154929577464789,0.935251798561151,0.9862430396331476,"worst radius, worst perimeter, worst area, worst concavity, worst concave points"
16,Boruta + DODA,5,Random Forest,0.9035087719298246,0.9411764705882353,0.9014084507042254,0.920863309352518,0.9823124795283328,"worst radius, worst perimeter, worst area, worst concavity, worst concave points"
16,Boruta + DODA,5,XGBoost,0.9035087719298246,0.9411764705882353,0.9014084507042254,0.920863309352518,0.9728136259416967,"worst radius, worst perimeter, worst area, worst concavity, worst concave points"
16,Boruta,10,Logistic Regression,0.9385964912280702,0.9324324324324325,0.971830985915493,0.9517241379310345,0.9911562397641663,"area error, concavity error, mean area, mean compactness, mean concave points, mean concavity, mean perimeter, mean radius, mean smoothness, mean texture"
16,Boruta,10,Random Forest,0.9298245614035088,0.9315068493150684,0.9577464788732394,0.9444444444444444,0.9828037995414346,"area error, concavity error, mean area, mean compactness, mean concave points, mean concavity, mean perimeter, mean radius, mean smoothness, mean texture"
16,Boruta,10,XGBoost,0.9649122807017544,0.958904109589041,0.9859154929577465,0.9722222222222222,0.9944317065181788,"area error, concavity error, mean area, mean compactness, mean concave points, mean concavity, mean perimeter, mean radius, mean smoothness, mean texture"
16,Boruta + DODA,10,Logistic Regression,0.9385964912280702,0.9571428571428572,0.9436619718309859,0.950354609929078,0.9872256796593515,"worst radius, worst perimeter, worst area, worst concavity, worst concave points, mean radius, mean perimeter, mean area, mean concavity, mean concave points"
16,Boruta + DODA,10,Random Forest,0.9298245614035088,0.9315068493150684,0.9577464788732394,0.9444444444444444,0.9772355060596135,"worst radius, worst perimeter, worst area, worst concavity, worst concave points, mean radius, mean perimeter, mean area, mean concavity, mean concave points"
16,Boruta + DODA,10,XGBoost,0.9210526315789473,0.9078947368421053,0.971830985915493,0.9387755102040817,0.9780543727481166,"worst radius, worst perimeter, worst area, worst concavity, worst concave points, mean radius, mean perimeter, mean area, mean concavity, mean concave points"
16,Boruta,15,Logistic Regression,0.9649122807017544,0.958904109589041,0.9859154929577465,0.9722222222222222,0.996069439895185,"area error, concavity error, mean area, mean compactness, mean concave points, mean concavity, mean perimeter, mean radius, mean smoothness, mean texture, perimeter error, radius error, worst area, worst compactness, worst concave points"
16,Boruta,15,Random Forest,0.9473684210526315,0.9452054794520548,0.971830985915493,0.9583333333333334,0.9864068129708483,"area error, concavity error, mean area, mean compactness, mean concave points, mean concavity, mean perimeter, mean radius, mean smoothness, mean texture, perimeter error, radius error, worst area, worst compactness, worst concave points"
16,Boruta,15,XGBoost,0.9649122807017544,0.958904109589041,0.9859154929577465,0.9722222222222222,0.9954143465443825,"area error, concavity error, mean area, mean compactness, mean concave points, mean concavity, mean perimeter, mean radius, mean smoothness, mean texture, perimeter error, radius error, worst area, worst compactness, worst concave points"
16,Boruta + DODA,15,Logistic Regression,0.9736842105263158,0.9722222222222222,0.9859154929577465,0.9790209790209791,0.9980347199475925,"worst radius, worst perimeter, worst area, worst concavity, worst concave points, mean radius, mean perimeter, mean area, mean concavity, mean concave points, worst compactness, mean compactness, worst texture, worst symmetry, mean texture"
16,Boruta + DODA,15,Random Forest,0.9385964912280702,0.9324324324324325,0.971830985915493,0.9517241379310345,0.9882083196855552,"worst radius, worst perimeter, worst area, worst concavity, worst concave points, mean radius, mean perimeter, mean area, mean concavity, mean concave points, worst compactness, mean compactness, worst texture, worst symmetry, mean texture"
16,Boruta + DODA,15,XGBoost,0.9298245614035088,0.92,0.971830985915493,0.9452054794520548,0.9901735997379626,"worst radius, worst perimeter, worst area, worst concavity, worst concave points, mean radius, mean perimeter, mean area, mean concavity, mean concave points, worst compactness, mean compactness, worst texture, worst symmetry, mean texture"
16,Boruta,20,Logistic Regression,0.9824561403508771,0.9726027397260274,1.0,0.9861111111111112,0.9963969865705863,"area error, concavity error, mean area, mean compactness, mean concave points, mean concavity, mean perimeter, mean radius, mean smoothness, mean texture, perimeter error, radius error, worst area, worst compactness, worst concave points, worst concavity, worst fractal dimension, worst perimeter, worst radius, worst smoothness"
16,Boruta,20,Random Forest,0.9473684210526315,0.9452054794520548,0.971830985915493,0.9583333333333334,0.990501146413364,"area error, concavity error, mean area, mean compactness, mean concave points, mean concavity, mean perimeter, mean radius, mean smoothness, mean texture, perimeter error, radius error, worst area, worst compactness, worst concave points, worst concavity, worst fractal dimension, worst perimeter, worst radius, worst smoothness"
16,Boruta,20,XGBoost,0.9736842105263158,0.9722222222222222,0.9859154929577465,0.9790209790209791,0.9937766131673763,"area error, concavity error, mean area, mean compactness, mean concave points, mean concavity, mean perimeter, mean radius, mean smoothness, mean texture, perimeter error, radius error, worst area, worst compactness, worst concave points, worst concavity, worst fractal dimension, worst perimeter, worst radius, worst smoothness"
16,Boruta + DODA,20,Logistic Regression,0.9912280701754386,0.9861111111111112,1.0,0.993006993006993,0.9980347199475925,"worst radius, worst perimeter, worst area, worst concavity, worst concave points, mean radius, mean perimeter, mean area, mean concavity, mean concave points, worst compactness, mean compactness, worst texture, worst symmetry, mean texture, radius error, perimeter error, area error, worst smoothness, mean smoothness"
16,Boruta + DODA,20,Random Forest,0.9473684210526315,0.9452054794520548,0.971830985915493,0.9583333333333334,0.9913200131018671,"worst radius, worst perimeter, worst area, worst concavity, worst concave points, mean radius, mean perimeter, mean area, mean concavity, mean concave points, worst compactness, mean compactness, worst texture, worst symmetry, mean texture, radius error, perimeter error, area error, worst smoothness, mean smoothness"
16,Boruta + DODA,20,XGBoost,0.956140350877193,0.9459459459459459,0.9859154929577465,0.9655172413793104,0.99475925319358,"worst radius, worst perimeter, worst area, worst concavity, worst concave points, mean radius, mean perimeter, mean area, mean concavity, mean concave points, worst compactness, mean compactness, worst texture, worst symmetry, mean texture, radius error, perimeter error, area error, worst smoothness, mean smoothness"
17,Boruta,5,Logistic Regression,0.868421052631579,0.9117647058823529,0.8732394366197183,0.8920863309352518,0.9616770389780543,"area error, concave points error, concavity error, mean area, mean compactness"
17,Boruta,5,Random Forest,0.8859649122807017,0.9264705882352942,0.8873239436619719,0.9064748201438849,0.9577464788732395,"area error, concave points error, concavity error, mean area, mean compactness"
17,Boruta,5,XGBoost,0.8771929824561403,0.9130434782608695,0.8873239436619719,0.9,0.9508679986898133,"area error, concave points error, concavity error, mean area, mean compactness"
17,Boruta + DODA,5,Logistic Regression,0.9122807017543859,0.9841269841269841,0.8732394366197183,0.9253731343283582,0.9918113331149689,"worst radius, worst perimeter, worst area, worst concavity, worst concave points"
17,Boruta + DODA,5,Random Forest,0.9122807017543859,0.9841269841269841,0.8732394366197183,0.9253731343283582,0.9890271863740583,"worst radius, worst perimeter, worst area, worst concavity, worst concave points"
17,Boruta + DODA,5,XGBoost,0.9298245614035088,0.9701492537313433,0.9154929577464789,0.9420289855072463,0.9852603996069439,"worst radius, worst perimeter, worst area, worst concavity, worst concave points"
17,Boruta,10,Logistic Regression,0.8859649122807017,0.9142857142857143,0.9014084507042254,0.9078014184397163,0.9744513593187029,"area error, concave points error, concavity error, mean area, mean compactness, mean concave points, mean concavity, mean perimeter, mean radius, mean smoothness"
17,Boruta,10,Random Forest,0.9210526315789473,0.9696969696969697,0.9014084507042254,0.9343065693430657,0.9755977726826073,"area error, concave points error, concavity error, mean area, mean compactness, mean concave points, mean concavity, mean perimeter, mean radius, mean smoothness"
17,Boruta,10,XGBoost,0.9385964912280702,0.9705882352941176,0.9295774647887324,0.9496402877697842,0.9790370127743204,"area error, concave points error, concavity error, mean area, mean compactness, mean concave points, mean concavity, mean perimeter, mean radius, mean smoothness"
17,Boruta + DODA,10,Logistic Regression,0.9035087719298246,0.96875,0.8732394366197183,0.9185185185185185,0.9921388797903702,"worst radius, worst perimeter, worst area, worst concavity, worst concave points, mean radius, mean perimeter, mean area, mean concavity, mean concave points"
17,Boruta + DODA,10,Random Forest,0.9298245614035088,0.9846153846153847,0.9014084507042254,0.9411764705882353,0.989190959711759,"worst radius, worst perimeter, worst area, worst concavity, worst concave points, mean radius, mean perimeter, mean area, mean concavity, mean concave points"
17,Boruta + DODA,10,XGBoost,0.9385964912280702,0.9848484848484849,0.9154929577464789,0.948905109489051,0.987880773010154,"worst radius, worst perimeter, worst area, worst concavity, worst concave points, mean radius, mean perimeter, mean area, mean concavity, mean concave points"
17,Boruta,15,Logistic Regression,0.9473684210526315,0.9710144927536232,0.9436619718309859,0.9571428571428572,0.9937766131673763,"area error, concave points error, concavity error, mean area, mean compactness, mean concave points, mean concavity, mean perimeter, mean radius, mean smoothness, mean texture, perimeter error, radius error, worst area, worst compactness"
17,Boruta,15,Random Forest,0.9122807017543859,0.9420289855072463,0.9154929577464789,0.9285714285714286,0.9870619063216508,"area error, concave points error, concavity error, mean area, mean compactness, mean concave points, mean concavity, mean perimeter, mean radius, mean smoothness, mean texture, perimeter error, radius error, worst area, worst compactness"
17,Boruta,15,XGBoost,0.9473684210526315,0.9850746268656716,0.9295774647887324,0.9565217391304348,0.9937766131673763,"area error, concave points error, concavity error, mean area, mean compactness, mean concave points, mean concavity, mean perimeter, mean radius, mean smoothness, mean texture, perimeter error, radius error, worst area, worst compactness"
17,Boruta + DODA,15,Logistic Regression,0.9649122807017544,1.0,0.9436619718309859,0.9710144927536232,0.9993449066491975,"worst radius, worst perimeter, worst area, worst concavity, worst concave points, mean radius, mean perimeter, mean area, mean concavity, mean concave points, worst compactness, mean compactness, worst texture, worst symmetry, mean texture"
17,Boruta + DODA,15,Random Forest,0.9210526315789473,0.984375,0.8873239436619719,0.9333333333333333,0.9950867998689812,"worst radius, worst perimeter, worst area, worst concavity, worst concave points, mean radius, mean perimeter, mean area, mean concavity, mean concave points, worst compactness, mean compactness, worst texture, worst symmetry, mean texture"
17,Boruta + DODA,15,XGBoost,0.9210526315789473,1.0,0.8732394366197183,0.9323308270676691,0.9980347199475925,"worst radius, worst perimeter, worst area, worst concavity, worst concave points, mean radius, mean perimeter, mean area, mean concavity, mean concave points, worst compactness, mean compactness, worst texture, worst symmetry, mean texture"
17,Boruta,20,Logistic Regression,0.9649122807017544,0.9855072463768116,0.9577464788732394,0.9714285714285714,0.996069439895185,"area error, concave points error, concavity error, mean area, mean compactness, mean concave points, mean concavity, mean perimeter, mean radius, mean smoothness, mean texture, perimeter error, radius error, worst area, worst compactness, worst concave points, worst concavity, worst perimeter, worst radius, worst smoothness"
17,Boruta,20,Random Forest,0.9122807017543859,0.9692307692307692,0.8873239436619719,0.9264705882352942,0.9906649197510644,"area error, concave points error, concavity error, mean area, mean compactness, mean concave points, mean concavity, mean perimeter, mean radius, mean smoothness, mean texture, perimeter error, radius error, worst area, worst compactness, worst concave points, worst concavity, worst perimeter, worst radius, worst smoothness"
17,Boruta,20,XGBoost,0.9473684210526315,0.9850746268656716,0.9295774647887324,0.9565217391304348,0.9960694398951851,"area error, concave points error, concavity error, mean area, mean compactness, mean concave points, mean concavity, mean perimeter, mean radius, mean smoothness, mean texture, perimeter error, radius error, worst area, worst compactness, worst concave points, worst concavity, worst perimeter, worst radius, worst smoothness"
17,Boruta + DODA,20,Logistic Regression,0.9649122807017544,0.9855072463768116,0.9577464788732394,0.9714285714285714,0.9990173599737963,"worst radius, worst perimeter, worst area, worst concavity, worst concave points, mean radius, mean perimeter, mean area, mean concavity, mean concave points, worst compactness, mean compactness, worst texture, worst symmetry, mean texture, radius error, perimeter error, area error, worst smoothness, mean smoothness"
17,Boruta + DODA,20,Random Forest,0.9122807017543859,0.9841269841269841,0.8732394366197183,0.9253731343283582,0.993940386505077,"worst radius, worst perimeter, worst area, worst concavity, worst concave points, mean radius, mean perimeter, mean area, mean concavity, mean concave points, worst compactness, mean compactness, worst texture, worst symmetry, mean texture, radius error, perimeter error, area error, worst smoothness, mean smoothness"
17,Boruta + DODA,20,XGBoost,0.9210526315789473,0.9696969696969697,0.9014084507042254,0.9343065693430657,0.9941041598427777,"worst radius, worst perimeter, worst area, worst concavity, worst concave points, mean radius, mean perimeter, mean area, mean concavity, mean concave points, worst compactness, mean compactness, worst texture, worst symmetry, mean texture, radius error, perimeter error, area error, worst smoothness, mean smoothness"
18,Boruta,5,Logistic Regression,0.9298245614035088,0.9571428571428572,0.9305555555555556,0.9436619718309859,0.9814814814814814,"area error, concavity error, mean area, mean compactness, mean concave points"
18,Boruta,5,Random Forest,0.9122807017543859,0.9696969696969697,0.8888888888888888,0.927536231884058,0.9836309523809524,"area error, concavity error, mean area, mean compactness, mean concave points"
18,Boruta,5,XGBoost,0.8859649122807017,0.9402985074626866,0.875,0.9064748201438849,0.9692460317460317,"area error, concavity error, mean area, mean compactness, mean concave points"
18,Boruta + DODA,5,Logistic Regression,0.9473684210526315,0.9583333333333334,0.9583333333333334,0.9583333333333334,0.9798280423280423,"worst radius, worst perimeter, worst area, worst concavity, worst concave points"
18,Boruta + DODA,5,Random Forest,0.9385964912280702,0.9452054794520548,0.9583333333333334,0.9517241379310345,0.9836309523809523,"worst radius, worst perimeter, worst area, worst concavity, worst concave points"
18,Boruta + DODA,5,XGBoost,0.956140350877193,0.958904109589041,0.9722222222222222,0.9655172413793104,0.9641203703703703,"worst radius, worst perimeter, worst area, worst concavity, worst concave points"
18,Boruta,10,Logistic Regression,0.9385964912280702,0.9577464788732394,0.9444444444444444,0.951048951048951,0.9880952380952381,"area error, concavity error, mean area, mean compactness, mean concave points, mean concavity, mean perimeter, mean radius, mean smoothness, mean texture"
18,Boruta,10,Random Forest,0.9210526315789473,0.9701492537313433,0.9027777777777778,0.935251798561151,0.9884259259259258,"area error, concavity error, mean area, mean compactness, mean concave points, mean concavity, mean perimeter, mean radius, mean smoothness, mean texture"
18,Boruta,10,XGBoost,0.9210526315789473,0.9565217391304348,0.9166666666666666,0.9361702127659575,0.9841269841269842,"area error, concavity error, mean area, mean compactness, mean concave points, mean concavity, mean perimeter, mean radius, mean smoothness, mean texture"
18,Boruta + DODA,10,Logistic Regression,0.956140350877193,0.958904109589041,0.9722222222222222,0.9655172413793104,0.9791666666666667,"worst radius, worst perimeter, worst area, worst concavity, worst concave points, mean radius, mean perimeter, mean area, mean concavity, mean concave points"
18,Boruta + DODA,10,Random Forest,0.956140350877193,0.971830985915493,0.9583333333333334,0.965034965034965,0.9872685185185186,"worst radius, worst perimeter, worst area, worst concavity, worst concave points, mean radius, mean perimeter, mean area, mean concavity, mean concave points"
18,Boruta + DODA,10,XGBoost,0.9649122807017544,0.9594594594594594,0.9861111111111112,0.9726027397260274,0.9847883597883599,"worst radius, worst perimeter, worst area, worst concavity, worst concave points, mean radius, mean perimeter, mean area, mean concavity, mean concave points"
18,Boruta,15,Logistic Regression,0.9736842105263158,0.9726027397260274,0.9861111111111112,0.9793103448275862,0.9950396825396826,"area error, concavity error, mean area, mean compactness, mean concave points, mean concavity, mean perimeter, mean radius, mean smoothness, mean texture, perimeter error, radius error, worst area, worst compactness, worst concave points"
18,Boruta,15,Random Forest,0.9736842105263158,0.9859154929577465,0.9722222222222222,0.9790209790209791,0.9963624338624338,"area error, concavity error, mean area, mean compactness, mean concave points, mean concavity, mean perimeter, mean radius, mean smoothness, mean texture, perimeter error, radius error, worst area, worst compactness, worst concave points"
18,Boruta,15,XGBoost,0.9736842105263158,0.9726027397260274,0.9861111111111112,0.9793103448275862,0.9930555555555556,"area error, concavity error, mean area, mean compactness, mean concave points, mean concavity, mean perimeter, mean radius, mean smoothness, mean texture, perimeter error, radius error, worst area, worst compactness, worst concave points"
18,Boruta + DODA,15,Logistic Regression,0.9736842105263158,0.9726027397260274,0.9861111111111112,0.9793103448275862,0.9831349206349207,"worst radius, worst perimeter, worst area, worst concavity, worst concave points, mean radius, mean perimeter, mean area, mean concavity, mean concave points, worst compactness, mean compactness, worst texture, worst symmetry, mean texture"
18,Boruta + DODA,15,Random Forest,0.9824561403508771,0.972972972972973,1.0,0.9863013698630136,0.9950396825396826,"worst radius, worst perimeter, worst area, worst concavity, worst concave points, mean radius, mean perimeter, mean area, mean concavity, mean concave points, worst compactness, mean compactness, worst texture, worst symmetry, mean texture"
18,Boruta + DODA,15,XGBoost,0.9473684210526315,0.9714285714285714,0.9444444444444444,0.9577464788732394,0.9950396825396826,"worst radius, worst perimeter, worst area, worst concavity, worst concave points, mean radius, mean perimeter, mean area, mean concavity, mean concave points, worst compactness, mean compactness, worst texture, worst symmetry, mean texture"
18,Boruta,20,Logistic Regression,0.9736842105263158,0.96,1.0,0.9795918367346939,0.9953703703703705,"area error, concavity error, mean area, mean compactness, mean concave points, mean concavity, mean perimeter, mean radius, mean smoothness, mean texture, perimeter error, radius error, worst area, worst compactness, worst concave points, worst concavity, worst fractal dimension, worst perimeter, worst radius, worst smoothness"
18,Boruta,20,Random Forest,0.956140350877193,0.958904109589041,0.9722222222222222,0.9655172413793104,0.9958664021164021,"area error, concavity error, mean area, mean compactness, mean concave points, mean concavity, mean perimeter, mean radius, mean smoothness, mean texture, perimeter error, radius error, worst area, worst compactness, worst concave points, worst concavity, worst fractal dimension, worst perimeter, worst radius, worst smoothness"
18,Boruta,20,XGBoost,0.956140350877193,0.958904109589041,0.9722222222222222,0.9655172413793104,0.9930555555555556,"area error, concavity error, mean area, mean compactness, mean concave points, mean concavity, mean perimeter, mean radius, mean smoothness, mean texture, perimeter error, radius error, worst area, worst compactness, worst concave points, worst concavity, worst fractal dimension, worst perimeter, worst radius, worst smoothness"
18,Boruta + DODA,20,Logistic Regression,0.9736842105263158,0.9726027397260274,0.9861111111111112,0.9793103448275862,0.9963624338624338,"worst radius, worst perimeter, worst area, worst concavity, worst concave points, mean radius, mean perimeter, mean area, mean concavity, mean concave points, worst compactness, mean compactness, worst texture, worst symmetry, mean texture, radius error, perimeter error, area error, worst smoothness, mean smoothness"
18,Boruta + DODA,20,Random Forest,0.9736842105263158,0.9726027397260274,0.9861111111111112,0.9793103448275862,0.998015873015873,"worst radius, worst perimeter, worst area, worst concavity, worst concave points, mean radius, mean perimeter, mean area, mean concavity, mean concave points, worst compactness, mean compactness, worst texture, worst symmetry, mean texture, radius error, perimeter error, area error, worst smoothness, mean smoothness"
18,Boruta + DODA,20,XGBoost,0.956140350877193,0.971830985915493,0.9583333333333334,0.965034965034965,0.9927248677248677,"worst radius, worst perimeter, worst area, worst concavity, worst concave points, mean radius, mean perimeter, mean area, mean concavity, mean concave points, worst compactness, mean compactness, worst texture, worst symmetry, mean texture, radius error, perimeter error, area error, worst smoothness, mean smoothness"
19,Boruta,5,Logistic Regression,0.9473684210526315,0.9459459459459459,0.9722222222222222,0.958904109589041,0.9781746031746031,"area error, concave points error, concavity error, mean area, mean compactness"
19,Boruta,5,Random Forest,0.8947368421052632,0.9166666666666666,0.9166666666666666,0.9166666666666666,0.9682539682539681,"area error, concave points error, concavity error, mean area, mean compactness"
19,Boruta,5,XGBoost,0.9122807017543859,0.9305555555555556,0.9305555555555556,0.9305555555555556,0.9447751322751323,"area error, concave points error, concavity error, mean area, mean compactness"
19,Boruta + DODA,5,Logistic Regression,0.9649122807017544,0.9722222222222222,0.9722222222222222,0.9722222222222222,0.9923941798941799,"worst radius, worst perimeter, worst area, worst concavity, worst concave points"
19,Boruta + DODA,5,Random Forest,0.9824561403508771,0.972972972972973,1.0,0.9863013698630136,0.9824735449735451,"worst radius, worst perimeter, worst area, worst concavity, worst concave points"
19,Boruta + DODA,5,XGBoost,0.9473684210526315,0.9459459459459459,0.9722222222222222,0.958904109589041,0.9814814814814815,"worst radius, worst perimeter, worst area, worst concavity, worst concave points"
19,Boruta,10,Logistic Regression,0.956140350877193,0.971830985915493,0.9583333333333334,0.965034965034965,0.9890873015873016,"area error, concave points error, concavity error, mean area, mean compactness, mean concave points, mean concavity, mean perimeter, mean radius, mean smoothness"
19,Boruta,10,Random Forest,0.956140350877193,0.971830985915493,0.9583333333333334,0.965034965034965,0.9771825396825398,"area error, concave points error, concavity error, mean area, mean compactness, mean concave points, mean concavity, mean perimeter, mean radius, mean smoothness"
19,Boruta,10,XGBoost,0.9385964912280702,0.9452054794520548,0.9583333333333334,0.9517241379310345,0.9765211640211641,"area error, concave points error, concavity error, mean area, mean compactness, mean concave points, mean concavity, mean perimeter, mean radius, mean smoothness"
19,Boruta + DODA,10,Logistic Regression,0.9649122807017544,0.9722222222222222,0.9722222222222222,0.9722222222222222,0.9937169312169312,"worst radius, worst perimeter, worst area, worst concavity, worst concave points, mean radius, mean perimeter, mean area, mean concavity, mean concave points"
19,Boruta + DODA,10,Random Forest,0.9824561403508771,0.972972972972973,1.0,0.9863013698630136,0.9816468253968254,"worst radius, worst perimeter, worst area, worst concavity, worst concave points, mean radius, mean perimeter, mean area, mean concavity, mean concave points"
19,Boruta + DODA,10,XGBoost,0.9649122807017544,0.9594594594594594,0.9861111111111112,0.9726027397260274,0.9751984126984128,"worst radius, worst perimeter, worst area, worst concavity, worst concave points, mean radius, mean perimeter, mean area, mean concavity, mean concave points"
19,Boruta,15,Logistic Regression,0.9649122807017544,0.9857142857142858,0.9583333333333334,0.971830985915493,0.9947089947089948,"area error, concave points error, concavity error, mean area, mean compactness, mean concave points, mean concavity, mean perimeter, mean radius, mean smoothness, mean texture, perimeter error, radius error, worst area, worst compactness"
19,Boruta,15,Random Forest,0.9736842105263158,0.9859154929577465,0.9722222222222222,0.9790209790209791,0.980489417989418,"area error, concave points error, concavity error, mean area, mean compactness, mean concave points, mean concavity, mean perimeter, mean radius, mean smoothness, mean texture, perimeter error, radius error, worst area, worst compactness"
19,Boruta,15,XGBoost,0.9824561403508771,0.9861111111111112,0.9861111111111112,0.9861111111111112,0.9950396825396826,"area error, concave points error, concavity error, mean area, mean compactness, mean concave points, mean concavity, mean perimeter, mean radius, mean smoothness, mean texture, perimeter error, radius error, worst area, worst compactness"
19,Boruta + DODA,15,Logistic Regression,0.9649122807017544,0.9722222222222222,0.9722222222222222,0.9722222222222222,0.9970238095238095,"worst radius, worst perimeter, worst area, worst concavity, worst concave points, mean radius, mean perimeter, mean area, mean concavity, mean concave points, worst compactness, mean compactness, worst texture, worst symmetry, mean texture"
19,Boruta + DODA,15,Random Forest,0.9824561403508771,0.972972972972973,1.0,0.9863013698630136,0.9809854497354498,"worst radius, worst perimeter, worst area, worst concavity, worst concave points, mean radius, mean perimeter, mean area, mean concavity, mean concave points, worst compactness, mean compactness, worst texture, worst symmetry, mean texture"
19,Boruta + DODA,15,XGBoost,0.9736842105263158,0.96,1.0,0.9795918367346939,0.996362433862434,"worst radius, worst perimeter, worst area, worst concavity, worst concave points, mean radius, mean perimeter, mean area, mean concavity, mean concave points, worst compactness, mean compactness, worst texture, worst symmetry, mean texture"
19,Boruta,20,Logistic Regression,0.9649122807017544,0.9857142857142858,0.9583333333333334,0.971830985915493,0.9963624338624338,"area error, concave points error, concavity error, mean area, mean compactness, mean concave points, mean concavity, mean perimeter, mean radius, mean smoothness, mean texture, perimeter error, radius error, worst area, worst compactness, worst concave points, worst concavity, worst fractal dimension, worst perimeter, worst radius"
19,Boruta,20,Random Forest,0.9736842105263158,0.9726027397260274,0.9861111111111112,0.9793103448275862,0.9821428571428572,"area error, concave points error, concavity error, mean area, mean compactness, mean concave points, mean concavity, mean perimeter, mean radius, mean smoothness, mean texture, perimeter error, radius error, worst area, worst compactness, worst concave points, worst concavity, worst fractal dimension, worst perimeter, worst radius"
19,Boruta,20,XGBoost,0.9736842105263158,0.9726027397260274,0.9861111111111112,0.9793103448275862,0.9970238095238094,"area error, concave points error, concavity error, mean area, mean compactness, mean concave points, mean concavity, mean perimeter, mean radius, mean smoothness, mean texture, perimeter error, radius error, worst area, worst compactness, worst concave points, worst concavity, worst fractal dimension, worst perimeter, worst radius"
19,Boruta + DODA,20,Logistic Regression,0.9736842105263158,0.9859154929577465,0.9722222222222222,0.9790209790209791,0.9976851851851851,"worst radius, worst perimeter, worst area, worst concavity, worst concave points, mean radius, mean perimeter, mean area, mean concavity, mean concave points, worst compactness, mean compactness, worst texture, worst symmetry, mean texture, radius error, perimeter error, area error, worst smoothness, mean smoothness"
19,Boruta + DODA,20,Random Forest,0.9824561403508771,0.972972972972973,1.0,0.9863013698630136,0.9905753968253969,"worst radius, worst perimeter, worst area, worst concavity, worst concave points, mean radius, mean perimeter, mean area, mean concavity, mean concave points, worst compactness, mean compactness, worst texture, worst symmetry, mean texture, radius error, perimeter error, area error, worst smoothness, mean smoothness"
19,Boruta + DODA,20,XGBoost,0.9912280701754386,0.9863013698630136,1.0,0.993103448275862,0.9973544973544973,"worst radius, worst perimeter, worst area, worst concavity, worst concave points, mean radius, mean perimeter, mean area, mean concavity, mean concave points, worst compactness, mean compactness, worst texture, worst symmetry, mean texture, radius error, perimeter error, area error, worst smoothness, mean smoothness"
20,Boruta,5,Logistic Regression,0.9469026548672567,0.9710144927536232,0.9436619718309859,0.9571428571428572,0.988933601609658,"area error, concavity error, mean area, mean compactness, mean concave points"
20,Boruta,5,Random Forest,0.9380530973451328,0.9705882352941176,0.9295774647887324,0.9496402877697842,0.9862508383635145,"area error, concavity error, mean area, mean compactness, mean concave points"
20,Boruta,5,XGBoost,0.9380530973451328,0.9705882352941176,0.9295774647887324,0.9496402877697842,0.9691482226693494,"area error, concavity error, mean area, mean compactness, mean concave points"
20,Boruta + DODA,5,Logistic Regression,0.9646017699115044,0.9855072463768116,0.9577464788732394,0.9714285714285714,0.9852448021462106,"worst radius, worst perimeter, worst area, worst concavity, worst concave points"
20,Boruta + DODA,5,Random Forest,0.9380530973451328,0.9705882352941176,0.9295774647887324,0.9496402877697842,0.9813883299798792,"worst radius, worst perimeter, worst area, worst concavity, worst concave points"
20,Boruta + DODA,5,XGBoost,0.9646017699115044,0.9855072463768116,0.9577464788732394,0.9714285714285714,0.9760228034875922,"worst radius, worst perimeter, worst area, worst concavity, worst concave points"
20,Boruta,10,Logistic Regression,0.9557522123893806,0.9852941176470589,0.9436619718309859,0.9640287769784173,0.98859825620389,"area error, concavity error, mean area, mean compactness, mean concave points, mean concavity, mean perimeter, mean radius, mean texture, perimeter error"
20,Boruta,10,Random Forest,0.9557522123893806,0.9714285714285714,0.9577464788732394,0.9645390070921985,0.9865861837692824,"area error, concavity error, mean area, mean compactness, mean concave points, mean concavity, mean perimeter, mean radius, mean texture, perimeter error"
20,Boruta,10,XGBoost,0.9557522123893806,0.9714285714285714,0.9577464788732394,0.9645390070921985,0.9912810194500336,"area error, concavity error, mean area, mean compactness, mean concave points, mean concavity, mean perimeter, mean radius, mean texture, perimeter error"
20,Boruta + DODA,10,Logistic Regression,0.9557522123893806,0.9852941176470589,0.9436619718309859,0.9640287769784173,0.9862508383635145,"worst radius, worst perimeter, worst area, worst concavity, worst concave points, mean radius, mean perimeter, mean area, mean concavity, mean concave points"
20,Boruta + DODA,10,Random Forest,0.9557522123893806,0.9714285714285714,0.9577464788732394,0.9645390070921985,0.9812206572769953,"worst radius, worst perimeter, worst area, worst concavity, worst concave points, mean radius, mean perimeter, mean area, mean concavity, mean concave points"
20,Boruta + DODA,10,XGBoost,0.9646017699115044,0.971830985915493,0.971830985915493,0.971830985915493,0.9748490945674044,"worst radius, worst perimeter, worst area, worst concavity, worst concave points, mean radius, mean perimeter, mean area, mean concavity, mean concave points"
20,Boruta,15,Logistic Regression,0.9646017699115044,0.9855072463768116,0.9577464788732394,0.9714285714285714,0.993963782696177,"area error, concavity error, mean area, mean compactness, mean concave points, mean concavity, mean perimeter, mean radius, mean texture, perimeter error, radius error, worst area, worst compactness, worst concave points, worst concavity"
20,Boruta,15,Random Forest,0.9646017699115044,0.9855072463768116,0.9577464788732394,0.9714285714285714,0.9901073105298457,"area error, concavity error, mean area, mean compactness, mean concave points, mean concavity, mean perimeter, mean radius, mean texture, perimeter error, radius error, worst area, worst compactness, worst concave points, worst concavity"
20,Boruta,15,XGBoost,0.9734513274336283,0.9857142857142858,0.971830985915493,0.9787234042553191,0.9919517102615694,"area error, concavity error, mean area, mean compactness, mean concave points, mean concavity, mean perimeter, mean radius, mean texture, perimeter error, radius error, worst area, worst compactness, worst concave points, worst concavity"
20,Boruta + DODA,15,Logistic Regression,0.9646017699115044,0.9855072463768116,0.9577464788732394,0.9714285714285714,0.9875922199865862,"worst radius, worst perimeter, worst area, worst concavity, worst concave points, mean radius, mean perimeter, mean area, mean concavity, mean concave points, worst compactness, mean compactness, worst texture, worst symmetry, mean texture"
20,Boruta + DODA,15,Random Forest,0.9734513274336283,0.9857142857142858,0.971830985915493,0.9787234042553191,0.9815560026827632,"worst radius, worst perimeter, worst area, worst concavity, worst concave points, mean radius, mean perimeter, mean area, mean concavity, mean concave points, worst compactness, mean compactness, worst texture, worst symmetry, mean texture"
20,Boruta + DODA,15,XGBoost,0.9734513274336283,0.9857142857142858,0.971830985915493,0.9787234042553191,0.9808853118712273,"worst radius, worst perimeter, worst area, worst concavity, worst concave points, mean radius, mean perimeter, mean area, mean concavity, mean concave points, worst compactness, mean compactness, worst texture, worst symmetry, mean texture"
20,Boruta,20,Logistic Regression,0.9911504424778761,0.9861111111111112,1.0,0.993006993006993,0.9916163648558014,"area error, concavity error, mean area, mean compactness, mean concave points, mean concavity, mean perimeter, mean radius, mean texture, perimeter error, radius error, worst area, worst compactness, worst concave points, worst concavity, worst fractal dimension, worst perimeter, worst radius, worst smoothness, worst symmetry"
20,Boruta,20,Random Forest,0.9557522123893806,0.9714285714285714,0.9577464788732394,0.9645390070921985,0.9813883299798791,"area error, concavity error, mean area, mean compactness, mean concave points, mean concavity, mean perimeter, mean radius, mean texture, perimeter error, radius error, worst area, worst compactness, worst concave points, worst concavity, worst fractal dimension, worst perimeter, worst radius, worst smoothness, worst symmetry"
20,Boruta,20,XGBoost,0.9646017699115044,0.9855072463768116,0.9577464788732394,0.9714285714285714,0.9909456740442657,"area error, concavity error, mean area, mean compactness, mean concave points, mean concavity, mean perimeter, mean radius, mean texture, perimeter error, radius error, worst area, worst compactness, worst concave points, worst concavity, worst fractal dimension, worst perimeter, worst radius, worst smoothness, worst symmetry"
20,Boruta + DODA,20,Logistic Regression,0.9823008849557522,0.9859154929577465,0.9859154929577465,0.9859154929577465,0.9916163648558014,"worst radius, worst perimeter, worst area, worst concavity, worst concave points, mean radius, mean perimeter, mean area, mean concavity, mean concave points, worst compactness, mean compactness, worst texture, worst symmetry, mean texture, radius error, perimeter error, area error, worst smoothness, concavity error"
20,Boruta + DODA,20,Random Forest,0.9734513274336283,0.9857142857142858,0.971830985915493,0.9787234042553191,0.9889336016096579,"worst radius, worst perimeter, worst area, worst concavity, worst concave points, mean radius, mean perimeter, mean area, mean concavity, mean concave points, worst compactness, mean compactness, worst texture, worst symmetry, mean texture, radius error, perimeter error, area error, worst smoothness, concavity error"
20,Boruta + DODA,20,XGBoost,0.9823008849557522,0.9859154929577465,0.9859154929577465,0.9859154929577465,0.9872568745808182,"worst radius, worst perimeter, worst area, worst concavity, worst concave points, mean radius, mean perimeter, mean area, mean concavity, mean concave points, worst compactness, mean compactness, worst texture, worst symmetry, mean texture, radius error, perimeter error, area error, worst smoothness, concavity error"
21,Boruta,5,Logistic Regression,0.8947368421052632,0.8831168831168831,0.9577464788732394,0.918918918918919,0.9587291188994431,"area error, concave points error, concavity error, mean area, mean compactness"
21,Boruta,5,Random Forest,0.8947368421052632,0.8831168831168831,0.9577464788732394,0.918918918918919,0.9564362921716345,"area error, concave points error, concavity error, mean area, mean compactness"
21,Boruta,5,XGBoost,0.8859649122807017,0.8918918918918919,0.9295774647887324,0.9103448275862069,0.9289223714379299,"area error, concave points error, concavity error, mean area, mean compactness"
21,Boruta + DODA,5,Logistic Regression,0.9122807017543859,0.9178082191780822,0.9436619718309859,0.9305555555555556,0.983950212905339,"worst radius, worst perimeter, worst area, worst concavity, worst concave points"
21,Boruta + DODA,5,Random Forest,0.8947368421052632,0.8933333333333333,0.9436619718309859,0.9178082191780822,0.9580740255486406,"worst radius, worst perimeter, worst area, worst concavity, worst concave points"
21,Boruta + DODA,5,XGBoost,0.8947368421052632,0.8831168831168831,0.9577464788732394,0.918918918918919,0.9672453324598755,"worst radius, worst perimeter, worst area, worst concavity, worst concave points"
21,Boruta,10,Logistic Regression,0.9210526315789473,0.9428571428571428,0.9295774647887324,0.9361702127659575,0.9790370127743203,"area error, concave points error, concavity error, mean area, mean compactness, mean concave points, mean concavity, mean perimeter, mean radius, mean smoothness"
21,Boruta,10,Random Forest,0.9210526315789473,0.9428571428571428,0.9295774647887324,0.9361702127659575,0.96839174582378,"area error, concave points error, concavity error, mean area, mean compactness, mean concave points, mean concavity, mean perimeter, mean radius, mean smoothness"
21,Boruta,10,XGBoost,0.9210526315789473,0.9305555555555556,0.9436619718309859,0.9370629370629371,0.9669177857844743,"area error, concave points error, concavity error, mean area, mean compactness, mean concave points, mean concavity, mean perimeter, mean radius, mean smoothness"
21,Boruta + DODA,10,Logistic Regression,0.9122807017543859,0.9178082191780822,0.9436619718309859,0.9305555555555556,0.9855879462823451,"worst radius, worst perimeter, worst area, worst concavity, worst concave points, mean radius, mean perimeter, mean area, mean concavity, mean concave points"
21,Boruta + DODA,10,Random Forest,0.9210526315789473,0.9078947368421053,0.971830985915493,0.9387755102040817,0.9700294792007861,"worst radius, worst perimeter, worst area, worst concavity, worst concave points, mean radius, mean perimeter, mean area, mean concavity, mean concave points"
21,Boruta + DODA,10,XGBoost,0.9210526315789473,0.9078947368421053,0.971830985915493,0.9387755102040817,0.9715034392400917,"worst radius, worst perimeter, worst area, worst concavity, worst concave points, mean radius, mean perimeter, mean area, mean concavity, mean concave points"
21,Boruta,15,Logistic Regression,0.956140350877193,0.9459459459459459,0.9859154929577465,0.9655172413793104,0.9908286930887652,"area error, concave points error, concavity error, mean area, mean compactness, mean concave points, mean concavity, mean perimeter, mean radius, mean smoothness, mean texture, perimeter error, radius error, worst area, worst compactness"
21,Boruta,15,Random Forest,0.9473684210526315,0.9333333333333333,0.9859154929577465,0.958904109589041,0.973960039305601,"area error, concave points error, concavity error, mean area, mean compactness, mean concave points, mean concavity, mean perimeter, mean radius, mean smoothness, mean texture, perimeter error, radius error, worst area, worst compactness"
21,Boruta,15,XGBoost,0.9385964912280702,0.9210526315789473,0.9859154929577465,0.9523809523809523,0.9865705863085489,"area error, concave points error, concavity error, mean area, mean compactness, mean concave points, mean concavity, mean perimeter, mean radius, mean smoothness, mean texture, perimeter error, radius error, worst area, worst compactness"
21,Boruta + DODA,15,Logistic Regression,0.9736842105263158,0.9722222222222222,0.9859154929577465,0.9790209790209791,0.9957418932197839,"worst radius, worst perimeter, worst area, worst concavity, worst concave points, mean radius, mean perimeter, mean area, mean concavity, mean concave points, worst compactness, mean compactness, worst texture, worst symmetry, mean texture"
21,Boruta + DODA,15,Random Forest,0.9210526315789473,0.918918918918919,0.9577464788732394,0.9379310344827586,0.9857517196200458,"worst radius, worst perimeter, worst area, worst concavity, worst concave points, mean radius, mean perimeter, mean area, mean concavity, mean concave points, worst compactness, mean compactness, worst texture, worst symmetry, mean texture"
21,Boruta + DODA,15,XGBoost,0.9473684210526315,0.9333333333333333,0.9859154929577465,0.958904109589041,0.9921388797903701,"worst radius, worst perimeter, worst area, worst concavity, worst concave points, mean radius, mean perimeter, mean area, mean concavity, mean concave points, worst compactness, mean compactness, worst texture, worst symmetry, mean texture"
21,Boruta,20,Logistic Regression,0.956140350877193,0.9583333333333334,0.971830985915493,0.965034965034965,0.9944317065181788,"area error, concave points error, concavity error, mean area, mean compactness, mean concave points, mean concavity, mean perimeter, mean radius, mean smoothness, mean texture, perimeter error, radius error, worst area, worst compactness, worst concave points, worst concavity, worst fractal dimension, worst perimeter, worst radius"
21,Boruta,20,Random Forest,0.9035087719298246,0.9054054054054054,0.9436619718309859,0.9241379310344827,0.9814936128398296,"area error, concave points error, concavity error, mean area, mean compactness, mean concave points, mean concavity, mean perimeter, mean radius, mean smoothness, mean texture, perimeter error, radius error, worst area, worst compactness, worst concave points, worst concavity, worst fractal dimension, worst perimeter, worst radius"
21,Boruta,20,XGBoost,0.9298245614035088,0.92,0.971830985915493,0.9452054794520548,0.9885358663609565,"area error, concave points error, concavity error, mean area, mean compactness, mean concave points, mean concavity, mean perimeter, mean radius, mean smoothness, mean texture, perimeter error, radius error, worst area, worst compactness, worst concave points, worst concavity, worst fractal dimension, worst perimeter, worst radius"
21,Boruta + DODA,20,Logistic Regression,0.9824561403508771,0.9859154929577465,0.9859154929577465,0.9859154929577465,0.9977071732721913,"worst radius, worst perimeter, worst area, worst concavity, worst concave points, mean radius, mean perimeter, mean area, mean concavity, mean concave points, worst compactness, mean compactness, worst texture, worst symmetry, mean texture, radius error, perimeter error, area error, worst smoothness, mean smoothness"
21,Boruta + DODA,20,Random Forest,0.9473684210526315,0.9452054794520548,0.971830985915493,0.9583333333333334,0.9770717327219129,"worst radius, worst perimeter, worst area, worst concavity, worst concave points, mean radius, mean perimeter, mean area, mean concavity, mean concave points, worst compactness, mean compactness, worst texture, worst symmetry, mean texture, radius error, perimeter error, area error, worst smoothness, mean smoothness"
21,Boruta + DODA,20,XGBoost,0.9473684210526315,0.9333333333333333,0.9859154929577465,0.958904109589041,0.9921388797903702,"worst radius, worst perimeter, worst area, worst concavity, worst concave points, mean radius, mean perimeter, mean area, mean concavity, mean concave points, worst compactness, mean compactness, worst texture, worst symmetry, mean texture, radius error, perimeter error, area error, worst smoothness, mean smoothness"
22,Boruta,5,Logistic Regression,0.9298245614035088,0.9565217391304348,0.9295774647887324,0.9428571428571428,0.9806747461513267,"area error, concave points error, concavity error, mean area, mean compactness"
22,Boruta,5,Random Forest,0.9298245614035088,0.9701492537313433,0.9154929577464789,0.9420289855072463,0.982640026203734,"area error, concave points error, concavity error, mean area, mean compactness"
22,Boruta,5,XGBoost,0.9035087719298246,0.9545454545454546,0.8873239436619719,0.9197080291970803,0.9747789059941041,"area error, concave points error, concavity error, mean area, mean compactness"
22,Boruta + DODA,5,Logistic Regression,0.9473684210526315,0.9850746268656716,0.9295774647887324,0.9565217391304348,0.9836226662299378,"worst radius, worst perimeter, worst area, worst concavity, worst concave points"
22,Boruta + DODA,5,Random Forest,0.9473684210526315,0.9710144927536232,0.9436619718309859,0.9571428571428572,0.9810022928267279,"worst radius, worst perimeter, worst area, worst concavity, worst concave points"
22,Boruta + DODA,5,XGBoost,0.956140350877193,0.9714285714285714,0.9577464788732394,0.9645390070921985,0.9747789059941041,"worst radius, worst perimeter, worst area, worst concavity, worst concave points"
22,Boruta,10,Logistic Regression,0.956140350877193,0.9583333333333334,0.971830985915493,0.965034965034965,0.9908286930887652,"area error, concave points error, concavity error, mean area, mean compactness, mean concave points, mean concavity, mean perimeter, mean radius, mean smoothness"
22,Boruta,10,Random Forest,0.9385964912280702,0.9571428571428572,0.9436619718309859,0.950354609929078,0.9891909597117589,"area error, concave points error, concavity error, mean area, mean compactness, mean concave points, mean concavity, mean perimeter, mean radius, mean smoothness"
22,Boruta,10,XGBoost,0.9473684210526315,0.9577464788732394,0.9577464788732394,0.9577464788732394,0.9819849328529316,"area error, concave points error, concavity error, mean area, mean compactness, mean concave points, mean concavity, mean perimeter, mean radius, mean smoothness"
22,Boruta + DODA,10,Logistic Regression,0.9473684210526315,0.9850746268656716,0.9295774647887324,0.9565217391304348,0.9868981329839502,"worst radius, worst perimeter, worst area, worst concavity, worst concave points, mean radius, mean perimeter, mean area, mean concavity, mean concave points"
22,Boruta + DODA,10,Random Forest,0.956140350877193,0.9714285714285714,0.9577464788732394,0.9645390070921985,0.9810022928267279,"worst radius, worst perimeter, worst area, worst concavity, worst concave points, mean radius, mean perimeter, mean area, mean concavity, mean concave points"
22,Boruta + DODA,10,XGBoost,0.956140350877193,0.9714285714285714,0.9577464788732394,0.9645390070921985,0.9747789059941042,"worst radius, worst perimeter, worst area, worst concavity, worst concave points, mean radius, mean perimeter, mean area, mean concavity, mean concave points"
22,Boruta,15,Logistic Regression,0.956140350877193,0.9714285714285714,0.9577464788732394,0.9645390070921985,0.9901735997379627,"area error, concave points error, concavity error, mean area, mean compactness, mean concave points, mean concavity, mean perimeter, mean radius, mean smoothness, mean texture, perimeter error, radius error, worst area, worst compactness"
22,Boruta,15,Random Forest,0.9649122807017544,0.971830985915493,0.971830985915493,0.971830985915493,0.9824762528660335,"area error, concave points error, concavity error, mean area, mean compactness, mean concave points, mean concavity, mean perimeter, mean radius, mean smoothness, mean texture, perimeter error, radius error, worst area, worst compactness"
22,Boruta,15,XGBoost,0.956140350877193,0.9714285714285714,0.9577464788732394,0.9645390070921985,0.9882083196855552,"area error, concave points error, concavity error, mean area, mean compactness, mean concave points, mean concavity, mean perimeter, mean radius, mean smoothness, mean texture, perimeter error, radius error, worst area, worst compactness"
22,Boruta + DODA,15,Logistic Regression,0.956140350877193,0.9714285714285714,0.9577464788732394,0.9645390070921985,0.9846053062561415,"worst radius, worst perimeter, worst area, worst concavity, worst concave points, mean radius, mean perimeter, mean area, mean concavity, mean concave points, worst compactness, mean compactness, worst texture, worst symmetry, mean texture"
22,Boruta + DODA,15,Random Forest,0.9649122807017544,0.971830985915493,0.971830985915493,0.971830985915493,0.980019652800524,"worst radius, worst perimeter, worst area, worst concavity, worst concave points, mean radius, mean perimeter, mean area, mean concavity, mean concave points, worst compactness, mean compactness, worst texture, worst symmetry, mean texture"
22,Boruta + DODA,15,XGBoost,0.9736842105263158,0.9722222222222222,0.9859154929577465,0.9790209790209791,0.983950212905339,"worst radius, worst perimeter, worst area, worst concavity, worst concave points, mean radius, mean perimeter, mean area, mean concavity, mean concave points, worst compactness, mean compactness, worst texture, worst symmetry, mean texture"
22,Boruta,20,Logistic Regression,0.9649122807017544,0.971830985915493,0.971830985915493,0.971830985915493,0.9908286930887652,"area error, concave points error, concavity error, mean area, mean compactness, mean concave points, mean concavity, mean perimeter, mean radius, mean smoothness, mean texture, perimeter error, radius error, worst area, worst compactness, worst concave points, worst concavity, worst fractal dimension, worst perimeter, worst radius"
22,Boruta,20,Random Forest,0.9649122807017544,0.958904109589041,0.9859154929577465,0.9722222222222222,0.9923026531280708,"area error, concave points error, concavity error, mean area, mean compactness, mean concave points, mean concavity, mean perimeter, mean radius, mean smoothness, mean texture, perimeter error, radius error, worst area, worst compactness, worst concave points, worst concavity, worst fractal dimension, worst perimeter, worst radius"
22,Boruta,20,XGBoost,0.9824561403508771,0.9726027397260274,1.0,0.9861111111111112,0.9872256796593515,"area error, concave points error, concavity error, mean area, mean compactness, mean concave points, mean concavity, mean perimeter, mean radius, mean smoothness, mean texture, perimeter error, radius error, worst area, worst compactness, worst concave points, worst concavity, worst fractal dimension, worst perimeter, worst radius"
22,Boruta + DODA,20,Logistic Regression,0.9649122807017544,0.971830985915493,0.971830985915493,0.971830985915493,0.9872256796593515,"worst radius, worst perimeter, worst area, worst concavity, worst concave points, mean radius, mean perimeter, mean area, mean concavity, mean concave points, worst compactness, mean compactness, worst texture, worst symmetry, mean texture, radius error, perimeter error, area error, worst smoothness, mean smoothness"
22,Boruta + DODA,20,Random Forest,0.9736842105263158,0.9722222222222222,0.9859154929577465,0.9790209790209791,0.9810022928267278,"worst radius, worst perimeter, worst area, worst concavity, worst concave points, mean radius, mean perimeter, mean area, mean concavity, mean concave points, worst compactness, mean compactness, worst texture, worst symmetry, mean texture, radius error, perimeter error, area error, worst smoothness, mean smoothness"
22,Boruta + DODA,20,XGBoost,0.9736842105263158,0.9722222222222222,0.9859154929577465,0.9790209790209791,0.9882083196855551,"worst radius, worst perimeter, worst area, worst concavity, worst concave points, mean radius, mean perimeter, mean area, mean concavity, mean concave points, worst compactness, mean compactness, worst texture, worst symmetry, mean texture, radius error, perimeter error, area error, worst smoothness, mean smoothness"
23,Boruta,5,Logistic Regression,0.9298245614035088,0.9,1.0,0.9473684210526315,0.986441798941799,"area error, concavity error, mean area, mean compactness, mean concave points"
23,Boruta,5,Random Forest,0.9122807017543859,0.9078947368421053,0.9583333333333334,0.9324324324324325,0.9770171957671958,"area error, concavity error, mean area, mean compactness, mean concave points"
23,Boruta,5,XGBoost,0.9298245614035088,0.9210526315789473,0.9722222222222222,0.9459459459459459,0.9742063492063492,"area error, concavity error, mean area, mean compactness, mean concave points"
23,Boruta + DODA,5,Logistic Regression,0.9385964912280702,0.9710144927536232,0.9305555555555556,0.950354609929078,0.982473544973545,"worst radius, worst perimeter, worst area, worst concavity, worst concave points"
23,Boruta + DODA,5,Random Forest,0.9385964912280702,0.9710144927536232,0.9305555555555556,0.950354609929078,0.9781746031746031,"worst radius, worst perimeter, worst area, worst concavity, worst concave points"
23,Boruta + DODA,5,XGBoost,0.9385964912280702,0.9452054794520548,0.9583333333333334,0.9517241379310345,0.9828042328042328,"worst radius, worst perimeter, worst area, worst concavity, worst concave points"
23,Boruta,10,Logistic Regression,0.9122807017543859,0.8974358974358975,0.9722222222222222,0.9333333333333333,0.9897486772486772,"area error, concavity error, mean area, mean compactness, mean concave points, mean concavity, mean perimeter, mean radius, mean smoothness, mean texture"
23,Boruta,10,Random Forest,0.9298245614035088,0.9102564102564102,0.9861111111111112,0.9466666666666667,0.9834656084656084,"area error, concavity error, mean area, mean compactness, mean concave points, mean concavity, mean perimeter, mean radius, mean smoothness, mean texture"
23,Boruta,10,XGBoost,0.9298245614035088,0.9324324324324325,0.9583333333333334,0.9452054794520548,0.9907407407407407,"area error, concavity error, mean area, mean compactness, mean concave points, mean concavity, mean perimeter, mean radius, mean smoothness, mean texture"
23,Boruta + DODA,10,Logistic Regression,0.9649122807017544,0.9722222222222222,0.9722222222222222,0.9722222222222222,0.9801587301587302,"worst radius, worst perimeter, worst area, worst concavity, worst concave points, mean radius, mean perimeter, mean area, mean concavity, mean concave points"
23,Boruta + DODA,10,Random Forest,0.956140350877193,0.935064935064935,1.0,0.9664429530201343,0.984457671957672,"worst radius, worst perimeter, worst area, worst concavity, worst concave points, mean radius, mean perimeter, mean area, mean concavity, mean concave points"
23,Boruta + DODA,10,XGBoost,0.9385964912280702,0.9333333333333333,0.9722222222222222,0.9523809523809523,0.9785052910052909,"worst radius, worst perimeter, worst area, worst concavity, worst concave points, mean radius, mean perimeter, mean area, mean concavity, mean concave points"
23,Boruta,15,Logistic Regression,0.9473684210526315,0.9714285714285714,0.9444444444444444,0.9577464788732394,0.9940476190476191,"area error, concavity error, mean area, mean compactness, mean concave points, mean concavity, mean perimeter, mean radius, mean smoothness, mean texture, perimeter error, radius error, worst area, worst compactness, worst concave points"
23,Boruta,15,Random Forest,0.9385964912280702,0.922077922077922,0.9861111111111112,0.9530201342281879,0.9912367724867726,"area error, concavity error, mean area, mean compactness, mean concave points, mean concavity, mean perimeter, mean radius, mean smoothness, mean texture, perimeter error, radius error, worst area, worst compactness, worst concave points"
23,Boruta,15,XGBoost,0.956140350877193,0.9466666666666667,0.9861111111111112,0.9659863945578231,0.9947089947089948,"area error, concavity error, mean area, mean compactness, mean concave points, mean concavity, mean perimeter, mean radius, mean smoothness, mean texture, perimeter error, radius error, worst area, worst compactness, worst concave points"
23,Boruta + DODA,15,Logistic Regression,0.9298245614035088,0.9571428571428572,0.9305555555555556,0.9436619718309859,0.9808201058201059,"worst radius, worst perimeter, worst area, worst concavity, worst concave points, mean radius, mean perimeter, mean area, mean concavity, mean concave points, worst compactness, mean compactness, worst texture, worst symmetry, mean texture"
23,Boruta + DODA,15,Random Forest,0.9736842105263158,0.96,1.0,0.9795918367346939,0.9952050264550264,"worst radius, worst perimeter, worst area, worst concavity, worst concave points, mean radius, mean perimeter, mean area, mean concavity, mean concave points, worst compactness, mean compactness, worst texture, worst symmetry, mean texture"
23,Boruta + DODA,15,XGBoost,0.9649122807017544,0.9473684210526315,1.0,0.972972972972973,0.9923941798941799,"worst radius, worst perimeter, worst area, worst concavity, worst concave points, mean radius, mean perimeter, mean area, mean concavity, mean concave points, worst compactness, mean compactness, worst texture, worst symmetry, mean texture"
23,Boruta,20,Logistic Regression,0.9736842105263158,0.9859154929577465,0.9722222222222222,0.9790209790209791,0.996031746031746,"area error, concavity error, mean area, mean compactness, mean concave points, mean concavity, mean perimeter, mean radius, mean smoothness, mean texture, perimeter error, radius error, worst area, worst compactness, worst concave points, worst concavity, worst fractal dimension, worst perimeter, worst radius, worst smoothness"
23,Boruta,20,Random Forest,0.9473684210526315,0.9230769230769231,1.0,0.96,0.9945436507936508,"area error, concavity error, mean area, mean compactness, mean concave points, mean concavity, mean perimeter, mean radius, mean smoothness, mean texture, perimeter error, radius error, worst area, worst compactness, worst concave points, worst concavity, worst fractal dimension, worst perimeter, worst radius, worst smoothness"
23,Boruta,20,XGBoost,0.9736842105263158,0.96,1.0,0.9795918367346939,0.9957010582010583,"area error, concavity error, mean area, mean compactness, mean concave points, mean concavity, mean perimeter, mean radius, mean smoothness, mean texture, perimeter error, radius error, worst area, worst compactness, worst concave points, worst concavity, worst fractal dimension, worst perimeter, worst radius, worst smoothness"
23,Boruta + DODA,20,Logistic Regression,0.956140350877193,0.971830985915493,0.9583333333333334,0.965034965034965,0.9910714285714286,"worst radius, worst perimeter, worst area, worst concavity, worst concave points, mean radius, mean perimeter, mean area, mean concavity, mean concave points, worst compactness, mean compactness, worst texture, worst symmetry, mean texture, radius error, perimeter error, area error, worst smoothness, mean smoothness"
23,Boruta + DODA,20,Random Forest,0.9649122807017544,0.9594594594594594,0.9861111111111112,0.9726027397260274,0.9976851851851851,"worst radius, worst perimeter, worst area, worst concavity, worst concave points, mean radius, mean perimeter, mean area, mean concavity, mean concave points, worst compactness, mean compactness, worst texture, worst symmetry, mean texture, radius error, perimeter error, area error, worst smoothness, mean smoothness"
23,Boruta + DODA,20,XGBoost,0.956140350877193,0.9466666666666667,0.9861111111111112,0.9659863945578231,0.9957010582010581,"worst radius, worst perimeter, worst area, worst concavity, worst concave points, mean radius, mean perimeter, mean area, mean concavity, mean concave points, worst compactness, mean compactness, worst texture, worst symmetry, mean texture, radius error, perimeter error, area error, worst smoothness, mean smoothness"
24,Boruta,5,Logistic Regression,0.8859649122807017,0.927536231884058,0.8888888888888888,0.9078014184397163,0.9616402116402116,"area error, concave points error, concavity error, mean area, mean compactness"
24,Boruta,5,Random Forest,0.8859649122807017,0.927536231884058,0.8888888888888888,0.9078014184397163,0.9555224867724867,"area error, concave points error, concavity error, mean area, mean compactness"
24,Boruta,5,XGBoost,0.868421052631579,0.9253731343283582,0.8611111111111112,0.8920863309352518,0.9332010582010583,"area error, concave points error, concavity error, mean area, mean compactness"
24,Boruta + DODA,5,Logistic Regression,0.9385964912280702,0.9850746268656716,0.9166666666666666,0.9496402877697842,0.9930555555555556,"worst radius, worst perimeter, worst area, worst concavity, worst concave points"
24,Boruta + DODA,5,Random Forest,0.956140350877193,0.971830985915493,0.9583333333333334,0.965034965034965,0.9905753968253969,"worst radius, worst perimeter, worst area, worst concavity, worst concave points"
24,Boruta + DODA,5,XGBoost,0.956140350877193,0.971830985915493,0.9583333333333334,0.965034965034965,0.9871031746031745,"worst radius, worst perimeter, worst area, worst concavity, worst concave points"
24,Boruta,10,Logistic Regression,0.9035087719298246,0.9692307692307692,0.875,0.9197080291970803,0.9755291005291005,"area error, concave points error, concavity error, mean area, mean compactness, mean concave points, mean concavity, mean perimeter, mean radius, mean smoothness"
24,Boruta,10,Random Forest,0.9035087719298246,0.9692307692307692,0.875,0.9197080291970803,0.9608134920634921,"area error, concave points error, concavity error, mean area, mean compactness, mean concave points, mean concavity, mean perimeter, mean radius, mean smoothness"
24,Boruta,10,XGBoost,0.9122807017543859,0.9696969696969697,0.8888888888888888,0.927536231884058,0.9722222222222222,"area error, concave points error, concavity error, mean area, mean compactness, mean concave points, mean concavity, mean perimeter, mean radius, mean smoothness"
24,Boruta + DODA,10,Logistic Regression,0.9210526315789473,0.9846153846153847,0.8888888888888888,0.9343065693430657,0.9907407407407407,"worst radius, worst perimeter, worst area, worst concavity, worst concave points, mean radius, mean perimeter, mean area, mean concavity, mean concave points"
24,Boruta + DODA,10,Random Forest,0.9298245614035088,0.9848484848484849,0.9027777777777778,0.9420289855072463,0.9914021164021164,"worst radius, worst perimeter, worst area, worst concavity, worst concave points, mean radius, mean perimeter, mean area, mean concavity, mean concave points"
24,Boruta + DODA,10,XGBoost,0.9385964912280702,0.9850746268656716,0.9166666666666666,0.9496402877697842,0.9894179894179893,"worst radius, worst perimeter, worst area, worst concavity, worst concave points, mean radius, mean perimeter, mean area, mean concavity, mean concave points"
24,Boruta,15,Logistic Regression,0.9649122807017544,0.9857142857142858,0.9583333333333334,0.971830985915493,0.9947089947089947,"area error, concave points error, concavity error, mean area, mean compactness, mean concave points, mean concavity, mean perimeter, mean radius, mean smoothness, mean texture, perimeter error, radius error, worst area, worst compactness"
24,Boruta,15,Random Forest,0.9035087719298246,0.9552238805970149,0.8888888888888888,0.920863309352518,0.9852843915343916,"area error, concave points error, concavity error, mean area, mean compactness, mean concave points, mean concavity, mean perimeter, mean radius, mean smoothness, mean texture, perimeter error, radius error, worst area, worst compactness"
24,Boruta,15,XGBoost,0.9473684210526315,0.9852941176470589,0.9305555555555556,0.9571428571428572,0.9950396825396826,"area error, concave points error, concavity error, mean area, mean compactness, mean concave points, mean concavity, mean perimeter, mean radius, mean smoothness, mean texture, perimeter error, radius error, worst area, worst compactness"
24,Boruta + DODA,15,Logistic Regression,0.9736842105263158,0.9859154929577465,0.9722222222222222,0.9790209790209791,0.9983465608465608,"worst radius, worst perimeter, worst area, worst concavity, worst concave points, mean radius, mean perimeter, mean area, mean concavity, mean concave points, worst compactness, mean compactness, worst texture, worst symmetry, mean texture"
24,Boruta + DODA,15,Random Forest,0.9473684210526315,0.9852941176470589,0.9305555555555556,0.9571428571428572,0.9966931216931216,"worst radius, worst perimeter, worst area, worst concavity, worst concave points, mean radius, mean perimeter, mean area, mean concavity, mean concave points, worst compactness, mean compactness, worst texture, worst symmetry, mean texture"
24,Boruta + DODA,15,XGBoost,0.9385964912280702,0.9850746268656716,0.9166666666666666,0.9496402877697842,0.9940476190476191,"worst radius, worst perimeter, worst area, worst concavity, worst concave points, mean radius, mean perimeter, mean area, mean concavity, mean concave points, worst compactness, mean compactness, worst texture, worst symmetry, mean texture"
24,Boruta,20,Logistic Regression,0.9912280701754386,0.9863013698630136,1.0,0.993103448275862,0.9957010582010581,"area error, concave points error, concavity error, mean area, mean compactness, mean concave points, mean concavity, mean perimeter, mean radius, mean smoothness, mean texture, perimeter error, radius error, worst area, worst compactness, worst concave points, worst concavity, worst fractal dimension, worst perimeter, worst radius"
24,Boruta,20,Random Forest,0.9298245614035088,0.9848484848484849,0.9027777777777778,0.9420289855072463,0.9925595238095238,"area error, concave points error, concavity error, mean area, mean compactness, mean concave points, mean concavity, mean perimeter, mean radius, mean smoothness, mean texture, perimeter error, radius error, worst area, worst compactness, worst concave points, worst concavity, worst fractal dimension, worst perimeter, worst radius"
24,Boruta,20,XGBoost,0.9473684210526315,0.9852941176470589,0.9305555555555556,0.9571428571428572,0.9953703703703703,"area error, concave points error, concavity error, mean area, mean compactness, mean concave points, mean concavity, mean perimeter, mean radius, mean smoothness, mean texture, perimeter error, radius error, worst area, worst compactness, worst concave points, worst concavity, worst fractal dimension, worst perimeter, worst radius"
24,Boruta + DODA,20,Logistic Regression,0.9912280701754386,0.9863013698630136,1.0,0.993103448275862,0.9963624338624338,"worst radius, worst perimeter, worst area, worst concavity, worst concave points, mean radius, mean perimeter, mean area, mean concavity, mean concave points, worst compactness, mean compactness, worst texture, worst symmetry, mean texture, radius error, perimeter error, area error, worst smoothness, mean smoothness"
24,Boruta + DODA,20,Random Forest,0.9298245614035088,0.9848484848484849,0.9027777777777778,0.9420289855072463,0.9940476190476191,"worst radius, worst perimeter, worst area, worst concavity, worst concave points, mean radius, mean perimeter, mean area, mean concavity, mean concave points, worst compactness, mean compactness, worst texture, worst symmetry, mean texture, radius error, perimeter error, area error, worst smoothness, mean smoothness"
24,Boruta + DODA,20,XGBoost,0.9473684210526315,0.9852941176470589,0.9305555555555556,0.9571428571428572,0.9937169312169312,"worst radius, worst perimeter, worst area, worst concavity, worst concave points, mean radius, mean perimeter, mean area, mean concavity, mean concave points, worst compactness, mean compactness, worst texture, worst symmetry, mean texture, radius error, perimeter error, area error, worst smoothness, mean smoothness"
25,Boruta,5,Logistic Regression,0.9292035398230089,0.9565217391304348,0.9295774647887324,0.9428571428571428,0.9852448021462106,"area error, concavity error, mean area, mean compactness, mean concave points"
25,Boruta,5,Random Forest,0.9646017699115044,0.9855072463768116,0.9577464788732394,0.9714285714285714,0.9862508383635145,"area error, concavity error, mean area, mean compactness, mean concave points"
25,Boruta,5,XGBoost,0.9557522123893806,0.9714285714285714,0.9577464788732394,0.9645390070921985,0.9849094567404426,"area error, concavity error, mean area, mean compactness, mean concave points"
25,Boruta + DODA,5,Logistic Regression,0.9469026548672567,0.9850746268656716,0.9295774647887324,0.9565217391304348,0.9949698189134809,"worst radius, worst perimeter, worst area, worst concavity, worst concave points"
25,Boruta + DODA,5,Random Forest,0.9380530973451328,0.9848484848484849,0.9154929577464789,0.948905109489051,0.994299128101945,"worst radius, worst perimeter, worst area, worst concavity, worst concave points"
25,Boruta + DODA,5,XGBoost,0.9380530973451328,0.9848484848484849,0.9154929577464789,0.948905109489051,0.9936284372904092,"worst radius, worst perimeter, worst area, worst concavity, worst concave points"
25,Boruta,10,Logistic Regression,0.9292035398230089,0.9565217391304348,0.9295774647887324,0.9428571428571428,0.9926224010731053,"area error, concavity error, mean area, mean compactness, mean concave points, mean concavity, mean perimeter, mean radius, mean texture, perimeter error"
25,Boruta,10,Random Forest,0.9557522123893806,0.9852941176470589,0.9436619718309859,0.9640287769784173,0.9922870556673373,"area error, concavity error, mean area, mean compactness, mean concave points, mean concavity, mean perimeter, mean radius, mean texture, perimeter error"
25,Boruta,10,XGBoost,0.9734513274336283,0.9857142857142858,0.971830985915493,0.9787234042553191,0.9966465459423206,"area error, concavity error, mean area, mean compactness, mean concave points, mean concavity, mean perimeter, mean radius, mean texture, perimeter error"
25,Boruta + DODA,10,Logistic Regression,0.9557522123893806,0.9852941176470589,0.9436619718309859,0.9640287769784173,0.9942991281019451,"worst radius, worst perimeter, worst area, worst concavity, worst concave points, mean radius, mean perimeter, mean area, mean concavity, mean concave points"
25,Boruta + DODA,10,Random Forest,0.9646017699115044,0.9855072463768116,0.9577464788732394,0.9714285714285714,0.994466800804829,"worst radius, worst perimeter, worst area, worst concavity, worst concave points, mean radius, mean perimeter, mean area, mean concavity, mean concave points"
25,Boruta + DODA,10,XGBoost,0.9557522123893806,0.9852941176470589,0.9436619718309859,0.9640287769784173,0.9973172367538565,"worst radius, worst perimeter, worst area, worst concavity, worst concave points, mean radius, mean perimeter, mean area, mean concavity, mean concave points"
25,Boruta,15,Logistic Regression,0.9823008849557522,0.9726027397260274,1.0,0.9861111111111112,0.9966465459423205,"area error, concavity error, mean area, mean compactness, mean concave points, mean concavity, mean perimeter, mean radius, mean texture, perimeter error, radius error, worst area, worst compactness, worst concave points, worst concavity"
25,Boruta,15,Random Forest,0.9557522123893806,0.9852941176470589,0.9436619718309859,0.9640287769784173,0.9963112005365526,"area error, concavity error, mean area, mean compactness, mean concave points, mean concavity, mean perimeter, mean radius, mean texture, perimeter error, radius error, worst area, worst compactness, worst concave points, worst concavity"
25,Boruta,15,XGBoost,0.9734513274336283,1.0,0.9577464788732394,0.9784172661870504,0.9966465459423206,"area error, concavity error, mean area, mean compactness, mean concave points, mean concavity, mean perimeter, mean radius, mean texture, perimeter error, radius error, worst area, worst compactness, worst concave points, worst concavity"
25,Boruta + DODA,15,Logistic Regression,0.9823008849557522,1.0,0.971830985915493,0.9857142857142858,1.0,"worst radius, worst perimeter, worst area, worst concavity, worst concave points, mean radius, mean perimeter, mean area, mean concavity, mean concave points, worst compactness, mean compactness, worst texture, worst symmetry, mean texture"
25,Boruta + DODA,15,Random Forest,0.9734513274336283,0.9857142857142858,0.971830985915493,0.9787234042553191,0.9986586183769283,"worst radius, worst perimeter, worst area, worst concavity, worst concave points, mean radius, mean perimeter, mean area, mean concavity, mean concave points, worst compactness, mean compactness, worst texture, worst symmetry, mean texture"
25,Boruta + DODA,15,XGBoost,0.9823008849557522,1.0,0.971830985915493,0.9857142857142858,0.9993293091884642,"worst radius, worst perimeter, worst area, worst concavity, worst concave points, mean radius, mean perimeter, mean area, mean concavity, mean concave points, worst compactness, mean compactness, worst texture, worst symmetry, mean texture"
25,Boruta,20,Logistic Regression,1.0,1.0,1.0,1.0,1.0,"area error, concavity error, mean area, mean compactness, mean concave points, mean concavity, mean perimeter, mean radius, mean texture, perimeter error, radius error, worst area, worst compactness, worst concave points, worst concavity, worst fractal dimension, worst perimeter, worst radius, worst smoothness, worst symmetry"
25,Boruta,20,Random Forest,0.9734513274336283,0.9857142857142858,0.971830985915493,0.9787234042553191,0.9989939637826962,"area error, concavity error, mean area, mean compactness, mean concave points, mean concavity, mean perimeter, mean radius, mean texture, perimeter error, radius error, worst area, worst compactness, worst concave points, worst concavity, worst fractal dimension, worst perimeter, worst radius, worst smoothness, worst symmetry"
25,Boruta,20,XGBoost,0.9734513274336283,1.0,0.9577464788732394,0.9784172661870504,0.9989939637826961,"area error, concavity error, mean area, mean compactness, mean concave points, mean concavity, mean perimeter, mean radius, mean texture, perimeter error, radius error, worst area, worst compactness, worst concave points, worst concavity, worst fractal dimension, worst perimeter, worst radius, worst smoothness, worst symmetry"
25,Boruta + DODA,20,Logistic Regression,0.9911504424778761,1.0,0.9859154929577465,0.9929078014184397,1.0,"worst radius, worst perimeter, worst area, worst concavity, worst concave points, mean radius, mean perimeter, mean area, mean concavity, mean concave points, worst compactness, mean compactness, worst texture, worst symmetry, mean texture, radius error, perimeter error, area error, worst smoothness, concavity error"
25,Boruta + DODA,20,Random Forest,0.9823008849557522,1.0,0.971830985915493,0.9857142857142858,0.9996646545942321,"worst radius, worst perimeter, worst area, worst concavity, worst concave points, mean radius, mean perimeter, mean area, mean concavity, mean concave points, worst compactness, mean compactness, worst texture, worst symmetry, mean texture, radius error, perimeter error, area error, worst smoothness, concavity error"
25,Boruta + DODA,20,XGBoost,0.9823008849557522,1.0,0.971830985915493,0.9857142857142858,0.9993293091884641,"worst radius, worst perimeter, worst area, worst concavity, worst concave points, mean radius, mean perimeter, mean area, mean concavity, mean concave points, worst compactness, mean compactness, worst texture, worst symmetry, mean texture, radius error, perimeter error, area error, worst smoothness, concavity error"
