Run,Method,Top_K,Model,Accuracy,Precision,Recall,F1,ROC_AUC,Selected_Features
1,LASSO,5,Logistic Regression,0.9473684210526315,0.9850746268656716,0.9295774647887324,0.9565217391304348,0.9957418932197839,"worst radius, worst concave points, worst texture, radius error, mean concave points"
1,LASSO,5,Random Forest,0.956140350877193,0.9852941176470589,0.9436619718309859,0.9640287769784173,0.9970520799213889,"worst radius, worst concave points, worst texture, radius error, mean concave points"
1,LASSO,5,XGBoost,0.9473684210526315,0.9710144927536232,0.9436619718309859,0.9571428571428572,0.9954143465443825,"worst radius, worst concave points, worst texture, radius error, mean concave points"
1,LASSO + DODA,5,Logistic Regression,0.9473684210526315,0.9850746268656716,0.9295774647887324,0.9565217391304348,0.9957418932197839,"worst radius, worst concave points, worst texture, mean concave points, radius error"
1,LASSO + DODA,5,Random Forest,0.956140350877193,0.9852941176470589,0.9436619718309859,0.9640287769784173,0.9962332132328857,"worst radius, worst concave points, worst texture, mean concave points, radius error"
1,LASSO + DODA,5,XGBoost,0.9473684210526315,0.9710144927536232,0.9436619718309859,0.9571428571428572,0.9954143465443825,"worst radius, worst concave points, worst texture, mean concave points, radius error"
1,LASSO,10,Logistic Regression,0.956140350877193,0.9714285714285714,0.9577464788732394,0.9645390070921985,0.9944317065181788,"worst radius, worst concave points, worst texture, radius error, mean concave points, worst smoothness, worst symmetry, area error, compactness error, concave points error"
1,LASSO,10,Random Forest,0.956140350877193,1.0,0.9295774647887324,0.9635036496350365,0.9983622666229938,"worst radius, worst concave points, worst texture, radius error, mean concave points, worst smoothness, worst symmetry, area error, compactness error, concave points error"
1,LASSO,10,XGBoost,0.9649122807017544,0.9855072463768116,0.9577464788732394,0.9714285714285714,0.9980347199475926,"worst radius, worst concave points, worst texture, radius error, mean concave points, worst smoothness, worst symmetry, area error, compactness error, concave points error"
1,LASSO + DODA,10,Logistic Regression,0.956140350877193,0.9852941176470589,0.9436619718309859,0.9640287769784173,0.998689813298395,"worst radius, worst concave points, worst texture, mean concave points, radius error, worst symmetry, worst smoothness, mean radius, mean texture, mean perimeter"
1,LASSO + DODA,10,Random Forest,0.9385964912280702,0.9848484848484849,0.9154929577464789,0.948905109489051,0.996069439895185,"worst radius, worst concave points, worst texture, mean concave points, radius error, worst symmetry, worst smoothness, mean radius, mean texture, mean perimeter"
1,LASSO + DODA,10,XGBoost,0.956140350877193,0.9714285714285714,0.9577464788732394,0.9645390070921985,0.9967245332459876,"worst radius, worst concave points, worst texture, mean concave points, radius error, worst symmetry, worst smoothness, mean radius, mean texture, mean perimeter"
1,LASSO,15,Logistic Regression,0.9473684210526315,0.9710144927536232,0.9436619718309859,0.9571428571428572,0.996069439895185,"worst radius, worst concave points, worst texture, radius error, mean concave points, worst smoothness, worst symmetry, area error, compactness error, concave points error, concavity error, fractal dimension error, mean area, mean compactness, mean concavity"
1,LASSO,15,Random Forest,0.956140350877193,0.9852941176470589,0.9436619718309859,0.9640287769784173,0.9978709466098918,"worst radius, worst concave points, worst texture, radius error, mean concave points, worst smoothness, worst symmetry, area error, compactness error, concave points error, concavity error, fractal dimension error, mean area, mean compactness, mean concavity"
1,LASSO,15,XGBoost,0.9649122807017544,0.9855072463768116,0.9577464788732394,0.9714285714285714,0.998689813298395,"worst radius, worst concave points, worst texture, radius error, mean concave points, worst smoothness, worst symmetry, area error, compactness error, concave points error, concavity error, fractal dimension error, mean area, mean compactness, mean concavity"
1,LASSO + DODA,15,Logistic Regression,0.9649122807017544,1.0,0.9436619718309859,0.9710144927536232,0.998689813298395,"worst radius, worst concave points, worst texture, mean concave points, radius error, worst symmetry, worst smoothness, mean radius, mean texture, mean perimeter, mean area, mean smoothness, mean compactness, mean concavity, mean symmetry"
1,LASSO + DODA,15,Random Forest,0.9649122807017544,0.9855072463768116,0.9577464788732394,0.9714285714285714,0.9970520799213888,"worst radius, worst concave points, worst texture, mean concave points, radius error, worst symmetry, worst smoothness, mean radius, mean texture, mean perimeter, mean area, mean smoothness, mean compactness, mean concavity, mean symmetry"
1,LASSO + DODA,15,XGBoost,0.956140350877193,0.9852941176470589,0.9436619718309859,0.9640287769784173,0.9970520799213888,"worst radius, worst concave points, worst texture, mean concave points, radius error, worst symmetry, worst smoothness, mean radius, mean texture, mean perimeter, mean area, mean smoothness, mean compactness, mean concavity, mean symmetry"
1,LASSO,20,Logistic Regression,0.956140350877193,0.9852941176470589,0.9436619718309859,0.9640287769784173,0.99737962659679,"worst radius, worst concave points, worst texture, radius error, mean concave points, worst smoothness, worst symmetry, area error, compactness error, concave points error, concavity error, fractal dimension error, mean area, mean compactness, mean concavity, mean fractal dimension, mean perimeter, mean radius, mean smoothness, mean symmetry"
1,LASSO,20,Random Forest,0.956140350877193,1.0,0.9295774647887324,0.9635036496350365,0.9977071732721914,"worst radius, worst concave points, worst texture, radius error, mean concave points, worst smoothness, worst symmetry, area error, compactness error, concave points error, concavity error, fractal dimension error, mean area, mean compactness, mean concavity, mean fractal dimension, mean perimeter, mean radius, mean smoothness, mean symmetry"
1,LASSO,20,XGBoost,0.9649122807017544,0.9855072463768116,0.9577464788732394,0.9714285714285714,0.9983622666229939,"worst radius, worst concave points, worst texture, radius error, mean concave points, worst smoothness, worst symmetry, area error, compactness error, concave points error, concavity error, fractal dimension error, mean area, mean compactness, mean concavity, mean fractal dimension, mean perimeter, mean radius, mean smoothness, mean symmetry"
1,LASSO + DODA,20,Logistic Regression,0.956140350877193,0.9852941176470589,0.9436619718309859,0.9640287769784173,0.9937766131673764,"worst radius, worst concave points, worst texture, mean concave points, radius error, worst symmetry, worst smoothness, mean radius, mean texture, mean perimeter, mean area, mean smoothness, mean compactness, mean concavity, mean symmetry, mean fractal dimension, texture error, perimeter error, area error, smoothness error"
1,LASSO + DODA,20,Random Forest,0.9649122807017544,1.0,0.9436619718309859,0.9710144927536232,0.9980347199475925,"worst radius, worst concave points, worst texture, mean concave points, radius error, worst symmetry, worst smoothness, mean radius, mean texture, mean perimeter, mean area, mean smoothness, mean compactness, mean concavity, mean symmetry, mean fractal dimension, texture error, perimeter error, area error, smoothness error"
1,LASSO + DODA,20,XGBoost,0.9736842105263158,1.0,0.9577464788732394,0.9784172661870504,0.998689813298395,"worst radius, worst concave points, worst texture, mean concave points, radius error, worst symmetry, worst smoothness, mean radius, mean texture, mean perimeter, mean area, mean smoothness, mean compactness, mean concavity, mean symmetry, mean fractal dimension, texture error, perimeter error, area error, smoothness error"
2,LASSO,5,Logistic Regression,0.956140350877193,0.9459459459459459,0.9859154929577465,0.9655172413793104,0.986570586308549,"worst radius, worst concave points, worst texture, mean concave points, worst smoothness"
2,LASSO,5,Random Forest,0.9473684210526315,0.9452054794520548,0.971830985915493,0.9583333333333334,0.975761546020308,"worst radius, worst concave points, worst texture, mean concave points, worst smoothness"
2,LASSO,5,XGBoost,0.9649122807017544,0.958904109589041,0.9859154929577465,0.9722222222222222,0.9862430396331477,"worst radius, worst concave points, worst texture, mean concave points, worst smoothness"
2,LASSO + DODA,5,Logistic Regression,0.956140350877193,0.9459459459459459,0.9859154929577465,0.9655172413793104,0.986570586308549,"worst radius, worst concave points, mean concave points, worst texture, worst smoothness"
2,LASSO + DODA,5,Random Forest,0.956140350877193,0.9583333333333334,0.971830985915493,0.965034965034965,0.9788732394366197,"worst radius, worst concave points, mean concave points, worst texture, worst smoothness"
2,LASSO + DODA,5,XGBoost,0.9649122807017544,0.958904109589041,0.9859154929577465,0.9722222222222222,0.9862430396331477,"worst radius, worst concave points, mean concave points, worst texture, worst smoothness"
2,LASSO,10,Logistic Regression,0.9649122807017544,0.958904109589041,0.9859154929577465,0.9722222222222222,0.9980347199475925,"worst radius, worst concave points, worst texture, mean concave points, worst smoothness, radius error, worst symmetry, worst concavity, area error, compactness error"
2,LASSO,10,Random Forest,0.9473684210526315,0.9577464788732394,0.9577464788732394,0.9577464788732394,0.9901735997379628,"worst radius, worst concave points, worst texture, mean concave points, worst smoothness, radius error, worst symmetry, worst concavity, area error, compactness error"
2,LASSO,10,XGBoost,0.9736842105263158,0.9722222222222222,0.9859154929577465,0.9790209790209791,0.99475925319358,"worst radius, worst concave points, worst texture, mean concave points, worst smoothness, radius error, worst symmetry, worst concavity, area error, compactness error"
2,LASSO + DODA,10,Logistic Regression,0.9649122807017544,0.958904109589041,0.9859154929577465,0.9722222222222222,0.9970520799213888,"worst radius, worst concave points, mean concave points, worst texture, worst smoothness, radius error, worst concavity, worst symmetry, mean radius, mean texture"
2,LASSO + DODA,10,Random Forest,0.9649122807017544,0.971830985915493,0.971830985915493,0.971830985915493,0.9810022928267278,"worst radius, worst concave points, mean concave points, worst texture, worst smoothness, radius error, worst concavity, worst symmetry, mean radius, mean texture"
2,LASSO + DODA,10,XGBoost,0.956140350877193,0.9459459459459459,0.9859154929577465,0.9655172413793104,0.9918113331149688,"worst radius, worst concave points, mean concave points, worst texture, worst smoothness, radius error, worst concavity, worst symmetry, mean radius, mean texture"
2,LASSO,15,Logistic Regression,0.9649122807017544,0.971830985915493,0.971830985915493,0.971830985915493,0.9963969865705863,"worst radius, worst concave points, worst texture, mean concave points, worst smoothness, radius error, worst symmetry, worst concavity, area error, compactness error, concave points error, concavity error, fractal dimension error, mean area, mean compactness"
2,LASSO,15,Random Forest,0.9649122807017544,0.971830985915493,0.971830985915493,0.971830985915493,0.9883720930232558,"worst radius, worst concave points, worst texture, mean concave points, worst smoothness, radius error, worst symmetry, worst concavity, area error, compactness error, concave points error, concavity error, fractal dimension error, mean area, mean compactness"
2,LASSO,15,XGBoost,0.9824561403508771,0.9859154929577465,0.9859154929577465,0.9859154929577465,0.99475925319358,"worst radius, worst concave points, worst texture, mean concave points, worst smoothness, radius error, worst symmetry, worst concavity, area error, compactness error, concave points error, concavity error, fractal dimension error, mean area, mean compactness"
2,LASSO + DODA,15,Logistic Regression,0.9649122807017544,0.958904109589041,0.9859154929577465,0.9722222222222222,0.9963969865705863,"worst radius, worst concave points, mean concave points, worst texture, worst smoothness, radius error, worst concavity, worst symmetry, mean radius, mean texture, mean perimeter, mean area, mean smoothness, mean compactness, mean concavity"
2,LASSO + DODA,15,Random Forest,0.9473684210526315,0.9452054794520548,0.971830985915493,0.9583333333333334,0.987880773010154,"worst radius, worst concave points, mean concave points, worst texture, worst smoothness, radius error, worst concavity, worst symmetry, mean radius, mean texture, mean perimeter, mean area, mean smoothness, mean compactness, mean concavity"
2,LASSO + DODA,15,XGBoost,0.9736842105263158,0.9722222222222222,0.9859154929577465,0.9790209790209791,0.9957418932197838,"worst radius, worst concave points, mean concave points, worst texture, worst smoothness, radius error, worst concavity, worst symmetry, mean radius, mean texture, mean perimeter, mean area, mean smoothness, mean compactness, mean concavity"
2,LASSO,20,Logistic Regression,0.9649122807017544,0.971830985915493,0.971830985915493,0.971830985915493,0.9977071732721913,"worst radius, worst concave points, worst texture, mean concave points, worst smoothness, radius error, worst symmetry, worst concavity, area error, compactness error, concave points error, concavity error, fractal dimension error, mean area, mean compactness, mean concavity, mean fractal dimension, mean perimeter, mean radius, mean smoothness"
2,LASSO,20,Random Forest,0.9385964912280702,0.9324324324324325,0.971830985915493,0.9517241379310345,0.9890271863740583,"worst radius, worst concave points, worst texture, mean concave points, worst smoothness, radius error, worst symmetry, worst concavity, area error, compactness error, concave points error, concavity error, fractal dimension error, mean area, mean compactness, mean concavity, mean fractal dimension, mean perimeter, mean radius, mean smoothness"
2,LASSO,20,XGBoost,0.9736842105263158,0.9722222222222222,0.9859154929577465,0.9790209790209791,0.9944317065181788,"worst radius, worst concave points, worst texture, mean concave points, worst smoothness, radius error, worst symmetry, worst concavity, area error, compactness error, concave points error, concavity error, fractal dimension error, mean area, mean compactness, mean concavity, mean fractal dimension, mean perimeter, mean radius, mean smoothness"
2,LASSO + DODA,20,Logistic Regression,0.9649122807017544,0.958904109589041,0.9859154929577465,0.9722222222222222,0.9983622666229938,"worst radius, worst concave points, mean concave points, worst texture, worst smoothness, radius error, worst concavity, worst symmetry, mean radius, mean texture, mean perimeter, mean area, mean smoothness, mean compactness, mean concavity, mean symmetry, mean fractal dimension, texture error, perimeter error, area error"
2,LASSO + DODA,20,Random Forest,0.9649122807017544,0.971830985915493,0.971830985915493,0.971830985915493,0.9805109728136259,"worst radius, worst concave points, mean concave points, worst texture, worst smoothness, radius error, worst concavity, worst symmetry, mean radius, mean texture, mean perimeter, mean area, mean smoothness, mean compactness, mean concavity, mean symmetry, mean fractal dimension, texture error, perimeter error, area error"
2,LASSO + DODA,20,XGBoost,0.9736842105263158,0.9722222222222222,0.9859154929577465,0.9790209790209791,0.9934490664919751,"worst radius, worst concave points, mean concave points, worst texture, worst smoothness, radius error, worst concavity, worst symmetry, mean radius, mean texture, mean perimeter, mean area, mean smoothness, mean compactness, mean concavity, mean symmetry, mean fractal dimension, texture error, perimeter error, area error"
3,LASSO,5,Logistic Regression,0.956140350877193,0.958904109589041,0.9722222222222222,0.9655172413793104,0.9907407407407408,"worst radius, worst concave points, worst texture, mean concave points, radius error"
3,LASSO,5,Random Forest,0.956140350877193,0.9466666666666667,0.9861111111111112,0.9659863945578231,0.9849537037037037,"worst radius, worst concave points, worst texture, mean concave points, radius error"
3,LASSO,5,XGBoost,0.9649122807017544,0.9594594594594594,0.9861111111111112,0.9726027397260274,0.9867724867724867,"worst radius, worst concave points, worst texture, mean concave points, radius error"
3,LASSO + DODA,5,Logistic Regression,0.956140350877193,0.958904109589041,0.9722222222222222,0.9655172413793104,0.9907407407407408,"worst radius, worst concave points, mean concave points, worst texture, radius error"
3,LASSO + DODA,5,Random Forest,0.956140350877193,0.9466666666666667,0.9861111111111112,0.9659863945578231,0.978670634920635,"worst radius, worst concave points, mean concave points, worst texture, radius error"
3,LASSO + DODA,5,XGBoost,0.9649122807017544,0.9594594594594594,0.9861111111111112,0.9726027397260274,0.9867724867724867,"worst radius, worst concave points, mean concave points, worst texture, radius error"
3,LASSO,10,Logistic Regression,0.9649122807017544,0.9722222222222222,0.9722222222222222,0.9722222222222222,0.9890873015873016,"worst radius, worst concave points, worst texture, mean concave points, radius error, worst symmetry, worst smoothness, area error, compactness error, concave points error"
3,LASSO,10,Random Forest,0.9649122807017544,0.9594594594594594,0.9861111111111112,0.9726027397260274,0.9895833333333334,"worst radius, worst concave points, worst texture, mean concave points, radius error, worst symmetry, worst smoothness, area error, compactness error, concave points error"
3,LASSO,10,XGBoost,0.9649122807017544,0.9722222222222222,0.9722222222222222,0.9722222222222222,0.9917328042328042,"worst radius, worst concave points, worst texture, mean concave points, radius error, worst symmetry, worst smoothness, area error, compactness error, concave points error"
3,LASSO + DODA,10,Logistic Regression,0.9649122807017544,0.9594594594594594,0.9861111111111112,0.9726027397260274,0.9867724867724867,"worst radius, worst concave points, mean concave points, worst texture, radius error, worst symmetry, worst smoothness, mean radius, mean texture, mean perimeter"
3,LASSO + DODA,10,Random Forest,0.956140350877193,0.9466666666666667,0.9861111111111112,0.9659863945578231,0.9790013227513228,"worst radius, worst concave points, mean concave points, worst texture, radius error, worst symmetry, worst smoothness, mean radius, mean texture, mean perimeter"
3,LASSO + DODA,10,XGBoost,0.956140350877193,0.9466666666666667,0.9861111111111112,0.9659863945578231,0.9755291005291006,"worst radius, worst concave points, mean concave points, worst texture, radius error, worst symmetry, worst smoothness, mean radius, mean texture, mean perimeter"
3,LASSO,15,Logistic Regression,0.9736842105263158,0.9726027397260274,0.9861111111111112,0.9793103448275862,0.9867724867724867,"worst radius, worst concave points, worst texture, mean concave points, radius error, worst symmetry, worst smoothness, area error, compactness error, concave points error, concavity error, fractal dimension error, mean area, mean compactness, mean concavity"
3,LASSO,15,Random Forest,0.9649122807017544,0.9594594594594594,0.9861111111111112,0.9726027397260274,0.9900793650793651,"worst radius, worst concave points, worst texture, mean concave points, radius error, worst symmetry, worst smoothness, area error, compactness error, concave points error, concavity error, fractal dimension error, mean area, mean compactness, mean concavity"
3,LASSO,15,XGBoost,0.9649122807017544,0.9722222222222222,0.9722222222222222,0.9722222222222222,0.9914021164021164,"worst radius, worst concave points, worst texture, mean concave points, radius error, worst symmetry, worst smoothness, area error, compactness error, concave points error, concavity error, fractal dimension error, mean area, mean compactness, mean concavity"
3,LASSO + DODA,15,Logistic Regression,0.9736842105263158,0.96,1.0,0.9795918367346939,0.9851190476190477,"worst radius, worst concave points, mean concave points, worst texture, radius error, worst symmetry, worst smoothness, mean radius, mean texture, mean perimeter, mean area, mean smoothness, mean compactness, mean concavity, mean symmetry"
3,LASSO + DODA,15,Random Forest,0.9649122807017544,0.9594594594594594,0.9861111111111112,0.9726027397260274,0.9866071428571429,"worst radius, worst concave points, mean concave points, worst texture, radius error, worst symmetry, worst smoothness, mean radius, mean texture, mean perimeter, mean area, mean smoothness, mean compactness, mean concavity, mean symmetry"
3,LASSO + DODA,15,XGBoost,0.9649122807017544,0.9594594594594594,0.9861111111111112,0.9726027397260274,0.9851190476190477,"worst radius, worst concave points, mean concave points, worst texture, radius error, worst symmetry, worst smoothness, mean radius, mean texture, mean perimeter, mean area, mean smoothness, mean compactness, mean concavity, mean symmetry"
3,LASSO,20,Logistic Regression,0.9824561403508771,0.972972972972973,1.0,0.9863013698630136,0.986111111111111,"worst radius, worst concave points, worst texture, mean concave points, radius error, worst symmetry, worst smoothness, area error, compactness error, concave points error, concavity error, fractal dimension error, mean area, mean compactness, mean concavity, mean fractal dimension, mean perimeter, mean radius, mean smoothness, mean symmetry"
3,LASSO,20,Random Forest,0.9649122807017544,0.9594594594594594,0.9861111111111112,0.9726027397260274,0.988260582010582,"worst radius, worst concave points, worst texture, mean concave points, radius error, worst symmetry, worst smoothness, area error, compactness error, concave points error, concavity error, fractal dimension error, mean area, mean compactness, mean concavity, mean fractal dimension, mean perimeter, mean radius, mean smoothness, mean symmetry"
3,LASSO,20,XGBoost,0.9649122807017544,0.9722222222222222,0.9722222222222222,0.9722222222222222,0.9874338624338624,"worst radius, worst concave points, worst texture, mean concave points, radius error, worst symmetry, worst smoothness, area error, compactness error, concave points error, concavity error, fractal dimension error, mean area, mean compactness, mean concavity, mean fractal dimension, mean perimeter, mean radius, mean smoothness, mean symmetry"
3,LASSO + DODA,20,Logistic Regression,0.9649122807017544,0.9473684210526315,1.0,0.972972972972973,0.9837962962962963,"worst radius, worst concave points, mean concave points, worst texture, radius error, worst symmetry, worst smoothness, mean radius, mean texture, mean perimeter, mean area, mean smoothness, mean compactness, mean concavity, mean symmetry, mean fractal dimension, texture error, perimeter error, area error, smoothness error"
3,LASSO + DODA,20,Random Forest,0.9649122807017544,0.9594594594594594,0.9861111111111112,0.9726027397260274,0.9841269841269841,"worst radius, worst concave points, mean concave points, worst texture, radius error, worst symmetry, worst smoothness, mean radius, mean texture, mean perimeter, mean area, mean smoothness, mean compactness, mean concavity, mean symmetry, mean fractal dimension, texture error, perimeter error, area error, smoothness error"
3,LASSO + DODA,20,XGBoost,0.9649122807017544,0.9594594594594594,0.9861111111111112,0.9726027397260274,0.982473544973545,"worst radius, worst concave points, mean concave points, worst texture, radius error, worst symmetry, worst smoothness, mean radius, mean texture, mean perimeter, mean area, mean smoothness, mean compactness, mean concavity, mean symmetry, mean fractal dimension, texture error, perimeter error, area error, smoothness error"
4,LASSO,5,Logistic Regression,0.956140350877193,1.0,0.9305555555555556,0.9640287769784173,0.9976851851851852,"worst radius, worst concave points, mean concave points, worst texture, radius error"
4,LASSO,5,Random Forest,0.9473684210526315,1.0,0.9166666666666666,0.9565217391304348,0.998015873015873,"worst radius, worst concave points, mean concave points, worst texture, radius error"
4,LASSO,5,XGBoost,0.9298245614035088,1.0,0.8888888888888888,0.9411764705882353,0.9986772486772486,"worst radius, worst concave points, mean concave points, worst texture, radius error"
4,LASSO + DODA,5,Logistic Regression,0.956140350877193,1.0,0.9305555555555556,0.9640287769784173,0.9976851851851852,"worst radius, worst concave points, mean concave points, worst texture, radius error"
4,LASSO + DODA,5,Random Forest,0.9473684210526315,1.0,0.9166666666666666,0.9565217391304348,0.998015873015873,"worst radius, worst concave points, mean concave points, worst texture, radius error"
4,LASSO + DODA,5,XGBoost,0.9298245614035088,1.0,0.8888888888888888,0.9411764705882353,0.9986772486772486,"worst radius, worst concave points, mean concave points, worst texture, radius error"
4,LASSO,10,Logistic Regression,0.9824561403508771,1.0,0.9722222222222222,0.9859154929577465,0.9996693121693121,"worst radius, worst concave points, mean concave points, worst texture, radius error, worst symmetry, worst smoothness, area error, compactness error, concave points error"
4,LASSO,10,Random Forest,0.9385964912280702,1.0,0.9027777777777778,0.948905109489051,0.9948743386243386,"worst radius, worst concave points, mean concave points, worst texture, radius error, worst symmetry, worst smoothness, area error, compactness error, concave points error"
4,LASSO,10,XGBoost,0.956140350877193,1.0,0.9305555555555556,0.9640287769784173,1.0,"worst radius, worst concave points, mean concave points, worst texture, radius error, worst symmetry, worst smoothness, area error, compactness error, concave points error"
4,LASSO + DODA,10,Logistic Regression,0.9473684210526315,1.0,0.9166666666666666,0.9565217391304348,0.9990079365079365,"worst radius, worst concave points, mean concave points, worst texture, radius error, worst symmetry, worst smoothness, mean radius, mean texture, mean perimeter"
4,LASSO + DODA,10,Random Forest,0.956140350877193,1.0,0.9305555555555556,0.9640287769784173,0.9986772486772486,"worst radius, worst concave points, mean concave points, worst texture, radius error, worst symmetry, worst smoothness, mean radius, mean texture, mean perimeter"
4,LASSO + DODA,10,XGBoost,0.9473684210526315,1.0,0.9166666666666666,0.9565217391304348,0.9996693121693122,"worst radius, worst concave points, mean concave points, worst texture, radius error, worst symmetry, worst smoothness, mean radius, mean texture, mean perimeter"
4,LASSO,15,Logistic Regression,0.9736842105263158,0.9859154929577465,0.9722222222222222,0.9790209790209791,0.9993386243386243,"worst radius, worst concave points, mean concave points, worst texture, radius error, worst symmetry, worst smoothness, area error, compactness error, concave points error, concavity error, fractal dimension error, mean area, mean compactness, mean concavity"
4,LASSO,15,Random Forest,0.9385964912280702,1.0,0.9027777777777778,0.948905109489051,0.9932208994708995,"worst radius, worst concave points, mean concave points, worst texture, radius error, worst symmetry, worst smoothness, area error, compactness error, concave points error, concavity error, fractal dimension error, mean area, mean compactness, mean concavity"
4,LASSO,15,XGBoost,0.9649122807017544,1.0,0.9444444444444444,0.9714285714285714,1.0,"worst radius, worst concave points, mean concave points, worst texture, radius error, worst symmetry, worst smoothness, area error, compactness error, concave points error, concavity error, fractal dimension error, mean area, mean compactness, mean concavity"
4,LASSO + DODA,15,Logistic Regression,0.9649122807017544,1.0,0.9444444444444444,0.9714285714285714,0.9996693121693121,"worst radius, worst concave points, mean concave points, worst texture, radius error, worst symmetry, worst smoothness, mean radius, mean texture, mean perimeter, mean area, mean smoothness, mean compactness, mean concavity, mean symmetry"
4,LASSO + DODA,15,Random Forest,0.9385964912280702,1.0,0.9027777777777778,0.948905109489051,0.9953703703703705,"worst radius, worst concave points, mean concave points, worst texture, radius error, worst symmetry, worst smoothness, mean radius, mean texture, mean perimeter, mean area, mean smoothness, mean compactness, mean concavity, mean symmetry"
4,LASSO + DODA,15,XGBoost,0.9473684210526315,1.0,0.9166666666666666,0.9565217391304348,1.0,"worst radius, worst concave points, mean concave points, worst texture, radius error, worst symmetry, worst smoothness, mean radius, mean texture, mean perimeter, mean area, mean smoothness, mean compactness, mean concavity, mean symmetry"
4,LASSO,20,Logistic Regression,0.9912280701754386,1.0,0.9861111111111112,0.993006993006993,0.9996693121693121,"worst radius, worst concave points, mean concave points, worst texture, radius error, worst symmetry, worst smoothness, area error, compactness error, concave points error, concavity error, fractal dimension error, mean area, mean compactness, mean concavity, mean fractal dimension, mean perimeter, mean radius, mean smoothness, mean symmetry"
4,LASSO,20,Random Forest,0.9473684210526315,1.0,0.9166666666666666,0.9565217391304348,0.99239417989418,"worst radius, worst concave points, mean concave points, worst texture, radius error, worst symmetry, worst smoothness, area error, compactness error, concave points error, concavity error, fractal dimension error, mean area, mean compactness, mean concavity, mean fractal dimension, mean perimeter, mean radius, mean smoothness, mean symmetry"
4,LASSO,20,XGBoost,0.9649122807017544,1.0,0.9444444444444444,0.9714285714285714,0.9996693121693121,"worst radius, worst concave points, mean concave points, worst texture, radius error, worst symmetry, worst smoothness, area error, compactness error, concave points error, concavity error, fractal dimension error, mean area, mean compactness, mean concavity, mean fractal dimension, mean perimeter, mean radius, mean smoothness, mean symmetry"
4,LASSO + DODA,20,Logistic Regression,0.9736842105263158,1.0,0.9583333333333334,0.9787234042553191,0.9993386243386243,"worst radius, worst concave points, mean concave points, worst texture, radius error, worst symmetry, worst smoothness, mean radius, mean texture, mean perimeter, mean area, mean smoothness, mean compactness, mean concavity, mean symmetry, mean fractal dimension, texture error, perimeter error, area error, smoothness error"
4,LASSO + DODA,20,Random Forest,0.9473684210526315,1.0,0.9166666666666666,0.9565217391304348,0.9952050264550265,"worst radius, worst concave points, mean concave points, worst texture, radius error, worst symmetry, worst smoothness, mean radius, mean texture, mean perimeter, mean area, mean smoothness, mean compactness, mean concavity, mean symmetry, mean fractal dimension, texture error, perimeter error, area error, smoothness error"
4,LASSO + DODA,20,XGBoost,0.956140350877193,1.0,0.9305555555555556,0.9640287769784173,0.9996693121693121,"worst radius, worst concave points, mean concave points, worst texture, radius error, worst symmetry, worst smoothness, mean radius, mean texture, mean perimeter, mean area, mean smoothness, mean compactness, mean concavity, mean symmetry, mean fractal dimension, texture error, perimeter error, area error, smoothness error"
5,LASSO,5,Logistic Regression,0.9734513274336283,0.9722222222222222,0.9859154929577465,0.9790209790209791,0.9986586183769282,"worst radius, worst concave points, mean concave points, worst texture, radius error"
5,LASSO,5,Random Forest,0.9734513274336283,0.9722222222222222,0.9859154929577465,0.9790209790209791,0.9932930918846411,"worst radius, worst concave points, mean concave points, worst texture, radius error"
5,LASSO,5,XGBoost,0.9557522123893806,0.9583333333333334,0.971830985915493,0.965034965034965,0.9953051643192488,"worst radius, worst concave points, mean concave points, worst texture, radius error"
5,LASSO + DODA,5,Logistic Regression,0.9734513274336283,0.9722222222222222,0.9859154929577465,0.9790209790209791,0.9986586183769282,"worst radius, worst concave points, mean concave points, worst texture, radius error"
5,LASSO + DODA,5,Random Forest,0.9734513274336283,0.9722222222222222,0.9859154929577465,0.9790209790209791,0.9932930918846411,"worst radius, worst concave points, mean concave points, worst texture, radius error"
5,LASSO + DODA,5,XGBoost,0.9557522123893806,0.9583333333333334,0.971830985915493,0.965034965034965,0.9953051643192488,"worst radius, worst concave points, mean concave points, worst texture, radius error"
5,LASSO,10,Logistic Regression,0.9734513274336283,0.9722222222222222,0.9859154929577465,0.9790209790209791,0.9983232729711602,"worst radius, worst concave points, mean concave points, worst texture, radius error, worst smoothness, worst concavity, worst symmetry, mean texture, area error"
5,LASSO,10,Random Forest,0.9823008849557522,0.9859154929577465,0.9859154929577465,0.9859154929577465,0.9951374916163649,"worst radius, worst concave points, mean concave points, worst texture, radius error, worst smoothness, worst concavity, worst symmetry, mean texture, area error"
5,LASSO,10,XGBoost,0.9646017699115044,0.971830985915493,0.971830985915493,0.971830985915493,0.9902749832327297,"worst radius, worst concave points, mean concave points, worst texture, radius error, worst smoothness, worst concavity, worst symmetry, mean texture, area error"
5,LASSO + DODA,10,Logistic Regression,0.9823008849557522,0.9859154929577465,0.9859154929577465,0.9859154929577465,0.9986586183769282,"worst radius, worst concave points, mean concave points, worst texture, radius error, worst smoothness, worst concavity, worst symmetry, mean texture, mean radius"
5,LASSO + DODA,10,Random Forest,0.9823008849557522,0.9859154929577465,0.9859154929577465,0.9859154929577465,0.994466800804829,"worst radius, worst concave points, mean concave points, worst texture, radius error, worst smoothness, worst concavity, worst symmetry, mean texture, mean radius"
5,LASSO + DODA,10,XGBoost,0.9823008849557522,0.9859154929577465,0.9859154929577465,0.9859154929577465,0.9902749832327298,"worst radius, worst concave points, mean concave points, worst texture, radius error, worst smoothness, worst concavity, worst symmetry, mean texture, mean radius"
5,LASSO,15,Logistic Regression,0.9911504424778761,0.9861111111111112,1.0,0.993006993006993,0.9986586183769282,"worst radius, worst concave points, mean concave points, worst texture, radius error, worst smoothness, worst concavity, worst symmetry, mean texture, area error, compactness error, concave points error, concavity error, fractal dimension error, mean area"
5,LASSO,15,Random Forest,0.9911504424778761,0.9861111111111112,1.0,0.993006993006993,0.9968142186452045,"worst radius, worst concave points, mean concave points, worst texture, radius error, worst smoothness, worst concavity, worst symmetry, mean texture, area error, compactness error, concave points error, concavity error, fractal dimension error, mean area"
5,LASSO,15,XGBoost,0.9646017699115044,0.958904109589041,0.9859154929577465,0.9722222222222222,0.994299128101945,"worst radius, worst concave points, mean concave points, worst texture, radius error, worst smoothness, worst concavity, worst symmetry, mean texture, area error, compactness error, concave points error, concavity error, fractal dimension error, mean area"
5,LASSO + DODA,15,Logistic Regression,0.9911504424778761,0.9861111111111112,1.0,0.993006993006993,0.9986586183769282,"worst radius, worst concave points, mean concave points, worst texture, radius error, worst smoothness, worst concavity, worst symmetry, mean texture, mean radius, mean perimeter, mean area, mean smoothness, mean compactness, mean concavity"
5,LASSO + DODA,15,Random Forest,0.9734513274336283,0.9722222222222222,0.9859154929577465,0.9790209790209791,0.9939637826961771,"worst radius, worst concave points, mean concave points, worst texture, radius error, worst smoothness, worst concavity, worst symmetry, mean texture, mean radius, mean perimeter, mean area, mean smoothness, mean compactness, mean concavity"
5,LASSO + DODA,15,XGBoost,0.9734513274336283,0.9722222222222222,0.9859154929577465,0.9790209790209791,0.9926224010731053,"worst radius, worst concave points, mean concave points, worst texture, radius error, worst smoothness, worst concavity, worst symmetry, mean texture, mean radius, mean perimeter, mean area, mean smoothness, mean compactness, mean concavity"
5,LASSO,20,Logistic Regression,0.9911504424778761,0.9861111111111112,1.0,0.993006993006993,0.9986586183769282,"worst radius, worst concave points, mean concave points, worst texture, radius error, worst smoothness, worst concavity, worst symmetry, mean texture, area error, compactness error, concave points error, concavity error, fractal dimension error, mean area, mean compactness, mean concavity, mean fractal dimension, mean perimeter, mean radius"
5,LASSO,20,Random Forest,0.9734513274336283,0.9722222222222222,0.9859154929577465,0.9790209790209791,0.993628437290409,"worst radius, worst concave points, mean concave points, worst texture, radius error, worst smoothness, worst concavity, worst symmetry, mean texture, area error, compactness error, concave points error, concavity error, fractal dimension error, mean area, mean compactness, mean concavity, mean fractal dimension, mean perimeter, mean radius"
5,LASSO,20,XGBoost,0.9646017699115044,0.958904109589041,0.9859154929577465,0.9722222222222222,0.9942991281019451,"worst radius, worst concave points, mean concave points, worst texture, radius error, worst smoothness, worst concavity, worst symmetry, mean texture, area error, compactness error, concave points error, concavity error, fractal dimension error, mean area, mean compactness, mean concavity, mean fractal dimension, mean perimeter, mean radius"
5,LASSO + DODA,20,Logistic Regression,0.9911504424778761,0.9861111111111112,1.0,0.993006993006993,0.9986586183769282,"worst radius, worst concave points, mean concave points, worst texture, radius error, worst smoothness, worst concavity, worst symmetry, mean texture, mean radius, mean perimeter, mean area, mean smoothness, mean compactness, mean concavity, mean symmetry, mean fractal dimension, texture error, perimeter error, area error"
5,LASSO + DODA,20,Random Forest,0.9734513274336283,0.9722222222222222,0.9859154929577465,0.9790209790209791,0.9926224010731053,"worst radius, worst concave points, mean concave points, worst texture, radius error, worst smoothness, worst concavity, worst symmetry, mean texture, mean radius, mean perimeter, mean area, mean smoothness, mean compactness, mean concavity, mean symmetry, mean fractal dimension, texture error, perimeter error, area error"
5,LASSO + DODA,20,XGBoost,0.9734513274336283,0.9722222222222222,0.9859154929577465,0.9790209790209791,0.9896042924211939,"worst radius, worst concave points, mean concave points, worst texture, radius error, worst smoothness, worst concavity, worst symmetry, mean texture, mean radius, mean perimeter, mean area, mean smoothness, mean compactness, mean concavity, mean symmetry, mean fractal dimension, texture error, perimeter error, area error"
6,LASSO,5,Logistic Regression,0.9473684210526315,0.9577464788732394,0.9577464788732394,0.9577464788732394,0.996069439895185,"worst radius, worst concave points, mean concave points, worst texture, radius error"
6,LASSO,5,Random Forest,0.9649122807017544,0.9855072463768116,0.9577464788732394,0.9714285714285714,0.9967245332459875,"worst radius, worst concave points, mean concave points, worst texture, radius error"
6,LASSO,5,XGBoost,0.9649122807017544,0.9855072463768116,0.9577464788732394,0.9714285714285714,0.9947592531935802,"worst radius, worst concave points, mean concave points, worst texture, radius error"
6,LASSO + DODA,5,Logistic Regression,0.9473684210526315,0.9577464788732394,0.9577464788732394,0.9577464788732394,0.996069439895185,"worst radius, worst concave points, mean concave points, worst texture, radius error"
6,LASSO + DODA,5,Random Forest,0.9649122807017544,0.9855072463768116,0.9577464788732394,0.9714285714285714,0.9967245332459875,"worst radius, worst concave points, mean concave points, worst texture, radius error"
6,LASSO + DODA,5,XGBoost,0.9649122807017544,0.9855072463768116,0.9577464788732394,0.9714285714285714,0.9947592531935802,"worst radius, worst concave points, mean concave points, worst texture, radius error"
6,LASSO,10,Logistic Regression,0.9824561403508771,0.9859154929577465,0.9859154929577465,0.9859154929577465,0.998689813298395,"worst radius, worst concave points, mean concave points, worst texture, radius error, worst symmetry, worst smoothness, area error, compactness error, concave points error"
6,LASSO,10,Random Forest,0.9736842105263158,0.9857142857142858,0.971830985915493,0.9787234042553191,0.9967245332459875,"worst radius, worst concave points, mean concave points, worst texture, radius error, worst symmetry, worst smoothness, area error, compactness error, concave points error"
6,LASSO,10,XGBoost,0.9736842105263158,0.9857142857142858,0.971830985915493,0.9787234042553191,0.9970520799213888,"worst radius, worst concave points, mean concave points, worst texture, radius error, worst symmetry, worst smoothness, area error, compactness error, concave points error"
6,LASSO + DODA,10,Logistic Regression,0.9649122807017544,0.9855072463768116,0.9577464788732394,0.9714285714285714,0.9970520799213888,"worst radius, worst concave points, mean concave points, worst texture, radius error, worst symmetry, worst smoothness, mean radius, mean texture, mean perimeter"
6,LASSO + DODA,10,Random Forest,0.9649122807017544,0.9855072463768116,0.9577464788732394,0.9714285714285714,0.9977071732721913,"worst radius, worst concave points, mean concave points, worst texture, radius error, worst symmetry, worst smoothness, mean radius, mean texture, mean perimeter"
6,LASSO + DODA,10,XGBoost,0.9649122807017544,0.9855072463768116,0.9577464788732394,0.9714285714285714,0.9967245332459876,"worst radius, worst concave points, mean concave points, worst texture, radius error, worst symmetry, worst smoothness, mean radius, mean texture, mean perimeter"
6,LASSO,15,Logistic Regression,0.9649122807017544,0.971830985915493,0.971830985915493,0.971830985915493,0.9983622666229938,"worst radius, worst concave points, mean concave points, worst texture, radius error, worst symmetry, worst smoothness, area error, compactness error, concave points error, concavity error, fractal dimension error, mean area, mean compactness, mean concavity"
6,LASSO,15,Random Forest,0.9649122807017544,0.971830985915493,0.971830985915493,0.971830985915493,0.9983622666229938,"worst radius, worst concave points, mean concave points, worst texture, radius error, worst symmetry, worst smoothness, area error, compactness error, concave points error, concavity error, fractal dimension error, mean area, mean compactness, mean concavity"
6,LASSO,15,XGBoost,0.9649122807017544,0.9855072463768116,0.9577464788732394,0.9714285714285714,0.99737962659679,"worst radius, worst concave points, mean concave points, worst texture, radius error, worst symmetry, worst smoothness, area error, compactness error, concave points error, concavity error, fractal dimension error, mean area, mean compactness, mean concavity"
6,LASSO + DODA,15,Logistic Regression,0.9824561403508771,1.0,0.971830985915493,0.9857142857142858,0.9980347199475925,"worst radius, worst concave points, mean concave points, worst texture, radius error, worst symmetry, worst smoothness, mean radius, mean texture, mean perimeter, mean area, mean smoothness, mean compactness, mean concavity, mean symmetry"
6,LASSO + DODA,15,Random Forest,0.9824561403508771,0.9859154929577465,0.9859154929577465,0.9859154929577465,0.9985260399606944,"worst radius, worst concave points, mean concave points, worst texture, radius error, worst symmetry, worst smoothness, mean radius, mean texture, mean perimeter, mean area, mean smoothness, mean compactness, mean concavity, mean symmetry"
6,LASSO + DODA,15,XGBoost,0.9649122807017544,0.9855072463768116,0.9577464788732394,0.9714285714285714,0.9980347199475925,"worst radius, worst concave points, mean concave points, worst texture, radius error, worst symmetry, worst smoothness, mean radius, mean texture, mean perimeter, mean area, mean smoothness, mean compactness, mean concavity, mean symmetry"
6,LASSO,20,Logistic Regression,0.9649122807017544,0.971830985915493,0.971830985915493,0.971830985915493,0.9983622666229938,"worst radius, worst concave points, mean concave points, worst texture, radius error, worst symmetry, worst smoothness, area error, compactness error, concave points error, concavity error, fractal dimension error, mean area, mean compactness, mean concavity, mean fractal dimension, mean perimeter, mean radius, mean smoothness, mean symmetry"
6,LASSO,20,Random Forest,0.9736842105263158,0.9722222222222222,0.9859154929577465,0.9790209790209791,0.9981984932852932,"worst radius, worst concave points, mean concave points, worst texture, radius error, worst symmetry, worst smoothness, area error, compactness error, concave points error, concavity error, fractal dimension error, mean area, mean compactness, mean concavity, mean fractal dimension, mean perimeter, mean radius, mean smoothness, mean symmetry"
6,LASSO,20,XGBoost,0.9649122807017544,0.9855072463768116,0.9577464788732394,0.9714285714285714,0.9983622666229938,"worst radius, worst concave points, mean concave points, worst texture, radius error, worst symmetry, worst smoothness, area error, compactness error, concave points error, concavity error, fractal dimension error, mean area, mean compactness, mean concavity, mean fractal dimension, mean perimeter, mean radius, mean smoothness, mean symmetry"
6,LASSO + DODA,20,Logistic Regression,0.9824561403508771,0.9859154929577465,0.9859154929577465,0.9859154929577465,0.9990173599737963,"worst radius, worst concave points, mean concave points, worst texture, radius error, worst symmetry, worst smoothness, mean radius, mean texture, mean perimeter, mean area, mean smoothness, mean compactness, mean concavity, mean symmetry, mean fractal dimension, texture error, perimeter error, area error, smoothness error"
6,LASSO + DODA,20,Random Forest,0.9736842105263158,0.9857142857142858,0.971830985915493,0.9787234042553191,0.99737962659679,"worst radius, worst concave points, mean concave points, worst texture, radius error, worst symmetry, worst smoothness, mean radius, mean texture, mean perimeter, mean area, mean smoothness, mean compactness, mean concavity, mean symmetry, mean fractal dimension, texture error, perimeter error, area error, smoothness error"
6,LASSO + DODA,20,XGBoost,0.9649122807017544,0.9855072463768116,0.9577464788732394,0.9714285714285714,0.9980347199475925,"worst radius, worst concave points, mean concave points, worst texture, radius error, worst symmetry, worst smoothness, mean radius, mean texture, mean perimeter, mean area, mean smoothness, mean compactness, mean concavity, mean symmetry, mean fractal dimension, texture error, perimeter error, area error, smoothness error"
7,LASSO,5,Logistic Regression,0.9736842105263158,0.9857142857142858,0.971830985915493,0.9787234042553191,0.9859154929577465,"worst radius, mean concave points, worst concave points, worst texture, worst symmetry"
7,LASSO,5,Random Forest,0.9649122807017544,0.958904109589041,0.9859154929577465,0.9722222222222222,0.9923026531280708,"worst radius, mean concave points, worst concave points, worst texture, worst symmetry"
7,LASSO,5,XGBoost,0.956140350877193,0.9714285714285714,0.9577464788732394,0.9645390070921985,0.9934490664919752,"worst radius, mean concave points, worst concave points, worst texture, worst symmetry"
7,LASSO + DODA,5,Logistic Regression,0.9736842105263158,0.9857142857142858,0.971830985915493,0.9787234042553191,0.9859154929577465,"worst radius, worst concave points, mean concave points, worst texture, worst symmetry"
7,LASSO + DODA,5,Random Forest,0.9649122807017544,0.958904109589041,0.9859154929577465,0.9722222222222222,0.9923026531280708,"worst radius, worst concave points, mean concave points, worst texture, worst symmetry"
7,LASSO + DODA,5,XGBoost,0.956140350877193,0.9714285714285714,0.9577464788732394,0.9645390070921985,0.9934490664919752,"worst radius, worst concave points, mean concave points, worst texture, worst symmetry"
7,LASSO,10,Logistic Regression,0.9649122807017544,0.971830985915493,0.971830985915493,0.971830985915493,0.9944317065181788,"worst radius, mean concave points, worst concave points, worst texture, worst symmetry, worst smoothness, radius error, area error, compactness error, concave points error"
7,LASSO,10,Random Forest,0.956140350877193,0.9714285714285714,0.9577464788732394,0.9645390070921985,0.9950867998689813,"worst radius, mean concave points, worst concave points, worst texture, worst symmetry, worst smoothness, radius error, area error, compactness error, concave points error"
7,LASSO,10,XGBoost,0.9649122807017544,0.971830985915493,0.971830985915493,0.971830985915493,0.9950867998689814,"worst radius, mean concave points, worst concave points, worst texture, worst symmetry, worst smoothness, radius error, area error, compactness error, concave points error"
7,LASSO + DODA,10,Logistic Regression,0.9736842105263158,0.9857142857142858,0.971830985915493,0.9787234042553191,0.9967245332459875,"worst radius, worst concave points, mean concave points, worst texture, worst symmetry, worst smoothness, radius error, mean radius, mean texture, mean perimeter"
7,LASSO + DODA,10,Random Forest,0.9649122807017544,0.971830985915493,0.971830985915493,0.971830985915493,0.9950867998689813,"worst radius, worst concave points, mean concave points, worst texture, worst symmetry, worst smoothness, radius error, mean radius, mean texture, mean perimeter"
7,LASSO + DODA,10,XGBoost,0.956140350877193,0.9714285714285714,0.9577464788732394,0.9645390070921985,0.9950867998689812,"worst radius, worst concave points, mean concave points, worst texture, worst symmetry, worst smoothness, radius error, mean radius, mean texture, mean perimeter"
7,LASSO,15,Logistic Regression,0.9736842105263158,0.9722222222222222,0.9859154929577465,0.9790209790209791,0.9947592531935802,"worst radius, mean concave points, worst concave points, worst texture, worst symmetry, worst smoothness, radius error, area error, compactness error, concave points error, concavity error, fractal dimension error, mean area, mean compactness, mean concavity"
7,LASSO,15,Random Forest,0.9473684210526315,0.9577464788732394,0.9577464788732394,0.9577464788732394,0.995250573206682,"worst radius, mean concave points, worst concave points, worst texture, worst symmetry, worst smoothness, radius error, area error, compactness error, concave points error, concavity error, fractal dimension error, mean area, mean compactness, mean concavity"
7,LASSO,15,XGBoost,0.9649122807017544,0.971830985915493,0.971830985915493,0.971830985915493,0.9970520799213888,"worst radius, mean concave points, worst concave points, worst texture, worst symmetry, worst smoothness, radius error, area error, compactness error, concave points error, concavity error, fractal dimension error, mean area, mean compactness, mean concavity"
7,LASSO + DODA,15,Logistic Regression,0.9736842105263158,0.9857142857142858,0.971830985915493,0.9787234042553191,0.9977071732721913,"worst radius, worst concave points, mean concave points, worst texture, worst symmetry, worst smoothness, radius error, mean radius, mean texture, mean perimeter, mean area, mean smoothness, mean compactness, mean concavity, mean symmetry"
7,LASSO + DODA,15,Random Forest,0.9473684210526315,0.9577464788732394,0.9577464788732394,0.9577464788732394,0.993940386505077,"worst radius, worst concave points, mean concave points, worst texture, worst symmetry, worst smoothness, radius error, mean radius, mean texture, mean perimeter, mean area, mean smoothness, mean compactness, mean concavity, mean symmetry"
7,LASSO + DODA,15,XGBoost,0.9649122807017544,0.971830985915493,0.971830985915493,0.971830985915493,0.9970520799213888,"worst radius, worst concave points, mean concave points, worst texture, worst symmetry, worst smoothness, radius error, mean radius, mean texture, mean perimeter, mean area, mean smoothness, mean compactness, mean concavity, mean symmetry"
7,LASSO,20,Logistic Regression,0.9736842105263158,0.9857142857142858,0.971830985915493,0.9787234042553191,0.9970520799213888,"worst radius, mean concave points, worst concave points, worst texture, worst symmetry, worst smoothness, radius error, area error, compactness error, concave points error, concavity error, fractal dimension error, mean area, mean compactness, mean concavity, mean fractal dimension, mean perimeter, mean radius, mean smoothness, mean symmetry"
7,LASSO,20,Random Forest,0.956140350877193,0.9714285714285714,0.9577464788732394,0.9645390070921985,0.9941041598427777,"worst radius, mean concave points, worst concave points, worst texture, worst symmetry, worst smoothness, radius error, area error, compactness error, concave points error, concavity error, fractal dimension error, mean area, mean compactness, mean concavity, mean fractal dimension, mean perimeter, mean radius, mean smoothness, mean symmetry"
7,LASSO,20,XGBoost,0.9649122807017544,0.971830985915493,0.971830985915493,0.971830985915493,0.9967245332459875,"worst radius, mean concave points, worst concave points, worst texture, worst symmetry, worst smoothness, radius error, area error, compactness error, concave points error, concavity error, fractal dimension error, mean area, mean compactness, mean concavity, mean fractal dimension, mean perimeter, mean radius, mean smoothness, mean symmetry"
7,LASSO + DODA,20,Logistic Regression,0.9736842105263158,0.9857142857142858,0.971830985915493,0.9787234042553191,0.9977071732721913,"worst radius, worst concave points, mean concave points, worst texture, worst symmetry, worst smoothness, radius error, mean radius, mean texture, mean perimeter, mean area, mean smoothness, mean compactness, mean concavity, mean symmetry, mean fractal dimension, texture error, perimeter error, area error, smoothness error"
7,LASSO + DODA,20,Random Forest,0.9473684210526315,0.9577464788732394,0.9577464788732394,0.9577464788732394,0.9944317065181789,"worst radius, worst concave points, mean concave points, worst texture, worst symmetry, worst smoothness, radius error, mean radius, mean texture, mean perimeter, mean area, mean smoothness, mean compactness, mean concavity, mean symmetry, mean fractal dimension, texture error, perimeter error, area error, smoothness error"
7,LASSO + DODA,20,XGBoost,0.956140350877193,0.9714285714285714,0.9577464788732394,0.9645390070921985,0.996069439895185,"worst radius, worst concave points, mean concave points, worst texture, worst symmetry, worst smoothness, radius error, mean radius, mean texture, mean perimeter, mean area, mean smoothness, mean compactness, mean concavity, mean symmetry, mean fractal dimension, texture error, perimeter error, area error, smoothness error"
8,LASSO,5,Logistic Regression,0.9473684210526315,0.9583333333333334,0.9583333333333334,0.9583333333333334,0.9861111111111112,"worst radius, worst concave points, worst texture, radius error, worst symmetry"
8,LASSO,5,Random Forest,0.9473684210526315,0.9459459459459459,0.9722222222222222,0.958904109589041,0.9841269841269842,"worst radius, worst concave points, worst texture, radius error, worst symmetry"
8,LASSO,5,XGBoost,0.9649122807017544,0.9594594594594594,0.9861111111111112,0.9726027397260274,0.9841269841269842,"worst radius, worst concave points, worst texture, radius error, worst symmetry"
8,LASSO + DODA,5,Logistic Regression,0.9473684210526315,0.9714285714285714,0.9444444444444444,0.9577464788732394,0.9897486772486772,"worst radius, worst concave points, worst texture, radius error, mean concave points"
8,LASSO + DODA,5,Random Forest,0.9649122807017544,0.9722222222222222,0.9722222222222222,0.9722222222222222,0.9809854497354498,"worst radius, worst concave points, worst texture, radius error, mean concave points"
8,LASSO + DODA,5,XGBoost,0.9824561403508771,0.972972972972973,1.0,0.9863013698630136,0.9897486772486773,"worst radius, worst concave points, worst texture, radius error, mean concave points"
8,LASSO,10,Logistic Regression,0.956140350877193,0.958904109589041,0.9722222222222222,0.9655172413793104,0.9857804232804234,"worst radius, worst concave points, worst texture, radius error, worst symmetry, mean concave points, worst concavity, worst smoothness, worst perimeter, area error"
8,LASSO,10,Random Forest,0.9473684210526315,0.9714285714285714,0.9444444444444444,0.9577464788732394,0.9900793650793651,"worst radius, worst concave points, worst texture, radius error, worst symmetry, mean concave points, worst concavity, worst smoothness, worst perimeter, area error"
8,LASSO,10,XGBoost,0.9649122807017544,0.9594594594594594,0.9861111111111112,0.9726027397260274,0.9874338624338624,"worst radius, worst concave points, worst texture, radius error, worst symmetry, mean concave points, worst concavity, worst smoothness, worst perimeter, area error"
8,LASSO + DODA,10,Logistic Regression,0.956140350877193,0.958904109589041,0.9722222222222222,0.9655172413793104,0.9841269841269842,"worst radius, worst concave points, worst texture, radius error, mean concave points, worst concavity, worst perimeter, worst symmetry, worst smoothness, mean radius"
8,LASSO + DODA,10,Random Forest,0.9385964912280702,0.9577464788732394,0.9444444444444444,0.951048951048951,0.9791666666666667,"worst radius, worst concave points, worst texture, radius error, mean concave points, worst concavity, worst perimeter, worst symmetry, worst smoothness, mean radius"
8,LASSO + DODA,10,XGBoost,0.956140350877193,0.958904109589041,0.9722222222222222,0.9655172413793104,0.9801587301587302,"worst radius, worst concave points, worst texture, radius error, mean concave points, worst concavity, worst perimeter, worst symmetry, worst smoothness, mean radius"
8,LASSO,15,Logistic Regression,0.9649122807017544,0.9722222222222222,0.9722222222222222,0.9722222222222222,0.9880952380952381,"worst radius, worst concave points, worst texture, radius error, worst symmetry, mean concave points, worst concavity, worst smoothness, worst perimeter, area error, compactness error, concave points error, concavity error, fractal dimension error, mean area"
8,LASSO,15,Random Forest,0.956140350877193,0.971830985915493,0.9583333333333334,0.965034965034965,0.9922288359788359,"worst radius, worst concave points, worst texture, radius error, worst symmetry, mean concave points, worst concavity, worst smoothness, worst perimeter, area error, compactness error, concave points error, concavity error, fractal dimension error, mean area"
8,LASSO,15,XGBoost,0.9649122807017544,0.9722222222222222,0.9722222222222222,0.9722222222222222,0.9890873015873016,"worst radius, worst concave points, worst texture, radius error, worst symmetry, mean concave points, worst concavity, worst smoothness, worst perimeter, area error, compactness error, concave points error, concavity error, fractal dimension error, mean area"
8,LASSO + DODA,15,Logistic Regression,0.9649122807017544,0.9722222222222222,0.9722222222222222,0.9722222222222222,0.9844576719576721,"worst radius, worst concave points, worst texture, radius error, mean concave points, worst concavity, worst perimeter, worst symmetry, worst smoothness, mean radius, mean texture, mean perimeter, mean area, mean smoothness, mean compactness"
8,LASSO + DODA,15,Random Forest,0.9649122807017544,0.9857142857142858,0.9583333333333334,0.971830985915493,0.9816468253968255,"worst radius, worst concave points, worst texture, radius error, mean concave points, worst concavity, worst perimeter, worst symmetry, worst smoothness, mean radius, mean texture, mean perimeter, mean area, mean smoothness, mean compactness"
8,LASSO + DODA,15,XGBoost,0.9649122807017544,0.9594594594594594,0.9861111111111112,0.9726027397260274,0.986441798941799,"worst radius, worst concave points, worst texture, radius error, mean concave points, worst concavity, worst perimeter, worst symmetry, worst smoothness, mean radius, mean texture, mean perimeter, mean area, mean smoothness, mean compactness"
8,LASSO,20,Logistic Regression,0.9649122807017544,0.9722222222222222,0.9722222222222222,0.9722222222222222,0.9854497354497355,"worst radius, worst concave points, worst texture, radius error, worst symmetry, mean concave points, worst concavity, worst smoothness, worst perimeter, area error, compactness error, concave points error, concavity error, fractal dimension error, mean area, mean compactness, mean concavity, mean fractal dimension, mean perimeter, mean radius"
8,LASSO,20,Random Forest,0.9736842105263158,0.9859154929577465,0.9722222222222222,0.9790209790209791,0.9904100529100529,"worst radius, worst concave points, worst texture, radius error, worst symmetry, mean concave points, worst concavity, worst smoothness, worst perimeter, area error, compactness error, concave points error, concavity error, fractal dimension error, mean area, mean compactness, mean concavity, mean fractal dimension, mean perimeter, mean radius"
8,LASSO,20,XGBoost,0.9736842105263158,0.9726027397260274,0.9861111111111112,0.9793103448275862,0.9890873015873016,"worst radius, worst concave points, worst texture, radius error, worst symmetry, mean concave points, worst concavity, worst smoothness, worst perimeter, area error, compactness error, concave points error, concavity error, fractal dimension error, mean area, mean compactness, mean concavity, mean fractal dimension, mean perimeter, mean radius"
8,LASSO + DODA,20,Logistic Regression,0.9736842105263158,0.9726027397260274,0.9861111111111112,0.9793103448275862,0.9814814814814815,"worst radius, worst concave points, worst texture, radius error, mean concave points, worst concavity, worst perimeter, worst symmetry, worst smoothness, mean radius, mean texture, mean perimeter, mean area, mean smoothness, mean compactness, mean concavity, mean symmetry, mean fractal dimension, texture error, perimeter error"
8,LASSO + DODA,20,Random Forest,0.9473684210526315,0.9714285714285714,0.9444444444444444,0.9577464788732394,0.9799933862433863,"worst radius, worst concave points, worst texture, radius error, mean concave points, worst concavity, worst perimeter, worst symmetry, worst smoothness, mean radius, mean texture, mean perimeter, mean area, mean smoothness, mean compactness, mean concavity, mean symmetry, mean fractal dimension, texture error, perimeter error"
8,LASSO + DODA,20,XGBoost,0.9649122807017544,0.9594594594594594,0.9861111111111112,0.9726027397260274,0.9837962962962963,"worst radius, worst concave points, worst texture, radius error, mean concave points, worst concavity, worst perimeter, worst symmetry, worst smoothness, mean radius, mean texture, mean perimeter, mean area, mean smoothness, mean compactness, mean concavity, mean symmetry, mean fractal dimension, texture error, perimeter error"
9,LASSO,5,Logistic Regression,0.9649122807017544,0.9722222222222222,0.9722222222222222,0.9722222222222222,0.9980158730158729,"worst radius, worst concave points, radius error, worst texture, mean concave points"
9,LASSO,5,Random Forest,0.956140350877193,0.971830985915493,0.9583333333333334,0.965034965034965,0.9894179894179895,"worst radius, worst concave points, radius error, worst texture, mean concave points"
9,LASSO,5,XGBoost,0.9649122807017544,0.9722222222222222,0.9722222222222222,0.9722222222222222,0.9950396825396826,"worst radius, worst concave points, radius error, worst texture, mean concave points"
9,LASSO + DODA,5,Logistic Regression,0.9649122807017544,0.9722222222222222,0.9722222222222222,0.9722222222222222,0.9980158730158729,"worst radius, worst concave points, mean concave points, worst texture, radius error"
9,LASSO + DODA,5,Random Forest,0.9736842105263158,0.9726027397260274,0.9861111111111112,0.9793103448275862,0.9917328042328042,"worst radius, worst concave points, mean concave points, worst texture, radius error"
9,LASSO + DODA,5,XGBoost,0.9649122807017544,0.9722222222222222,0.9722222222222222,0.9722222222222222,0.9950396825396826,"worst radius, worst concave points, mean concave points, worst texture, radius error"
9,LASSO,10,Logistic Regression,0.9473684210526315,0.9714285714285714,0.9444444444444444,0.9577464788732394,0.9963624338624338,"worst radius, worst concave points, radius error, worst texture, mean concave points, worst smoothness, worst symmetry, area error, compactness error, concave points error"
9,LASSO,10,Random Forest,0.9649122807017544,0.9857142857142858,0.9583333333333334,0.971830985915493,0.9879298941798942,"worst radius, worst concave points, radius error, worst texture, mean concave points, worst smoothness, worst symmetry, area error, compactness error, concave points error"
9,LASSO,10,XGBoost,0.9736842105263158,0.9726027397260274,0.9861111111111112,0.9793103448275862,0.9966931216931217,"worst radius, worst concave points, radius error, worst texture, mean concave points, worst smoothness, worst symmetry, area error, compactness error, concave points error"
9,LASSO + DODA,10,Logistic Regression,0.9473684210526315,0.9714285714285714,0.9444444444444444,0.9577464788732394,0.9950396825396824,"worst radius, worst concave points, mean concave points, worst texture, radius error, worst smoothness, worst symmetry, mean radius, mean texture, mean perimeter"
9,LASSO + DODA,10,Random Forest,0.9824561403508771,0.9861111111111112,0.9861111111111112,0.9861111111111112,0.9950396825396826,"worst radius, worst concave points, mean concave points, worst texture, radius error, worst smoothness, worst symmetry, mean radius, mean texture, mean perimeter"
9,LASSO + DODA,10,XGBoost,0.9649122807017544,0.9722222222222222,0.9722222222222222,0.9722222222222222,0.9890873015873015,"worst radius, worst concave points, mean concave points, worst texture, radius error, worst smoothness, worst symmetry, mean radius, mean texture, mean perimeter"
9,LASSO,15,Logistic Regression,0.9736842105263158,0.9726027397260274,0.9861111111111112,0.9793103448275862,0.9960317460317459,"worst radius, worst concave points, radius error, worst texture, mean concave points, worst smoothness, worst symmetry, area error, compactness error, concave points error, concavity error, fractal dimension error, mean area, mean compactness, mean concavity"
9,LASSO,15,Random Forest,0.9473684210526315,0.9583333333333334,0.9583333333333334,0.9583333333333334,0.9917328042328043,"worst radius, worst concave points, radius error, worst texture, mean concave points, worst smoothness, worst symmetry, area error, compactness error, concave points error, concavity error, fractal dimension error, mean area, mean compactness, mean concavity"
9,LASSO,15,XGBoost,0.9649122807017544,0.9722222222222222,0.9722222222222222,0.9722222222222222,0.9953703703703703,"worst radius, worst concave points, radius error, worst texture, mean concave points, worst smoothness, worst symmetry, area error, compactness error, concave points error, concavity error, fractal dimension error, mean area, mean compactness, mean concavity"
9,LASSO + DODA,15,Logistic Regression,0.9736842105263158,0.9726027397260274,0.9861111111111112,0.9793103448275862,0.9953703703703703,"worst radius, worst concave points, mean concave points, worst texture, radius error, worst smoothness, worst symmetry, mean radius, mean texture, mean perimeter, mean area, mean smoothness, mean compactness, mean concavity, mean symmetry"
9,LASSO + DODA,15,Random Forest,0.9736842105263158,0.9726027397260274,0.9861111111111112,0.9793103448275862,0.9948743386243386,"worst radius, worst concave points, mean concave points, worst texture, radius error, worst smoothness, worst symmetry, mean radius, mean texture, mean perimeter, mean area, mean smoothness, mean compactness, mean concavity, mean symmetry"
9,LASSO + DODA,15,XGBoost,0.9649122807017544,0.9722222222222222,0.9722222222222222,0.9722222222222222,0.9904100529100529,"worst radius, worst concave points, mean concave points, worst texture, radius error, worst smoothness, worst symmetry, mean radius, mean texture, mean perimeter, mean area, mean smoothness, mean compactness, mean concavity, mean symmetry"
9,LASSO,20,Logistic Regression,0.9736842105263158,0.9726027397260274,0.9861111111111112,0.9793103448275862,0.9957010582010581,"worst radius, worst concave points, radius error, worst texture, mean concave points, worst smoothness, worst symmetry, area error, compactness error, concave points error, concavity error, fractal dimension error, mean area, mean compactness, mean concavity, mean fractal dimension, mean perimeter, mean radius, mean smoothness, mean symmetry"
9,LASSO,20,Random Forest,0.9473684210526315,0.9459459459459459,0.9722222222222222,0.958904109589041,0.9904100529100529,"worst radius, worst concave points, radius error, worst texture, mean concave points, worst smoothness, worst symmetry, area error, compactness error, concave points error, concavity error, fractal dimension error, mean area, mean compactness, mean concavity, mean fractal dimension, mean perimeter, mean radius, mean smoothness, mean symmetry"
9,LASSO,20,XGBoost,0.9649122807017544,0.9722222222222222,0.9722222222222222,0.9722222222222222,0.9930555555555556,"worst radius, worst concave points, radius error, worst texture, mean concave points, worst smoothness, worst symmetry, area error, compactness error, concave points error, concavity error, fractal dimension error, mean area, mean compactness, mean concavity, mean fractal dimension, mean perimeter, mean radius, mean smoothness, mean symmetry"
9,LASSO + DODA,20,Logistic Regression,0.9649122807017544,0.9722222222222222,0.9722222222222222,0.9722222222222222,0.9960317460317459,"worst radius, worst concave points, mean concave points, worst texture, radius error, worst smoothness, worst symmetry, mean radius, mean texture, mean perimeter, mean area, mean smoothness, mean compactness, mean concavity, mean symmetry, mean fractal dimension, texture error, perimeter error, area error, smoothness error"
9,LASSO + DODA,20,Random Forest,0.9649122807017544,0.9722222222222222,0.9722222222222222,0.9722222222222222,0.9915674603174603,"worst radius, worst concave points, mean concave points, worst texture, radius error, worst smoothness, worst symmetry, mean radius, mean texture, mean perimeter, mean area, mean smoothness, mean compactness, mean concavity, mean symmetry, mean fractal dimension, texture error, perimeter error, area error, smoothness error"
9,LASSO + DODA,20,XGBoost,0.9736842105263158,0.9726027397260274,0.9861111111111112,0.9793103448275862,0.9910714285714286,"worst radius, worst concave points, mean concave points, worst texture, radius error, worst smoothness, worst symmetry, mean radius, mean texture, mean perimeter, mean area, mean smoothness, mean compactness, mean concavity, mean symmetry, mean fractal dimension, texture error, perimeter error, area error, smoothness error"
10,LASSO,5,Logistic Regression,0.9734513274336283,0.9722222222222222,0.9859154929577465,0.9790209790209791,0.9949698189134808,"worst radius, worst concave points, mean concave points, worst texture, radius error"
10,LASSO,5,Random Forest,0.9557522123893806,0.9714285714285714,0.9577464788732394,0.9645390070921985,0.98859825620389,"worst radius, worst concave points, mean concave points, worst texture, radius error"
10,LASSO,5,XGBoost,0.9292035398230089,0.9315068493150684,0.9577464788732394,0.9444444444444444,0.9865861837692823,"worst radius, worst concave points, mean concave points, worst texture, radius error"
10,LASSO + DODA,5,Logistic Regression,0.9734513274336283,0.9722222222222222,0.9859154929577465,0.9790209790209791,0.9949698189134808,"worst radius, worst concave points, mean concave points, worst texture, radius error"
10,LASSO + DODA,5,Random Forest,0.9557522123893806,0.9714285714285714,0.9577464788732394,0.9645390070921985,0.98859825620389,"worst radius, worst concave points, mean concave points, worst texture, radius error"
10,LASSO + DODA,5,XGBoost,0.9292035398230089,0.9315068493150684,0.9577464788732394,0.9444444444444444,0.9865861837692823,"worst radius, worst concave points, mean concave points, worst texture, radius error"
10,LASSO,10,Logistic Regression,0.9646017699115044,0.958904109589041,0.9859154929577465,0.9722222222222222,0.9956405097250167,"worst radius, worst concave points, mean concave points, worst texture, radius error, worst smoothness, worst perimeter, mean texture, area error, compactness error"
10,LASSO,10,Random Forest,0.9557522123893806,0.9583333333333334,0.971830985915493,0.965034965034965,0.9782025486250838,"worst radius, worst concave points, mean concave points, worst texture, radius error, worst smoothness, worst perimeter, mean texture, area error, compactness error"
10,LASSO,10,XGBoost,0.9557522123893806,0.9459459459459459,0.9859154929577465,0.9655172413793104,0.9916163648558015,"worst radius, worst concave points, mean concave points, worst texture, radius error, worst smoothness, worst perimeter, mean texture, area error, compactness error"
10,LASSO + DODA,10,Logistic Regression,0.9646017699115044,0.958904109589041,0.9859154929577465,0.9722222222222222,0.994299128101945,"worst radius, worst concave points, mean concave points, worst texture, radius error, worst perimeter, worst smoothness, mean texture, mean radius, mean perimeter"
10,LASSO + DODA,10,Random Forest,0.9469026548672567,0.9577464788732394,0.9577464788732394,0.9577464788732394,0.977531857813548,"worst radius, worst concave points, mean concave points, worst texture, radius error, worst perimeter, worst smoothness, mean texture, mean radius, mean perimeter"
10,LASSO + DODA,10,XGBoost,0.9203539823008849,0.9428571428571428,0.9295774647887324,0.9361702127659575,0.9872568745808183,"worst radius, worst concave points, mean concave points, worst texture, radius error, worst perimeter, worst smoothness, mean texture, mean radius, mean perimeter"
10,LASSO,15,Logistic Regression,0.9557522123893806,0.9459459459459459,0.9859154929577465,0.9655172413793104,0.9953051643192489,"worst radius, worst concave points, mean concave points, worst texture, radius error, worst smoothness, worst perimeter, mean texture, area error, compactness error, concave points error, concavity error, fractal dimension error, mean area, mean compactness"
10,LASSO,15,Random Forest,0.9557522123893806,0.9583333333333334,0.971830985915493,0.965034965034965,0.9815560026827632,"worst radius, worst concave points, mean concave points, worst texture, radius error, worst smoothness, worst perimeter, mean texture, area error, compactness error, concave points error, concavity error, fractal dimension error, mean area, mean compactness"
10,LASSO,15,XGBoost,0.9292035398230089,0.9315068493150684,0.9577464788732394,0.9444444444444444,0.9885982562038901,"worst radius, worst concave points, mean concave points, worst texture, radius error, worst smoothness, worst perimeter, mean texture, area error, compactness error, concave points error, concavity error, fractal dimension error, mean area, mean compactness"
10,LASSO + DODA,15,Logistic Regression,0.9557522123893806,0.9459459459459459,0.9859154929577465,0.9655172413793104,0.994299128101945,"worst radius, worst concave points, mean concave points, worst texture, radius error, worst perimeter, worst smoothness, mean texture, mean radius, mean perimeter, mean area, mean smoothness, mean compactness, mean concavity, mean symmetry"
10,LASSO + DODA,15,Random Forest,0.9380530973451328,0.9444444444444444,0.9577464788732394,0.951048951048951,0.9817236753856472,"worst radius, worst concave points, mean concave points, worst texture, radius error, worst perimeter, worst smoothness, mean texture, mean radius, mean perimeter, mean area, mean smoothness, mean compactness, mean concavity, mean symmetry"
10,LASSO + DODA,15,XGBoost,0.9380530973451328,0.9444444444444444,0.9577464788732394,0.951048951048951,0.9889336016096579,"worst radius, worst concave points, mean concave points, worst texture, radius error, worst perimeter, worst smoothness, mean texture, mean radius, mean perimeter, mean area, mean smoothness, mean compactness, mean concavity, mean symmetry"
10,LASSO,20,Logistic Regression,0.9557522123893806,0.9459459459459459,0.9859154929577465,0.9655172413793104,0.9956405097250167,"worst radius, worst concave points, mean concave points, worst texture, radius error, worst smoothness, worst perimeter, mean texture, area error, compactness error, concave points error, concavity error, fractal dimension error, mean area, mean compactness, mean concavity, mean fractal dimension, mean perimeter, mean radius, mean smoothness"
10,LASSO,20,Random Forest,0.9380530973451328,0.9571428571428572,0.9436619718309859,0.950354609929078,0.9745137491616365,"worst radius, worst concave points, mean concave points, worst texture, radius error, worst smoothness, worst perimeter, mean texture, area error, compactness error, concave points error, concavity error, fractal dimension error, mean area, mean compactness, mean concavity, mean fractal dimension, mean perimeter, mean radius, mean smoothness"
10,LASSO,20,XGBoost,0.9469026548672567,0.9452054794520548,0.971830985915493,0.9583333333333334,0.9892689470154259,"worst radius, worst concave points, mean concave points, worst texture, radius error, worst smoothness, worst perimeter, mean texture, area error, compactness error, concave points error, concavity error, fractal dimension error, mean area, mean compactness, mean concavity, mean fractal dimension, mean perimeter, mean radius, mean smoothness"
10,LASSO + DODA,20,Logistic Regression,0.9557522123893806,0.9459459459459459,0.9859154929577465,0.9655172413793104,0.994634473507713,"worst radius, worst concave points, mean concave points, worst texture, radius error, worst perimeter, worst smoothness, mean texture, mean radius, mean perimeter, mean area, mean smoothness, mean compactness, mean concavity, mean symmetry, mean fractal dimension, texture error, perimeter error, area error, smoothness error"
10,LASSO + DODA,20,Random Forest,0.9557522123893806,0.9852941176470589,0.9436619718309859,0.9640287769784173,0.9805499664654593,"worst radius, worst concave points, mean concave points, worst texture, radius error, worst perimeter, worst smoothness, mean texture, mean radius, mean perimeter, mean area, mean smoothness, mean compactness, mean concavity, mean symmetry, mean fractal dimension, texture error, perimeter error, area error, smoothness error"
10,LASSO + DODA,20,XGBoost,0.9380530973451328,0.9444444444444444,0.9577464788732394,0.951048951048951,0.98859825620389,"worst radius, worst concave points, mean concave points, worst texture, radius error, worst perimeter, worst smoothness, mean texture, mean radius, mean perimeter, mean area, mean smoothness, mean compactness, mean concavity, mean symmetry, mean fractal dimension, texture error, perimeter error, area error, smoothness error"
11,LASSO,5,Logistic Regression,0.956140350877193,0.9583333333333334,0.971830985915493,0.965034965034965,0.9849328529315428,"worst radius, mean concave points, worst texture, worst concave points, worst symmetry"
11,LASSO,5,Random Forest,0.9298245614035088,0.92,0.971830985915493,0.9452054794520548,0.9823124795283327,"worst radius, mean concave points, worst texture, worst concave points, worst symmetry"
11,LASSO,5,XGBoost,0.9385964912280702,0.9324324324324325,0.971830985915493,0.9517241379310345,0.987880773010154,"worst radius, mean concave points, worst texture, worst concave points, worst symmetry"
11,LASSO + DODA,5,Logistic Regression,0.956140350877193,0.9583333333333334,0.971830985915493,0.965034965034965,0.9849328529315428,"worst radius, mean concave points, worst concave points, worst texture, worst symmetry"
11,LASSO + DODA,5,Random Forest,0.9385964912280702,0.9324324324324325,0.971830985915493,0.9517241379310345,0.9850966262692433,"worst radius, mean concave points, worst concave points, worst texture, worst symmetry"
11,LASSO + DODA,5,XGBoost,0.9385964912280702,0.9324324324324325,0.971830985915493,0.9517241379310345,0.987880773010154,"worst radius, mean concave points, worst concave points, worst texture, worst symmetry"
11,LASSO,10,Logistic Regression,0.9649122807017544,0.958904109589041,0.9859154929577465,0.9722222222222222,0.9957418932197838,"worst radius, mean concave points, worst texture, worst concave points, worst symmetry, worst smoothness, worst concavity, area error, compactness error, concave points error"
11,LASSO,10,Random Forest,0.9473684210526315,0.9452054794520548,0.971830985915493,0.9583333333333334,0.9888634130363576,"worst radius, mean concave points, worst texture, worst concave points, worst symmetry, worst smoothness, worst concavity, area error, compactness error, concave points error"
11,LASSO,10,XGBoost,0.956140350877193,0.9714285714285714,0.9577464788732394,0.9645390070921985,0.9941041598427776,"worst radius, mean concave points, worst texture, worst concave points, worst symmetry, worst smoothness, worst concavity, area error, compactness error, concave points error"
11,LASSO + DODA,10,Logistic Regression,0.9649122807017544,0.958904109589041,0.9859154929577465,0.9722222222222222,0.9872256796593515,"worst radius, mean concave points, worst concave points, worst texture, worst symmetry, worst concavity, worst smoothness, mean radius, mean texture, mean perimeter"
11,LASSO + DODA,10,Random Forest,0.9473684210526315,0.9452054794520548,0.971830985915493,0.9583333333333334,0.9837864395676383,"worst radius, mean concave points, worst concave points, worst texture, worst symmetry, worst concavity, worst smoothness, mean radius, mean texture, mean perimeter"
11,LASSO + DODA,10,XGBoost,0.9385964912280702,0.9324324324324325,0.971830985915493,0.9517241379310345,0.982640026203734,"worst radius, mean concave points, worst concave points, worst texture, worst symmetry, worst concavity, worst smoothness, mean radius, mean texture, mean perimeter"
11,LASSO,15,Logistic Regression,0.9649122807017544,0.958904109589041,0.9859154929577465,0.9722222222222222,0.996069439895185,"worst radius, mean concave points, worst texture, worst concave points, worst symmetry, worst smoothness, worst concavity, area error, compactness error, concave points error, concavity error, fractal dimension error, mean area, mean compactness, mean concavity"
11,LASSO,15,Random Forest,0.9473684210526315,0.9452054794520548,0.971830985915493,0.9583333333333334,0.9870619063216509,"worst radius, mean concave points, worst texture, worst concave points, worst symmetry, worst smoothness, worst concavity, area error, compactness error, concave points error, concavity error, fractal dimension error, mean area, mean compactness, mean concavity"
11,LASSO,15,XGBoost,0.9473684210526315,0.9577464788732394,0.9577464788732394,0.9577464788732394,0.9934490664919751,"worst radius, mean concave points, worst texture, worst concave points, worst symmetry, worst smoothness, worst concavity, area error, compactness error, concave points error, concavity error, fractal dimension error, mean area, mean compactness, mean concavity"
11,LASSO + DODA,15,Logistic Regression,0.9649122807017544,0.958904109589041,0.9859154929577465,0.9722222222222222,0.9888634130363577,"worst radius, mean concave points, worst concave points, worst texture, worst symmetry, worst concavity, worst smoothness, mean radius, mean texture, mean perimeter, mean area, mean smoothness, mean compactness, mean concavity, mean symmetry"
11,LASSO + DODA,15,Random Forest,0.9298245614035088,0.92,0.971830985915493,0.9452054794520548,0.981329839502129,"worst radius, mean concave points, worst concave points, worst texture, worst symmetry, worst concavity, worst smoothness, mean radius, mean texture, mean perimeter, mean area, mean smoothness, mean compactness, mean concavity, mean symmetry"
11,LASSO + DODA,15,XGBoost,0.9473684210526315,0.9452054794520548,0.971830985915493,0.9583333333333334,0.9898460530625615,"worst radius, mean concave points, worst concave points, worst texture, worst symmetry, worst concavity, worst smoothness, mean radius, mean texture, mean perimeter, mean area, mean smoothness, mean compactness, mean concavity, mean symmetry"
11,LASSO,20,Logistic Regression,0.9649122807017544,0.958904109589041,0.9859154929577465,0.9722222222222222,0.9963969865705863,"worst radius, mean concave points, worst texture, worst concave points, worst symmetry, worst smoothness, worst concavity, area error, compactness error, concave points error, concavity error, fractal dimension error, mean area, mean compactness, mean concavity, mean fractal dimension, mean perimeter, mean radius, mean smoothness, mean symmetry"
11,LASSO,20,Random Forest,0.9298245614035088,0.92,0.971830985915493,0.9452054794520548,0.9849328529315428,"worst radius, mean concave points, worst texture, worst concave points, worst symmetry, worst smoothness, worst concavity, area error, compactness error, concave points error, concavity error, fractal dimension error, mean area, mean compactness, mean concavity, mean fractal dimension, mean perimeter, mean radius, mean smoothness, mean symmetry"
11,LASSO,20,XGBoost,0.9473684210526315,0.9577464788732394,0.9577464788732394,0.9577464788732394,0.9911562397641664,"worst radius, mean concave points, worst texture, worst concave points, worst symmetry, worst smoothness, worst concavity, area error, compactness error, concave points error, concavity error, fractal dimension error, mean area, mean compactness, mean concavity, mean fractal dimension, mean perimeter, mean radius, mean smoothness, mean symmetry"
11,LASSO + DODA,20,Logistic Regression,0.9736842105263158,0.9722222222222222,0.9859154929577465,0.9790209790209791,0.998689813298395,"worst radius, mean concave points, worst concave points, worst texture, worst symmetry, worst concavity, worst smoothness, mean radius, mean texture, mean perimeter, mean area, mean smoothness, mean compactness, mean concavity, mean symmetry, mean fractal dimension, radius error, texture error, perimeter error, area error"
11,LASSO + DODA,20,Random Forest,0.9385964912280702,0.9324324324324325,0.971830985915493,0.9517241379310345,0.9849328529315428,"worst radius, mean concave points, worst concave points, worst texture, worst symmetry, worst concavity, worst smoothness, mean radius, mean texture, mean perimeter, mean area, mean smoothness, mean compactness, mean concavity, mean symmetry, mean fractal dimension, radius error, texture error, perimeter error, area error"
11,LASSO + DODA,20,XGBoost,0.956140350877193,0.9583333333333334,0.971830985915493,0.965034965034965,0.9937766131673763,"worst radius, mean concave points, worst concave points, worst texture, worst symmetry, worst concavity, worst smoothness, mean radius, mean texture, mean perimeter, mean area, mean smoothness, mean compactness, mean concavity, mean symmetry, mean fractal dimension, radius error, texture error, perimeter error, area error"
12,LASSO,5,Logistic Regression,0.9736842105263158,0.9857142857142858,0.971830985915493,0.9787234042553191,0.9963969865705863,"worst radius, worst concave points, worst texture, radius error, mean concave points"
12,LASSO,5,Random Forest,0.9824561403508771,0.9859154929577465,0.9859154929577465,0.9859154929577465,0.9967245332459875,"worst radius, worst concave points, worst texture, radius error, mean concave points"
12,LASSO,5,XGBoost,0.9298245614035088,0.9701492537313433,0.9154929577464789,0.9420289855072463,0.9944317065181789,"worst radius, worst concave points, worst texture, radius error, mean concave points"
12,LASSO + DODA,5,Logistic Regression,0.9736842105263158,0.9857142857142858,0.971830985915493,0.9787234042553191,0.9963969865705863,"worst radius, worst concave points, worst texture, mean concave points, radius error"
12,LASSO + DODA,5,Random Forest,0.956140350877193,0.9852941176470589,0.9436619718309859,0.9640287769784173,0.9967245332459875,"worst radius, worst concave points, worst texture, mean concave points, radius error"
12,LASSO + DODA,5,XGBoost,0.9298245614035088,0.9701492537313433,0.9154929577464789,0.9420289855072463,0.9944317065181789,"worst radius, worst concave points, worst texture, mean concave points, radius error"
12,LASSO,10,Logistic Regression,0.9649122807017544,0.971830985915493,0.971830985915493,0.971830985915493,0.9950867998689813,"worst radius, worst concave points, worst texture, radius error, mean concave points, worst symmetry, worst smoothness, area error, compactness error, concave points error"
12,LASSO,10,Random Forest,0.956140350877193,0.9852941176470589,0.9436619718309859,0.9640287769784173,0.9977071732721913,"worst radius, worst concave points, worst texture, radius error, mean concave points, worst symmetry, worst smoothness, area error, compactness error, concave points error"
12,LASSO,10,XGBoost,0.956140350877193,0.9714285714285714,0.9577464788732394,0.9645390070921985,0.9934490664919751,"worst radius, worst concave points, worst texture, radius error, mean concave points, worst symmetry, worst smoothness, area error, compactness error, concave points error"
12,LASSO + DODA,10,Logistic Regression,0.9824561403508771,0.9859154929577465,0.9859154929577465,0.9859154929577465,0.9990173599737963,"worst radius, worst concave points, worst texture, mean concave points, radius error, worst symmetry, worst smoothness, mean radius, mean texture, mean perimeter"
12,LASSO + DODA,10,Random Forest,0.9473684210526315,0.9850746268656716,0.9295774647887324,0.9565217391304348,0.9959056665574844,"worst radius, worst concave points, worst texture, mean concave points, radius error, worst symmetry, worst smoothness, mean radius, mean texture, mean perimeter"
12,LASSO + DODA,10,XGBoost,0.9385964912280702,0.9705882352941176,0.9295774647887324,0.9496402877697842,0.9934490664919751,"worst radius, worst concave points, worst texture, mean concave points, radius error, worst symmetry, worst smoothness, mean radius, mean texture, mean perimeter"
12,LASSO,15,Logistic Regression,0.9649122807017544,0.971830985915493,0.971830985915493,0.971830985915493,0.996069439895185,"worst radius, worst concave points, worst texture, radius error, mean concave points, worst symmetry, worst smoothness, area error, compactness error, concave points error, concavity error, fractal dimension error, mean area, mean compactness, mean concavity"
12,LASSO,15,Random Forest,0.9736842105263158,1.0,0.9577464788732394,0.9784172661870504,0.9972158532590895,"worst radius, worst concave points, worst texture, radius error, mean concave points, worst symmetry, worst smoothness, area error, compactness error, concave points error, concavity error, fractal dimension error, mean area, mean compactness, mean concavity"
12,LASSO,15,XGBoost,0.9473684210526315,0.9710144927536232,0.9436619718309859,0.9571428571428572,0.9954143465443825,"worst radius, worst concave points, worst texture, radius error, mean concave points, worst symmetry, worst smoothness, area error, compactness error, concave points error, concavity error, fractal dimension error, mean area, mean compactness, mean concavity"
12,LASSO + DODA,15,Logistic Regression,0.9824561403508771,1.0,0.971830985915493,0.9857142857142858,0.9990173599737963,"worst radius, worst concave points, worst texture, mean concave points, radius error, worst symmetry, worst smoothness, mean radius, mean texture, mean perimeter, mean area, mean smoothness, mean compactness, mean concavity, mean symmetry"
12,LASSO + DODA,15,Random Forest,0.9473684210526315,0.9850746268656716,0.9295774647887324,0.9565217391304348,0.9963969865705864,"worst radius, worst concave points, worst texture, mean concave points, radius error, worst symmetry, worst smoothness, mean radius, mean texture, mean perimeter, mean area, mean smoothness, mean compactness, mean concavity, mean symmetry"
12,LASSO + DODA,15,XGBoost,0.9298245614035088,0.9565217391304348,0.9295774647887324,0.9428571428571428,0.9944317065181788,"worst radius, worst concave points, worst texture, mean concave points, radius error, worst symmetry, worst smoothness, mean radius, mean texture, mean perimeter, mean area, mean smoothness, mean compactness, mean concavity, mean symmetry"
12,LASSO,20,Logistic Regression,0.9649122807017544,0.971830985915493,0.971830985915493,0.971830985915493,0.996069439895185,"worst radius, worst concave points, worst texture, radius error, mean concave points, worst symmetry, worst smoothness, area error, compactness error, concave points error, concavity error, fractal dimension error, mean area, mean compactness, mean concavity, mean fractal dimension, mean perimeter, mean radius, mean smoothness, mean symmetry"
12,LASSO,20,Random Forest,0.9649122807017544,0.9855072463768116,0.9577464788732394,0.9714285714285714,0.998689813298395,"worst radius, worst concave points, worst texture, radius error, mean concave points, worst symmetry, worst smoothness, area error, compactness error, concave points error, concavity error, fractal dimension error, mean area, mean compactness, mean concavity, mean fractal dimension, mean perimeter, mean radius, mean smoothness, mean symmetry"
12,LASSO,20,XGBoost,0.956140350877193,0.9714285714285714,0.9577464788732394,0.9645390070921985,0.99475925319358,"worst radius, worst concave points, worst texture, radius error, mean concave points, worst symmetry, worst smoothness, area error, compactness error, concave points error, concavity error, fractal dimension error, mean area, mean compactness, mean concavity, mean fractal dimension, mean perimeter, mean radius, mean smoothness, mean symmetry"
12,LASSO + DODA,20,Logistic Regression,0.9824561403508771,0.9859154929577465,0.9859154929577465,0.9859154929577465,0.9954143465443827,"worst radius, worst concave points, worst texture, mean concave points, radius error, worst symmetry, worst smoothness, mean radius, mean texture, mean perimeter, mean area, mean smoothness, mean compactness, mean concavity, mean symmetry, mean fractal dimension, texture error, perimeter error, area error, smoothness error"
12,LASSO + DODA,20,Random Forest,0.9473684210526315,0.9850746268656716,0.9295774647887324,0.9565217391304348,0.996560759908287,"worst radius, worst concave points, worst texture, mean concave points, radius error, worst symmetry, worst smoothness, mean radius, mean texture, mean perimeter, mean area, mean smoothness, mean compactness, mean concavity, mean symmetry, mean fractal dimension, texture error, perimeter error, area error, smoothness error"
12,LASSO + DODA,20,XGBoost,0.9473684210526315,0.9710144927536232,0.9436619718309859,0.9571428571428572,0.9957418932197838,"worst radius, worst concave points, worst texture, mean concave points, radius error, worst symmetry, worst smoothness, mean radius, mean texture, mean perimeter, mean area, mean smoothness, mean compactness, mean concavity, mean symmetry, mean fractal dimension, texture error, perimeter error, area error, smoothness error"
13,LASSO,5,Logistic Regression,0.9649122807017544,1.0,0.9444444444444444,0.9714285714285714,0.9996693121693121,"worst radius, worst concave points, worst texture, radius error, mean concave points"
13,LASSO,5,Random Forest,0.9736842105263158,0.9859154929577465,0.9722222222222222,0.9790209790209791,0.9983465608465608,"worst radius, worst concave points, worst texture, radius error, mean concave points"
13,LASSO,5,XGBoost,0.9736842105263158,1.0,0.9583333333333334,0.9787234042553191,0.9990079365079365,"worst radius, worst concave points, worst texture, radius error, mean concave points"
13,LASSO + DODA,5,Logistic Regression,0.9649122807017544,1.0,0.9444444444444444,0.9714285714285714,0.9996693121693121,"worst radius, worst concave points, worst texture, mean concave points, radius error"
13,LASSO + DODA,5,Random Forest,0.9824561403508771,0.9861111111111112,0.9861111111111112,0.9861111111111112,0.9976851851851851,"worst radius, worst concave points, worst texture, mean concave points, radius error"
13,LASSO + DODA,5,XGBoost,0.9736842105263158,1.0,0.9583333333333334,0.9787234042553191,0.9990079365079365,"worst radius, worst concave points, worst texture, mean concave points, radius error"
13,LASSO,10,Logistic Regression,0.9912280701754386,1.0,0.9861111111111112,0.993006993006993,1.0,"worst radius, worst concave points, worst texture, radius error, mean concave points, worst smoothness, worst symmetry, worst concavity, area error, compactness error"
13,LASSO,10,Random Forest,0.9912280701754386,0.9863013698630136,1.0,0.993103448275862,0.9996693121693122,"worst radius, worst concave points, worst texture, radius error, mean concave points, worst smoothness, worst symmetry, worst concavity, area error, compactness error"
13,LASSO,10,XGBoost,0.9912280701754386,0.9863013698630136,1.0,0.993103448275862,1.0,"worst radius, worst concave points, worst texture, radius error, mean concave points, worst smoothness, worst symmetry, worst concavity, area error, compactness error"
13,LASSO + DODA,10,Logistic Regression,0.9824561403508771,1.0,0.9722222222222222,0.9859154929577465,1.0,"worst radius, worst concave points, worst texture, mean concave points, radius error, worst concavity, worst smoothness, worst symmetry, mean radius, mean texture"
13,LASSO + DODA,10,Random Forest,0.9649122807017544,0.9857142857142858,0.9583333333333334,0.971830985915493,0.9990079365079365,"worst radius, worst concave points, worst texture, mean concave points, radius error, worst concavity, worst smoothness, worst symmetry, mean radius, mean texture"
13,LASSO + DODA,10,XGBoost,0.9912280701754386,1.0,0.9861111111111112,0.993006993006993,0.9996693121693121,"worst radius, worst concave points, worst texture, mean concave points, radius error, worst concavity, worst smoothness, worst symmetry, mean radius, mean texture"
13,LASSO,15,Logistic Regression,0.9824561403508771,1.0,0.9722222222222222,0.9859154929577465,1.0,"worst radius, worst concave points, worst texture, radius error, mean concave points, worst smoothness, worst symmetry, worst concavity, area error, compactness error, concave points error, concavity error, fractal dimension error, mean area, mean compactness"
13,LASSO,15,Random Forest,0.9912280701754386,0.9863013698630136,1.0,0.993103448275862,1.0,"worst radius, worst concave points, worst texture, radius error, mean concave points, worst smoothness, worst symmetry, worst concavity, area error, compactness error, concave points error, concavity error, fractal dimension error, mean area, mean compactness"
13,LASSO,15,XGBoost,1.0,1.0,1.0,1.0,1.0,"worst radius, worst concave points, worst texture, radius error, mean concave points, worst smoothness, worst symmetry, worst concavity, area error, compactness error, concave points error, concavity error, fractal dimension error, mean area, mean compactness"
13,LASSO + DODA,15,Logistic Regression,0.9736842105263158,1.0,0.9583333333333334,0.9787234042553191,0.9996693121693121,"worst radius, worst concave points, worst texture, mean concave points, radius error, worst concavity, worst smoothness, worst symmetry, mean radius, mean texture, mean perimeter, mean area, mean smoothness, mean compactness, mean concavity"
13,LASSO + DODA,15,Random Forest,0.9824561403508771,1.0,0.9722222222222222,0.9859154929577465,0.9993386243386243,"worst radius, worst concave points, worst texture, mean concave points, radius error, worst concavity, worst smoothness, worst symmetry, mean radius, mean texture, mean perimeter, mean area, mean smoothness, mean compactness, mean concavity"
13,LASSO + DODA,15,XGBoost,0.9912280701754386,1.0,0.9861111111111112,0.993006993006993,0.9996693121693121,"worst radius, worst concave points, worst texture, mean concave points, radius error, worst concavity, worst smoothness, worst symmetry, mean radius, mean texture, mean perimeter, mean area, mean smoothness, mean compactness, mean concavity"
13,LASSO,20,Logistic Regression,0.9736842105263158,1.0,0.9583333333333334,0.9787234042553191,1.0,"worst radius, worst concave points, worst texture, radius error, mean concave points, worst smoothness, worst symmetry, worst concavity, area error, compactness error, concave points error, concavity error, fractal dimension error, mean area, mean compactness, mean concavity, mean fractal dimension, mean perimeter, mean radius, mean smoothness"
13,LASSO,20,Random Forest,1.0,1.0,1.0,1.0,1.0,"worst radius, worst concave points, worst texture, radius error, mean concave points, worst smoothness, worst symmetry, worst concavity, area error, compactness error, concave points error, concavity error, fractal dimension error, mean area, mean compactness, mean concavity, mean fractal dimension, mean perimeter, mean radius, mean smoothness"
13,LASSO,20,XGBoost,0.9912280701754386,0.9863013698630136,1.0,0.993103448275862,1.0,"worst radius, worst concave points, worst texture, radius error, mean concave points, worst smoothness, worst symmetry, worst concavity, area error, compactness error, concave points error, concavity error, fractal dimension error, mean area, mean compactness, mean concavity, mean fractal dimension, mean perimeter, mean radius, mean smoothness"
13,LASSO + DODA,20,Logistic Regression,0.9824561403508771,1.0,0.9722222222222222,0.9859154929577465,1.0,"worst radius, worst concave points, worst texture, mean concave points, radius error, worst concavity, worst smoothness, worst symmetry, mean radius, mean texture, mean perimeter, mean area, mean smoothness, mean compactness, mean concavity, mean symmetry, mean fractal dimension, texture error, perimeter error, area error"
13,LASSO + DODA,20,Random Forest,0.9824561403508771,1.0,0.9722222222222222,0.9859154929577465,0.9996693121693122,"worst radius, worst concave points, worst texture, mean concave points, radius error, worst concavity, worst smoothness, worst symmetry, mean radius, mean texture, mean perimeter, mean area, mean smoothness, mean compactness, mean concavity, mean symmetry, mean fractal dimension, texture error, perimeter error, area error"
13,LASSO + DODA,20,XGBoost,0.9912280701754386,1.0,0.9861111111111112,0.993006993006993,0.9996693121693121,"worst radius, worst concave points, worst texture, mean concave points, radius error, worst concavity, worst smoothness, worst symmetry, mean radius, mean texture, mean perimeter, mean area, mean smoothness, mean compactness, mean concavity, mean symmetry, mean fractal dimension, texture error, perimeter error, area error"
14,LASSO,5,Logistic Regression,0.9649122807017544,0.9594594594594594,0.9861111111111112,0.9726027397260274,0.9933862433862434,"worst radius, worst concave points, mean concave points, worst texture, radius error"
14,LASSO,5,Random Forest,0.9736842105263158,0.9726027397260274,0.9861111111111112,0.9793103448275862,0.9952050264550264,"worst radius, worst concave points, mean concave points, worst texture, radius error"
14,LASSO,5,XGBoost,0.9736842105263158,0.9726027397260274,0.9861111111111112,0.9793103448275862,0.9910714285714286,"worst radius, worst concave points, mean concave points, worst texture, radius error"
14,LASSO + DODA,5,Logistic Regression,0.9649122807017544,0.9594594594594594,0.9861111111111112,0.9726027397260274,0.9933862433862434,"worst radius, worst concave points, mean concave points, worst texture, radius error"
14,LASSO + DODA,5,Random Forest,0.9736842105263158,0.9726027397260274,0.9861111111111112,0.9793103448275862,0.9952050264550264,"worst radius, worst concave points, mean concave points, worst texture, radius error"
14,LASSO + DODA,5,XGBoost,0.9736842105263158,0.9726027397260274,0.9861111111111112,0.9793103448275862,0.9910714285714286,"worst radius, worst concave points, mean concave points, worst texture, radius error"
14,LASSO,10,Logistic Regression,0.9824561403508771,0.972972972972973,1.0,0.9863013698630136,0.9937169312169312,"worst radius, worst concave points, mean concave points, worst texture, radius error, worst symmetry, worst smoothness, worst concavity, area error, compactness error"
14,LASSO,10,Random Forest,0.9649122807017544,0.9594594594594594,0.9861111111111112,0.9726027397260274,0.9910714285714286,"worst radius, worst concave points, mean concave points, worst texture, radius error, worst symmetry, worst smoothness, worst concavity, area error, compactness error"
14,LASSO,10,XGBoost,0.9736842105263158,0.96,1.0,0.9795918367346939,0.9966931216931216,"worst radius, worst concave points, mean concave points, worst texture, radius error, worst symmetry, worst smoothness, worst concavity, area error, compactness error"
14,LASSO + DODA,10,Logistic Regression,0.9824561403508771,0.972972972972973,1.0,0.9863013698630136,0.9877645502645502,"worst radius, worst concave points, mean concave points, worst texture, radius error, worst symmetry, worst smoothness, worst concavity, mean radius, mean texture"
14,LASSO + DODA,10,Random Forest,0.9824561403508771,0.972972972972973,1.0,0.9863013698630136,0.9880952380952381,"worst radius, worst concave points, mean concave points, worst texture, radius error, worst symmetry, worst smoothness, worst concavity, mean radius, mean texture"
14,LASSO + DODA,10,XGBoost,0.9824561403508771,0.972972972972973,1.0,0.9863013698630136,0.9748677248677249,"worst radius, worst concave points, mean concave points, worst texture, radius error, worst symmetry, worst smoothness, worst concavity, mean radius, mean texture"
14,LASSO,15,Logistic Regression,0.9824561403508771,0.972972972972973,1.0,0.9863013698630136,0.9927248677248677,"worst radius, worst concave points, mean concave points, worst texture, radius error, worst symmetry, worst smoothness, worst concavity, area error, compactness error, concave points error, concavity error, fractal dimension error, mean area, mean compactness"
14,LASSO,15,Random Forest,0.9736842105263158,0.9726027397260274,0.9861111111111112,0.9793103448275862,0.9935515873015873,"worst radius, worst concave points, mean concave points, worst texture, radius error, worst symmetry, worst smoothness, worst concavity, area error, compactness error, concave points error, concavity error, fractal dimension error, mean area, mean compactness"
14,LASSO,15,XGBoost,0.9736842105263158,0.96,1.0,0.9795918367346939,0.9960317460317459,"worst radius, worst concave points, mean concave points, worst texture, radius error, worst symmetry, worst smoothness, worst concavity, area error, compactness error, concave points error, concavity error, fractal dimension error, mean area, mean compactness"
14,LASSO + DODA,15,Logistic Regression,0.9824561403508771,0.972972972972973,1.0,0.9863013698630136,0.9874338624338623,"worst radius, worst concave points, mean concave points, worst texture, radius error, worst symmetry, worst smoothness, worst concavity, mean radius, mean texture, mean perimeter, mean area, mean smoothness, mean compactness, mean concavity"
14,LASSO + DODA,15,Random Forest,0.9736842105263158,0.96,1.0,0.9795918367346939,0.9794973544973545,"worst radius, worst concave points, mean concave points, worst texture, radius error, worst symmetry, worst smoothness, worst concavity, mean radius, mean texture, mean perimeter, mean area, mean smoothness, mean compactness, mean concavity"
14,LASSO + DODA,15,XGBoost,0.9824561403508771,0.972972972972973,1.0,0.9863013698630136,0.9867724867724869,"worst radius, worst concave points, mean concave points, worst texture, radius error, worst symmetry, worst smoothness, worst concavity, mean radius, mean texture, mean perimeter, mean area, mean smoothness, mean compactness, mean concavity"
14,LASSO,20,Logistic Regression,0.9824561403508771,0.972972972972973,1.0,0.9863013698630136,0.9890873015873015,"worst radius, worst concave points, mean concave points, worst texture, radius error, worst symmetry, worst smoothness, worst concavity, area error, compactness error, concave points error, concavity error, fractal dimension error, mean area, mean compactness, mean concavity, mean fractal dimension, mean perimeter, mean radius, mean smoothness"
14,LASSO,20,Random Forest,0.9649122807017544,0.9594594594594594,0.9861111111111112,0.9726027397260274,0.9928902116402116,"worst radius, worst concave points, mean concave points, worst texture, radius error, worst symmetry, worst smoothness, worst concavity, area error, compactness error, concave points error, concavity error, fractal dimension error, mean area, mean compactness, mean concavity, mean fractal dimension, mean perimeter, mean radius, mean smoothness"
14,LASSO,20,XGBoost,0.9736842105263158,0.96,1.0,0.9795918367346939,0.9947089947089947,"worst radius, worst concave points, mean concave points, worst texture, radius error, worst symmetry, worst smoothness, worst concavity, area error, compactness error, concave points error, concavity error, fractal dimension error, mean area, mean compactness, mean concavity, mean fractal dimension, mean perimeter, mean radius, mean smoothness"
14,LASSO + DODA,20,Logistic Regression,0.9736842105263158,0.9726027397260274,0.9861111111111112,0.9793103448275862,0.9864417989417988,"worst radius, worst concave points, mean concave points, worst texture, radius error, worst symmetry, worst smoothness, worst concavity, mean radius, mean texture, mean perimeter, mean area, mean smoothness, mean compactness, mean concavity, mean symmetry, mean fractal dimension, texture error, perimeter error, area error"
14,LASSO + DODA,20,Random Forest,0.9649122807017544,0.9722222222222222,0.9722222222222222,0.9722222222222222,0.9930555555555555,"worst radius, worst concave points, mean concave points, worst texture, radius error, worst symmetry, worst smoothness, worst concavity, mean radius, mean texture, mean perimeter, mean area, mean smoothness, mean compactness, mean concavity, mean symmetry, mean fractal dimension, texture error, perimeter error, area error"
14,LASSO + DODA,20,XGBoost,0.9824561403508771,0.972972972972973,1.0,0.9863013698630136,0.9894179894179893,"worst radius, worst concave points, mean concave points, worst texture, radius error, worst symmetry, worst smoothness, worst concavity, mean radius, mean texture, mean perimeter, mean area, mean smoothness, mean compactness, mean concavity, mean symmetry, mean fractal dimension, texture error, perimeter error, area error"
15,LASSO,5,Logistic Regression,0.9292035398230089,0.9315068493150684,0.9577464788732394,0.9444444444444444,0.9892689470154259,"worst radius, worst concave points, worst texture, radius error, worst smoothness"
15,LASSO,5,Random Forest,0.9380530973451328,0.9705882352941176,0.9295774647887324,0.9496402877697842,0.9844064386317907,"worst radius, worst concave points, worst texture, radius error, worst smoothness"
15,LASSO,5,XGBoost,0.9469026548672567,0.9710144927536232,0.9436619718309859,0.9571428571428572,0.9889336016096579,"worst radius, worst concave points, worst texture, radius error, worst smoothness"
15,LASSO + DODA,5,Logistic Regression,0.9469026548672567,0.9577464788732394,0.9577464788732394,0.9577464788732394,0.994634473507713,"worst radius, worst concave points, worst texture, mean concave points, radius error"
15,LASSO + DODA,5,Random Forest,0.9469026548672567,0.9850746268656716,0.9295774647887324,0.9565217391304348,0.9902749832327297,"worst radius, worst concave points, worst texture, mean concave points, radius error"
15,LASSO + DODA,5,XGBoost,0.9646017699115044,0.9855072463768116,0.9577464788732394,0.9714285714285714,0.9929577464788731,"worst radius, worst concave points, worst texture, mean concave points, radius error"
15,LASSO,10,Logistic Regression,0.9292035398230089,0.9315068493150684,0.9577464788732394,0.9444444444444444,0.9896042924211939,"worst radius, worst concave points, worst texture, radius error, worst smoothness, mean concave points, worst perimeter, area error, compactness error, concave points error"
15,LASSO,10,Random Forest,0.9292035398230089,0.9565217391304348,0.9295774647887324,0.9428571428571428,0.9850771294433266,"worst radius, worst concave points, worst texture, radius error, worst smoothness, mean concave points, worst perimeter, area error, compactness error, concave points error"
15,LASSO,10,XGBoost,0.9469026548672567,0.9577464788732394,0.9577464788732394,0.9577464788732394,0.9875922199865861,"worst radius, worst concave points, worst texture, radius error, worst smoothness, mean concave points, worst perimeter, area error, compactness error, concave points error"
15,LASSO + DODA,10,Logistic Regression,0.9292035398230089,0.9436619718309859,0.9436619718309859,0.9436619718309859,0.9865861837692824,"worst radius, worst concave points, worst texture, mean concave points, radius error, worst smoothness, worst perimeter, mean radius, mean texture, mean perimeter"
15,LASSO + DODA,10,Random Forest,0.9380530973451328,0.9705882352941176,0.9295774647887324,0.9496402877697842,0.9887659289067741,"worst radius, worst concave points, worst texture, mean concave points, radius error, worst smoothness, worst perimeter, mean radius, mean texture, mean perimeter"
15,LASSO + DODA,10,XGBoost,0.9557522123893806,0.9714285714285714,0.9577464788732394,0.9645390070921985,0.9849094567404426,"worst radius, worst concave points, worst texture, mean concave points, radius error, worst smoothness, worst perimeter, mean radius, mean texture, mean perimeter"
15,LASSO,15,Logistic Regression,0.9380530973451328,0.9444444444444444,0.9577464788732394,0.951048951048951,0.9902749832327298,"worst radius, worst concave points, worst texture, radius error, worst smoothness, mean concave points, worst perimeter, area error, compactness error, concave points error, concavity error, fractal dimension error, mean area, mean compactness, mean concavity"
15,LASSO,15,Random Forest,0.9469026548672567,0.9850746268656716,0.9295774647887324,0.9565217391304348,0.9874245472837022,"worst radius, worst concave points, worst texture, radius error, worst smoothness, mean concave points, worst perimeter, area error, compactness error, concave points error, concavity error, fractal dimension error, mean area, mean compactness, mean concavity"
15,LASSO,15,XGBoost,0.9557522123893806,0.9714285714285714,0.9577464788732394,0.9645390070921985,0.9842387659289068,"worst radius, worst concave points, worst texture, radius error, worst smoothness, mean concave points, worst perimeter, area error, compactness error, concave points error, concavity error, fractal dimension error, mean area, mean compactness, mean concavity"
15,LASSO + DODA,15,Logistic Regression,0.9380530973451328,0.9444444444444444,0.9577464788732394,0.951048951048951,0.9855801475519785,"worst radius, worst concave points, worst texture, mean concave points, radius error, worst smoothness, worst perimeter, mean radius, mean texture, mean perimeter, mean area, mean smoothness, mean compactness, mean concavity, mean symmetry"
15,LASSO + DODA,15,Random Forest,0.9557522123893806,0.9852941176470589,0.9436619718309859,0.9640287769784173,0.9844064386317908,"worst radius, worst concave points, worst texture, mean concave points, radius error, worst smoothness, worst perimeter, mean radius, mean texture, mean perimeter, mean area, mean smoothness, mean compactness, mean concavity, mean symmetry"
15,LASSO + DODA,15,XGBoost,0.9557522123893806,0.9714285714285714,0.9577464788732394,0.9645390070921985,0.9818913480885312,"worst radius, worst concave points, worst texture, mean concave points, radius error, worst smoothness, worst perimeter, mean radius, mean texture, mean perimeter, mean area, mean smoothness, mean compactness, mean concavity, mean symmetry"
15,LASSO,20,Logistic Regression,0.9380530973451328,0.9444444444444444,0.9577464788732394,0.951048951048951,0.9885982562038901,"worst radius, worst concave points, worst texture, radius error, worst smoothness, mean concave points, worst perimeter, area error, compactness error, concave points error, concavity error, fractal dimension error, mean area, mean compactness, mean concavity, mean fractal dimension, mean perimeter, mean radius, mean smoothness, mean symmetry"
15,LASSO,20,Random Forest,0.9469026548672567,0.9710144927536232,0.9436619718309859,0.9571428571428572,0.9864185110663986,"worst radius, worst concave points, worst texture, radius error, worst smoothness, mean concave points, worst perimeter, area error, compactness error, concave points error, concavity error, fractal dimension error, mean area, mean compactness, mean concavity, mean fractal dimension, mean perimeter, mean radius, mean smoothness, mean symmetry"
15,LASSO,20,XGBoost,0.9557522123893806,0.9714285714285714,0.9577464788732394,0.9645390070921985,0.982897384305835,"worst radius, worst concave points, worst texture, radius error, worst smoothness, mean concave points, worst perimeter, area error, compactness error, concave points error, concavity error, fractal dimension error, mean area, mean compactness, mean concavity, mean fractal dimension, mean perimeter, mean radius, mean smoothness, mean symmetry"
15,LASSO + DODA,20,Logistic Regression,0.9380530973451328,0.9444444444444444,0.9577464788732394,0.951048951048951,0.9865861837692824,"worst radius, worst concave points, worst texture, mean concave points, radius error, worst smoothness, worst perimeter, mean radius, mean texture, mean perimeter, mean area, mean smoothness, mean compactness, mean concavity, mean symmetry, mean fractal dimension, texture error, perimeter error, area error, smoothness error"
15,LASSO + DODA,20,Random Forest,0.9469026548672567,0.9710144927536232,0.9436619718309859,0.9571428571428572,0.9860831656606305,"worst radius, worst concave points, worst texture, mean concave points, radius error, worst smoothness, worst perimeter, mean radius, mean texture, mean perimeter, mean area, mean smoothness, mean compactness, mean concavity, mean symmetry, mean fractal dimension, texture error, perimeter error, area error, smoothness error"
15,LASSO + DODA,20,XGBoost,0.9469026548672567,0.9577464788732394,0.9577464788732394,0.9577464788732394,0.9798792756539235,"worst radius, worst concave points, worst texture, mean concave points, radius error, worst smoothness, worst perimeter, mean radius, mean texture, mean perimeter, mean area, mean smoothness, mean compactness, mean concavity, mean symmetry, mean fractal dimension, texture error, perimeter error, area error, smoothness error"
16,LASSO,5,Logistic Regression,0.956140350877193,0.9583333333333334,0.971830985915493,0.965034965034965,0.9970520799213888,"worst radius, worst concave points, radius error, worst texture, mean concave points"
16,LASSO,5,Random Forest,0.9385964912280702,0.9210526315789473,0.9859154929577465,0.9523809523809523,0.9931215198165738,"worst radius, worst concave points, radius error, worst texture, mean concave points"
16,LASSO,5,XGBoost,0.956140350877193,0.9459459459459459,0.9859154929577465,0.9655172413793104,0.9937766131673763,"worst radius, worst concave points, radius error, worst texture, mean concave points"
16,LASSO + DODA,5,Logistic Regression,0.956140350877193,0.9583333333333334,0.971830985915493,0.965034965034965,0.9970520799213888,"worst radius, worst concave points, mean concave points, worst texture, radius error"
16,LASSO + DODA,5,Random Forest,0.9736842105263158,0.9722222222222222,0.9859154929577465,0.9790209790209791,0.9932852931542745,"worst radius, worst concave points, mean concave points, worst texture, radius error"
16,LASSO + DODA,5,XGBoost,0.956140350877193,0.9459459459459459,0.9859154929577465,0.9655172413793104,0.9937766131673763,"worst radius, worst concave points, mean concave points, worst texture, radius error"
16,LASSO,10,Logistic Regression,0.9736842105263158,0.9722222222222222,0.9859154929577465,0.9790209790209791,0.99737962659679,"worst radius, worst concave points, radius error, worst texture, mean concave points, worst symmetry, worst smoothness, worst concavity, area error, compactness error"
16,LASSO,10,Random Forest,0.9473684210526315,0.9577464788732394,0.9577464788732394,0.9577464788732394,0.9932852931542745,"worst radius, worst concave points, radius error, worst texture, mean concave points, worst symmetry, worst smoothness, worst concavity, area error, compactness error"
16,LASSO,10,XGBoost,0.9649122807017544,0.958904109589041,0.9859154929577465,0.9722222222222222,0.9963969865705863,"worst radius, worst concave points, radius error, worst texture, mean concave points, worst symmetry, worst smoothness, worst concavity, area error, compactness error"
16,LASSO + DODA,10,Logistic Regression,0.9824561403508771,0.9859154929577465,0.9859154929577465,0.9859154929577465,0.9967245332459876,"worst radius, worst concave points, mean concave points, worst texture, radius error, worst concavity, worst symmetry, worst smoothness, mean radius, mean texture"
16,LASSO + DODA,10,Random Forest,0.9649122807017544,0.971830985915493,0.971830985915493,0.971830985915493,0.9929577464788732,"worst radius, worst concave points, mean concave points, worst texture, radius error, worst concavity, worst symmetry, worst smoothness, mean radius, mean texture"
16,LASSO + DODA,10,XGBoost,0.9473684210526315,0.9452054794520548,0.971830985915493,0.9583333333333334,0.9931215198165739,"worst radius, worst concave points, mean concave points, worst texture, radius error, worst concavity, worst symmetry, worst smoothness, mean radius, mean texture"
16,LASSO,15,Logistic Regression,0.9736842105263158,0.9857142857142858,0.971830985915493,0.9787234042553191,0.9957418932197838,"worst radius, worst concave points, radius error, worst texture, mean concave points, worst symmetry, worst smoothness, worst concavity, area error, compactness error, concave points error, concavity error, fractal dimension error, mean area, mean compactness"
16,LASSO,15,Random Forest,0.956140350877193,0.9583333333333334,0.971830985915493,0.965034965034965,0.9919751064526695,"worst radius, worst concave points, radius error, worst texture, mean concave points, worst symmetry, worst smoothness, worst concavity, area error, compactness error, concave points error, concavity error, fractal dimension error, mean area, mean compactness"
16,LASSO,15,XGBoost,0.9649122807017544,0.958904109589041,0.9859154929577465,0.9722222222222222,0.9950867998689813,"worst radius, worst concave points, radius error, worst texture, mean concave points, worst symmetry, worst smoothness, worst concavity, area error, compactness error, concave points error, concavity error, fractal dimension error, mean area, mean compactness"
16,LASSO + DODA,15,Logistic Regression,0.9736842105263158,0.9857142857142858,0.971830985915493,0.9787234042553191,0.9970520799213888,"worst radius, worst concave points, mean concave points, worst texture, radius error, worst concavity, worst symmetry, worst smoothness, mean radius, mean texture, mean perimeter, mean area, mean smoothness, mean compactness, mean concavity"
16,LASSO + DODA,15,Random Forest,0.9736842105263158,0.9722222222222222,0.9859154929577465,0.9790209790209791,0.9927939731411727,"worst radius, worst concave points, mean concave points, worst texture, radius error, worst concavity, worst symmetry, worst smoothness, mean radius, mean texture, mean perimeter, mean area, mean smoothness, mean compactness, mean concavity"
16,LASSO + DODA,15,XGBoost,0.9649122807017544,0.958904109589041,0.9859154929577465,0.9722222222222222,0.9914837864395676,"worst radius, worst concave points, mean concave points, worst texture, radius error, worst concavity, worst symmetry, worst smoothness, mean radius, mean texture, mean perimeter, mean area, mean smoothness, mean compactness, mean concavity"
16,LASSO,20,Logistic Regression,0.9736842105263158,0.9857142857142858,0.971830985915493,0.9787234042553191,0.9970520799213888,"worst radius, worst concave points, radius error, worst texture, mean concave points, worst symmetry, worst smoothness, worst concavity, area error, compactness error, concave points error, concavity error, fractal dimension error, mean area, mean compactness, mean concavity, mean fractal dimension, mean perimeter, mean radius, mean smoothness"
16,LASSO,20,Random Forest,0.9473684210526315,0.9577464788732394,0.9577464788732394,0.9577464788732394,0.9888634130363577,"worst radius, worst concave points, radius error, worst texture, mean concave points, worst symmetry, worst smoothness, worst concavity, area error, compactness error, concave points error, concavity error, fractal dimension error, mean area, mean compactness, mean concavity, mean fractal dimension, mean perimeter, mean radius, mean smoothness"
16,LASSO,20,XGBoost,0.9649122807017544,0.958904109589041,0.9859154929577465,0.9722222222222222,0.9941041598427776,"worst radius, worst concave points, radius error, worst texture, mean concave points, worst symmetry, worst smoothness, worst concavity, area error, compactness error, concave points error, concavity error, fractal dimension error, mean area, mean compactness, mean concavity, mean fractal dimension, mean perimeter, mean radius, mean smoothness"
16,LASSO + DODA,20,Logistic Regression,0.9649122807017544,0.9855072463768116,0.9577464788732394,0.9714285714285714,0.9970520799213888,"worst radius, worst concave points, mean concave points, worst texture, radius error, worst concavity, worst symmetry, worst smoothness, mean radius, mean texture, mean perimeter, mean area, mean smoothness, mean compactness, mean concavity, mean symmetry, mean fractal dimension, texture error, perimeter error, area error"
16,LASSO + DODA,20,Random Forest,0.9473684210526315,0.9452054794520548,0.971830985915493,0.9583333333333334,0.9893547330494596,"worst radius, worst concave points, mean concave points, worst texture, radius error, worst concavity, worst symmetry, worst smoothness, mean radius, mean texture, mean perimeter, mean area, mean smoothness, mean compactness, mean concavity, mean symmetry, mean fractal dimension, texture error, perimeter error, area error"
16,LASSO + DODA,20,XGBoost,0.956140350877193,0.9583333333333334,0.971830985915493,0.965034965034965,0.9937766131673763,"worst radius, worst concave points, mean concave points, worst texture, radius error, worst concavity, worst symmetry, worst smoothness, mean radius, mean texture, mean perimeter, mean area, mean smoothness, mean compactness, mean concavity, mean symmetry, mean fractal dimension, texture error, perimeter error, area error"
17,LASSO,5,Logistic Regression,0.9649122807017544,0.9855072463768116,0.9577464788732394,0.9714285714285714,0.9990173599737963,"worst radius, worst concave points, mean concave points, worst texture, radius error"
17,LASSO,5,Random Forest,0.9473684210526315,1.0,0.9154929577464789,0.9558823529411765,0.998689813298395,"worst radius, worst concave points, mean concave points, worst texture, radius error"
17,LASSO,5,XGBoost,0.9385964912280702,1.0,0.9014084507042254,0.9481481481481482,0.998689813298395,"worst radius, worst concave points, mean concave points, worst texture, radius error"
17,LASSO + DODA,5,Logistic Regression,0.956140350877193,1.0,0.9295774647887324,0.9635036496350365,0.9996724533245988,"worst radius, worst concave points, mean concave points, worst perimeter, worst texture"
17,LASSO + DODA,5,Random Forest,0.9385964912280702,1.0,0.9014084507042254,0.9481481481481482,0.996069439895185,"worst radius, worst concave points, mean concave points, worst perimeter, worst texture"
17,LASSO + DODA,5,XGBoost,0.9385964912280702,1.0,0.9014084507042254,0.9481481481481482,0.9941041598427776,"worst radius, worst concave points, mean concave points, worst perimeter, worst texture"
17,LASSO,10,Logistic Regression,0.9649122807017544,0.971830985915493,0.971830985915493,0.971830985915493,0.9970520799213888,"worst radius, worst concave points, mean concave points, worst texture, radius error, worst perimeter, worst smoothness, worst symmetry, area error, compactness error"
17,LASSO,10,Random Forest,0.9210526315789473,0.984375,0.8873239436619719,0.9333333333333333,0.9936128398296757,"worst radius, worst concave points, mean concave points, worst texture, radius error, worst perimeter, worst smoothness, worst symmetry, area error, compactness error"
17,LASSO,10,XGBoost,0.9298245614035088,0.9846153846153847,0.9014084507042254,0.9411764705882353,0.996069439895185,"worst radius, worst concave points, mean concave points, worst texture, radius error, worst perimeter, worst smoothness, worst symmetry, area error, compactness error"
17,LASSO + DODA,10,Logistic Regression,0.956140350877193,0.9852941176470589,0.9436619718309859,0.9640287769784173,0.9980347199475925,"worst radius, worst concave points, mean concave points, worst perimeter, worst texture, radius error, worst smoothness, worst symmetry, mean radius, mean texture"
17,LASSO + DODA,10,Random Forest,0.9298245614035088,1.0,0.8873239436619719,0.9402985074626866,0.9955781198820832,"worst radius, worst concave points, mean concave points, worst perimeter, worst texture, radius error, worst smoothness, worst symmetry, mean radius, mean texture"
17,LASSO + DODA,10,XGBoost,0.9122807017543859,0.9692307692307692,0.8873239436619719,0.9264705882352942,0.9921388797903701,"worst radius, worst concave points, mean concave points, worst perimeter, worst texture, radius error, worst smoothness, worst symmetry, mean radius, mean texture"
17,LASSO,15,Logistic Regression,0.9649122807017544,0.971830985915493,0.971830985915493,0.971830985915493,0.9983622666229938,"worst radius, worst concave points, mean concave points, worst texture, radius error, worst perimeter, worst smoothness, worst symmetry, area error, compactness error, concave points error, concavity error, fractal dimension error, mean area, mean compactness"
17,LASSO,15,Random Forest,0.9298245614035088,0.9846153846153847,0.9014084507042254,0.9411764705882353,0.9921388797903701,"worst radius, worst concave points, mean concave points, worst texture, radius error, worst perimeter, worst smoothness, worst symmetry, area error, compactness error, concave points error, concavity error, fractal dimension error, mean area, mean compactness"
17,LASSO,15,XGBoost,0.9473684210526315,1.0,0.9154929577464789,0.9558823529411765,0.99737962659679,"worst radius, worst concave points, mean concave points, worst texture, radius error, worst perimeter, worst smoothness, worst symmetry, area error, compactness error, concave points error, concavity error, fractal dimension error, mean area, mean compactness"
17,LASSO + DODA,15,Logistic Regression,0.9649122807017544,0.9855072463768116,0.9577464788732394,0.9714285714285714,0.998689813298395,"worst radius, worst concave points, mean concave points, worst perimeter, worst texture, radius error, worst smoothness, worst symmetry, mean radius, mean texture, mean perimeter, mean area, mean smoothness, mean compactness, mean concavity"
17,LASSO + DODA,15,Random Forest,0.9210526315789473,0.984375,0.8873239436619719,0.9333333333333333,0.9931215198165738,"worst radius, worst concave points, mean concave points, worst perimeter, worst texture, radius error, worst smoothness, worst symmetry, mean radius, mean texture, mean perimeter, mean area, mean smoothness, mean compactness, mean concavity"
17,LASSO + DODA,15,XGBoost,0.9122807017543859,0.9692307692307692,0.8873239436619719,0.9264705882352942,0.9918113331149688,"worst radius, worst concave points, mean concave points, worst perimeter, worst texture, radius error, worst smoothness, worst symmetry, mean radius, mean texture, mean perimeter, mean area, mean smoothness, mean compactness, mean concavity"
17,LASSO,20,Logistic Regression,0.9736842105263158,0.9857142857142858,0.971830985915493,0.9787234042553191,0.996069439895185,"worst radius, worst concave points, mean concave points, worst texture, radius error, worst perimeter, worst smoothness, worst symmetry, area error, compactness error, concave points error, concavity error, fractal dimension error, mean area, mean compactness, mean concavity, mean fractal dimension, mean perimeter, mean radius, mean smoothness"
17,LASSO,20,Random Forest,0.9298245614035088,0.9846153846153847,0.9014084507042254,0.9411764705882353,0.9914837864395677,"worst radius, worst concave points, mean concave points, worst texture, radius error, worst perimeter, worst smoothness, worst symmetry, area error, compactness error, concave points error, concavity error, fractal dimension error, mean area, mean compactness, mean concavity, mean fractal dimension, mean perimeter, mean radius, mean smoothness"
17,LASSO,20,XGBoost,0.9298245614035088,0.9701492537313433,0.9154929577464789,0.9420289855072463,0.9944317065181788,"worst radius, worst concave points, mean concave points, worst texture, radius error, worst perimeter, worst smoothness, worst symmetry, area error, compactness error, concave points error, concavity error, fractal dimension error, mean area, mean compactness, mean concavity, mean fractal dimension, mean perimeter, mean radius, mean smoothness"
17,LASSO + DODA,20,Logistic Regression,0.9649122807017544,0.9855072463768116,0.9577464788732394,0.9714285714285714,0.9990173599737963,"worst radius, worst concave points, mean concave points, worst perimeter, worst texture, radius error, worst smoothness, worst symmetry, mean radius, mean texture, mean perimeter, mean area, mean smoothness, mean compactness, mean concavity, mean symmetry, mean fractal dimension, texture error, perimeter error, area error"
17,LASSO + DODA,20,Random Forest,0.9298245614035088,0.9846153846153847,0.9014084507042254,0.9411764705882353,0.9919751064526696,"worst radius, worst concave points, mean concave points, worst perimeter, worst texture, radius error, worst smoothness, worst symmetry, mean radius, mean texture, mean perimeter, mean area, mean smoothness, mean compactness, mean concavity, mean symmetry, mean fractal dimension, texture error, perimeter error, area error"
17,LASSO + DODA,20,XGBoost,0.9035087719298246,0.96875,0.8732394366197183,0.9185185185185185,0.9931215198165739,"worst radius, worst concave points, mean concave points, worst perimeter, worst texture, radius error, worst smoothness, worst symmetry, mean radius, mean texture, mean perimeter, mean area, mean smoothness, mean compactness, mean concavity, mean symmetry, mean fractal dimension, texture error, perimeter error, area error"
18,LASSO,5,Logistic Regression,0.9473684210526315,0.9342105263157895,0.9861111111111112,0.9594594594594594,0.9821428571428571,"worst radius, worst concave points, mean concave points, worst texture, worst smoothness"
18,LASSO,5,Random Forest,0.956140350877193,0.958904109589041,0.9722222222222222,0.9655172413793104,0.9846230158730159,"worst radius, worst concave points, mean concave points, worst texture, worst smoothness"
18,LASSO,5,XGBoost,0.9473684210526315,0.9583333333333334,0.9583333333333334,0.9583333333333334,0.9861111111111112,"worst radius, worst concave points, mean concave points, worst texture, worst smoothness"
18,LASSO + DODA,5,Logistic Regression,0.9473684210526315,0.9342105263157895,0.9861111111111112,0.9594594594594594,0.9821428571428571,"worst radius, worst concave points, mean concave points, worst texture, worst smoothness"
18,LASSO + DODA,5,Random Forest,0.956140350877193,0.958904109589041,0.9722222222222222,0.9655172413793104,0.9846230158730159,"worst radius, worst concave points, mean concave points, worst texture, worst smoothness"
18,LASSO + DODA,5,XGBoost,0.9473684210526315,0.9583333333333334,0.9583333333333334,0.9583333333333334,0.9861111111111112,"worst radius, worst concave points, mean concave points, worst texture, worst smoothness"
18,LASSO,10,Logistic Regression,0.9649122807017544,0.9594594594594594,0.9861111111111112,0.9726027397260274,0.9973544973544973,"worst radius, worst concave points, mean concave points, worst texture, worst smoothness, radius error, worst symmetry, worst concavity, area error, compactness error"
18,LASSO,10,Random Forest,0.9649122807017544,0.9722222222222222,0.9722222222222222,0.9722222222222222,0.9938822751322751,"worst radius, worst concave points, mean concave points, worst texture, worst smoothness, radius error, worst symmetry, worst concavity, area error, compactness error"
18,LASSO,10,XGBoost,0.9736842105263158,0.9859154929577465,0.9722222222222222,0.9790209790209791,0.9957010582010583,"worst radius, worst concave points, mean concave points, worst texture, worst smoothness, radius error, worst symmetry, worst concavity, area error, compactness error"
18,LASSO + DODA,10,Logistic Regression,0.9736842105263158,0.9726027397260274,0.9861111111111112,0.9793103448275862,0.9950396825396826,"worst radius, worst concave points, mean concave points, worst texture, worst smoothness, radius error, worst concavity, worst symmetry, mean radius, mean texture"
18,LASSO + DODA,10,Random Forest,0.956140350877193,0.971830985915493,0.9583333333333334,0.965034965034965,0.9966931216931217,"worst radius, worst concave points, mean concave points, worst texture, worst smoothness, radius error, worst concavity, worst symmetry, mean radius, mean texture"
18,LASSO + DODA,10,XGBoost,0.9473684210526315,0.9583333333333334,0.9583333333333334,0.9583333333333334,0.9894179894179894,"worst radius, worst concave points, mean concave points, worst texture, worst smoothness, radius error, worst concavity, worst symmetry, mean radius, mean texture"
18,LASSO,15,Logistic Regression,0.9824561403508771,0.9861111111111112,0.9861111111111112,0.9861111111111112,0.996362433862434,"worst radius, worst concave points, mean concave points, worst texture, worst smoothness, radius error, worst symmetry, worst concavity, area error, compactness error, concave points error, concavity error, fractal dimension error, mean area, mean compactness"
18,LASSO,15,Random Forest,0.956140350877193,0.971830985915493,0.9583333333333334,0.965034965034965,0.9970238095238095,"worst radius, worst concave points, mean concave points, worst texture, worst smoothness, radius error, worst symmetry, worst concavity, area error, compactness error, concave points error, concavity error, fractal dimension error, mean area, mean compactness"
18,LASSO,15,XGBoost,0.9649122807017544,0.9722222222222222,0.9722222222222222,0.9722222222222222,0.9950396825396826,"worst radius, worst concave points, mean concave points, worst texture, worst smoothness, radius error, worst symmetry, worst concavity, area error, compactness error, concave points error, concavity error, fractal dimension error, mean area, mean compactness"
18,LASSO + DODA,15,Logistic Regression,0.9736842105263158,0.9726027397260274,0.9861111111111112,0.9793103448275862,0.9957010582010581,"worst radius, worst concave points, mean concave points, worst texture, worst smoothness, radius error, worst concavity, worst symmetry, mean radius, mean texture, mean perimeter, mean area, mean smoothness, mean compactness, mean concavity"
18,LASSO + DODA,15,Random Forest,0.9649122807017544,0.9722222222222222,0.9722222222222222,0.9722222222222222,0.9963624338624338,"worst radius, worst concave points, mean concave points, worst texture, worst smoothness, radius error, worst concavity, worst symmetry, mean radius, mean texture, mean perimeter, mean area, mean smoothness, mean compactness, mean concavity"
18,LASSO + DODA,15,XGBoost,0.9649122807017544,0.9594594594594594,0.9861111111111112,0.9726027397260274,0.9920634920634921,"worst radius, worst concave points, mean concave points, worst texture, worst smoothness, radius error, worst concavity, worst symmetry, mean radius, mean texture, mean perimeter, mean area, mean smoothness, mean compactness, mean concavity"
18,LASSO,20,Logistic Regression,0.9736842105263158,0.9726027397260274,0.9861111111111112,0.9793103448275862,0.9966931216931216,"worst radius, worst concave points, mean concave points, worst texture, worst smoothness, radius error, worst symmetry, worst concavity, area error, compactness error, concave points error, concavity error, fractal dimension error, mean area, mean compactness, mean concavity, mean fractal dimension, mean perimeter, mean radius, mean smoothness"
18,LASSO,20,Random Forest,0.9649122807017544,0.9722222222222222,0.9722222222222222,0.9722222222222222,0.9973544973544973,"worst radius, worst concave points, mean concave points, worst texture, worst smoothness, radius error, worst symmetry, worst concavity, area error, compactness error, concave points error, concavity error, fractal dimension error, mean area, mean compactness, mean concavity, mean fractal dimension, mean perimeter, mean radius, mean smoothness"
18,LASSO,20,XGBoost,0.9736842105263158,0.9859154929577465,0.9722222222222222,0.9790209790209791,0.9923941798941799,"worst radius, worst concave points, mean concave points, worst texture, worst smoothness, radius error, worst symmetry, worst concavity, area error, compactness error, concave points error, concavity error, fractal dimension error, mean area, mean compactness, mean concavity, mean fractal dimension, mean perimeter, mean radius, mean smoothness"
18,LASSO + DODA,20,Logistic Regression,0.9736842105263158,0.9726027397260274,0.9861111111111112,0.9793103448275862,0.9970238095238094,"worst radius, worst concave points, mean concave points, worst texture, worst smoothness, radius error, worst concavity, worst symmetry, mean radius, mean texture, mean perimeter, mean area, mean smoothness, mean compactness, mean concavity, mean symmetry, mean fractal dimension, texture error, perimeter error, area error"
18,LASSO + DODA,20,Random Forest,0.9912280701754386,0.9863013698630136,1.0,0.993103448275862,0.9978505291005291,"worst radius, worst concave points, mean concave points, worst texture, worst smoothness, radius error, worst concavity, worst symmetry, mean radius, mean texture, mean perimeter, mean area, mean smoothness, mean compactness, mean concavity, mean symmetry, mean fractal dimension, texture error, perimeter error, area error"
18,LASSO + DODA,20,XGBoost,0.9473684210526315,0.9583333333333334,0.9583333333333334,0.9583333333333334,0.9904100529100529,"worst radius, worst concave points, mean concave points, worst texture, worst smoothness, radius error, worst concavity, worst symmetry, mean radius, mean texture, mean perimeter, mean area, mean smoothness, mean compactness, mean concavity, mean symmetry, mean fractal dimension, texture error, perimeter error, area error"
19,LASSO,5,Logistic Regression,0.9473684210526315,0.9714285714285714,0.9444444444444444,0.9577464788732394,0.9943783068783069,"worst radius, worst concave points, worst texture, radius error, mean concave points"
19,LASSO,5,Random Forest,0.9736842105263158,0.9726027397260274,0.9861111111111112,0.9793103448275862,0.9930555555555556,"worst radius, worst concave points, worst texture, radius error, mean concave points"
19,LASSO,5,XGBoost,0.9649122807017544,0.9594594594594594,0.9861111111111112,0.9726027397260274,0.9935515873015873,"worst radius, worst concave points, worst texture, radius error, mean concave points"
19,LASSO + DODA,5,Logistic Regression,0.9473684210526315,0.9714285714285714,0.9444444444444444,0.9577464788732394,0.9943783068783069,"worst radius, worst concave points, mean concave points, worst texture, radius error"
19,LASSO + DODA,5,Random Forest,0.9649122807017544,0.9594594594594594,0.9861111111111112,0.9726027397260274,0.9938822751322751,"worst radius, worst concave points, mean concave points, worst texture, radius error"
19,LASSO + DODA,5,XGBoost,0.9649122807017544,0.9594594594594594,0.9861111111111112,0.9726027397260274,0.9935515873015873,"worst radius, worst concave points, mean concave points, worst texture, radius error"
19,LASSO,10,Logistic Regression,0.9736842105263158,0.9859154929577465,0.9722222222222222,0.9790209790209791,0.9973544973544973,"worst radius, worst concave points, worst texture, radius error, mean concave points, worst symmetry, worst smoothness, area error, compactness error, concave points error"
19,LASSO,10,Random Forest,0.9649122807017544,0.9722222222222222,0.9722222222222222,0.9722222222222222,0.9933862433862434,"worst radius, worst concave points, worst texture, radius error, mean concave points, worst symmetry, worst smoothness, area error, compactness error, concave points error"
19,LASSO,10,XGBoost,0.9736842105263158,0.96,1.0,0.9795918367346939,0.9943783068783069,"worst radius, worst concave points, worst texture, radius error, mean concave points, worst symmetry, worst smoothness, area error, compactness error, concave points error"
19,LASSO + DODA,10,Logistic Regression,0.956140350877193,0.9855072463768116,0.9444444444444444,0.9645390070921985,0.9973544973544973,"worst radius, worst concave points, mean concave points, worst texture, radius error, worst symmetry, worst smoothness, mean radius, mean texture, mean perimeter"
19,LASSO + DODA,10,Random Forest,0.9824561403508771,0.972972972972973,1.0,0.9863013698630136,0.9839616402116402,"worst radius, worst concave points, mean concave points, worst texture, radius error, worst symmetry, worst smoothness, mean radius, mean texture, mean perimeter"
19,LASSO + DODA,10,XGBoost,0.9824561403508771,0.972972972972973,1.0,0.9863013698630136,0.9937169312169312,"worst radius, worst concave points, mean concave points, worst texture, radius error, worst symmetry, worst smoothness, mean radius, mean texture, mean perimeter"
19,LASSO,15,Logistic Regression,0.9736842105263158,0.9859154929577465,0.9722222222222222,0.9790209790209791,0.9983465608465608,"worst radius, worst concave points, worst texture, radius error, mean concave points, worst symmetry, worst smoothness, area error, compactness error, concave points error, concavity error, fractal dimension error, mean area, mean compactness, mean concavity"
19,LASSO,15,Random Forest,0.9824561403508771,0.972972972972973,1.0,0.9863013698630136,0.9890873015873016,"worst radius, worst concave points, worst texture, radius error, mean concave points, worst symmetry, worst smoothness, area error, compactness error, concave points error, concavity error, fractal dimension error, mean area, mean compactness, mean concavity"
19,LASSO,15,XGBoost,0.9736842105263158,0.96,1.0,0.9795918367346939,0.9904100529100529,"worst radius, worst concave points, worst texture, radius error, mean concave points, worst symmetry, worst smoothness, area error, compactness error, concave points error, concavity error, fractal dimension error, mean area, mean compactness, mean concavity"
19,LASSO + DODA,15,Logistic Regression,0.9649122807017544,0.9857142857142858,0.9583333333333334,0.971830985915493,0.9976851851851851,"worst radius, worst concave points, mean concave points, worst texture, radius error, worst symmetry, worst smoothness, mean radius, mean texture, mean perimeter, mean area, mean smoothness, mean compactness, mean concavity, mean symmetry"
19,LASSO + DODA,15,Random Forest,0.9824561403508771,0.972972972972973,1.0,0.9863013698630136,0.9917328042328042,"worst radius, worst concave points, mean concave points, worst texture, radius error, worst symmetry, worst smoothness, mean radius, mean texture, mean perimeter, mean area, mean smoothness, mean compactness, mean concavity, mean symmetry"
19,LASSO + DODA,15,XGBoost,0.9736842105263158,0.96,1.0,0.9795918367346939,0.9970238095238095,"worst radius, worst concave points, mean concave points, worst texture, radius error, worst symmetry, worst smoothness, mean radius, mean texture, mean perimeter, mean area, mean smoothness, mean compactness, mean concavity, mean symmetry"
19,LASSO,20,Logistic Regression,0.9736842105263158,0.9859154929577465,0.9722222222222222,0.9790209790209791,0.9980158730158729,"worst radius, worst concave points, worst texture, radius error, mean concave points, worst symmetry, worst smoothness, area error, compactness error, concave points error, concavity error, fractal dimension error, mean area, mean compactness, mean concavity, mean fractal dimension, mean perimeter, mean radius, mean smoothness, mean symmetry"
19,LASSO,20,Random Forest,0.9824561403508771,0.972972972972973,1.0,0.9863013698630136,0.9811507936507937,"worst radius, worst concave points, worst texture, radius error, mean concave points, worst symmetry, worst smoothness, area error, compactness error, concave points error, concavity error, fractal dimension error, mean area, mean compactness, mean concavity, mean fractal dimension, mean perimeter, mean radius, mean smoothness, mean symmetry"
19,LASSO,20,XGBoost,0.9736842105263158,0.96,1.0,0.9795918367346939,0.9930555555555556,"worst radius, worst concave points, worst texture, radius error, mean concave points, worst symmetry, worst smoothness, area error, compactness error, concave points error, concavity error, fractal dimension error, mean area, mean compactness, mean concavity, mean fractal dimension, mean perimeter, mean radius, mean smoothness, mean symmetry"
19,LASSO + DODA,20,Logistic Regression,0.9649122807017544,0.9857142857142858,0.9583333333333334,0.971830985915493,0.9973544973544974,"worst radius, worst concave points, mean concave points, worst texture, radius error, worst symmetry, worst smoothness, mean radius, mean texture, mean perimeter, mean area, mean smoothness, mean compactness, mean concavity, mean symmetry, mean fractal dimension, texture error, perimeter error, area error, smoothness error"
19,LASSO + DODA,20,Random Forest,0.9736842105263158,0.9859154929577465,0.9722222222222222,0.9790209790209791,0.9914021164021165,"worst radius, worst concave points, mean concave points, worst texture, radius error, worst symmetry, worst smoothness, mean radius, mean texture, mean perimeter, mean area, mean smoothness, mean compactness, mean concavity, mean symmetry, mean fractal dimension, texture error, perimeter error, area error, smoothness error"
19,LASSO + DODA,20,XGBoost,0.9824561403508771,0.972972972972973,1.0,0.9863013698630136,0.9966931216931217,"worst radius, worst concave points, mean concave points, worst texture, radius error, worst symmetry, worst smoothness, mean radius, mean texture, mean perimeter, mean area, mean smoothness, mean compactness, mean concavity, mean symmetry, mean fractal dimension, texture error, perimeter error, area error, smoothness error"
20,LASSO,5,Logistic Regression,0.9646017699115044,0.9855072463768116,0.9577464788732394,0.9714285714285714,0.994299128101945,"worst radius, worst concave points, worst texture, mean concave points, radius error"
20,LASSO,5,Random Forest,0.9646017699115044,0.9855072463768116,0.9577464788732394,0.9714285714285714,0.993796109993293,"worst radius, worst concave points, worst texture, mean concave points, radius error"
20,LASSO,5,XGBoost,0.9734513274336283,0.9857142857142858,0.971830985915493,0.9787234042553191,0.9835680751173709,"worst radius, worst concave points, worst texture, mean concave points, radius error"
20,LASSO + DODA,5,Logistic Regression,0.9646017699115044,0.9855072463768116,0.9577464788732394,0.9714285714285714,0.994299128101945,"worst radius, worst concave points, mean concave points, worst texture, radius error"
20,LASSO + DODA,5,Random Forest,0.9734513274336283,0.9857142857142858,0.971830985915493,0.9787234042553191,0.9899396378269619,"worst radius, worst concave points, mean concave points, worst texture, radius error"
20,LASSO + DODA,5,XGBoost,0.9734513274336283,0.9857142857142858,0.971830985915493,0.9787234042553191,0.9835680751173709,"worst radius, worst concave points, mean concave points, worst texture, radius error"
20,LASSO,10,Logistic Regression,0.9911504424778761,0.9861111111111112,1.0,0.993006993006993,0.9926224010731053,"worst radius, worst concave points, worst texture, mean concave points, radius error, worst symmetry, worst smoothness, worst concavity, mean texture, area error"
20,LASSO,10,Random Forest,0.9734513274336283,0.9857142857142858,0.971830985915493,0.9787234042553191,0.9963112005365526,"worst radius, worst concave points, worst texture, mean concave points, radius error, worst symmetry, worst smoothness, worst concavity, mean texture, area error"
20,LASSO,10,XGBoost,0.9823008849557522,0.9859154929577465,0.9859154929577465,0.9859154929577465,0.9906103286384976,"worst radius, worst concave points, worst texture, mean concave points, radius error, worst symmetry, worst smoothness, worst concavity, mean texture, area error"
20,LASSO + DODA,10,Logistic Regression,0.9823008849557522,0.9859154929577465,0.9859154929577465,0.9859154929577465,0.9916163648558014,"worst radius, worst concave points, mean concave points, worst texture, radius error, worst concavity, worst symmetry, worst smoothness, mean texture, mean radius"
20,LASSO + DODA,10,Random Forest,0.9734513274336283,0.9857142857142858,0.971830985915493,0.9787234042553191,0.9813883299798793,"worst radius, worst concave points, mean concave points, worst texture, radius error, worst concavity, worst symmetry, worst smoothness, mean texture, mean radius"
20,LASSO + DODA,10,XGBoost,0.9823008849557522,0.9859154929577465,0.9859154929577465,0.9859154929577465,0.983232729711603,"worst radius, worst concave points, mean concave points, worst texture, radius error, worst concavity, worst symmetry, worst smoothness, mean texture, mean radius"
20,LASSO,15,Logistic Regression,0.9734513274336283,0.9857142857142858,0.971830985915493,0.9787234042553191,0.9936284372904091,"worst radius, worst concave points, worst texture, mean concave points, radius error, worst symmetry, worst smoothness, worst concavity, mean texture, area error, compactness error, concave points error, concavity error, fractal dimension error, mean area"
20,LASSO,15,Random Forest,0.9646017699115044,0.9855072463768116,0.9577464788732394,0.9714285714285714,0.9969818913480886,"worst radius, worst concave points, worst texture, mean concave points, radius error, worst symmetry, worst smoothness, worst concavity, mean texture, area error, compactness error, concave points error, concavity error, fractal dimension error, mean area"
20,LASSO,15,XGBoost,0.9823008849557522,0.9859154929577465,0.9859154929577465,0.9859154929577465,0.9902749832327298,"worst radius, worst concave points, worst texture, mean concave points, radius error, worst symmetry, worst smoothness, worst concavity, mean texture, area error, compactness error, concave points error, concavity error, fractal dimension error, mean area"
20,LASSO + DODA,15,Logistic Regression,0.9823008849557522,0.9859154929577465,0.9859154929577465,0.9859154929577465,0.9916163648558014,"worst radius, worst concave points, mean concave points, worst texture, radius error, worst concavity, worst symmetry, worst smoothness, mean texture, mean radius, mean perimeter, mean area, mean smoothness, mean compactness, mean concavity"
20,LASSO + DODA,15,Random Forest,0.9646017699115044,0.9855072463768116,0.9577464788732394,0.9714285714285714,0.9807176391683434,"worst radius, worst concave points, mean concave points, worst texture, radius error, worst concavity, worst symmetry, worst smoothness, mean texture, mean radius, mean perimeter, mean area, mean smoothness, mean compactness, mean concavity"
20,LASSO + DODA,15,XGBoost,0.9823008849557522,0.9859154929577465,0.9859154929577465,0.9859154929577465,0.9872568745808182,"worst radius, worst concave points, mean concave points, worst texture, radius error, worst concavity, worst symmetry, worst smoothness, mean texture, mean radius, mean perimeter, mean area, mean smoothness, mean compactness, mean concavity"
20,LASSO,20,Logistic Regression,0.9734513274336283,0.9857142857142858,0.971830985915493,0.9787234042553191,0.9916163648558014,"worst radius, worst concave points, worst texture, mean concave points, radius error, worst symmetry, worst smoothness, worst concavity, mean texture, area error, compactness error, concave points error, concavity error, fractal dimension error, mean area, mean compactness, mean concavity, mean fractal dimension, mean perimeter, mean radius"
20,LASSO,20,Random Forest,0.9646017699115044,0.9855072463768116,0.9577464788732394,0.9714285714285714,0.9904426559356136,"worst radius, worst concave points, worst texture, mean concave points, radius error, worst symmetry, worst smoothness, worst concavity, mean texture, area error, compactness error, concave points error, concavity error, fractal dimension error, mean area, mean compactness, mean concavity, mean fractal dimension, mean perimeter, mean radius"
20,LASSO,20,XGBoost,0.9823008849557522,0.9859154929577465,0.9859154929577465,0.9859154929577465,0.9859154929577465,"worst radius, worst concave points, worst texture, mean concave points, radius error, worst symmetry, worst smoothness, worst concavity, mean texture, area error, compactness error, concave points error, concavity error, fractal dimension error, mean area, mean compactness, mean concavity, mean fractal dimension, mean perimeter, mean radius"
20,LASSO + DODA,20,Logistic Regression,0.9911504424778761,0.9861111111111112,1.0,0.993006993006993,0.9899396378269617,"worst radius, worst concave points, mean concave points, worst texture, radius error, worst concavity, worst symmetry, worst smoothness, mean texture, mean radius, mean perimeter, mean area, mean smoothness, mean compactness, mean concavity, mean symmetry, mean fractal dimension, texture error, perimeter error, area error"
20,LASSO + DODA,20,Random Forest,0.9646017699115044,0.9855072463768116,0.9577464788732394,0.9714285714285714,0.9929577464788732,"worst radius, worst concave points, mean concave points, worst texture, radius error, worst concavity, worst symmetry, worst smoothness, mean texture, mean radius, mean perimeter, mean area, mean smoothness, mean compactness, mean concavity, mean symmetry, mean fractal dimension, texture error, perimeter error, area error"
20,LASSO + DODA,20,XGBoost,0.9823008849557522,0.9859154929577465,0.9859154929577465,0.9859154929577465,0.9889336016096579,"worst radius, worst concave points, mean concave points, worst texture, radius error, worst concavity, worst symmetry, worst smoothness, mean texture, mean radius, mean perimeter, mean area, mean smoothness, mean compactness, mean concavity, mean symmetry, mean fractal dimension, texture error, perimeter error, area error"
21,LASSO,5,Logistic Regression,0.9736842105263158,0.9722222222222222,0.9859154929577465,0.9790209790209791,0.9957418932197839,"worst radius, worst concave points, radius error, worst texture, mean concave points"
21,LASSO,5,Random Forest,0.956140350877193,0.9459459459459459,0.9859154929577465,0.9655172413793104,0.9883720930232558,"worst radius, worst concave points, radius error, worst texture, mean concave points"
21,LASSO,5,XGBoost,0.9473684210526315,0.9452054794520548,0.971830985915493,0.9583333333333334,0.9862430396331476,"worst radius, worst concave points, radius error, worst texture, mean concave points"
21,LASSO + DODA,5,Logistic Regression,0.9736842105263158,0.9722222222222222,0.9859154929577465,0.9790209790209791,0.9957418932197839,"worst radius, worst concave points, radius error, mean concave points, worst texture"
21,LASSO + DODA,5,Random Forest,0.9473684210526315,0.9452054794520548,0.971830985915493,0.9583333333333334,0.9901735997379626,"worst radius, worst concave points, radius error, mean concave points, worst texture"
21,LASSO + DODA,5,XGBoost,0.9473684210526315,0.9452054794520548,0.971830985915493,0.9583333333333334,0.9862430396331476,"worst radius, worst concave points, radius error, mean concave points, worst texture"
21,LASSO,10,Logistic Regression,0.9824561403508771,0.9726027397260274,1.0,0.9861111111111112,0.9977071732721913,"worst radius, worst concave points, radius error, worst texture, mean concave points, mean texture, worst symmetry, worst smoothness, worst concavity, area error"
21,LASSO,10,Random Forest,0.9385964912280702,0.9444444444444444,0.9577464788732394,0.951048951048951,0.9888634130363576,"worst radius, worst concave points, radius error, worst texture, mean concave points, mean texture, worst symmetry, worst smoothness, worst concavity, area error"
21,LASSO,10,XGBoost,0.9473684210526315,0.9452054794520548,0.971830985915493,0.9583333333333334,0.9888634130363577,"worst radius, worst concave points, radius error, worst texture, mean concave points, mean texture, worst symmetry, worst smoothness, worst concavity, area error"
21,LASSO + DODA,10,Logistic Regression,0.9736842105263158,0.9722222222222222,0.9859154929577465,0.9790209790209791,0.9977071732721913,"worst radius, worst concave points, radius error, mean concave points, worst texture, worst symmetry, mean texture, worst smoothness, worst concavity, mean radius"
21,LASSO + DODA,10,Random Forest,0.9473684210526315,0.9333333333333333,0.9859154929577465,0.958904109589041,0.9775630527350148,"worst radius, worst concave points, radius error, mean concave points, worst texture, worst symmetry, mean texture, worst smoothness, worst concavity, mean radius"
21,LASSO + DODA,10,XGBoost,0.956140350877193,0.9459459459459459,0.9859154929577465,0.9655172413793104,0.9908286930887652,"worst radius, worst concave points, radius error, mean concave points, worst texture, worst symmetry, mean texture, worst smoothness, worst concavity, mean radius"
21,LASSO,15,Logistic Regression,0.9824561403508771,0.9859154929577465,0.9859154929577465,0.9859154929577465,0.99737962659679,"worst radius, worst concave points, radius error, worst texture, mean concave points, mean texture, worst symmetry, worst smoothness, worst concavity, area error, compactness error, concave points error, concavity error, fractal dimension error, mean area"
21,LASSO,15,Random Forest,0.9210526315789473,0.918918918918919,0.9577464788732394,0.9379310344827586,0.9898460530625615,"worst radius, worst concave points, radius error, worst texture, mean concave points, mean texture, worst symmetry, worst smoothness, worst concavity, area error, compactness error, concave points error, concavity error, fractal dimension error, mean area"
21,LASSO,15,XGBoost,0.9473684210526315,0.9452054794520548,0.971830985915493,0.9583333333333334,0.9895185063871602,"worst radius, worst concave points, radius error, worst texture, mean concave points, mean texture, worst symmetry, worst smoothness, worst concavity, area error, compactness error, concave points error, concavity error, fractal dimension error, mean area"
21,LASSO + DODA,15,Logistic Regression,0.9824561403508771,0.9859154929577465,0.9859154929577465,0.9859154929577465,0.9977071732721913,"worst radius, worst concave points, radius error, mean concave points, worst texture, worst symmetry, mean texture, worst smoothness, worst concavity, mean radius, mean perimeter, mean area, mean smoothness, mean compactness, mean concavity"
21,LASSO + DODA,15,Random Forest,0.9473684210526315,0.9452054794520548,0.971830985915493,0.9583333333333334,0.9898460530625615,"worst radius, worst concave points, radius error, mean concave points, worst texture, worst symmetry, mean texture, worst smoothness, worst concavity, mean radius, mean perimeter, mean area, mean smoothness, mean compactness, mean concavity"
21,LASSO + DODA,15,XGBoost,0.956140350877193,0.9459459459459459,0.9859154929577465,0.9655172413793104,0.9924664264657713,"worst radius, worst concave points, radius error, mean concave points, worst texture, worst symmetry, mean texture, worst smoothness, worst concavity, mean radius, mean perimeter, mean area, mean smoothness, mean compactness, mean concavity"
21,LASSO,20,Logistic Regression,0.9824561403508771,0.9859154929577465,0.9859154929577465,0.9859154929577465,0.99737962659679,"worst radius, worst concave points, radius error, worst texture, mean concave points, mean texture, worst symmetry, worst smoothness, worst concavity, area error, compactness error, concave points error, concavity error, fractal dimension error, mean area, mean compactness, mean concavity, mean fractal dimension, mean perimeter, mean radius"
21,LASSO,20,Random Forest,0.9385964912280702,0.9324324324324325,0.971830985915493,0.9517241379310345,0.9844415329184408,"worst radius, worst concave points, radius error, worst texture, mean concave points, mean texture, worst symmetry, worst smoothness, worst concavity, area error, compactness error, concave points error, concavity error, fractal dimension error, mean area, mean compactness, mean concavity, mean fractal dimension, mean perimeter, mean radius"
21,LASSO,20,XGBoost,0.956140350877193,0.9583333333333334,0.971830985915493,0.965034965034965,0.9908286930887652,"worst radius, worst concave points, radius error, worst texture, mean concave points, mean texture, worst symmetry, worst smoothness, worst concavity, area error, compactness error, concave points error, concavity error, fractal dimension error, mean area, mean compactness, mean concavity, mean fractal dimension, mean perimeter, mean radius"
21,LASSO + DODA,20,Logistic Regression,0.9912280701754386,0.9861111111111112,1.0,0.993006993006993,0.9980347199475925,"worst radius, worst concave points, radius error, mean concave points, worst texture, worst symmetry, mean texture, worst smoothness, worst concavity, mean radius, mean perimeter, mean area, mean smoothness, mean compactness, mean concavity, mean symmetry, mean fractal dimension, texture error, perimeter error, area error"
21,LASSO + DODA,20,Random Forest,0.9385964912280702,0.9324324324324325,0.971830985915493,0.9517241379310345,0.9829675728791354,"worst radius, worst concave points, radius error, mean concave points, worst texture, worst symmetry, mean texture, worst smoothness, worst concavity, mean radius, mean perimeter, mean area, mean smoothness, mean compactness, mean concavity, mean symmetry, mean fractal dimension, texture error, perimeter error, area error"
21,LASSO + DODA,20,XGBoost,0.956140350877193,0.9459459459459459,0.9859154929577465,0.9655172413793104,0.9878807730101539,"worst radius, worst concave points, radius error, mean concave points, worst texture, worst symmetry, mean texture, worst smoothness, worst concavity, mean radius, mean perimeter, mean area, mean smoothness, mean compactness, mean concavity, mean symmetry, mean fractal dimension, texture error, perimeter error, area error"
22,LASSO,5,Logistic Regression,0.9649122807017544,0.971830985915493,0.971830985915493,0.971830985915493,0.9914837864395676,"worst radius, worst concave points, worst texture, mean concave points, radius error"
22,LASSO,5,Random Forest,0.9649122807017544,0.971830985915493,0.971830985915493,0.971830985915493,0.9893547330494595,"worst radius, worst concave points, worst texture, mean concave points, radius error"
22,LASSO,5,XGBoost,0.956140350877193,0.9583333333333334,0.971830985915493,0.965034965034965,0.990501146413364,"worst radius, worst concave points, worst texture, mean concave points, radius error"
22,LASSO + DODA,5,Logistic Regression,0.9649122807017544,0.971830985915493,0.971830985915493,0.971830985915493,0.987880773010154,"worst radius, worst concave points, worst texture, mean concave points, worst perimeter"
22,LASSO + DODA,5,Random Forest,0.956140350877193,0.9583333333333334,0.971830985915493,0.965034965034965,0.9808385194890272,"worst radius, worst concave points, worst texture, mean concave points, worst perimeter"
22,LASSO + DODA,5,XGBoost,0.9473684210526315,0.9452054794520548,0.971830985915493,0.9583333333333334,0.9734687192924992,"worst radius, worst concave points, worst texture, mean concave points, worst perimeter"
22,LASSO,10,Logistic Regression,0.9649122807017544,0.971830985915493,0.971830985915493,0.971830985915493,0.989190959711759,"worst radius, worst concave points, worst texture, mean concave points, radius error, worst perimeter, worst symmetry, worst smoothness, worst concavity, area error"
22,LASSO,10,Random Forest,0.9736842105263158,0.9722222222222222,0.9859154929577465,0.9790209790209791,0.9923026531280708,"worst radius, worst concave points, worst texture, mean concave points, radius error, worst perimeter, worst symmetry, worst smoothness, worst concavity, area error"
22,LASSO,10,XGBoost,0.9649122807017544,0.958904109589041,0.9859154929577465,0.9722222222222222,0.9927939731411726,"worst radius, worst concave points, worst texture, mean concave points, radius error, worst perimeter, worst symmetry, worst smoothness, worst concavity, area error"
22,LASSO + DODA,10,Logistic Regression,0.9649122807017544,0.971830985915493,0.971830985915493,0.971830985915493,0.9888634130363577,"worst radius, worst concave points, worst texture, mean concave points, worst perimeter, radius error, worst symmetry, worst smoothness, worst concavity, mean radius"
22,LASSO + DODA,10,Random Forest,0.9736842105263158,0.9857142857142858,0.971830985915493,0.9787234042553191,0.9808385194890272,"worst radius, worst concave points, worst texture, mean concave points, worst perimeter, radius error, worst symmetry, worst smoothness, worst concavity, mean radius"
22,LASSO + DODA,10,XGBoost,0.9649122807017544,0.958904109589041,0.9859154929577465,0.9722222222222222,0.9891909597117589,"worst radius, worst concave points, worst texture, mean concave points, worst perimeter, radius error, worst symmetry, worst smoothness, worst concavity, mean radius"
22,LASSO,15,Logistic Regression,0.9649122807017544,0.971830985915493,0.971830985915493,0.971830985915493,0.9895185063871602,"worst radius, worst concave points, worst texture, mean concave points, radius error, worst perimeter, worst symmetry, worst smoothness, worst concavity, area error, compactness error, concave points error, concavity error, fractal dimension error, mean area"
22,LASSO,15,Random Forest,0.9736842105263158,0.9722222222222222,0.9859154929577465,0.9790209790209791,0.9931215198165739,"worst radius, worst concave points, worst texture, mean concave points, radius error, worst perimeter, worst symmetry, worst smoothness, worst concavity, area error, compactness error, concave points error, concavity error, fractal dimension error, mean area"
22,LASSO,15,XGBoost,0.9649122807017544,0.958904109589041,0.9859154929577465,0.9722222222222222,0.9914837864395676,"worst radius, worst concave points, worst texture, mean concave points, radius error, worst perimeter, worst symmetry, worst smoothness, worst concavity, area error, compactness error, concave points error, concavity error, fractal dimension error, mean area"
22,LASSO + DODA,15,Logistic Regression,0.9649122807017544,0.971830985915493,0.971830985915493,0.971830985915493,0.9872256796593515,"worst radius, worst concave points, worst texture, mean concave points, worst perimeter, radius error, worst symmetry, worst smoothness, worst concavity, mean radius, mean texture, mean perimeter, mean area, mean smoothness, mean compactness"
22,LASSO + DODA,15,Random Forest,0.9736842105263158,0.9722222222222222,0.9859154929577465,0.9790209790209791,0.9891909597117589,"worst radius, worst concave points, worst texture, mean concave points, worst perimeter, radius error, worst symmetry, worst smoothness, worst concavity, mean radius, mean texture, mean perimeter, mean area, mean smoothness, mean compactness"
22,LASSO + DODA,15,XGBoost,0.9736842105263158,0.9722222222222222,0.9859154929577465,0.9790209790209791,0.9868981329839501,"worst radius, worst concave points, worst texture, mean concave points, worst perimeter, radius error, worst symmetry, worst smoothness, worst concavity, mean radius, mean texture, mean perimeter, mean area, mean smoothness, mean compactness"
22,LASSO,20,Logistic Regression,0.9649122807017544,0.971830985915493,0.971830985915493,0.971830985915493,0.9882083196855552,"worst radius, worst concave points, worst texture, mean concave points, radius error, worst perimeter, worst symmetry, worst smoothness, worst concavity, area error, compactness error, concave points error, concavity error, fractal dimension error, mean area, mean compactness, mean concavity, mean fractal dimension, mean perimeter, mean radius"
22,LASSO,20,Random Forest,0.9649122807017544,0.958904109589041,0.9859154929577465,0.9722222222222222,0.990501146413364,"worst radius, worst concave points, worst texture, mean concave points, radius error, worst perimeter, worst symmetry, worst smoothness, worst concavity, area error, compactness error, concave points error, concavity error, fractal dimension error, mean area, mean compactness, mean concavity, mean fractal dimension, mean perimeter, mean radius"
22,LASSO,20,XGBoost,0.9736842105263158,0.9594594594594594,1.0,0.9793103448275862,0.9918113331149689,"worst radius, worst concave points, worst texture, mean concave points, radius error, worst perimeter, worst symmetry, worst smoothness, worst concavity, area error, compactness error, concave points error, concavity error, fractal dimension error, mean area, mean compactness, mean concavity, mean fractal dimension, mean perimeter, mean radius"
22,LASSO + DODA,20,Logistic Regression,0.9649122807017544,0.971830985915493,0.971830985915493,0.971830985915493,0.9862430396331477,"worst radius, worst concave points, worst texture, mean concave points, worst perimeter, radius error, worst symmetry, worst smoothness, worst concavity, mean radius, mean texture, mean perimeter, mean area, mean smoothness, mean compactness, mean concavity, mean symmetry, mean fractal dimension, texture error, perimeter error"
22,LASSO + DODA,20,Random Forest,0.9736842105263158,0.9722222222222222,0.9859154929577465,0.9790209790209791,0.9793645594497216,"worst radius, worst concave points, worst texture, mean concave points, worst perimeter, radius error, worst symmetry, worst smoothness, worst concavity, mean radius, mean texture, mean perimeter, mean area, mean smoothness, mean compactness, mean concavity, mean symmetry, mean fractal dimension, texture error, perimeter error"
22,LASSO + DODA,20,XGBoost,0.9736842105263158,0.9722222222222222,0.9859154929577465,0.9790209790209791,0.9823124795283328,"worst radius, worst concave points, worst texture, mean concave points, worst perimeter, radius error, worst symmetry, worst smoothness, worst concavity, mean radius, mean texture, mean perimeter, mean area, mean smoothness, mean compactness, mean concavity, mean symmetry, mean fractal dimension, texture error, perimeter error"
23,LASSO,5,Logistic Regression,0.9385964912280702,0.9577464788732394,0.9444444444444444,0.951048951048951,0.9814814814814815,"worst radius, worst concave points, worst texture, mean concave points, mean concavity"
23,LASSO,5,Random Forest,0.9473684210526315,0.9342105263157895,0.9861111111111112,0.9594594594594594,0.9841269841269842,"worst radius, worst concave points, worst texture, mean concave points, mean concavity"
23,LASSO,5,XGBoost,0.9473684210526315,0.9459459459459459,0.9722222222222222,0.958904109589041,0.9907407407407407,"worst radius, worst concave points, worst texture, mean concave points, mean concavity"
23,LASSO + DODA,5,Logistic Regression,0.9385964912280702,0.9577464788732394,0.9444444444444444,0.951048951048951,0.9814814814814815,"worst radius, worst concave points, mean concave points, worst texture, mean concavity"
23,LASSO + DODA,5,Random Forest,0.9385964912280702,0.922077922077922,0.9861111111111112,0.9530201342281879,0.9748677248677249,"worst radius, worst concave points, mean concave points, worst texture, mean concavity"
23,LASSO + DODA,5,XGBoost,0.9473684210526315,0.9459459459459459,0.9722222222222222,0.958904109589041,0.9907407407407407,"worst radius, worst concave points, mean concave points, worst texture, mean concavity"
23,LASSO,10,Logistic Regression,0.956140350877193,0.958904109589041,0.9722222222222222,0.9655172413793104,0.9927248677248677,"worst radius, worst concave points, worst texture, mean concave points, mean concavity, radius error, worst symmetry, worst smoothness, area error, compactness error"
23,LASSO,10,Random Forest,0.9385964912280702,0.9333333333333333,0.9722222222222222,0.9523809523809523,0.9918981481481481,"worst radius, worst concave points, worst texture, mean concave points, mean concavity, radius error, worst symmetry, worst smoothness, area error, compactness error"
23,LASSO,10,XGBoost,0.956140350877193,0.958904109589041,0.9722222222222222,0.9655172413793104,0.9953703703703705,"worst radius, worst concave points, worst texture, mean concave points, mean concavity, radius error, worst symmetry, worst smoothness, area error, compactness error"
23,LASSO + DODA,10,Logistic Regression,0.9385964912280702,0.9452054794520548,0.9583333333333334,0.9517241379310345,0.9910714285714286,"worst radius, worst concave points, mean concave points, worst texture, mean concavity, worst symmetry, radius error, worst smoothness, mean radius, mean texture"
23,LASSO + DODA,10,Random Forest,0.9473684210526315,0.9342105263157895,0.9861111111111112,0.9594594594594594,0.990575396825397,"worst radius, worst concave points, mean concave points, worst texture, mean concavity, worst symmetry, radius error, worst smoothness, mean radius, mean texture"
23,LASSO + DODA,10,XGBoost,0.9473684210526315,0.9342105263157895,0.9861111111111112,0.9594594594594594,0.9914021164021164,"worst radius, worst concave points, mean concave points, worst texture, mean concavity, worst symmetry, radius error, worst smoothness, mean radius, mean texture"
23,LASSO,15,Logistic Regression,0.9473684210526315,0.9583333333333334,0.9583333333333334,0.9583333333333334,0.9890873015873016,"worst radius, worst concave points, worst texture, mean concave points, mean concavity, radius error, worst symmetry, worst smoothness, area error, compactness error, concave points error, concavity error, fractal dimension error, mean area, mean compactness"
23,LASSO,15,Random Forest,0.9473684210526315,0.9230769230769231,1.0,0.96,0.9923941798941799,"worst radius, worst concave points, worst texture, mean concave points, mean concavity, radius error, worst symmetry, worst smoothness, area error, compactness error, concave points error, concavity error, fractal dimension error, mean area, mean compactness"
23,LASSO,15,XGBoost,0.956140350877193,0.9466666666666667,0.9861111111111112,0.9659863945578231,0.9943783068783069,"worst radius, worst concave points, worst texture, mean concave points, mean concavity, radius error, worst symmetry, worst smoothness, area error, compactness error, concave points error, concavity error, fractal dimension error, mean area, mean compactness"
23,LASSO + DODA,15,Logistic Regression,0.9385964912280702,0.9577464788732394,0.9444444444444444,0.951048951048951,0.9897486772486773,"worst radius, worst concave points, mean concave points, worst texture, mean concavity, worst symmetry, radius error, worst smoothness, mean radius, mean texture, mean perimeter, mean area, mean smoothness, mean compactness, mean symmetry"
23,LASSO + DODA,15,Random Forest,0.956140350877193,0.935064935064935,1.0,0.9664429530201343,0.9927248677248677,"worst radius, worst concave points, mean concave points, worst texture, mean concavity, worst symmetry, radius error, worst smoothness, mean radius, mean texture, mean perimeter, mean area, mean smoothness, mean compactness, mean symmetry"
23,LASSO + DODA,15,XGBoost,0.9649122807017544,0.9594594594594594,0.9861111111111112,0.9726027397260274,0.9966931216931216,"worst radius, worst concave points, mean concave points, worst texture, mean concavity, worst symmetry, radius error, worst smoothness, mean radius, mean texture, mean perimeter, mean area, mean smoothness, mean compactness, mean symmetry"
23,LASSO,20,Logistic Regression,0.9385964912280702,0.9577464788732394,0.9444444444444444,0.951048951048951,0.99239417989418,"worst radius, worst concave points, worst texture, mean concave points, mean concavity, radius error, worst symmetry, worst smoothness, area error, compactness error, concave points error, concavity error, fractal dimension error, mean area, mean compactness, mean fractal dimension, mean perimeter, mean radius, mean smoothness, mean symmetry"
23,LASSO,20,Random Forest,0.956140350877193,0.935064935064935,1.0,0.9664429530201343,0.9957010582010581,"worst radius, worst concave points, worst texture, mean concave points, mean concavity, radius error, worst symmetry, worst smoothness, area error, compactness error, concave points error, concavity error, fractal dimension error, mean area, mean compactness, mean fractal dimension, mean perimeter, mean radius, mean smoothness, mean symmetry"
23,LASSO,20,XGBoost,0.9649122807017544,0.9473684210526315,1.0,0.972972972972973,0.9957010582010583,"worst radius, worst concave points, worst texture, mean concave points, mean concavity, radius error, worst symmetry, worst smoothness, area error, compactness error, concave points error, concavity error, fractal dimension error, mean area, mean compactness, mean fractal dimension, mean perimeter, mean radius, mean smoothness, mean symmetry"
23,LASSO + DODA,20,Logistic Regression,0.9649122807017544,0.9722222222222222,0.9722222222222222,0.9722222222222222,0.9947089947089948,"worst radius, worst concave points, mean concave points, worst texture, mean concavity, worst symmetry, radius error, worst smoothness, mean radius, mean texture, mean perimeter, mean area, mean smoothness, mean compactness, mean symmetry, mean fractal dimension, texture error, perimeter error, area error, smoothness error"
23,LASSO + DODA,20,Random Forest,0.9473684210526315,0.9230769230769231,1.0,0.96,0.9910714285714286,"worst radius, worst concave points, mean concave points, worst texture, mean concavity, worst symmetry, radius error, worst smoothness, mean radius, mean texture, mean perimeter, mean area, mean smoothness, mean compactness, mean symmetry, mean fractal dimension, texture error, perimeter error, area error, smoothness error"
23,LASSO + DODA,20,XGBoost,0.9649122807017544,0.9473684210526315,1.0,0.972972972972973,0.9963624338624338,"worst radius, worst concave points, mean concave points, worst texture, mean concavity, worst symmetry, radius error, worst smoothness, mean radius, mean texture, mean perimeter, mean area, mean smoothness, mean compactness, mean symmetry, mean fractal dimension, texture error, perimeter error, area error, smoothness error"
24,LASSO,5,Logistic Regression,0.9736842105263158,0.9859154929577465,0.9722222222222222,0.9790209790209791,0.998015873015873,"worst radius, mean concave points, worst concave points, worst texture, radius error"
24,LASSO,5,Random Forest,0.9473684210526315,0.9852941176470589,0.9305555555555556,0.9571428571428572,0.992228835978836,"worst radius, mean concave points, worst concave points, worst texture, radius error"
24,LASSO,5,XGBoost,0.956140350877193,0.9855072463768116,0.9444444444444444,0.9645390070921985,0.996031746031746,"worst radius, mean concave points, worst concave points, worst texture, radius error"
24,LASSO + DODA,5,Logistic Regression,0.9736842105263158,0.9859154929577465,0.9722222222222222,0.9790209790209791,0.998015873015873,"worst radius, mean concave points, worst concave points, worst texture, radius error"
24,LASSO + DODA,5,Random Forest,0.9473684210526315,0.9852941176470589,0.9305555555555556,0.9571428571428572,0.992228835978836,"worst radius, mean concave points, worst concave points, worst texture, radius error"
24,LASSO + DODA,5,XGBoost,0.956140350877193,0.9855072463768116,0.9444444444444444,0.9645390070921985,0.996031746031746,"worst radius, mean concave points, worst concave points, worst texture, radius error"
24,LASSO,10,Logistic Regression,0.9736842105263158,0.9859154929577465,0.9722222222222222,0.9790209790209791,0.9980158730158729,"worst radius, mean concave points, worst concave points, worst texture, radius error, worst smoothness, worst symmetry, area error, compactness error, concave points error"
24,LASSO,10,Random Forest,0.9385964912280702,0.9850746268656716,0.9166666666666666,0.9496402877697842,0.9928902116402116,"worst radius, mean concave points, worst concave points, worst texture, radius error, worst smoothness, worst symmetry, area error, compactness error, concave points error"
24,LASSO,10,XGBoost,0.9298245614035088,0.9848484848484849,0.9027777777777778,0.9420289855072463,0.9957010582010583,"worst radius, mean concave points, worst concave points, worst texture, radius error, worst smoothness, worst symmetry, area error, compactness error, concave points error"
24,LASSO + DODA,10,Logistic Regression,0.9736842105263158,0.9859154929577465,0.9722222222222222,0.9790209790209791,0.9950396825396826,"worst radius, mean concave points, worst concave points, worst texture, radius error, worst smoothness, worst symmetry, mean radius, mean texture, mean perimeter"
24,LASSO + DODA,10,Random Forest,0.9385964912280702,0.9850746268656716,0.9166666666666666,0.9496402877697842,0.9914021164021163,"worst radius, mean concave points, worst concave points, worst texture, radius error, worst smoothness, worst symmetry, mean radius, mean texture, mean perimeter"
24,LASSO + DODA,10,XGBoost,0.9385964912280702,0.9850746268656716,0.9166666666666666,0.9496402877697842,0.9953703703703703,"worst radius, mean concave points, worst concave points, worst texture, radius error, worst smoothness, worst symmetry, mean radius, mean texture, mean perimeter"
24,LASSO,15,Logistic Regression,0.9824561403508771,0.9861111111111112,0.9861111111111112,0.9861111111111112,0.9970238095238095,"worst radius, mean concave points, worst concave points, worst texture, radius error, worst smoothness, worst symmetry, area error, compactness error, concave points error, concavity error, fractal dimension error, mean area, mean compactness, mean concavity"
24,LASSO,15,Random Forest,0.9298245614035088,0.9705882352941176,0.9166666666666666,0.9428571428571428,0.9899140211640212,"worst radius, mean concave points, worst concave points, worst texture, radius error, worst smoothness, worst symmetry, area error, compactness error, concave points error, concavity error, fractal dimension error, mean area, mean compactness, mean concavity"
24,LASSO,15,XGBoost,0.9385964912280702,0.9850746268656716,0.9166666666666666,0.9496402877697842,0.996031746031746,"worst radius, mean concave points, worst concave points, worst texture, radius error, worst smoothness, worst symmetry, area error, compactness error, concave points error, concavity error, fractal dimension error, mean area, mean compactness, mean concavity"
24,LASSO + DODA,15,Logistic Regression,0.9824561403508771,0.9861111111111112,0.9861111111111112,0.9861111111111112,0.9953703703703703,"worst radius, mean concave points, worst concave points, worst texture, radius error, worst smoothness, worst symmetry, mean radius, mean texture, mean perimeter, mean area, mean smoothness, mean compactness, mean concavity, mean symmetry"
24,LASSO + DODA,15,Random Forest,0.9210526315789473,0.9846153846153847,0.8888888888888888,0.9343065693430657,0.9915674603174603,"worst radius, mean concave points, worst concave points, worst texture, radius error, worst smoothness, worst symmetry, mean radius, mean texture, mean perimeter, mean area, mean smoothness, mean compactness, mean concavity, mean symmetry"
24,LASSO + DODA,15,XGBoost,0.9385964912280702,0.9850746268656716,0.9166666666666666,0.9496402877697842,0.9957010582010581,"worst radius, mean concave points, worst concave points, worst texture, radius error, worst smoothness, worst symmetry, mean radius, mean texture, mean perimeter, mean area, mean smoothness, mean compactness, mean concavity, mean symmetry"
24,LASSO,20,Logistic Regression,0.9824561403508771,0.9861111111111112,0.9861111111111112,0.9861111111111112,0.9953703703703703,"worst radius, mean concave points, worst concave points, worst texture, radius error, worst smoothness, worst symmetry, area error, compactness error, concave points error, concavity error, fractal dimension error, mean area, mean compactness, mean concavity, mean fractal dimension, mean perimeter, mean radius, mean smoothness, mean symmetry"
24,LASSO,20,Random Forest,0.9210526315789473,0.9846153846153847,0.8888888888888888,0.9343065693430657,0.9852843915343915,"worst radius, mean concave points, worst concave points, worst texture, radius error, worst smoothness, worst symmetry, area error, compactness error, concave points error, concavity error, fractal dimension error, mean area, mean compactness, mean concavity, mean fractal dimension, mean perimeter, mean radius, mean smoothness, mean symmetry"
24,LASSO,20,XGBoost,0.9385964912280702,0.9850746268656716,0.9166666666666666,0.9496402877697842,0.9947089947089947,"worst radius, mean concave points, worst concave points, worst texture, radius error, worst smoothness, worst symmetry, area error, compactness error, concave points error, concavity error, fractal dimension error, mean area, mean compactness, mean concavity, mean fractal dimension, mean perimeter, mean radius, mean smoothness, mean symmetry"
24,LASSO + DODA,20,Logistic Regression,0.9824561403508771,0.9861111111111112,0.9861111111111112,0.9861111111111112,0.996031746031746,"worst radius, mean concave points, worst concave points, worst texture, radius error, worst smoothness, worst symmetry, mean radius, mean texture, mean perimeter, mean area, mean smoothness, mean compactness, mean concavity, mean symmetry, mean fractal dimension, texture error, perimeter error, area error, smoothness error"
24,LASSO + DODA,20,Random Forest,0.9122807017543859,0.9696969696969697,0.8888888888888888,0.927536231884058,0.9889219576719577,"worst radius, mean concave points, worst concave points, worst texture, radius error, worst smoothness, worst symmetry, mean radius, mean texture, mean perimeter, mean area, mean smoothness, mean compactness, mean concavity, mean symmetry, mean fractal dimension, texture error, perimeter error, area error, smoothness error"
24,LASSO + DODA,20,XGBoost,0.956140350877193,0.9855072463768116,0.9444444444444444,0.9645390070921985,0.9957010582010583,"worst radius, mean concave points, worst concave points, worst texture, radius error, worst smoothness, worst symmetry, mean radius, mean texture, mean perimeter, mean area, mean smoothness, mean compactness, mean concavity, mean symmetry, mean fractal dimension, texture error, perimeter error, area error, smoothness error"
25,LASSO,5,Logistic Regression,0.9646017699115044,0.9855072463768116,0.9577464788732394,0.9714285714285714,0.9983232729711602,"worst radius, worst concave points, worst texture, radius error, mean concave points"
25,LASSO,5,Random Forest,0.9734513274336283,0.9722222222222222,0.9859154929577465,0.9790209790209791,0.9986586183769283,"worst radius, worst concave points, worst texture, radius error, mean concave points"
25,LASSO,5,XGBoost,0.9823008849557522,1.0,0.971830985915493,0.9857142857142858,0.9986586183769283,"worst radius, worst concave points, worst texture, radius error, mean concave points"
25,LASSO + DODA,5,Logistic Regression,0.9646017699115044,0.9855072463768116,0.9577464788732394,0.9714285714285714,0.9983232729711602,"worst radius, worst concave points, mean concave points, worst texture, radius error"
25,LASSO + DODA,5,Random Forest,0.9734513274336283,0.9722222222222222,0.9859154929577465,0.9790209790209791,0.9976525821596244,"worst radius, worst concave points, mean concave points, worst texture, radius error"
25,LASSO + DODA,5,XGBoost,0.9823008849557522,1.0,0.971830985915493,0.9857142857142858,0.9986586183769283,"worst radius, worst concave points, mean concave points, worst texture, radius error"
25,LASSO,10,Logistic Regression,0.9823008849557522,0.9859154929577465,0.9859154929577465,0.9859154929577465,0.9973172367538564,"worst radius, worst concave points, worst texture, radius error, mean concave points, worst smoothness, worst symmetry, area error, compactness error, concave points error"
25,LASSO,10,Random Forest,0.9734513274336283,0.9857142857142858,0.971830985915493,0.9787234042553191,0.9983232729711603,"worst radius, worst concave points, worst texture, radius error, mean concave points, worst smoothness, worst symmetry, area error, compactness error, concave points error"
25,LASSO,10,XGBoost,0.9734513274336283,0.9722222222222222,0.9859154929577465,0.9790209790209791,0.9979879275653923,"worst radius, worst concave points, worst texture, radius error, mean concave points, worst smoothness, worst symmetry, area error, compactness error, concave points error"
25,LASSO + DODA,10,Logistic Regression,0.9911504424778761,1.0,0.9859154929577465,0.9929078014184397,1.0,"worst radius, worst concave points, mean concave points, worst texture, radius error, worst smoothness, worst symmetry, mean radius, mean texture, mean perimeter"
25,LASSO + DODA,10,Random Forest,0.9911504424778761,1.0,0.9859154929577465,0.9929078014184397,0.999664654594232,"worst radius, worst concave points, mean concave points, worst texture, radius error, worst smoothness, worst symmetry, mean radius, mean texture, mean perimeter"
25,LASSO + DODA,10,XGBoost,0.9911504424778761,0.9861111111111112,1.0,0.993006993006993,0.999664654594232,"worst radius, worst concave points, mean concave points, worst texture, radius error, worst smoothness, worst symmetry, mean radius, mean texture, mean perimeter"
25,LASSO,15,Logistic Regression,0.9823008849557522,0.9859154929577465,0.9859154929577465,0.9859154929577465,0.9973172367538564,"worst radius, worst concave points, worst texture, radius error, mean concave points, worst smoothness, worst symmetry, area error, compactness error, concave points error, concavity error, fractal dimension error, mean area, mean compactness, mean concavity"
25,LASSO,15,Random Forest,0.9734513274336283,1.0,0.9577464788732394,0.9784172661870504,0.9983232729711603,"worst radius, worst concave points, worst texture, radius error, mean concave points, worst smoothness, worst symmetry, area error, compactness error, concave points error, concavity error, fractal dimension error, mean area, mean compactness, mean concavity"
25,LASSO,15,XGBoost,0.9823008849557522,0.9859154929577465,0.9859154929577465,0.9859154929577465,0.9989939637826962,"worst radius, worst concave points, worst texture, radius error, mean concave points, worst smoothness, worst symmetry, area error, compactness error, concave points error, concavity error, fractal dimension error, mean area, mean compactness, mean concavity"
25,LASSO + DODA,15,Logistic Regression,0.9911504424778761,1.0,0.9859154929577465,0.9929078014184397,0.999664654594232,"worst radius, worst concave points, mean concave points, worst texture, radius error, worst smoothness, worst symmetry, mean radius, mean texture, mean perimeter, mean area, mean smoothness, mean compactness, mean concavity, mean symmetry"
25,LASSO + DODA,15,Random Forest,0.9823008849557522,1.0,0.971830985915493,0.9857142857142858,0.9994969818913482,"worst radius, worst concave points, mean concave points, worst texture, radius error, worst smoothness, worst symmetry, mean radius, mean texture, mean perimeter, mean area, mean smoothness, mean compactness, mean concavity, mean symmetry"
25,LASSO + DODA,15,XGBoost,0.9823008849557522,0.9859154929577465,0.9859154929577465,0.9859154929577465,0.999664654594232,"worst radius, worst concave points, mean concave points, worst texture, radius error, worst smoothness, worst symmetry, mean radius, mean texture, mean perimeter, mean area, mean smoothness, mean compactness, mean concavity, mean symmetry"
25,LASSO,20,Logistic Regression,0.9734513274336283,0.9857142857142858,0.971830985915493,0.9787234042553191,0.9989939637826961,"worst radius, worst concave points, worst texture, radius error, mean concave points, worst smoothness, worst symmetry, area error, compactness error, concave points error, concavity error, fractal dimension error, mean area, mean compactness, mean concavity, mean fractal dimension, mean perimeter, mean radius, mean smoothness, mean symmetry"
25,LASSO,20,Random Forest,0.9734513274336283,1.0,0.9577464788732394,0.9784172661870504,0.9983232729711603,"worst radius, worst concave points, worst texture, radius error, mean concave points, worst smoothness, worst symmetry, area error, compactness error, concave points error, concavity error, fractal dimension error, mean area, mean compactness, mean concavity, mean fractal dimension, mean perimeter, mean radius, mean smoothness, mean symmetry"
25,LASSO,20,XGBoost,0.9823008849557522,0.9859154929577465,0.9859154929577465,0.9859154929577465,0.9993293091884642,"worst radius, worst concave points, worst texture, radius error, mean concave points, worst smoothness, worst symmetry, area error, compactness error, concave points error, concavity error, fractal dimension error, mean area, mean compactness, mean concavity, mean fractal dimension, mean perimeter, mean radius, mean smoothness, mean symmetry"
25,LASSO + DODA,20,Logistic Regression,0.9646017699115044,0.9855072463768116,0.9577464788732394,0.9714285714285714,0.9959758551307847,"worst radius, worst concave points, mean concave points, worst texture, radius error, worst smoothness, worst symmetry, mean radius, mean texture, mean perimeter, mean area, mean smoothness, mean compactness, mean concavity, mean symmetry, mean fractal dimension, texture error, perimeter error, area error, smoothness error"
25,LASSO + DODA,20,Random Forest,0.9823008849557522,1.0,0.971830985915493,0.9857142857142858,1.0,"worst radius, worst concave points, mean concave points, worst texture, radius error, worst smoothness, worst symmetry, mean radius, mean texture, mean perimeter, mean area, mean smoothness, mean compactness, mean concavity, mean symmetry, mean fractal dimension, texture error, perimeter error, area error, smoothness error"
25,LASSO + DODA,20,XGBoost,0.9823008849557522,0.9859154929577465,0.9859154929577465,0.9859154929577465,0.9989939637826961,"worst radius, worst concave points, mean concave points, worst texture, radius error, worst smoothness, worst symmetry, mean radius, mean texture, mean perimeter, mean area, mean smoothness, mean compactness, mean concavity, mean symmetry, mean fractal dimension, texture error, perimeter error, area error, smoothness error"
