Run,Method,Top_K,Model,Accuracy,Precision,Recall,F1,ROC_AUC,Selected_Features
1,mRMR,5,Logistic Regression,0.9385964912280702,1.0,0.9014084507042254,0.9481481481481482,0.9977071732721913,"worst concave points, worst radius, worst perimeter, mean concave points, mean perimeter"
1,mRMR,5,Random Forest,0.9473684210526315,0.9850746268656716,0.9295774647887324,0.9565217391304348,0.9927939731411726,"worst concave points, worst radius, worst perimeter, mean concave points, mean perimeter"
1,mRMR,5,XGBoost,0.9298245614035088,0.9846153846153847,0.9014084507042254,0.9411764705882353,0.9954143465443825,"worst concave points, worst radius, worst perimeter, mean concave points, mean perimeter"
1,mRMR + DODA,5,Logistic Regression,0.9385964912280702,1.0,0.9014084507042254,0.9481481481481482,0.9977071732721913,"worst concave points, worst radius, worst perimeter, mean concave points, worst area"
1,mRMR + DODA,5,Random Forest,0.9473684210526315,0.9850746268656716,0.9295774647887324,0.9565217391304348,0.9955781198820832,"worst concave points, worst radius, worst perimeter, mean concave points, worst area"
1,mRMR + DODA,5,XGBoost,0.9385964912280702,0.9848484848484849,0.9154929577464789,0.948905109489051,0.996069439895185,"worst concave points, worst radius, worst perimeter, mean concave points, worst area"
1,mRMR,10,Logistic Regression,0.9298245614035088,1.0,0.8873239436619719,0.9402985074626866,0.99737962659679,"worst concave points, worst radius, worst perimeter, mean concave points, mean perimeter, mean radius, worst area, mean concavity, worst concavity, mean area"
1,mRMR,10,Random Forest,0.9473684210526315,0.9850746268656716,0.9295774647887324,0.9565217391304348,0.9970520799213888,"worst concave points, worst radius, worst perimeter, mean concave points, mean perimeter, mean radius, worst area, mean concavity, worst concavity, mean area"
1,mRMR,10,XGBoost,0.956140350877193,0.9852941176470589,0.9436619718309859,0.9640287769784173,0.9963969865705863,"worst concave points, worst radius, worst perimeter, mean concave points, mean perimeter, mean radius, worst area, mean concavity, worst concavity, mean area"
1,mRMR + DODA,10,Logistic Regression,0.9298245614035088,1.0,0.8873239436619719,0.9402985074626866,0.99737962659679,"worst concave points, worst radius, worst perimeter, mean concave points, worst area, mean perimeter, mean radius, worst concavity, mean concavity, mean area"
1,mRMR + DODA,10,Random Forest,0.956140350877193,0.9852941176470589,0.9436619718309859,0.9640287769784173,0.9972158532590895,"worst concave points, worst radius, worst perimeter, mean concave points, worst area, mean perimeter, mean radius, worst concavity, mean concavity, mean area"
1,mRMR + DODA,10,XGBoost,0.956140350877193,0.9852941176470589,0.9436619718309859,0.9640287769784173,0.9963969865705863,"worst concave points, worst radius, worst perimeter, mean concave points, worst area, mean perimeter, mean radius, worst concavity, mean concavity, mean area"
1,mRMR,15,Logistic Regression,0.9473684210526315,0.9850746268656716,0.9295774647887324,0.9565217391304348,0.99737962659679,"worst concave points, worst radius, worst perimeter, mean concave points, mean perimeter, mean radius, worst area, mean concavity, worst concavity, mean area, worst compactness, worst texture, mean compactness, radius error, perimeter error"
1,mRMR,15,Random Forest,0.956140350877193,0.9852941176470589,0.9436619718309859,0.9640287769784173,0.9977071732721913,"worst concave points, worst radius, worst perimeter, mean concave points, mean perimeter, mean radius, worst area, mean concavity, worst concavity, mean area, worst compactness, worst texture, mean compactness, radius error, perimeter error"
1,mRMR,15,XGBoost,0.9649122807017544,0.971830985915493,0.971830985915493,0.971830985915493,0.9967245332459875,"worst concave points, worst radius, worst perimeter, mean concave points, mean perimeter, mean radius, worst area, mean concavity, worst concavity, mean area, worst compactness, worst texture, mean compactness, radius error, perimeter error"
1,mRMR + DODA,15,Logistic Regression,0.9473684210526315,0.9850746268656716,0.9295774647887324,0.9565217391304348,0.99737962659679,"worst concave points, worst radius, worst perimeter, mean concave points, worst area, mean perimeter, mean radius, worst concavity, mean concavity, mean area, worst compactness, mean compactness, worst texture, radius error, perimeter error"
1,mRMR + DODA,15,Random Forest,0.9736842105263158,1.0,0.9577464788732394,0.9784172661870504,0.9983622666229938,"worst concave points, worst radius, worst perimeter, mean concave points, worst area, mean perimeter, mean radius, worst concavity, mean concavity, mean area, worst compactness, mean compactness, worst texture, radius error, perimeter error"
1,mRMR + DODA,15,XGBoost,0.9649122807017544,0.971830985915493,0.971830985915493,0.971830985915493,0.9967245332459875,"worst concave points, worst radius, worst perimeter, mean concave points, worst area, mean perimeter, mean radius, worst concavity, mean concavity, mean area, worst compactness, mean compactness, worst texture, radius error, perimeter error"
1,mRMR,20,Logistic Regression,0.9649122807017544,1.0,0.9436619718309859,0.9710144927536232,0.9996724533245988,"worst concave points, worst radius, worst perimeter, mean concave points, mean perimeter, mean radius, worst area, mean concavity, worst concavity, mean area, worst compactness, worst texture, mean compactness, radius error, perimeter error, worst smoothness, mean texture, area error, worst symmetry, concave points error"
1,mRMR,20,Random Forest,0.9649122807017544,1.0,0.9436619718309859,0.9710144927536232,0.998689813298395,"worst concave points, worst radius, worst perimeter, mean concave points, mean perimeter, mean radius, worst area, mean concavity, worst concavity, mean area, worst compactness, worst texture, mean compactness, radius error, perimeter error, worst smoothness, mean texture, area error, worst symmetry, concave points error"
1,mRMR,20,XGBoost,0.9649122807017544,0.9855072463768116,0.9577464788732394,0.9714285714285714,0.9983622666229938,"worst concave points, worst radius, worst perimeter, mean concave points, mean perimeter, mean radius, worst area, mean concavity, worst concavity, mean area, worst compactness, worst texture, mean compactness, radius error, perimeter error, worst smoothness, mean texture, area error, worst symmetry, concave points error"
1,mRMR + DODA,20,Logistic Regression,0.9649122807017544,1.0,0.9436619718309859,0.9710144927536232,0.9996724533245988,"worst concave points, worst radius, worst perimeter, mean concave points, worst area, mean perimeter, mean radius, worst concavity, mean concavity, mean area, worst compactness, mean compactness, worst texture, radius error, perimeter error, worst smoothness, worst symmetry, mean texture, area error, concave points error"
1,mRMR + DODA,20,Random Forest,0.9736842105263158,1.0,0.9577464788732394,0.9784172661870504,0.998689813298395,"worst concave points, worst radius, worst perimeter, mean concave points, worst area, mean perimeter, mean radius, worst concavity, mean concavity, mean area, worst compactness, mean compactness, worst texture, radius error, perimeter error, worst smoothness, worst symmetry, mean texture, area error, concave points error"
1,mRMR + DODA,20,XGBoost,0.9649122807017544,0.9855072463768116,0.9577464788732394,0.9714285714285714,0.9983622666229938,"worst concave points, worst radius, worst perimeter, mean concave points, worst area, mean perimeter, mean radius, worst concavity, mean concavity, mean area, worst compactness, mean compactness, worst texture, radius error, perimeter error, worst smoothness, worst symmetry, mean texture, area error, concave points error"
2,mRMR,5,Logistic Regression,0.9210526315789473,0.918918918918919,0.9577464788732394,0.9379310344827586,0.9787094660989191,"worst concave points, worst perimeter, worst radius, mean concave points, mean perimeter"
2,mRMR,5,Random Forest,0.9122807017543859,0.9066666666666666,0.9577464788732394,0.9315068493150684,0.959711758925647,"worst concave points, worst perimeter, worst radius, mean concave points, mean perimeter"
2,mRMR,5,XGBoost,0.9122807017543859,0.9066666666666666,0.9577464788732394,0.9315068493150684,0.9490664919751065,"worst concave points, worst perimeter, worst radius, mean concave points, mean perimeter"
2,mRMR + DODA,5,Logistic Regression,0.9210526315789473,0.918918918918919,0.9577464788732394,0.9379310344827586,0.9787094660989191,"worst concave points, worst perimeter, worst radius, worst area, mean concave points"
2,mRMR + DODA,5,Random Forest,0.9210526315789473,0.918918918918919,0.9577464788732394,0.9379310344827586,0.9567638388470356,"worst concave points, worst perimeter, worst radius, worst area, mean concave points"
2,mRMR + DODA,5,XGBoost,0.9122807017543859,0.9178082191780822,0.9436619718309859,0.9305555555555556,0.9562725188339338,"worst concave points, worst perimeter, worst radius, worst area, mean concave points"
2,mRMR,10,Logistic Regression,0.9385964912280702,0.9444444444444444,0.9577464788732394,0.951048951048951,0.9796921061251228,"worst concave points, worst perimeter, worst radius, mean concave points, mean perimeter, worst area, worst concavity, mean radius, mean concavity, mean area"
2,mRMR,10,Random Forest,0.9210526315789473,0.918918918918919,0.9577464788732394,0.9379310344827586,0.9701932525384868,"worst concave points, worst perimeter, worst radius, mean concave points, mean perimeter, worst area, worst concavity, mean radius, mean concavity, mean area"
2,mRMR,10,XGBoost,0.9210526315789473,0.9305555555555556,0.9436619718309859,0.9370629370629371,0.9557811988208319,"worst concave points, worst perimeter, worst radius, mean concave points, mean perimeter, worst area, worst concavity, mean radius, mean concavity, mean area"
2,mRMR + DODA,10,Logistic Regression,0.9385964912280702,0.9444444444444444,0.9577464788732394,0.951048951048951,0.9796921061251228,"worst concave points, worst perimeter, worst radius, worst area, mean concave points, worst concavity, mean perimeter, mean radius, mean concavity, mean area"
2,mRMR + DODA,10,Random Forest,0.9210526315789473,0.918918918918919,0.9577464788732394,0.9379310344827586,0.9710121192269898,"worst concave points, worst perimeter, worst radius, worst area, mean concave points, worst concavity, mean perimeter, mean radius, mean concavity, mean area"
2,mRMR + DODA,10,XGBoost,0.9210526315789473,0.9305555555555556,0.9436619718309859,0.9370629370629371,0.9557811988208319,"worst concave points, worst perimeter, worst radius, worst area, mean concave points, worst concavity, mean perimeter, mean radius, mean concavity, mean area"
2,mRMR,15,Logistic Regression,0.9473684210526315,0.9577464788732394,0.9577464788732394,0.9577464788732394,0.9934490664919752,"worst concave points, worst perimeter, worst radius, mean concave points, mean perimeter, worst area, worst concavity, mean radius, mean concavity, mean area, worst compactness, mean compactness, worst texture, radius error, worst symmetry"
2,mRMR,15,Random Forest,0.9473684210526315,0.9452054794520548,0.971830985915493,0.9583333333333334,0.9754339993449066,"worst concave points, worst perimeter, worst radius, mean concave points, mean perimeter, worst area, worst concavity, mean radius, mean concavity, mean area, worst compactness, mean compactness, worst texture, radius error, worst symmetry"
2,mRMR,15,XGBoost,0.9473684210526315,0.9452054794520548,0.971830985915493,0.9583333333333334,0.9895185063871602,"worst concave points, worst perimeter, worst radius, mean concave points, mean perimeter, worst area, worst concavity, mean radius, mean concavity, mean area, worst compactness, mean compactness, worst texture, radius error, worst symmetry"
2,mRMR + DODA,15,Logistic Regression,0.9473684210526315,0.9577464788732394,0.9577464788732394,0.9577464788732394,0.9934490664919752,"worst concave points, worst perimeter, worst radius, worst area, mean concave points, worst concavity, mean perimeter, mean radius, mean concavity, mean area, worst compactness, mean compactness, worst texture, worst symmetry, radius error"
2,mRMR + DODA,15,Random Forest,0.9473684210526315,0.9452054794520548,0.971830985915493,0.9583333333333334,0.9760890926957092,"worst concave points, worst perimeter, worst radius, worst area, mean concave points, worst concavity, mean perimeter, mean radius, mean concavity, mean area, worst compactness, mean compactness, worst texture, worst symmetry, radius error"
2,mRMR + DODA,15,XGBoost,0.9473684210526315,0.9452054794520548,0.971830985915493,0.9583333333333334,0.9895185063871602,"worst concave points, worst perimeter, worst radius, worst area, mean concave points, worst concavity, mean perimeter, mean radius, mean concavity, mean area, worst compactness, mean compactness, worst texture, worst symmetry, radius error"
2,mRMR,20,Logistic Regression,0.9736842105263158,0.9594594594594594,1.0,0.9793103448275862,0.9980347199475925,"worst concave points, worst perimeter, worst radius, mean concave points, mean perimeter, worst area, worst concavity, mean radius, mean concavity, mean area, worst compactness, mean compactness, worst texture, radius error, worst symmetry, perimeter error, area error, worst smoothness, mean texture, concave points error"
2,mRMR,20,Random Forest,0.956140350877193,0.9583333333333334,0.971830985915493,0.965034965034965,0.9873894529970522,"worst concave points, worst perimeter, worst radius, mean concave points, mean perimeter, worst area, worst concavity, mean radius, mean concavity, mean area, worst compactness, mean compactness, worst texture, radius error, worst symmetry, perimeter error, area error, worst smoothness, mean texture, concave points error"
2,mRMR,20,XGBoost,0.956140350877193,0.9459459459459459,0.9859154929577465,0.9655172413793104,0.9895185063871601,"worst concave points, worst perimeter, worst radius, mean concave points, mean perimeter, worst area, worst concavity, mean radius, mean concavity, mean area, worst compactness, mean compactness, worst texture, radius error, worst symmetry, perimeter error, area error, worst smoothness, mean texture, concave points error"
2,mRMR + DODA,20,Logistic Regression,0.9736842105263158,0.9594594594594594,1.0,0.9793103448275862,0.9967245332459875,"worst concave points, worst perimeter, worst radius, worst area, mean concave points, worst concavity, mean perimeter, mean radius, mean concavity, mean area, worst compactness, mean compactness, worst texture, worst symmetry, radius error, perimeter error, area error, worst smoothness, mean texture, mean symmetry"
2,mRMR + DODA,20,Random Forest,0.9736842105263158,0.9722222222222222,0.9859154929577465,0.9790209790209791,0.979200786112021,"worst concave points, worst perimeter, worst radius, worst area, mean concave points, worst concavity, mean perimeter, mean radius, mean concavity, mean area, worst compactness, mean compactness, worst texture, worst symmetry, radius error, perimeter error, area error, worst smoothness, mean texture, mean symmetry"
2,mRMR + DODA,20,XGBoost,0.9473684210526315,0.9452054794520548,0.971830985915493,0.9583333333333334,0.9921388797903702,"worst concave points, worst perimeter, worst radius, worst area, mean concave points, worst concavity, mean perimeter, mean radius, mean concavity, mean area, worst compactness, mean compactness, worst texture, worst symmetry, radius error, perimeter error, area error, worst smoothness, mean texture, mean symmetry"
3,mRMR,5,Logistic Regression,0.9473684210526315,0.9583333333333334,0.9583333333333334,0.9583333333333334,0.9778439153439153,"worst perimeter, worst concave points, worst radius, mean concave points, mean perimeter"
3,mRMR,5,Random Forest,0.9473684210526315,0.9459459459459459,0.9722222222222222,0.958904109589041,0.9704034391534391,"worst perimeter, worst concave points, worst radius, mean concave points, mean perimeter"
3,mRMR,5,XGBoost,0.9298245614035088,0.9444444444444444,0.9444444444444444,0.9444444444444444,0.9599867724867724,"worst perimeter, worst concave points, worst radius, mean concave points, mean perimeter"
3,mRMR + DODA,5,Logistic Regression,0.9473684210526315,0.9583333333333334,0.9583333333333334,0.9583333333333334,0.9791666666666666,"worst perimeter, worst concave points, worst radius, worst area, mean concave points"
3,mRMR + DODA,5,Random Forest,0.9649122807017544,0.9594594594594594,0.9861111111111112,0.9726027397260274,0.972718253968254,"worst perimeter, worst concave points, worst radius, worst area, mean concave points"
3,mRMR + DODA,5,XGBoost,0.9210526315789473,0.9315068493150684,0.9444444444444444,0.9379310344827586,0.957010582010582,"worst perimeter, worst concave points, worst radius, worst area, mean concave points"
3,mRMR,10,Logistic Regression,0.9473684210526315,0.9583333333333334,0.9583333333333334,0.9583333333333334,0.9781746031746031,"worst perimeter, worst concave points, worst radius, mean concave points, mean perimeter, worst area, mean radius, mean area, mean concavity, worst concavity"
3,mRMR,10,Random Forest,0.9649122807017544,0.9594594594594594,0.9861111111111112,0.9726027397260274,0.9740410052910053,"worst perimeter, worst concave points, worst radius, mean concave points, mean perimeter, worst area, mean radius, mean area, mean concavity, worst concavity"
3,mRMR,10,XGBoost,0.9385964912280702,0.9333333333333333,0.9722222222222222,0.9523809523809523,0.9699074074074073,"worst perimeter, worst concave points, worst radius, mean concave points, mean perimeter, worst area, mean radius, mean area, mean concavity, worst concavity"
3,mRMR + DODA,10,Logistic Regression,0.9473684210526315,0.9583333333333334,0.9583333333333334,0.9583333333333334,0.9781746031746031,"worst perimeter, worst concave points, worst radius, worst area, mean concave points, mean perimeter, mean radius, worst concavity, mean area, mean concavity"
3,mRMR + DODA,10,Random Forest,0.9649122807017544,0.9594594594594594,0.9861111111111112,0.9726027397260274,0.9747023809523809,"worst perimeter, worst concave points, worst radius, worst area, mean concave points, mean perimeter, mean radius, worst concavity, mean area, mean concavity"
3,mRMR + DODA,10,XGBoost,0.9385964912280702,0.9333333333333333,0.9722222222222222,0.9523809523809523,0.9699074074074073,"worst perimeter, worst concave points, worst radius, worst area, mean concave points, mean perimeter, mean radius, worst concavity, mean area, mean concavity"
3,mRMR,15,Logistic Regression,0.9649122807017544,0.9594594594594594,0.9861111111111112,0.9726027397260274,0.9890873015873016,"worst perimeter, worst concave points, worst radius, mean concave points, mean perimeter, worst area, mean radius, mean area, mean concavity, worst concavity, worst compactness, worst texture, radius error, mean compactness, perimeter error"
3,mRMR,15,Random Forest,0.9649122807017544,0.9594594594594594,0.9861111111111112,0.9726027397260274,0.9775132275132274,"worst perimeter, worst concave points, worst radius, mean concave points, mean perimeter, worst area, mean radius, mean area, mean concavity, worst concavity, worst compactness, worst texture, radius error, mean compactness, perimeter error"
3,mRMR,15,XGBoost,0.956140350877193,0.958904109589041,0.9722222222222222,0.9655172413793104,0.9871031746031746,"worst perimeter, worst concave points, worst radius, mean concave points, mean perimeter, worst area, mean radius, mean area, mean concavity, worst concavity, worst compactness, worst texture, radius error, mean compactness, perimeter error"
3,mRMR + DODA,15,Logistic Regression,0.9649122807017544,0.9594594594594594,0.9861111111111112,0.9726027397260274,0.984457671957672,"worst perimeter, worst concave points, worst radius, worst area, mean concave points, mean perimeter, mean radius, worst concavity, mean area, mean concavity, worst compactness, mean compactness, worst texture, radius error, worst symmetry"
3,mRMR + DODA,15,Random Forest,0.9649122807017544,0.9594594594594594,0.9861111111111112,0.9726027397260274,0.9780092592592593,"worst perimeter, worst concave points, worst radius, worst area, mean concave points, mean perimeter, mean radius, worst concavity, mean area, mean concavity, worst compactness, mean compactness, worst texture, radius error, worst symmetry"
3,mRMR + DODA,15,XGBoost,0.9649122807017544,0.9594594594594594,0.9861111111111112,0.9726027397260274,0.9854497354497355,"worst perimeter, worst concave points, worst radius, worst area, mean concave points, mean perimeter, mean radius, worst concavity, mean area, mean concavity, worst compactness, mean compactness, worst texture, radius error, worst symmetry"
3,mRMR,20,Logistic Regression,0.9824561403508771,0.972972972972973,1.0,0.9863013698630136,0.9854497354497354,"worst perimeter, worst concave points, worst radius, mean concave points, mean perimeter, worst area, mean radius, mean area, mean concavity, worst concavity, worst compactness, worst texture, radius error, mean compactness, perimeter error, area error, worst symmetry, worst smoothness, mean texture, concave points error"
3,mRMR,20,Random Forest,0.9649122807017544,0.9594594594594594,0.9861111111111112,0.9726027397260274,0.9857804232804233,"worst perimeter, worst concave points, worst radius, mean concave points, mean perimeter, worst area, mean radius, mean area, mean concavity, worst concavity, worst compactness, worst texture, radius error, mean compactness, perimeter error, area error, worst symmetry, worst smoothness, mean texture, concave points error"
3,mRMR,20,XGBoost,0.956140350877193,0.9466666666666667,0.9861111111111112,0.9659863945578231,0.9877645502645502,"worst perimeter, worst concave points, worst radius, mean concave points, mean perimeter, worst area, mean radius, mean area, mean concavity, worst concavity, worst compactness, worst texture, radius error, mean compactness, perimeter error, area error, worst symmetry, worst smoothness, mean texture, concave points error"
3,mRMR + DODA,20,Logistic Regression,0.9824561403508771,0.972972972972973,1.0,0.9863013698630136,0.9854497354497354,"worst perimeter, worst concave points, worst radius, worst area, mean concave points, mean perimeter, mean radius, worst concavity, mean area, mean concavity, worst compactness, mean compactness, worst texture, radius error, worst symmetry, perimeter error, area error, worst smoothness, mean texture, mean symmetry"
3,mRMR + DODA,20,Random Forest,0.9649122807017544,0.9594594594594594,0.9861111111111112,0.9726027397260274,0.9791666666666666,"worst perimeter, worst concave points, worst radius, worst area, mean concave points, mean perimeter, mean radius, worst concavity, mean area, mean concavity, worst compactness, mean compactness, worst texture, radius error, worst symmetry, perimeter error, area error, worst smoothness, mean texture, mean symmetry"
3,mRMR + DODA,20,XGBoost,0.956140350877193,0.9466666666666667,0.9861111111111112,0.9659863945578231,0.986441798941799,"worst perimeter, worst concave points, worst radius, worst area, mean concave points, mean perimeter, mean radius, worst concavity, mean area, mean concavity, worst compactness, mean compactness, worst texture, radius error, worst symmetry, perimeter error, area error, worst smoothness, mean texture, mean symmetry"
4,mRMR,5,Logistic Regression,0.956140350877193,1.0,0.9305555555555556,0.9640287769784173,0.9937169312169312,"worst concave points, worst perimeter, mean concave points, worst radius, mean perimeter"
4,mRMR,5,Random Forest,0.9385964912280702,0.9850746268656716,0.9166666666666666,0.9496402877697842,0.9930555555555556,"worst concave points, worst perimeter, mean concave points, worst radius, mean perimeter"
4,mRMR,5,XGBoost,0.9298245614035088,0.9848484848484849,0.9027777777777778,0.9420289855072463,0.9897486772486772,"worst concave points, worst perimeter, mean concave points, worst radius, mean perimeter"
4,mRMR + DODA,5,Logistic Regression,0.956140350877193,1.0,0.9305555555555556,0.9640287769784173,0.9937169312169312,"worst concave points, worst perimeter, worst radius, mean concave points, mean perimeter"
4,mRMR + DODA,5,Random Forest,0.9385964912280702,0.9850746268656716,0.9166666666666666,0.9496402877697842,0.9935515873015873,"worst concave points, worst perimeter, worst radius, mean concave points, mean perimeter"
4,mRMR + DODA,5,XGBoost,0.9298245614035088,0.9848484848484849,0.9027777777777778,0.9420289855072463,0.9897486772486772,"worst concave points, worst perimeter, worst radius, mean concave points, mean perimeter"
4,mRMR,10,Logistic Regression,0.9385964912280702,1.0,0.9027777777777778,0.948905109489051,0.9953703703703703,"worst concave points, worst perimeter, mean concave points, worst radius, mean perimeter, mean concavity, mean radius, worst area, worst concavity, mean area"
4,mRMR,10,Random Forest,0.9385964912280702,0.9850746268656716,0.9166666666666666,0.9496402877697842,0.9917328042328041,"worst concave points, worst perimeter, mean concave points, worst radius, mean perimeter, mean concavity, mean radius, worst area, worst concavity, mean area"
4,mRMR,10,XGBoost,0.9035087719298246,0.9552238805970149,0.8888888888888888,0.920863309352518,0.9847883597883598,"worst concave points, worst perimeter, mean concave points, worst radius, mean perimeter, mean concavity, mean radius, worst area, worst concavity, mean area"
4,mRMR + DODA,10,Logistic Regression,0.9385964912280702,1.0,0.9027777777777778,0.948905109489051,0.9953703703703703,"worst concave points, worst perimeter, worst radius, mean concave points, mean perimeter, worst area, mean concavity, worst concavity, mean radius, mean area"
4,mRMR + DODA,10,Random Forest,0.9122807017543859,0.9696969696969697,0.8888888888888888,0.927536231884058,0.9912367724867726,"worst concave points, worst perimeter, worst radius, mean concave points, mean perimeter, worst area, mean concavity, worst concavity, mean radius, mean area"
4,mRMR + DODA,10,XGBoost,0.9035087719298246,0.9552238805970149,0.8888888888888888,0.920863309352518,0.9847883597883598,"worst concave points, worst perimeter, worst radius, mean concave points, mean perimeter, worst area, mean concavity, worst concavity, mean radius, mean area"
4,mRMR,15,Logistic Regression,0.9649122807017544,1.0,0.9444444444444444,0.9714285714285714,0.9986772486772486,"worst concave points, worst perimeter, mean concave points, worst radius, mean perimeter, mean concavity, mean radius, worst area, worst concavity, mean area, worst compactness, mean compactness, radius error, worst texture, perimeter error"
4,mRMR,15,Random Forest,0.9473684210526315,0.9852941176470589,0.9305555555555556,0.9571428571428572,0.9943783068783069,"worst concave points, worst perimeter, mean concave points, worst radius, mean perimeter, mean concavity, mean radius, worst area, worst concavity, mean area, worst compactness, mean compactness, radius error, worst texture, perimeter error"
4,mRMR,15,XGBoost,0.9385964912280702,0.9710144927536232,0.9305555555555556,0.950354609929078,0.9947089947089948,"worst concave points, worst perimeter, mean concave points, worst radius, mean perimeter, mean concavity, mean radius, worst area, worst concavity, mean area, worst compactness, mean compactness, radius error, worst texture, perimeter error"
4,mRMR + DODA,15,Logistic Regression,0.9649122807017544,1.0,0.9444444444444444,0.9714285714285714,0.9986772486772486,"worst concave points, worst perimeter, worst radius, mean concave points, mean perimeter, worst area, mean concavity, worst concavity, mean radius, mean area, worst compactness, mean compactness, worst texture, radius error, worst symmetry"
4,mRMR + DODA,15,Random Forest,0.956140350877193,1.0,0.9305555555555556,0.9640287769784173,0.9963624338624338,"worst concave points, worst perimeter, worst radius, mean concave points, mean perimeter, worst area, mean concavity, worst concavity, mean radius, mean area, worst compactness, mean compactness, worst texture, radius error, worst symmetry"
4,mRMR + DODA,15,XGBoost,0.9385964912280702,0.9577464788732394,0.9444444444444444,0.951048951048951,0.9937169312169313,"worst concave points, worst perimeter, worst radius, mean concave points, mean perimeter, worst area, mean concavity, worst concavity, mean radius, mean area, worst compactness, mean compactness, worst texture, radius error, worst symmetry"
4,mRMR,20,Logistic Regression,0.9736842105263158,1.0,0.9583333333333334,0.9787234042553191,0.9996693121693121,"worst concave points, worst perimeter, mean concave points, worst radius, mean perimeter, mean concavity, mean radius, worst area, worst concavity, mean area, worst compactness, mean compactness, radius error, worst texture, perimeter error, area error, worst symmetry, worst smoothness, mean texture, concave points error"
4,mRMR,20,Random Forest,0.9473684210526315,1.0,0.9166666666666666,0.9565217391304348,0.9955357142857144,"worst concave points, worst perimeter, mean concave points, worst radius, mean perimeter, mean concavity, mean radius, worst area, worst concavity, mean area, worst compactness, mean compactness, radius error, worst texture, perimeter error, area error, worst symmetry, worst smoothness, mean texture, concave points error"
4,mRMR,20,XGBoost,0.9473684210526315,1.0,0.9166666666666666,0.9565217391304348,0.9986772486772486,"worst concave points, worst perimeter, mean concave points, worst radius, mean perimeter, mean concavity, mean radius, worst area, worst concavity, mean area, worst compactness, mean compactness, radius error, worst texture, perimeter error, area error, worst symmetry, worst smoothness, mean texture, concave points error"
4,mRMR + DODA,20,Logistic Regression,0.9736842105263158,1.0,0.9583333333333334,0.9787234042553191,0.9996693121693121,"worst concave points, worst perimeter, worst radius, mean concave points, mean perimeter, worst area, mean concavity, worst concavity, mean radius, mean area, worst compactness, mean compactness, worst texture, radius error, worst symmetry, perimeter error, area error, worst smoothness, mean texture, concave points error"
4,mRMR + DODA,20,Random Forest,0.9473684210526315,1.0,0.9166666666666666,0.9565217391304348,0.996031746031746,"worst concave points, worst perimeter, worst radius, mean concave points, mean perimeter, worst area, mean concavity, worst concavity, mean radius, mean area, worst compactness, mean compactness, worst texture, radius error, worst symmetry, perimeter error, area error, worst smoothness, mean texture, concave points error"
4,mRMR + DODA,20,XGBoost,0.9473684210526315,1.0,0.9166666666666666,0.9565217391304348,0.9986772486772486,"worst concave points, worst perimeter, worst radius, mean concave points, mean perimeter, worst area, mean concavity, worst concavity, mean radius, mean area, worst compactness, mean compactness, worst texture, radius error, worst symmetry, perimeter error, area error, worst smoothness, mean texture, concave points error"
5,mRMR,5,Logistic Regression,0.9646017699115044,0.958904109589041,0.9859154929577465,0.9722222222222222,0.9969818913480886,"worst concave points, worst perimeter, mean concave points, worst radius, worst area"
5,mRMR,5,Random Forest,0.9557522123893806,0.9583333333333334,0.971830985915493,0.965034965034965,0.9802146210596915,"worst concave points, worst perimeter, mean concave points, worst radius, worst area"
5,mRMR,5,XGBoost,0.9557522123893806,0.9583333333333334,0.971830985915493,0.965034965034965,0.9775318578135479,"worst concave points, worst perimeter, mean concave points, worst radius, worst area"
5,mRMR + DODA,5,Logistic Regression,0.9646017699115044,0.958904109589041,0.9859154929577465,0.9722222222222222,0.9969818913480886,"worst concave points, worst perimeter, worst radius, worst area, mean concave points"
5,mRMR + DODA,5,Random Forest,0.9557522123893806,0.9583333333333334,0.971830985915493,0.965034965034965,0.9906103286384977,"worst concave points, worst perimeter, worst radius, worst area, mean concave points"
5,mRMR + DODA,5,XGBoost,0.9557522123893806,0.9583333333333334,0.971830985915493,0.965034965034965,0.9775318578135479,"worst concave points, worst perimeter, worst radius, worst area, mean concave points"
5,mRMR,10,Logistic Regression,0.9646017699115044,0.958904109589041,0.9859154929577465,0.9722222222222222,0.9969818913480886,"worst concave points, worst perimeter, mean concave points, worst radius, worst area, mean perimeter, mean concavity, mean radius, worst concavity, mean area"
5,mRMR,10,Random Forest,0.9557522123893806,0.9583333333333334,0.971830985915493,0.965034965034965,0.9847417840375586,"worst concave points, worst perimeter, mean concave points, worst radius, worst area, mean perimeter, mean concavity, mean radius, worst concavity, mean area"
5,mRMR,10,XGBoost,0.9646017699115044,0.958904109589041,0.9859154929577465,0.9722222222222222,0.9782025486250838,"worst concave points, worst perimeter, mean concave points, worst radius, worst area, mean perimeter, mean concavity, mean radius, worst concavity, mean area"
5,mRMR + DODA,10,Logistic Regression,0.9646017699115044,0.958904109589041,0.9859154929577465,0.9722222222222222,0.9969818913480886,"worst concave points, worst perimeter, worst radius, worst area, mean concave points, mean perimeter, worst concavity, mean concavity, mean radius, mean area"
5,mRMR + DODA,10,Random Forest,0.9557522123893806,0.9583333333333334,0.971830985915493,0.965034965034965,0.9880952380952381,"worst concave points, worst perimeter, worst radius, worst area, mean concave points, mean perimeter, worst concavity, mean concavity, mean radius, mean area"
5,mRMR + DODA,10,XGBoost,0.9646017699115044,0.958904109589041,0.9859154929577465,0.9722222222222222,0.9748490945674044,"worst concave points, worst perimeter, worst radius, worst area, mean concave points, mean perimeter, worst concavity, mean concavity, mean radius, mean area"
5,mRMR,15,Logistic Regression,0.9823008849557522,0.9726027397260274,1.0,0.9861111111111112,0.999664654594232,"worst concave points, worst perimeter, mean concave points, worst radius, worst area, mean perimeter, mean concavity, mean radius, worst concavity, mean area, worst compactness, mean compactness, worst texture, radius error, area error"
5,mRMR,15,Random Forest,0.9734513274336283,0.9722222222222222,0.9859154929577465,0.9790209790209791,0.9916163648558014,"worst concave points, worst perimeter, mean concave points, worst radius, worst area, mean perimeter, mean concavity, mean radius, worst concavity, mean area, worst compactness, mean compactness, worst texture, radius error, area error"
5,mRMR,15,XGBoost,0.9557522123893806,0.9583333333333334,0.971830985915493,0.965034965034965,0.9904426559356136,"worst concave points, worst perimeter, mean concave points, worst radius, worst area, mean perimeter, mean concavity, mean radius, worst concavity, mean area, worst compactness, mean compactness, worst texture, radius error, area error"
5,mRMR + DODA,15,Logistic Regression,0.9823008849557522,0.9726027397260274,1.0,0.9861111111111112,0.999664654594232,"worst concave points, worst perimeter, worst radius, worst area, mean concave points, mean perimeter, worst concavity, mean concavity, mean radius, mean area, worst compactness, mean compactness, worst texture, radius error, area error"
5,mRMR + DODA,15,Random Forest,0.9734513274336283,0.9722222222222222,0.9859154929577465,0.9790209790209791,0.9906103286384976,"worst concave points, worst perimeter, worst radius, worst area, mean concave points, mean perimeter, worst concavity, mean concavity, mean radius, mean area, worst compactness, mean compactness, worst texture, radius error, area error"
5,mRMR + DODA,15,XGBoost,0.9646017699115044,0.958904109589041,0.9859154929577465,0.9722222222222222,0.994299128101945,"worst concave points, worst perimeter, worst radius, worst area, mean concave points, mean perimeter, worst concavity, mean concavity, mean radius, mean area, worst compactness, mean compactness, worst texture, radius error, area error"
5,mRMR,20,Logistic Regression,0.9911504424778761,0.9861111111111112,1.0,0.993006993006993,0.9986586183769282,"worst concave points, worst perimeter, mean concave points, worst radius, worst area, mean perimeter, mean concavity, mean radius, worst concavity, mean area, worst compactness, mean compactness, worst texture, radius error, area error, worst smoothness, perimeter error, worst symmetry, mean texture, concave points error"
5,mRMR,20,Random Forest,0.9734513274336283,0.9722222222222222,0.9859154929577465,0.9790209790209791,0.9914486921529175,"worst concave points, worst perimeter, mean concave points, worst radius, worst area, mean perimeter, mean concavity, mean radius, worst concavity, mean area, worst compactness, mean compactness, worst texture, radius error, area error, worst smoothness, perimeter error, worst symmetry, mean texture, concave points error"
5,mRMR,20,XGBoost,0.9646017699115044,0.971830985915493,0.971830985915493,0.971830985915493,0.9902749832327298,"worst concave points, worst perimeter, mean concave points, worst radius, worst area, mean perimeter, mean concavity, mean radius, worst concavity, mean area, worst compactness, mean compactness, worst texture, radius error, area error, worst smoothness, perimeter error, worst symmetry, mean texture, concave points error"
5,mRMR + DODA,20,Logistic Regression,0.9911504424778761,0.9861111111111112,1.0,0.993006993006993,0.9986586183769282,"worst concave points, worst perimeter, worst radius, worst area, mean concave points, mean perimeter, worst concavity, mean concavity, mean radius, mean area, worst compactness, mean compactness, worst texture, radius error, area error, worst symmetry, worst smoothness, perimeter error, mean texture, concave points error"
5,mRMR + DODA,20,Random Forest,0.9646017699115044,0.971830985915493,0.971830985915493,0.971830985915493,0.9906103286384977,"worst concave points, worst perimeter, worst radius, worst area, mean concave points, mean perimeter, worst concavity, mean concavity, mean radius, mean area, worst compactness, mean compactness, worst texture, radius error, area error, worst symmetry, worst smoothness, perimeter error, mean texture, concave points error"
5,mRMR + DODA,20,XGBoost,0.9557522123893806,0.9583333333333334,0.971830985915493,0.965034965034965,0.9929577464788732,"worst concave points, worst perimeter, worst radius, worst area, mean concave points, mean perimeter, worst concavity, mean concavity, mean radius, mean area, worst compactness, mean compactness, worst texture, radius error, area error, worst symmetry, worst smoothness, perimeter error, mean texture, concave points error"
6,mRMR,5,Logistic Regression,0.9736842105263158,1.0,0.9577464788732394,0.9784172661870504,0.9996724533245988,"worst concave points, worst perimeter, mean concave points, worst radius, mean perimeter"
6,mRMR,5,Random Forest,0.9649122807017544,1.0,0.9436619718309859,0.9710144927536232,0.9970520799213887,"worst concave points, worst perimeter, mean concave points, worst radius, mean perimeter"
6,mRMR,5,XGBoost,0.956140350877193,0.9583333333333334,0.971830985915493,0.965034965034965,0.9960694398951849,"worst concave points, worst perimeter, mean concave points, worst radius, mean perimeter"
6,mRMR + DODA,5,Logistic Regression,0.9736842105263158,1.0,0.9577464788732394,0.9784172661870504,0.9993449066491975,"worst concave points, worst perimeter, worst radius, mean concave points, worst area"
6,mRMR + DODA,5,Random Forest,0.9736842105263158,1.0,0.9577464788732394,0.9784172661870504,0.9983622666229938,"worst concave points, worst perimeter, worst radius, mean concave points, worst area"
6,mRMR + DODA,5,XGBoost,0.9736842105263158,1.0,0.9577464788732394,0.9784172661870504,0.9980347199475925,"worst concave points, worst perimeter, worst radius, mean concave points, worst area"
6,mRMR,10,Logistic Regression,0.9649122807017544,1.0,0.9436619718309859,0.9710144927536232,1.0,"worst concave points, worst perimeter, mean concave points, worst radius, mean perimeter, worst area, mean concavity, mean radius, worst concavity, mean area"
6,mRMR,10,Random Forest,0.9824561403508771,1.0,0.971830985915493,0.9857142857142858,0.9980347199475925,"worst concave points, worst perimeter, mean concave points, worst radius, mean perimeter, worst area, mean concavity, mean radius, worst concavity, mean area"
6,mRMR,10,XGBoost,0.9649122807017544,0.971830985915493,0.971830985915493,0.971830985915493,0.9954143465443825,"worst concave points, worst perimeter, mean concave points, worst radius, mean perimeter, worst area, mean concavity, mean radius, worst concavity, mean area"
6,mRMR + DODA,10,Logistic Regression,0.9649122807017544,1.0,0.9436619718309859,0.9710144927536232,1.0,"worst concave points, worst perimeter, worst radius, mean concave points, worst area, mean perimeter, worst concavity, mean concavity, mean radius, mean area"
6,mRMR + DODA,10,Random Forest,0.9824561403508771,1.0,0.971830985915493,0.9857142857142858,0.998689813298395,"worst concave points, worst perimeter, worst radius, mean concave points, worst area, mean perimeter, worst concavity, mean concavity, mean radius, mean area"
6,mRMR + DODA,10,XGBoost,0.9649122807017544,0.971830985915493,0.971830985915493,0.971830985915493,0.9954143465443825,"worst concave points, worst perimeter, worst radius, mean concave points, worst area, mean perimeter, worst concavity, mean concavity, mean radius, mean area"
6,mRMR,15,Logistic Regression,0.9473684210526315,0.9710144927536232,0.9436619718309859,0.9571428571428572,0.9963969865705863,"worst concave points, worst perimeter, mean concave points, worst radius, mean perimeter, worst area, mean concavity, mean radius, worst concavity, mean area, worst compactness, mean compactness, worst texture, radius error, perimeter error"
6,mRMR,15,Random Forest,0.9824561403508771,1.0,0.971830985915493,0.9857142857142858,0.9988535866360957,"worst concave points, worst perimeter, mean concave points, worst radius, mean perimeter, worst area, mean concavity, mean radius, worst concavity, mean area, worst compactness, mean compactness, worst texture, radius error, perimeter error"
6,mRMR,15,XGBoost,0.9736842105263158,0.9857142857142858,0.971830985915493,0.9787234042553191,0.9960694398951851,"worst concave points, worst perimeter, mean concave points, worst radius, mean perimeter, worst area, mean concavity, mean radius, worst concavity, mean area, worst compactness, mean compactness, worst texture, radius error, perimeter error"
6,mRMR + DODA,15,Logistic Regression,0.9473684210526315,0.9710144927536232,0.9436619718309859,0.9571428571428572,0.9963969865705863,"worst concave points, worst perimeter, worst radius, mean concave points, worst area, mean perimeter, worst concavity, mean concavity, mean radius, mean area, worst compactness, mean compactness, worst texture, radius error, perimeter error"
6,mRMR + DODA,15,Random Forest,0.9912280701754386,1.0,0.9859154929577465,0.9929078014184397,0.998689813298395,"worst concave points, worst perimeter, worst radius, mean concave points, worst area, mean perimeter, worst concavity, mean concavity, mean radius, mean area, worst compactness, mean compactness, worst texture, radius error, perimeter error"
6,mRMR + DODA,15,XGBoost,0.9736842105263158,0.9857142857142858,0.971830985915493,0.9787234042553191,0.9960694398951851,"worst concave points, worst perimeter, worst radius, mean concave points, worst area, mean perimeter, worst concavity, mean concavity, mean radius, mean area, worst compactness, mean compactness, worst texture, radius error, perimeter error"
6,mRMR,20,Logistic Regression,0.9824561403508771,1.0,0.971830985915493,0.9857142857142858,0.9980347199475925,"worst concave points, worst perimeter, mean concave points, worst radius, mean perimeter, worst area, mean concavity, mean radius, worst concavity, mean area, worst compactness, mean compactness, worst texture, radius error, perimeter error, worst smoothness, mean texture, area error, worst symmetry, concave points error"
6,mRMR,20,Random Forest,0.9824561403508771,1.0,0.971830985915493,0.9857142857142858,0.9983622666229938,"worst concave points, worst perimeter, mean concave points, worst radius, mean perimeter, worst area, mean concavity, mean radius, worst concavity, mean area, worst compactness, mean compactness, worst texture, radius error, perimeter error, worst smoothness, mean texture, area error, worst symmetry, concave points error"
6,mRMR,20,XGBoost,0.9649122807017544,0.9855072463768116,0.9577464788732394,0.9714285714285714,0.9970520799213888,"worst concave points, worst perimeter, mean concave points, worst radius, mean perimeter, worst area, mean concavity, mean radius, worst concavity, mean area, worst compactness, mean compactness, worst texture, radius error, perimeter error, worst smoothness, mean texture, area error, worst symmetry, concave points error"
6,mRMR + DODA,20,Logistic Regression,0.9824561403508771,1.0,0.971830985915493,0.9857142857142858,0.9980347199475925,"worst concave points, worst perimeter, worst radius, mean concave points, worst area, mean perimeter, worst concavity, mean concavity, mean radius, mean area, worst compactness, mean compactness, worst texture, radius error, perimeter error, worst smoothness, worst symmetry, mean texture, area error, concave points error"
6,mRMR + DODA,20,Random Forest,0.9912280701754386,1.0,0.9859154929577465,0.9929078014184397,0.9986898132983951,"worst concave points, worst perimeter, worst radius, mean concave points, worst area, mean perimeter, worst concavity, mean concavity, mean radius, mean area, worst compactness, mean compactness, worst texture, radius error, perimeter error, worst smoothness, worst symmetry, mean texture, area error, concave points error"
6,mRMR + DODA,20,XGBoost,0.9649122807017544,0.9855072463768116,0.9577464788732394,0.9714285714285714,0.9970520799213888,"worst concave points, worst perimeter, worst radius, mean concave points, worst area, mean perimeter, worst concavity, mean concavity, mean radius, mean area, worst compactness, mean compactness, worst texture, radius error, perimeter error, worst smoothness, worst symmetry, mean texture, area error, concave points error"
7,mRMR,5,Logistic Regression,0.9473684210526315,0.9577464788732394,0.9577464788732394,0.9577464788732394,0.9819849328529315,"worst concave points, worst radius, mean concave points, worst perimeter, mean perimeter"
7,mRMR,5,Random Forest,0.9298245614035088,0.9436619718309859,0.9436619718309859,0.9436619718309859,0.9836226662299377,"worst concave points, worst radius, mean concave points, worst perimeter, mean perimeter"
7,mRMR,5,XGBoost,0.9210526315789473,0.9305555555555556,0.9436619718309859,0.9370629370629371,0.9747789059941041,"worst concave points, worst radius, mean concave points, worst perimeter, mean perimeter"
7,mRMR + DODA,5,Logistic Regression,0.9385964912280702,0.9444444444444444,0.9577464788732394,0.951048951048951,0.9823124795283328,"worst concave points, worst radius, worst perimeter, mean concave points, worst area"
7,mRMR + DODA,5,Random Forest,0.9210526315789473,0.9305555555555556,0.9436619718309859,0.9370629370629371,0.975761546020308,"worst concave points, worst radius, worst perimeter, mean concave points, worst area"
7,mRMR + DODA,5,XGBoost,0.9210526315789473,0.9305555555555556,0.9436619718309859,0.9370629370629371,0.9764166393711105,"worst concave points, worst radius, worst perimeter, mean concave points, worst area"
7,mRMR,10,Logistic Regression,0.9473684210526315,0.9577464788732394,0.9577464788732394,0.9577464788732394,0.982640026203734,"worst concave points, worst radius, mean concave points, worst perimeter, mean perimeter, worst area, mean radius, mean concavity, mean area, worst concavity"
7,mRMR,10,Random Forest,0.9473684210526315,0.9452054794520548,0.971830985915493,0.9583333333333334,0.9882083196855551,"worst concave points, worst radius, mean concave points, worst perimeter, mean perimeter, worst area, mean radius, mean concavity, mean area, worst concavity"
7,mRMR,10,XGBoost,0.9385964912280702,0.9324324324324325,0.971830985915493,0.9517241379310345,0.9829675728791353,"worst concave points, worst radius, mean concave points, worst perimeter, mean perimeter, worst area, mean radius, mean concavity, mean area, worst concavity"
7,mRMR + DODA,10,Logistic Regression,0.9473684210526315,0.9577464788732394,0.9577464788732394,0.9577464788732394,0.982640026203734,"worst concave points, worst radius, worst perimeter, mean concave points, worst area, mean perimeter, mean radius, worst concavity, mean concavity, mean area"
7,mRMR + DODA,10,Random Forest,0.9473684210526315,0.9452054794520548,0.971830985915493,0.9583333333333334,0.9898460530625615,"worst concave points, worst radius, worst perimeter, mean concave points, worst area, mean perimeter, mean radius, worst concavity, mean concavity, mean area"
7,mRMR + DODA,10,XGBoost,0.9385964912280702,0.9324324324324325,0.971830985915493,0.9517241379310345,0.9829675728791353,"worst concave points, worst radius, worst perimeter, mean concave points, worst area, mean perimeter, mean radius, worst concavity, mean concavity, mean area"
7,mRMR,15,Logistic Regression,0.9736842105263158,0.9857142857142858,0.971830985915493,0.9787234042553191,0.9967245332459875,"worst concave points, worst radius, mean concave points, worst perimeter, mean perimeter, worst area, mean radius, mean concavity, mean area, worst concavity, worst compactness, mean compactness, worst texture, radius error, worst smoothness"
7,mRMR,15,Random Forest,0.956140350877193,0.9583333333333334,0.971830985915493,0.965034965034965,0.9954143465443825,"worst concave points, worst radius, mean concave points, worst perimeter, mean perimeter, worst area, mean radius, mean concavity, mean area, worst concavity, worst compactness, mean compactness, worst texture, radius error, worst smoothness"
7,mRMR,15,XGBoost,0.9649122807017544,0.971830985915493,0.971830985915493,0.971830985915493,0.9970520799213889,"worst concave points, worst radius, mean concave points, worst perimeter, mean perimeter, worst area, mean radius, mean concavity, mean area, worst concavity, worst compactness, mean compactness, worst texture, radius error, worst smoothness"
7,mRMR + DODA,15,Logistic Regression,0.9736842105263158,0.9722222222222222,0.9859154929577465,0.9790209790209791,0.9954143465443825,"worst concave points, worst radius, worst perimeter, mean concave points, worst area, mean perimeter, mean radius, worst concavity, mean concavity, mean area, worst compactness, mean compactness, worst texture, radius error, worst symmetry"
7,mRMR + DODA,15,Random Forest,0.9473684210526315,0.9452054794520548,0.971830985915493,0.9583333333333334,0.9947592531935802,"worst concave points, worst radius, worst perimeter, mean concave points, worst area, mean perimeter, mean radius, worst concavity, mean concavity, mean area, worst compactness, mean compactness, worst texture, radius error, worst symmetry"
7,mRMR + DODA,15,XGBoost,0.9649122807017544,0.971830985915493,0.971830985915493,0.971830985915493,0.9967245332459875,"worst concave points, worst radius, worst perimeter, mean concave points, worst area, mean perimeter, mean radius, worst concavity, mean concavity, mean area, worst compactness, mean compactness, worst texture, radius error, worst symmetry"
7,mRMR,20,Logistic Regression,0.9912280701754386,0.9861111111111112,1.0,0.993006993006993,0.9977071732721913,"worst concave points, worst radius, mean concave points, worst perimeter, mean perimeter, worst area, mean radius, mean concavity, mean area, worst concavity, worst compactness, mean compactness, worst texture, radius error, worst smoothness, perimeter error, worst symmetry, area error, mean texture, mean smoothness"
7,mRMR,20,Random Forest,0.9473684210526315,0.9452054794520548,0.971830985915493,0.9583333333333334,0.9949230265312807,"worst concave points, worst radius, mean concave points, worst perimeter, mean perimeter, worst area, mean radius, mean concavity, mean area, worst concavity, worst compactness, mean compactness, worst texture, radius error, worst smoothness, perimeter error, worst symmetry, area error, mean texture, mean smoothness"
7,mRMR,20,XGBoost,0.956140350877193,0.9583333333333334,0.971830985915493,0.965034965034965,0.9970520799213888,"worst concave points, worst radius, mean concave points, worst perimeter, mean perimeter, worst area, mean radius, mean concavity, mean area, worst concavity, worst compactness, mean compactness, worst texture, radius error, worst smoothness, perimeter error, worst symmetry, area error, mean texture, mean smoothness"
7,mRMR + DODA,20,Logistic Regression,0.9912280701754386,0.9861111111111112,1.0,0.993006993006993,0.9977071732721913,"worst concave points, worst radius, worst perimeter, mean concave points, worst area, mean perimeter, mean radius, worst concavity, mean concavity, mean area, worst compactness, mean compactness, worst texture, radius error, worst symmetry, worst smoothness, perimeter error, area error, mean texture, mean smoothness"
7,mRMR + DODA,20,Random Forest,0.9473684210526315,0.9452054794520548,0.971830985915493,0.9583333333333334,0.996069439895185,"worst concave points, worst radius, worst perimeter, mean concave points, worst area, mean perimeter, mean radius, worst concavity, mean concavity, mean area, worst compactness, mean compactness, worst texture, radius error, worst symmetry, worst smoothness, perimeter error, area error, mean texture, mean smoothness"
7,mRMR + DODA,20,XGBoost,0.956140350877193,0.9583333333333334,0.971830985915493,0.965034965034965,0.9970520799213888,"worst concave points, worst radius, worst perimeter, mean concave points, worst area, mean perimeter, mean radius, worst concavity, mean concavity, mean area, worst compactness, mean compactness, worst texture, radius error, worst symmetry, worst smoothness, perimeter error, area error, mean texture, mean smoothness"
8,mRMR,5,Logistic Regression,0.9385964912280702,0.9577464788732394,0.9444444444444444,0.951048951048951,0.9818121693121694,"worst concave points, worst perimeter, worst radius, mean concave points, mean perimeter"
8,mRMR,5,Random Forest,0.9298245614035088,0.9444444444444444,0.9444444444444444,0.9444444444444444,0.970734126984127,"worst concave points, worst perimeter, worst radius, mean concave points, mean perimeter"
8,mRMR,5,XGBoost,0.9385964912280702,0.9452054794520548,0.9583333333333334,0.9517241379310345,0.9639550264550265,"worst concave points, worst perimeter, worst radius, mean concave points, mean perimeter"
8,mRMR + DODA,5,Logistic Regression,0.9473684210526315,0.9714285714285714,0.9444444444444444,0.9577464788732394,0.9824735449735451,"worst concave points, worst perimeter, worst radius, worst area, mean concave points"
8,mRMR + DODA,5,Random Forest,0.9298245614035088,0.9324324324324325,0.9583333333333334,0.9452054794520548,0.9745370370370372,"worst concave points, worst perimeter, worst radius, worst area, mean concave points"
8,mRMR + DODA,5,XGBoost,0.9385964912280702,0.9333333333333333,0.9722222222222222,0.9523809523809523,0.9626322751322751,"worst concave points, worst perimeter, worst radius, worst area, mean concave points"
8,mRMR,10,Logistic Regression,0.9298245614035088,0.9705882352941176,0.9166666666666666,0.9428571428571428,0.9794973544973545,"worst concave points, worst perimeter, worst radius, mean concave points, mean perimeter, worst area, worst concavity, mean radius, mean concavity, mean area"
8,mRMR,10,Random Forest,0.9385964912280702,0.9710144927536232,0.9305555555555556,0.950354609929078,0.9755291005291006,"worst concave points, worst perimeter, worst radius, mean concave points, mean perimeter, worst area, worst concavity, mean radius, mean concavity, mean area"
8,mRMR,10,XGBoost,0.9473684210526315,0.9459459459459459,0.9722222222222222,0.958904109589041,0.9692460317460317,"worst concave points, worst perimeter, worst radius, mean concave points, mean perimeter, worst area, worst concavity, mean radius, mean concavity, mean area"
8,mRMR + DODA,10,Logistic Regression,0.9298245614035088,0.9705882352941176,0.9166666666666666,0.9428571428571428,0.9794973544973545,"worst concave points, worst perimeter, worst radius, worst area, mean concave points, worst concavity, mean perimeter, mean radius, mean concavity, mean area"
8,mRMR + DODA,10,Random Forest,0.9473684210526315,0.9714285714285714,0.9444444444444444,0.9577464788732394,0.9742063492063491,"worst concave points, worst perimeter, worst radius, worst area, mean concave points, worst concavity, mean perimeter, mean radius, mean concavity, mean area"
8,mRMR + DODA,10,XGBoost,0.9473684210526315,0.9459459459459459,0.9722222222222222,0.958904109589041,0.9692460317460317,"worst concave points, worst perimeter, worst radius, worst area, mean concave points, worst concavity, mean perimeter, mean radius, mean concavity, mean area"
8,mRMR,15,Logistic Regression,0.9473684210526315,0.9714285714285714,0.9444444444444444,0.9577464788732394,0.9871031746031746,"worst concave points, worst perimeter, worst radius, mean concave points, mean perimeter, worst area, worst concavity, mean radius, mean concavity, mean area, worst compactness, worst texture, radius error, mean compactness, perimeter error"
8,mRMR,15,Random Forest,0.956140350877193,0.9855072463768116,0.9444444444444444,0.9645390070921985,0.9799933862433863,"worst concave points, worst perimeter, worst radius, mean concave points, mean perimeter, worst area, worst concavity, mean radius, mean concavity, mean area, worst compactness, worst texture, radius error, mean compactness, perimeter error"
8,mRMR,15,XGBoost,0.9473684210526315,0.9714285714285714,0.9444444444444444,0.9577464788732394,0.9874338624338624,"worst concave points, worst perimeter, worst radius, mean concave points, mean perimeter, worst area, worst concavity, mean radius, mean concavity, mean area, worst compactness, worst texture, radius error, mean compactness, perimeter error"
8,mRMR + DODA,15,Logistic Regression,0.956140350877193,0.971830985915493,0.9583333333333334,0.965034965034965,0.9847883597883598,"worst concave points, worst perimeter, worst radius, worst area, mean concave points, worst concavity, mean perimeter, mean radius, mean concavity, mean area, worst compactness, mean compactness, worst texture, radius error, worst symmetry"
8,mRMR + DODA,15,Random Forest,0.956140350877193,0.9855072463768116,0.9444444444444444,0.9645390070921985,0.9799933862433863,"worst concave points, worst perimeter, worst radius, worst area, mean concave points, worst concavity, mean perimeter, mean radius, mean concavity, mean area, worst compactness, mean compactness, worst texture, radius error, worst symmetry"
8,mRMR + DODA,15,XGBoost,0.956140350877193,0.9466666666666667,0.9861111111111112,0.9659863945578231,0.9814814814814814,"worst concave points, worst perimeter, worst radius, worst area, mean concave points, worst concavity, mean perimeter, mean radius, mean concavity, mean area, worst compactness, mean compactness, worst texture, radius error, worst symmetry"
8,mRMR,20,Logistic Regression,0.9649122807017544,0.9722222222222222,0.9722222222222222,0.9722222222222222,0.9844576719576721,"worst concave points, worst perimeter, worst radius, mean concave points, mean perimeter, worst area, worst concavity, mean radius, mean concavity, mean area, worst compactness, worst texture, radius error, mean compactness, perimeter error, area error, worst symmetry, worst smoothness, mean texture, concave points error"
8,mRMR,20,Random Forest,0.956140350877193,0.971830985915493,0.9583333333333334,0.965034965034965,0.9894179894179894,"worst concave points, worst perimeter, worst radius, mean concave points, mean perimeter, worst area, worst concavity, mean radius, mean concavity, mean area, worst compactness, worst texture, radius error, mean compactness, perimeter error, area error, worst symmetry, worst smoothness, mean texture, concave points error"
8,mRMR,20,XGBoost,0.9649122807017544,0.9594594594594594,0.9861111111111112,0.9726027397260274,0.9857804232804233,"worst concave points, worst perimeter, worst radius, mean concave points, mean perimeter, worst area, worst concavity, mean radius, mean concavity, mean area, worst compactness, worst texture, radius error, mean compactness, perimeter error, area error, worst symmetry, worst smoothness, mean texture, concave points error"
8,mRMR + DODA,20,Logistic Regression,0.9736842105263158,0.9726027397260274,0.9861111111111112,0.9793103448275862,0.9844576719576721,"worst concave points, worst perimeter, worst radius, worst area, mean concave points, worst concavity, mean perimeter, mean radius, mean concavity, mean area, worst compactness, mean compactness, worst texture, radius error, worst symmetry, perimeter error, area error, worst smoothness, mean texture, mean symmetry"
8,mRMR + DODA,20,Random Forest,0.9473684210526315,0.9714285714285714,0.9444444444444444,0.9577464788732394,0.9905753968253969,"worst concave points, worst perimeter, worst radius, worst area, mean concave points, worst concavity, mean perimeter, mean radius, mean concavity, mean area, worst compactness, mean compactness, worst texture, radius error, worst symmetry, perimeter error, area error, worst smoothness, mean texture, mean symmetry"
8,mRMR + DODA,20,XGBoost,0.9649122807017544,0.9594594594594594,0.9861111111111112,0.9726027397260274,0.986441798941799,"worst concave points, worst perimeter, worst radius, worst area, mean concave points, worst concavity, mean perimeter, mean radius, mean concavity, mean area, worst compactness, mean compactness, worst texture, radius error, worst symmetry, perimeter error, area error, worst smoothness, mean texture, mean symmetry"
9,mRMR,5,Logistic Regression,0.9385964912280702,0.9452054794520548,0.9583333333333334,0.9517241379310345,0.9933862433862435,"worst concave points, worst radius, worst perimeter, mean concave points, worst area"
9,mRMR,5,Random Forest,0.9298245614035088,0.9444444444444444,0.9444444444444444,0.9444444444444444,0.9837962962962963,"worst concave points, worst radius, worst perimeter, mean concave points, worst area"
9,mRMR,5,XGBoost,0.9210526315789473,0.9315068493150684,0.9444444444444444,0.9379310344827586,0.9854497354497354,"worst concave points, worst radius, worst perimeter, mean concave points, worst area"
9,mRMR + DODA,5,Logistic Regression,0.9385964912280702,0.9452054794520548,0.9583333333333334,0.9517241379310345,0.9933862433862435,"worst concave points, worst radius, worst perimeter, worst area, mean concave points"
9,mRMR + DODA,5,Random Forest,0.9298245614035088,0.9444444444444444,0.9444444444444444,0.9444444444444444,0.970568783068783,"worst concave points, worst radius, worst perimeter, worst area, mean concave points"
9,mRMR + DODA,5,XGBoost,0.9210526315789473,0.9315068493150684,0.9444444444444444,0.9379310344827586,0.9854497354497354,"worst concave points, worst radius, worst perimeter, worst area, mean concave points"
9,mRMR,10,Logistic Regression,0.956140350877193,0.958904109589041,0.9722222222222222,0.9655172413793104,0.9937169312169313,"worst concave points, worst radius, worst perimeter, mean concave points, worst area, mean perimeter, mean radius, mean concavity, worst concavity, mean area"
9,mRMR,10,Random Forest,0.956140350877193,0.958904109589041,0.9722222222222222,0.9655172413793104,0.9892526455026455,"worst concave points, worst radius, worst perimeter, mean concave points, worst area, mean perimeter, mean radius, mean concavity, worst concavity, mean area"
9,mRMR,10,XGBoost,0.9473684210526315,0.9583333333333334,0.9583333333333334,0.9583333333333334,0.9775132275132276,"worst concave points, worst radius, worst perimeter, mean concave points, worst area, mean perimeter, mean radius, mean concavity, worst concavity, mean area"
9,mRMR + DODA,10,Logistic Regression,0.956140350877193,0.958904109589041,0.9722222222222222,0.9655172413793104,0.9937169312169313,"worst concave points, worst radius, worst perimeter, worst area, mean concave points, mean perimeter, worst concavity, mean radius, mean concavity, mean area"
9,mRMR + DODA,10,Random Forest,0.956140350877193,0.958904109589041,0.9722222222222222,0.9655172413793104,0.988095238095238,"worst concave points, worst radius, worst perimeter, worst area, mean concave points, mean perimeter, worst concavity, mean radius, mean concavity, mean area"
9,mRMR + DODA,10,XGBoost,0.9473684210526315,0.9583333333333334,0.9583333333333334,0.9583333333333334,0.9775132275132276,"worst concave points, worst radius, worst perimeter, worst area, mean concave points, mean perimeter, worst concavity, mean radius, mean concavity, mean area"
9,mRMR,15,Logistic Regression,0.9649122807017544,0.9722222222222222,0.9722222222222222,0.9722222222222222,0.9986772486772486,"worst concave points, worst radius, worst perimeter, mean concave points, worst area, mean perimeter, mean radius, mean concavity, worst concavity, mean area, worst compactness, radius error, mean compactness, worst texture, area error"
9,mRMR,15,Random Forest,0.9473684210526315,0.9459459459459459,0.9722222222222222,0.958904109589041,0.9900793650793651,"worst concave points, worst radius, worst perimeter, mean concave points, worst area, mean perimeter, mean radius, mean concavity, worst concavity, mean area, worst compactness, radius error, mean compactness, worst texture, area error"
9,mRMR,15,XGBoost,0.956140350877193,0.971830985915493,0.9583333333333334,0.965034965034965,0.9933862433862434,"worst concave points, worst radius, worst perimeter, mean concave points, worst area, mean perimeter, mean radius, mean concavity, worst concavity, mean area, worst compactness, radius error, mean compactness, worst texture, area error"
9,mRMR + DODA,15,Logistic Regression,0.9649122807017544,0.9722222222222222,0.9722222222222222,0.9722222222222222,0.9986772486772486,"worst concave points, worst radius, worst perimeter, worst area, mean concave points, mean perimeter, worst concavity, mean radius, mean concavity, mean area, worst compactness, mean compactness, worst texture, radius error, area error"
9,mRMR + DODA,15,Random Forest,0.9473684210526315,0.9583333333333334,0.9583333333333334,0.9583333333333334,0.9923941798941799,"worst concave points, worst radius, worst perimeter, worst area, mean concave points, mean perimeter, worst concavity, mean radius, mean concavity, mean area, worst compactness, mean compactness, worst texture, radius error, area error"
9,mRMR + DODA,15,XGBoost,0.956140350877193,0.971830985915493,0.9583333333333334,0.965034965034965,0.9933862433862434,"worst concave points, worst radius, worst perimeter, worst area, mean concave points, mean perimeter, worst concavity, mean radius, mean concavity, mean area, worst compactness, mean compactness, worst texture, radius error, area error"
9,mRMR,20,Logistic Regression,0.9736842105263158,0.9726027397260274,0.9861111111111112,0.9793103448275862,0.9953703703703703,"worst concave points, worst radius, worst perimeter, mean concave points, worst area, mean perimeter, mean radius, mean concavity, worst concavity, mean area, worst compactness, radius error, mean compactness, worst texture, area error, perimeter error, worst smoothness, worst symmetry, mean texture, concave points error"
9,mRMR,20,Random Forest,0.9473684210526315,0.9583333333333334,0.9583333333333334,0.9583333333333334,0.9912367724867726,"worst concave points, worst radius, worst perimeter, mean concave points, worst area, mean perimeter, mean radius, mean concavity, worst concavity, mean area, worst compactness, radius error, mean compactness, worst texture, area error, perimeter error, worst smoothness, worst symmetry, mean texture, concave points error"
9,mRMR,20,XGBoost,0.956140350877193,0.971830985915493,0.9583333333333334,0.965034965034965,0.9923941798941799,"worst concave points, worst radius, worst perimeter, mean concave points, worst area, mean perimeter, mean radius, mean concavity, worst concavity, mean area, worst compactness, radius error, mean compactness, worst texture, area error, perimeter error, worst smoothness, worst symmetry, mean texture, concave points error"
9,mRMR + DODA,20,Logistic Regression,0.9736842105263158,0.9726027397260274,0.9861111111111112,0.9793103448275862,0.9953703703703703,"worst concave points, worst radius, worst perimeter, worst area, mean concave points, mean perimeter, worst concavity, mean radius, mean concavity, mean area, worst compactness, mean compactness, worst texture, radius error, area error, worst symmetry, perimeter error, worst smoothness, mean texture, concave points error"
9,mRMR + DODA,20,Random Forest,0.9473684210526315,0.9583333333333334,0.9583333333333334,0.9583333333333334,0.9914021164021164,"worst concave points, worst radius, worst perimeter, worst area, mean concave points, mean perimeter, worst concavity, mean radius, mean concavity, mean area, worst compactness, mean compactness, worst texture, radius error, area error, worst symmetry, perimeter error, worst smoothness, mean texture, concave points error"
9,mRMR + DODA,20,XGBoost,0.956140350877193,0.971830985915493,0.9583333333333334,0.965034965034965,0.9923941798941799,"worst concave points, worst radius, worst perimeter, worst area, mean concave points, mean perimeter, worst concavity, mean radius, mean concavity, mean area, worst compactness, mean compactness, worst texture, radius error, area error, worst symmetry, perimeter error, worst smoothness, mean texture, concave points error"
10,mRMR,5,Logistic Regression,0.9292035398230089,0.9846153846153847,0.9014084507042254,0.9411764705882353,0.9845741113346748,"worst concave points, worst perimeter, mean concave points, worst radius, mean perimeter"
10,mRMR,5,Random Forest,0.9380530973451328,0.9705882352941176,0.9295774647887324,0.9496402877697842,0.9709926224010731,"worst concave points, worst perimeter, mean concave points, worst radius, mean perimeter"
10,mRMR,5,XGBoost,0.911504424778761,0.9552238805970149,0.9014084507042254,0.927536231884058,0.9661301140174379,"worst concave points, worst perimeter, mean concave points, worst radius, mean perimeter"
10,mRMR + DODA,5,Logistic Regression,0.9292035398230089,0.9846153846153847,0.9014084507042254,0.9411764705882353,0.9845741113346748,"worst concave points, worst perimeter, worst radius, mean concave points, mean perimeter"
10,mRMR + DODA,5,Random Forest,0.9292035398230089,0.9701492537313433,0.9154929577464789,0.9420289855072463,0.9713279678068409,"worst concave points, worst perimeter, worst radius, mean concave points, mean perimeter"
10,mRMR + DODA,5,XGBoost,0.911504424778761,0.9552238805970149,0.9014084507042254,0.927536231884058,0.9661301140174379,"worst concave points, worst perimeter, worst radius, mean concave points, mean perimeter"
10,mRMR,10,Logistic Regression,0.9292035398230089,0.9846153846153847,0.9014084507042254,0.9411764705882353,0.9869215291750504,"worst concave points, worst perimeter, mean concave points, worst radius, mean perimeter, mean radius, mean concavity, worst area, mean area, worst concavity"
10,mRMR,10,Random Forest,0.9292035398230089,0.9701492537313433,0.9154929577464789,0.9420289855072463,0.9782025486250838,"worst concave points, worst perimeter, mean concave points, worst radius, mean perimeter, mean radius, mean concavity, worst area, mean area, worst concavity"
10,mRMR,10,XGBoost,0.9292035398230089,0.9701492537313433,0.9154929577464789,0.9420289855072463,0.9674714956405097,"worst concave points, worst perimeter, mean concave points, worst radius, mean perimeter, mean radius, mean concavity, worst area, mean area, worst concavity"
10,mRMR + DODA,10,Logistic Regression,0.9292035398230089,0.9846153846153847,0.9014084507042254,0.9411764705882353,0.9869215291750504,"worst concave points, worst perimeter, worst radius, mean concave points, mean perimeter, worst area, mean radius, mean concavity, worst concavity, mean area"
10,mRMR + DODA,10,Random Forest,0.9380530973451328,0.9705882352941176,0.9295774647887324,0.9496402877697842,0.9763581488933601,"worst concave points, worst perimeter, worst radius, mean concave points, mean perimeter, worst area, mean radius, mean concavity, worst concavity, mean area"
10,mRMR + DODA,10,XGBoost,0.9292035398230089,0.9701492537313433,0.9154929577464789,0.9420289855072463,0.9674714956405097,"worst concave points, worst perimeter, worst radius, mean concave points, mean perimeter, worst area, mean radius, mean concavity, worst concavity, mean area"
10,mRMR,15,Logistic Regression,0.9911504424778761,0.9861111111111112,1.0,0.993006993006993,0.9973172367538564,"worst concave points, worst perimeter, mean concave points, worst radius, mean perimeter, mean radius, mean concavity, worst area, mean area, worst concavity, worst compactness, mean compactness, radius error, worst texture, perimeter error"
10,mRMR,15,Random Forest,0.9469026548672567,0.9710144927536232,0.9436619718309859,0.9571428571428572,0.9845741113346748,"worst concave points, worst perimeter, mean concave points, worst radius, mean perimeter, mean radius, mean concavity, worst area, mean area, worst concavity, worst compactness, mean compactness, radius error, worst texture, perimeter error"
10,mRMR,15,XGBoost,0.9469026548672567,0.9577464788732394,0.9577464788732394,0.9577464788732394,0.9912810194500336,"worst concave points, worst perimeter, mean concave points, worst radius, mean perimeter, mean radius, mean concavity, worst area, mean area, worst concavity, worst compactness, mean compactness, radius error, worst texture, perimeter error"
10,mRMR + DODA,15,Logistic Regression,0.9911504424778761,0.9861111111111112,1.0,0.993006993006993,0.9973172367538564,"worst concave points, worst perimeter, worst radius, mean concave points, mean perimeter, worst area, mean radius, mean concavity, worst concavity, mean area, worst compactness, mean compactness, worst texture, radius error, perimeter error"
10,mRMR + DODA,15,Random Forest,0.9557522123893806,0.9714285714285714,0.9577464788732394,0.9645390070921985,0.9852448021462106,"worst concave points, worst perimeter, worst radius, mean concave points, mean perimeter, worst area, mean radius, mean concavity, worst concavity, mean area, worst compactness, mean compactness, worst texture, radius error, perimeter error"
10,mRMR + DODA,15,XGBoost,0.9469026548672567,0.9577464788732394,0.9577464788732394,0.9577464788732394,0.9912810194500336,"worst concave points, worst perimeter, worst radius, mean concave points, mean perimeter, worst area, mean radius, mean concavity, worst concavity, mean area, worst compactness, mean compactness, worst texture, radius error, perimeter error"
10,mRMR,20,Logistic Regression,0.9646017699115044,0.958904109589041,0.9859154929577465,0.9722222222222222,0.9973172367538565,"worst concave points, worst perimeter, mean concave points, worst radius, mean perimeter, mean radius, mean concavity, worst area, mean area, worst concavity, worst compactness, mean compactness, radius error, worst texture, perimeter error, worst smoothness, area error, worst symmetry, mean texture, concave points error"
10,mRMR,20,Random Forest,0.9557522123893806,0.9714285714285714,0.9577464788732394,0.9645390070921985,0.9775318578135479,"worst concave points, worst perimeter, mean concave points, worst radius, mean perimeter, mean radius, mean concavity, worst area, mean area, worst concavity, worst compactness, mean compactness, radius error, worst texture, perimeter error, worst smoothness, area error, worst symmetry, mean texture, concave points error"
10,mRMR,20,XGBoost,0.9557522123893806,0.9583333333333334,0.971830985915493,0.965034965034965,0.9922870556673373,"worst concave points, worst perimeter, mean concave points, worst radius, mean perimeter, mean radius, mean concavity, worst area, mean area, worst concavity, worst compactness, mean compactness, radius error, worst texture, perimeter error, worst smoothness, area error, worst symmetry, mean texture, concave points error"
10,mRMR + DODA,20,Logistic Regression,0.9734513274336283,0.9722222222222222,0.9859154929577465,0.9790209790209791,0.9973172367538565,"worst concave points, worst perimeter, worst radius, mean concave points, mean perimeter, worst area, mean radius, mean concavity, worst concavity, mean area, worst compactness, mean compactness, worst texture, radius error, perimeter error, worst symmetry, worst smoothness, area error, mean texture, mean symmetry"
10,mRMR + DODA,20,Random Forest,0.9380530973451328,0.9571428571428572,0.9436619718309859,0.950354609929078,0.9766934942991281,"worst concave points, worst perimeter, worst radius, mean concave points, mean perimeter, worst area, mean radius, mean concavity, worst concavity, mean area, worst compactness, mean compactness, worst texture, radius error, perimeter error, worst symmetry, worst smoothness, area error, mean texture, mean symmetry"
10,mRMR + DODA,20,XGBoost,0.9469026548672567,0.9452054794520548,0.971830985915493,0.9583333333333334,0.9926224010731053,"worst concave points, worst perimeter, worst radius, mean concave points, mean perimeter, worst area, mean radius, mean concavity, worst concavity, mean area, worst compactness, mean compactness, worst texture, radius error, perimeter error, worst symmetry, worst smoothness, area error, mean texture, mean symmetry"
11,mRMR,5,Logistic Regression,0.9385964912280702,0.9444444444444444,0.9577464788732394,0.951048951048951,0.9751064526695054,"worst concave points, worst perimeter, mean concave points, worst radius, mean perimeter"
11,mRMR,5,Random Forest,0.9298245614035088,0.92,0.971830985915493,0.9452054794520548,0.9657713724205699,"worst concave points, worst perimeter, mean concave points, worst radius, mean perimeter"
11,mRMR,5,XGBoost,0.9210526315789473,0.918918918918919,0.9577464788732394,0.9379310344827586,0.9597117589256469,"worst concave points, worst perimeter, mean concave points, worst radius, mean perimeter"
11,mRMR + DODA,5,Logistic Regression,0.9385964912280702,0.9444444444444444,0.9577464788732394,0.951048951048951,0.9751064526695054,"worst concave points, worst perimeter, worst radius, mean concave points, mean perimeter"
11,mRMR + DODA,5,Random Forest,0.9298245614035088,0.92,0.971830985915493,0.9452054794520548,0.9667540124467737,"worst concave points, worst perimeter, worst radius, mean concave points, mean perimeter"
11,mRMR + DODA,5,XGBoost,0.9210526315789473,0.918918918918919,0.9577464788732394,0.9379310344827586,0.9597117589256469,"worst concave points, worst perimeter, worst radius, mean concave points, mean perimeter"
11,mRMR,10,Logistic Regression,0.9385964912280702,0.9444444444444444,0.9577464788732394,0.951048951048951,0.9760890926957091,"worst concave points, worst perimeter, mean concave points, worst radius, mean perimeter, mean radius, mean concavity, worst area, mean area, worst concavity"
11,mRMR,10,Random Forest,0.9298245614035088,0.9315068493150684,0.9577464788732394,0.9444444444444444,0.9697019325253848,"worst concave points, worst perimeter, mean concave points, worst radius, mean perimeter, mean radius, mean concavity, worst area, mean area, worst concavity"
11,mRMR,10,XGBoost,0.9298245614035088,0.92,0.971830985915493,0.9452054794520548,0.9593842122502457,"worst concave points, worst perimeter, mean concave points, worst radius, mean perimeter, mean radius, mean concavity, worst area, mean area, worst concavity"
11,mRMR + DODA,10,Logistic Regression,0.9385964912280702,0.9444444444444444,0.9577464788732394,0.951048951048951,0.9760890926957091,"worst concave points, worst perimeter, worst radius, mean concave points, mean perimeter, worst area, mean radius, mean concavity, worst concavity, mean area"
11,mRMR + DODA,10,Random Forest,0.9385964912280702,0.9324324324324325,0.971830985915493,0.9517241379310345,0.9708483458892893,"worst concave points, worst perimeter, worst radius, mean concave points, mean perimeter, worst area, mean radius, mean concavity, worst concavity, mean area"
11,mRMR + DODA,10,XGBoost,0.9298245614035088,0.92,0.971830985915493,0.9452054794520548,0.9593842122502457,"worst concave points, worst perimeter, worst radius, mean concave points, mean perimeter, worst area, mean radius, mean concavity, worst concavity, mean area"
11,mRMR,15,Logistic Regression,0.956140350877193,0.9459459459459459,0.9859154929577465,0.9655172413793104,0.9927939731411727,"worst concave points, worst perimeter, mean concave points, worst radius, mean perimeter, mean radius, mean concavity, worst area, mean area, worst concavity, worst compactness, mean compactness, worst texture, radius error, perimeter error"
11,mRMR,15,Random Forest,0.9473684210526315,0.9452054794520548,0.971830985915493,0.9583333333333334,0.9777268260727153,"worst concave points, worst perimeter, mean concave points, worst radius, mean perimeter, mean radius, mean concavity, worst area, mean area, worst concavity, worst compactness, mean compactness, worst texture, radius error, perimeter error"
11,mRMR,15,XGBoost,0.956140350877193,0.9459459459459459,0.9859154929577465,0.9655172413793104,0.9934490664919751,"worst concave points, worst perimeter, mean concave points, worst radius, mean perimeter, mean radius, mean concavity, worst area, mean area, worst concavity, worst compactness, mean compactness, worst texture, radius error, perimeter error"
11,mRMR + DODA,15,Logistic Regression,0.956140350877193,0.9459459459459459,0.9859154929577465,0.9655172413793104,0.9944317065181789,"worst concave points, worst perimeter, worst radius, mean concave points, mean perimeter, worst area, mean radius, mean concavity, worst concavity, mean area, worst compactness, mean compactness, worst texture, worst symmetry, radius error"
11,mRMR + DODA,15,Random Forest,0.9298245614035088,0.9315068493150684,0.9577464788732394,0.9444444444444444,0.9842777595807402,"worst concave points, worst perimeter, worst radius, mean concave points, mean perimeter, worst area, mean radius, mean concavity, worst concavity, mean area, worst compactness, mean compactness, worst texture, worst symmetry, radius error"
11,mRMR + DODA,15,XGBoost,0.9473684210526315,0.9452054794520548,0.971830985915493,0.9583333333333334,0.9941041598427776,"worst concave points, worst perimeter, worst radius, mean concave points, mean perimeter, worst area, mean radius, mean concavity, worst concavity, mean area, worst compactness, mean compactness, worst texture, worst symmetry, radius error"
11,mRMR,20,Logistic Regression,0.9824561403508771,0.9726027397260274,1.0,0.9861111111111112,0.9980347199475925,"worst concave points, worst perimeter, mean concave points, worst radius, mean perimeter, mean radius, mean concavity, worst area, mean area, worst concavity, worst compactness, mean compactness, worst texture, radius error, perimeter error, worst symmetry, area error, mean texture, worst smoothness, concave points error"
11,mRMR,20,Random Forest,0.9473684210526315,0.9452054794520548,0.971830985915493,0.9583333333333334,0.9793645594497216,"worst concave points, worst perimeter, mean concave points, worst radius, mean perimeter, mean radius, mean concavity, worst area, mean area, worst concavity, worst compactness, mean compactness, worst texture, radius error, perimeter error, worst symmetry, area error, mean texture, worst smoothness, concave points error"
11,mRMR,20,XGBoost,0.9473684210526315,0.9452054794520548,0.971830985915493,0.9583333333333334,0.9934490664919751,"worst concave points, worst perimeter, mean concave points, worst radius, mean perimeter, mean radius, mean concavity, worst area, mean area, worst concavity, worst compactness, mean compactness, worst texture, radius error, perimeter error, worst symmetry, area error, mean texture, worst smoothness, concave points error"
11,mRMR + DODA,20,Logistic Regression,0.9824561403508771,0.9726027397260274,1.0,0.9861111111111112,0.9980347199475925,"worst concave points, worst perimeter, worst radius, mean concave points, mean perimeter, worst area, mean radius, mean concavity, worst concavity, mean area, worst compactness, mean compactness, worst texture, worst symmetry, radius error, perimeter error, area error, mean texture, worst smoothness, mean symmetry"
11,mRMR + DODA,20,Random Forest,0.9473684210526315,0.9333333333333333,0.9859154929577465,0.958904109589041,0.9868981329839502,"worst concave points, worst perimeter, worst radius, mean concave points, mean perimeter, worst area, mean radius, mean concavity, worst concavity, mean area, worst compactness, mean compactness, worst texture, worst symmetry, radius error, perimeter error, area error, mean texture, worst smoothness, mean symmetry"
11,mRMR + DODA,20,XGBoost,0.956140350877193,0.9459459459459459,0.9859154929577465,0.9655172413793104,0.9941041598427776,"worst concave points, worst perimeter, worst radius, mean concave points, mean perimeter, worst area, mean radius, mean concavity, worst concavity, mean area, worst compactness, mean compactness, worst texture, worst symmetry, radius error, perimeter error, area error, mean texture, worst smoothness, mean symmetry"
12,mRMR,5,Logistic Regression,0.9736842105263158,1.0,0.9577464788732394,0.9784172661870504,0.9957418932197838,"worst concave points, worst perimeter, mean concave points, worst radius, mean perimeter"
12,mRMR,5,Random Forest,0.9210526315789473,0.9696969696969697,0.9014084507042254,0.9343065693430657,0.9909924664264658,"worst concave points, worst perimeter, mean concave points, worst radius, mean perimeter"
12,mRMR,5,XGBoost,0.956140350877193,0.9714285714285714,0.9577464788732394,0.9645390070921985,0.9924664264657714,"worst concave points, worst perimeter, mean concave points, worst radius, mean perimeter"
12,mRMR + DODA,5,Logistic Regression,0.9736842105263158,1.0,0.9577464788732394,0.9784172661870504,0.9967245332459875,"worst concave points, worst perimeter, worst radius, mean concave points, worst area"
12,mRMR + DODA,5,Random Forest,0.9649122807017544,1.0,0.9436619718309859,0.9710144927536232,0.9923026531280708,"worst concave points, worst perimeter, worst radius, mean concave points, worst area"
12,mRMR + DODA,5,XGBoost,0.9649122807017544,0.9855072463768116,0.9577464788732394,0.9714285714285714,0.9944317065181788,"worst concave points, worst perimeter, worst radius, mean concave points, worst area"
12,mRMR,10,Logistic Regression,0.9473684210526315,1.0,0.9154929577464789,0.9558823529411765,0.9983622666229938,"worst concave points, worst perimeter, mean concave points, worst radius, mean perimeter, worst area, mean radius, worst concavity, mean concavity, mean area"
12,mRMR,10,Random Forest,0.9649122807017544,1.0,0.9436619718309859,0.9710144927536232,0.996560759908287,"worst concave points, worst perimeter, mean concave points, worst radius, mean perimeter, worst area, mean radius, worst concavity, mean concavity, mean area"
12,mRMR,10,XGBoost,0.956140350877193,0.9852941176470589,0.9436619718309859,0.9640287769784173,0.9941041598427776,"worst concave points, worst perimeter, mean concave points, worst radius, mean perimeter, worst area, mean radius, worst concavity, mean concavity, mean area"
12,mRMR + DODA,10,Logistic Regression,0.9473684210526315,1.0,0.9154929577464789,0.9558823529411765,0.9983622666229938,"worst concave points, worst perimeter, worst radius, mean concave points, worst area, mean perimeter, worst concavity, mean radius, mean concavity, mean area"
12,mRMR + DODA,10,Random Forest,0.956140350877193,1.0,0.9295774647887324,0.9635036496350365,0.9967245332459875,"worst concave points, worst perimeter, worst radius, mean concave points, worst area, mean perimeter, worst concavity, mean radius, mean concavity, mean area"
12,mRMR + DODA,10,XGBoost,0.956140350877193,0.9852941176470589,0.9436619718309859,0.9640287769784173,0.9941041598427776,"worst concave points, worst perimeter, worst radius, mean concave points, worst area, mean perimeter, worst concavity, mean radius, mean concavity, mean area"
12,mRMR,15,Logistic Regression,0.9912280701754386,1.0,0.9859154929577465,0.9929078014184397,0.9993449066491975,"worst concave points, worst perimeter, mean concave points, worst radius, mean perimeter, worst area, mean radius, worst concavity, mean concavity, mean area, worst compactness, mean compactness, worst texture, radius error, worst smoothness"
12,mRMR,15,Random Forest,0.9912280701754386,1.0,0.9859154929577465,0.9929078014184397,0.998689813298395,"worst concave points, worst perimeter, mean concave points, worst radius, mean perimeter, worst area, mean radius, worst concavity, mean concavity, mean area, worst compactness, mean compactness, worst texture, radius error, worst smoothness"
12,mRMR,15,XGBoost,0.9736842105263158,0.9857142857142858,0.971830985915493,0.9787234042553191,0.9970520799213889,"worst concave points, worst perimeter, mean concave points, worst radius, mean perimeter, worst area, mean radius, worst concavity, mean concavity, mean area, worst compactness, mean compactness, worst texture, radius error, worst smoothness"
12,mRMR + DODA,15,Logistic Regression,0.9736842105263158,0.9857142857142858,0.971830985915493,0.9787234042553191,0.9977071732721913,"worst concave points, worst perimeter, worst radius, mean concave points, worst area, mean perimeter, worst concavity, mean radius, mean concavity, mean area, worst compactness, mean compactness, worst texture, radius error, worst symmetry"
12,mRMR + DODA,15,Random Forest,0.9824561403508771,1.0,0.971830985915493,0.9857142857142858,1.0,"worst concave points, worst perimeter, worst radius, mean concave points, worst area, mean perimeter, worst concavity, mean radius, mean concavity, mean area, worst compactness, mean compactness, worst texture, radius error, worst symmetry"
12,mRMR + DODA,15,XGBoost,0.956140350877193,0.9714285714285714,0.9577464788732394,0.9645390070921985,0.9960694398951851,"worst concave points, worst perimeter, worst radius, mean concave points, worst area, mean perimeter, worst concavity, mean radius, mean concavity, mean area, worst compactness, mean compactness, worst texture, radius error, worst symmetry"
12,mRMR,20,Logistic Regression,0.9912280701754386,1.0,0.9859154929577465,0.9929078014184397,0.9996724533245988,"worst concave points, worst perimeter, mean concave points, worst radius, mean perimeter, worst area, mean radius, worst concavity, mean concavity, mean area, worst compactness, mean compactness, worst texture, radius error, worst smoothness, perimeter error, worst symmetry, area error, mean texture, concave points error"
12,mRMR,20,Random Forest,0.9736842105263158,1.0,0.9577464788732394,0.9784172661870504,1.0,"worst concave points, worst perimeter, mean concave points, worst radius, mean perimeter, worst area, mean radius, worst concavity, mean concavity, mean area, worst compactness, mean compactness, worst texture, radius error, worst smoothness, perimeter error, worst symmetry, area error, mean texture, concave points error"
12,mRMR,20,XGBoost,0.956140350877193,0.9852941176470589,0.9436619718309859,0.9640287769784173,0.9954143465443827,"worst concave points, worst perimeter, mean concave points, worst radius, mean perimeter, worst area, mean radius, worst concavity, mean concavity, mean area, worst compactness, mean compactness, worst texture, radius error, worst smoothness, perimeter error, worst symmetry, area error, mean texture, concave points error"
12,mRMR + DODA,20,Logistic Regression,0.9912280701754386,1.0,0.9859154929577465,0.9929078014184397,0.9996724533245988,"worst concave points, worst perimeter, worst radius, mean concave points, worst area, mean perimeter, worst concavity, mean radius, mean concavity, mean area, worst compactness, mean compactness, worst texture, radius error, worst symmetry, worst smoothness, perimeter error, area error, mean texture, concave points error"
12,mRMR + DODA,20,Random Forest,0.9649122807017544,1.0,0.9436619718309859,0.9710144927536232,1.0,"worst concave points, worst perimeter, worst radius, mean concave points, worst area, mean perimeter, worst concavity, mean radius, mean concavity, mean area, worst compactness, mean compactness, worst texture, radius error, worst symmetry, worst smoothness, perimeter error, area error, mean texture, concave points error"
12,mRMR + DODA,20,XGBoost,0.956140350877193,0.9852941176470589,0.9436619718309859,0.9640287769784173,0.9954143465443827,"worst concave points, worst perimeter, worst radius, mean concave points, worst area, mean perimeter, worst concavity, mean radius, mean concavity, mean area, worst compactness, mean compactness, worst texture, radius error, worst symmetry, worst smoothness, perimeter error, area error, mean texture, concave points error"
13,mRMR,5,Logistic Regression,0.956140350877193,0.9855072463768116,0.9444444444444444,0.9645390070921985,0.9973544973544973,"worst concave points, worst radius, mean concave points, worst perimeter, worst area"
13,mRMR,5,Random Forest,0.9649122807017544,0.9857142857142858,0.9583333333333334,0.971830985915493,0.9953703703703702,"worst concave points, worst radius, mean concave points, worst perimeter, worst area"
13,mRMR,5,XGBoost,0.956140350877193,0.971830985915493,0.9583333333333334,0.965034965034965,0.9937169312169312,"worst concave points, worst radius, mean concave points, worst perimeter, worst area"
13,mRMR + DODA,5,Logistic Regression,0.956140350877193,0.9855072463768116,0.9444444444444444,0.9645390070921985,0.9973544973544973,"worst concave points, worst radius, worst perimeter, worst area, mean concave points"
13,mRMR + DODA,5,Random Forest,0.956140350877193,0.9855072463768116,0.9444444444444444,0.9645390070921985,0.9950396825396826,"worst concave points, worst radius, worst perimeter, worst area, mean concave points"
13,mRMR + DODA,5,XGBoost,0.956140350877193,0.971830985915493,0.9583333333333334,0.965034965034965,0.9937169312169312,"worst concave points, worst radius, worst perimeter, worst area, mean concave points"
13,mRMR,10,Logistic Regression,0.956140350877193,0.9855072463768116,0.9444444444444444,0.9645390070921985,0.9970238095238094,"worst concave points, worst radius, mean concave points, worst perimeter, worst area, mean perimeter, worst concavity, mean radius, mean concavity, mean area"
13,mRMR,10,Random Forest,0.9736842105263158,0.9859154929577465,0.9722222222222222,0.9790209790209791,0.9975198412698412,"worst concave points, worst radius, mean concave points, worst perimeter, worst area, mean perimeter, worst concavity, mean radius, mean concavity, mean area"
13,mRMR,10,XGBoost,0.956140350877193,0.9855072463768116,0.9444444444444444,0.9645390070921985,0.9933862433862433,"worst concave points, worst radius, mean concave points, worst perimeter, worst area, mean perimeter, worst concavity, mean radius, mean concavity, mean area"
13,mRMR + DODA,10,Logistic Regression,0.956140350877193,0.9855072463768116,0.9444444444444444,0.9645390070921985,0.9970238095238094,"worst concave points, worst radius, worst perimeter, worst area, mean concave points, worst concavity, mean perimeter, mean radius, mean concavity, mean area"
13,mRMR + DODA,10,Random Forest,0.9824561403508771,0.9861111111111112,0.9861111111111112,0.9861111111111112,0.9975198412698414,"worst concave points, worst radius, worst perimeter, worst area, mean concave points, worst concavity, mean perimeter, mean radius, mean concavity, mean area"
13,mRMR + DODA,10,XGBoost,0.956140350877193,0.9855072463768116,0.9444444444444444,0.9645390070921985,0.9933862433862433,"worst concave points, worst radius, worst perimeter, worst area, mean concave points, worst concavity, mean perimeter, mean radius, mean concavity, mean area"
13,mRMR,15,Logistic Regression,0.9824561403508771,1.0,0.9722222222222222,0.9859154929577465,1.0,"worst concave points, worst radius, mean concave points, worst perimeter, worst area, mean perimeter, worst concavity, mean radius, mean concavity, mean area, worst compactness, worst texture, mean compactness, radius error, worst smoothness"
13,mRMR,15,Random Forest,0.9736842105263158,0.9859154929577465,0.9722222222222222,0.9790209790209791,0.9990079365079365,"worst concave points, worst radius, mean concave points, worst perimeter, worst area, mean perimeter, worst concavity, mean radius, mean concavity, mean area, worst compactness, worst texture, mean compactness, radius error, worst smoothness"
13,mRMR,15,XGBoost,0.9824561403508771,1.0,0.9722222222222222,0.9859154929577465,0.9993386243386243,"worst concave points, worst radius, mean concave points, worst perimeter, worst area, mean perimeter, worst concavity, mean radius, mean concavity, mean area, worst compactness, worst texture, mean compactness, radius error, worst smoothness"
13,mRMR + DODA,15,Logistic Regression,0.9824561403508771,1.0,0.9722222222222222,0.9859154929577465,1.0,"worst concave points, worst radius, worst perimeter, worst area, mean concave points, worst concavity, mean perimeter, mean radius, mean concavity, mean area, worst compactness, mean compactness, worst texture, radius error, worst symmetry"
13,mRMR + DODA,15,Random Forest,0.9736842105263158,0.9859154929577465,0.9722222222222222,0.9790209790209791,0.9991732804232805,"worst concave points, worst radius, worst perimeter, worst area, mean concave points, worst concavity, mean perimeter, mean radius, mean concavity, mean area, worst compactness, mean compactness, worst texture, radius error, worst symmetry"
13,mRMR + DODA,15,XGBoost,0.9736842105263158,0.9859154929577465,0.9722222222222222,0.9790209790209791,0.9993386243386243,"worst concave points, worst radius, worst perimeter, worst area, mean concave points, worst concavity, mean perimeter, mean radius, mean concavity, mean area, worst compactness, mean compactness, worst texture, radius error, worst symmetry"
13,mRMR,20,Logistic Regression,0.9912280701754386,1.0,0.9861111111111112,0.993006993006993,0.9996693121693121,"worst concave points, worst radius, mean concave points, worst perimeter, worst area, mean perimeter, worst concavity, mean radius, mean concavity, mean area, worst compactness, worst texture, mean compactness, radius error, worst smoothness, perimeter error, worst symmetry, area error, mean texture, mean smoothness"
13,mRMR,20,Random Forest,0.9736842105263158,0.9859154929577465,0.9722222222222222,0.9790209790209791,0.9993386243386243,"worst concave points, worst radius, mean concave points, worst perimeter, worst area, mean perimeter, worst concavity, mean radius, mean concavity, mean area, worst compactness, worst texture, mean compactness, radius error, worst smoothness, perimeter error, worst symmetry, area error, mean texture, mean smoothness"
13,mRMR,20,XGBoost,0.9912280701754386,1.0,0.9861111111111112,0.993006993006993,1.0,"worst concave points, worst radius, mean concave points, worst perimeter, worst area, mean perimeter, worst concavity, mean radius, mean concavity, mean area, worst compactness, worst texture, mean compactness, radius error, worst smoothness, perimeter error, worst symmetry, area error, mean texture, mean smoothness"
13,mRMR + DODA,20,Logistic Regression,0.9912280701754386,1.0,0.9861111111111112,0.993006993006993,0.9996693121693121,"worst concave points, worst radius, worst perimeter, worst area, mean concave points, worst concavity, mean perimeter, mean radius, mean concavity, mean area, worst compactness, mean compactness, worst texture, radius error, worst symmetry, worst smoothness, perimeter error, area error, mean texture, mean smoothness"
13,mRMR + DODA,20,Random Forest,0.9736842105263158,0.9859154929577465,0.9722222222222222,0.9790209790209791,0.9990079365079365,"worst concave points, worst radius, worst perimeter, worst area, mean concave points, worst concavity, mean perimeter, mean radius, mean concavity, mean area, worst compactness, mean compactness, worst texture, radius error, worst symmetry, worst smoothness, perimeter error, area error, mean texture, mean smoothness"
13,mRMR + DODA,20,XGBoost,0.9912280701754386,1.0,0.9861111111111112,0.993006993006993,1.0,"worst concave points, worst radius, worst perimeter, worst area, mean concave points, worst concavity, mean perimeter, mean radius, mean concavity, mean area, worst compactness, mean compactness, worst texture, radius error, worst symmetry, worst smoothness, perimeter error, area error, mean texture, mean smoothness"
14,mRMR,5,Logistic Regression,0.9473684210526315,0.9583333333333334,0.9583333333333334,0.9583333333333334,0.9841269841269842,"worst concave points, worst perimeter, worst radius, mean concave points, worst area"
14,mRMR,5,Random Forest,0.9473684210526315,0.9583333333333334,0.9583333333333334,0.9583333333333334,0.9788359788359788,"worst concave points, worst perimeter, worst radius, mean concave points, worst area"
14,mRMR,5,XGBoost,0.9385964912280702,0.9452054794520548,0.9583333333333334,0.9517241379310345,0.9692460317460317,"worst concave points, worst perimeter, worst radius, mean concave points, worst area"
14,mRMR + DODA,5,Logistic Regression,0.9473684210526315,0.9583333333333334,0.9583333333333334,0.9583333333333334,0.9841269841269842,"worst concave points, worst perimeter, worst radius, worst area, mean concave points"
14,mRMR + DODA,5,Random Forest,0.9298245614035088,0.9324324324324325,0.9583333333333334,0.9452054794520548,0.9791666666666667,"worst concave points, worst perimeter, worst radius, worst area, mean concave points"
14,mRMR + DODA,5,XGBoost,0.9385964912280702,0.9452054794520548,0.9583333333333334,0.9517241379310345,0.9708994708994709,"worst concave points, worst perimeter, worst radius, worst area, mean concave points"
14,mRMR,10,Logistic Regression,0.9385964912280702,0.9577464788732394,0.9444444444444444,0.951048951048951,0.9831349206349206,"worst concave points, worst perimeter, worst radius, mean concave points, worst area, mean perimeter, mean radius, mean concavity, mean area, worst concavity"
14,mRMR,10,Random Forest,0.9649122807017544,0.9722222222222222,0.9722222222222222,0.9722222222222222,0.9799933862433862,"worst concave points, worst perimeter, worst radius, mean concave points, worst area, mean perimeter, mean radius, mean concavity, mean area, worst concavity"
14,mRMR,10,XGBoost,0.956140350877193,0.958904109589041,0.9722222222222222,0.9655172413793104,0.97255291005291,"worst concave points, worst perimeter, worst radius, mean concave points, worst area, mean perimeter, mean radius, mean concavity, mean area, worst concavity"
14,mRMR + DODA,10,Logistic Regression,0.9385964912280702,0.9577464788732394,0.9444444444444444,0.951048951048951,0.9831349206349206,"worst concave points, worst perimeter, worst radius, worst area, mean concave points, mean perimeter, mean radius, worst concavity, mean concavity, mean area"
14,mRMR + DODA,10,Random Forest,0.956140350877193,0.9466666666666667,0.9861111111111112,0.9659863945578231,0.9783399470899471,"worst concave points, worst perimeter, worst radius, worst area, mean concave points, mean perimeter, mean radius, worst concavity, mean concavity, mean area"
14,mRMR + DODA,10,XGBoost,0.956140350877193,0.958904109589041,0.9722222222222222,0.9655172413793104,0.97255291005291,"worst concave points, worst perimeter, worst radius, worst area, mean concave points, mean perimeter, mean radius, worst concavity, mean concavity, mean area"
14,mRMR,15,Logistic Regression,0.9736842105263158,0.9726027397260274,0.9861111111111112,0.9793103448275862,0.9933862433862434,"worst concave points, worst perimeter, worst radius, mean concave points, worst area, mean perimeter, mean radius, mean concavity, mean area, worst concavity, worst compactness, radius error, mean compactness, area error, worst texture"
14,mRMR,15,Random Forest,0.9649122807017544,0.9473684210526315,1.0,0.972972972972973,0.9801587301587302,"worst concave points, worst perimeter, worst radius, mean concave points, worst area, mean perimeter, mean radius, mean concavity, mean area, worst concavity, worst compactness, radius error, mean compactness, area error, worst texture"
14,mRMR,15,XGBoost,0.9824561403508771,0.972972972972973,1.0,0.9863013698630136,0.9950396825396826,"worst concave points, worst perimeter, worst radius, mean concave points, worst area, mean perimeter, mean radius, mean concavity, mean area, worst concavity, worst compactness, radius error, mean compactness, area error, worst texture"
14,mRMR + DODA,15,Logistic Regression,0.9736842105263158,0.9726027397260274,0.9861111111111112,0.9793103448275862,0.9933862433862434,"worst concave points, worst perimeter, worst radius, worst area, mean concave points, mean perimeter, mean radius, worst concavity, mean concavity, mean area, worst compactness, mean compactness, worst texture, radius error, area error"
14,mRMR + DODA,15,Random Forest,0.9649122807017544,0.9594594594594594,0.9861111111111112,0.9726027397260274,0.9895833333333333,"worst concave points, worst perimeter, worst radius, worst area, mean concave points, mean perimeter, mean radius, worst concavity, mean concavity, mean area, worst compactness, mean compactness, worst texture, radius error, area error"
14,mRMR + DODA,15,XGBoost,0.9824561403508771,0.972972972972973,1.0,0.9863013698630136,0.9950396825396826,"worst concave points, worst perimeter, worst radius, worst area, mean concave points, mean perimeter, mean radius, worst concavity, mean concavity, mean area, worst compactness, mean compactness, worst texture, radius error, area error"
14,mRMR,20,Logistic Regression,0.9824561403508771,0.972972972972973,1.0,0.9863013698630136,0.9884259259259258,"worst concave points, worst perimeter, worst radius, mean concave points, worst area, mean perimeter, mean radius, mean concavity, mean area, worst concavity, worst compactness, radius error, mean compactness, area error, worst texture, perimeter error, worst symmetry, worst smoothness, mean texture, concave points error"
14,mRMR,20,Random Forest,0.956140350877193,0.958904109589041,0.9722222222222222,0.9655172413793104,0.9905753968253969,"worst concave points, worst perimeter, worst radius, mean concave points, worst area, mean perimeter, mean radius, mean concavity, mean area, worst concavity, worst compactness, radius error, mean compactness, area error, worst texture, perimeter error, worst symmetry, worst smoothness, mean texture, concave points error"
14,mRMR,20,XGBoost,0.9736842105263158,0.96,1.0,0.9795918367346939,0.9914021164021164,"worst concave points, worst perimeter, worst radius, mean concave points, worst area, mean perimeter, mean radius, mean concavity, mean area, worst concavity, worst compactness, radius error, mean compactness, area error, worst texture, perimeter error, worst symmetry, worst smoothness, mean texture, concave points error"
14,mRMR + DODA,20,Logistic Regression,0.9824561403508771,0.972972972972973,1.0,0.9863013698630136,0.988095238095238,"worst concave points, worst perimeter, worst radius, worst area, mean concave points, mean perimeter, mean radius, worst concavity, mean concavity, mean area, worst compactness, mean compactness, worst texture, radius error, area error, worst symmetry, perimeter error, worst smoothness, mean texture, mean symmetry"
14,mRMR + DODA,20,Random Forest,0.9736842105263158,0.96,1.0,0.9795918367346939,0.99239417989418,"worst concave points, worst perimeter, worst radius, worst area, mean concave points, mean perimeter, mean radius, worst concavity, mean concavity, mean area, worst compactness, mean compactness, worst texture, radius error, area error, worst symmetry, perimeter error, worst smoothness, mean texture, mean symmetry"
14,mRMR + DODA,20,XGBoost,0.9736842105263158,0.96,1.0,0.9795918367346939,0.9914021164021165,"worst concave points, worst perimeter, worst radius, worst area, mean concave points, mean perimeter, mean radius, worst concavity, mean concavity, mean area, worst compactness, mean compactness, worst texture, radius error, area error, worst symmetry, perimeter error, worst smoothness, mean texture, mean symmetry"
15,mRMR,5,Logistic Regression,0.9203539823008849,0.9558823529411765,0.9154929577464789,0.935251798561151,0.9842387659289068,"worst concave points, worst perimeter, worst radius, mean concave points, mean perimeter"
15,mRMR,5,Random Forest,0.911504424778761,0.9420289855072463,0.9154929577464789,0.9285714285714286,0.9785378940308518,"worst concave points, worst perimeter, worst radius, mean concave points, mean perimeter"
15,mRMR,5,XGBoost,0.9292035398230089,0.9436619718309859,0.9436619718309859,0.9436619718309859,0.971495640509725,"worst concave points, worst perimeter, worst radius, mean concave points, mean perimeter"
15,mRMR + DODA,5,Logistic Regression,0.911504424778761,0.9552238805970149,0.9014084507042254,0.927536231884058,0.9849094567404426,"worst concave points, worst perimeter, worst radius, mean concave points, worst area"
15,mRMR + DODA,5,Random Forest,0.9026548672566371,0.9411764705882353,0.9014084507042254,0.920863309352518,0.9723340040241449,"worst concave points, worst perimeter, worst radius, mean concave points, worst area"
15,mRMR + DODA,5,XGBoost,0.911504424778761,0.9552238805970149,0.9014084507042254,0.927536231884058,0.9701542588866533,"worst concave points, worst perimeter, worst radius, mean concave points, worst area"
15,mRMR,10,Logistic Regression,0.9203539823008849,0.9696969696969697,0.9014084507042254,0.9343065693430657,0.9865861837692824,"worst concave points, worst perimeter, worst radius, mean concave points, mean perimeter, mean radius, worst area, mean concavity, mean area, worst concavity"
15,mRMR,10,Random Forest,0.9292035398230089,0.9565217391304348,0.9295774647887324,0.9428571428571428,0.9847417840375586,"worst concave points, worst perimeter, worst radius, mean concave points, mean perimeter, mean radius, worst area, mean concavity, mean area, worst concavity"
15,mRMR,10,XGBoost,0.9292035398230089,0.9436619718309859,0.9436619718309859,0.9436619718309859,0.9701542588866533,"worst concave points, worst perimeter, worst radius, mean concave points, mean perimeter, mean radius, worst area, mean concavity, mean area, worst concavity"
15,mRMR + DODA,10,Logistic Regression,0.9203539823008849,0.9696969696969697,0.9014084507042254,0.9343065693430657,0.9865861837692824,"worst concave points, worst perimeter, worst radius, mean concave points, worst area, mean perimeter, mean radius, worst concavity, mean concavity, mean area"
15,mRMR + DODA,10,Random Forest,0.9380530973451328,0.9571428571428572,0.9436619718309859,0.950354609929078,0.9813883299798793,"worst concave points, worst perimeter, worst radius, mean concave points, worst area, mean perimeter, mean radius, worst concavity, mean concavity, mean area"
15,mRMR + DODA,10,XGBoost,0.9292035398230089,0.9436619718309859,0.9436619718309859,0.9436619718309859,0.9701542588866533,"worst concave points, worst perimeter, worst radius, mean concave points, worst area, mean perimeter, mean radius, worst concavity, mean concavity, mean area"
15,mRMR,15,Logistic Regression,0.9557522123893806,0.9852941176470589,0.9436619718309859,0.9640287769784173,0.994299128101945,"worst concave points, worst perimeter, worst radius, mean concave points, mean perimeter, mean radius, worst area, mean concavity, mean area, worst concavity, worst compactness, worst texture, radius error, mean compactness, perimeter error"
15,mRMR,15,Random Forest,0.9469026548672567,0.9710144927536232,0.9436619718309859,0.9571428571428572,0.9867538564721664,"worst concave points, worst perimeter, worst radius, mean concave points, mean perimeter, mean radius, worst area, mean concavity, mean area, worst concavity, worst compactness, worst texture, radius error, mean compactness, perimeter error"
15,mRMR,15,XGBoost,0.9557522123893806,0.9852941176470589,0.9436619718309859,0.9640287769784173,0.9899396378269618,"worst concave points, worst perimeter, worst radius, mean concave points, mean perimeter, mean radius, worst area, mean concavity, mean area, worst concavity, worst compactness, worst texture, radius error, mean compactness, perimeter error"
15,mRMR + DODA,15,Logistic Regression,0.9557522123893806,0.9852941176470589,0.9436619718309859,0.9640287769784173,0.994299128101945,"worst concave points, worst perimeter, worst radius, mean concave points, worst area, mean perimeter, mean radius, worst concavity, mean concavity, mean area, worst compactness, mean compactness, worst texture, radius error, perimeter error"
15,mRMR + DODA,15,Random Forest,0.9469026548672567,0.9710144927536232,0.9436619718309859,0.9571428571428572,0.9867538564721663,"worst concave points, worst perimeter, worst radius, mean concave points, worst area, mean perimeter, mean radius, worst concavity, mean concavity, mean area, worst compactness, mean compactness, worst texture, radius error, perimeter error"
15,mRMR + DODA,15,XGBoost,0.9557522123893806,0.9852941176470589,0.9436619718309859,0.9640287769784173,0.9899396378269618,"worst concave points, worst perimeter, worst radius, mean concave points, worst area, mean perimeter, mean radius, worst concavity, mean concavity, mean area, worst compactness, mean compactness, worst texture, radius error, perimeter error"
15,mRMR,20,Logistic Regression,0.9469026548672567,0.9452054794520548,0.971830985915493,0.9583333333333334,0.9902749832327298,"worst concave points, worst perimeter, worst radius, mean concave points, mean perimeter, mean radius, worst area, mean concavity, mean area, worst concavity, worst compactness, worst texture, radius error, mean compactness, perimeter error, area error, worst smoothness, worst symmetry, mean texture, concave points error"
15,mRMR,20,Random Forest,0.9469026548672567,0.9710144927536232,0.9436619718309859,0.9571428571428572,0.9865861837692823,"worst concave points, worst perimeter, worst radius, mean concave points, mean perimeter, mean radius, worst area, mean concavity, mean area, worst concavity, worst compactness, worst texture, radius error, mean compactness, perimeter error, area error, worst smoothness, worst symmetry, mean texture, concave points error"
15,mRMR,20,XGBoost,0.9469026548672567,0.9577464788732394,0.9577464788732394,0.9577464788732394,0.9875922199865862,"worst concave points, worst perimeter, worst radius, mean concave points, mean perimeter, mean radius, worst area, mean concavity, mean area, worst concavity, worst compactness, worst texture, radius error, mean compactness, perimeter error, area error, worst smoothness, worst symmetry, mean texture, concave points error"
15,mRMR + DODA,20,Logistic Regression,0.9469026548672567,0.9452054794520548,0.971830985915493,0.9583333333333334,0.9902749832327298,"worst concave points, worst perimeter, worst radius, mean concave points, worst area, mean perimeter, mean radius, worst concavity, mean concavity, mean area, worst compactness, mean compactness, worst texture, radius error, perimeter error, worst symmetry, area error, worst smoothness, mean texture, concave points error"
15,mRMR + DODA,20,Random Forest,0.9469026548672567,0.9710144927536232,0.9436619718309859,0.9571428571428572,0.9870892018779343,"worst concave points, worst perimeter, worst radius, mean concave points, worst area, mean perimeter, mean radius, worst concavity, mean concavity, mean area, worst compactness, mean compactness, worst texture, radius error, perimeter error, worst symmetry, area error, worst smoothness, mean texture, concave points error"
15,mRMR + DODA,20,XGBoost,0.9469026548672567,0.9577464788732394,0.9577464788732394,0.9577464788732394,0.9875922199865862,"worst concave points, worst perimeter, worst radius, mean concave points, worst area, mean perimeter, mean radius, worst concavity, mean concavity, mean area, worst compactness, mean compactness, worst texture, radius error, perimeter error, worst symmetry, area error, worst smoothness, mean texture, concave points error"
16,mRMR,5,Logistic Regression,0.9385964912280702,0.9571428571428572,0.9436619718309859,0.950354609929078,0.9862430396331477,"worst concave points, worst perimeter, mean concave points, worst radius, mean perimeter"
16,mRMR,5,Random Forest,0.9298245614035088,0.92,0.971830985915493,0.9452054794520548,0.9780543727481166,"worst concave points, worst perimeter, mean concave points, worst radius, mean perimeter"
16,mRMR,5,XGBoost,0.9035087719298246,0.8947368421052632,0.9577464788732394,0.9251700680272109,0.9731411726170979,"worst concave points, worst perimeter, mean concave points, worst radius, mean perimeter"
16,mRMR + DODA,5,Logistic Regression,0.9385964912280702,0.9571428571428572,0.9436619718309859,0.950354609929078,0.9859154929577465,"worst concave points, worst perimeter, worst radius, mean concave points, worst concavity"
16,mRMR + DODA,5,Random Forest,0.9298245614035088,0.92,0.971830985915493,0.9452054794520548,0.980510972813626,"worst concave points, worst perimeter, worst radius, mean concave points, worst concavity"
16,mRMR + DODA,5,XGBoost,0.8947368421052632,0.8933333333333333,0.9436619718309859,0.9178082191780822,0.9567638388470358,"worst concave points, worst perimeter, worst radius, mean concave points, worst concavity"
16,mRMR,10,Logistic Regression,0.9385964912280702,0.9571428571428572,0.9436619718309859,0.950354609929078,0.9872256796593515,"worst concave points, worst perimeter, mean concave points, worst radius, mean perimeter, mean radius, worst concavity, worst area, mean concavity, mean area"
16,mRMR,10,Random Forest,0.9385964912280702,0.9324324324324325,0.971830985915493,0.9517241379310345,0.9849328529315428,"worst concave points, worst perimeter, mean concave points, worst radius, mean perimeter, mean radius, worst concavity, worst area, mean concavity, mean area"
16,mRMR,10,XGBoost,0.9210526315789473,0.9078947368421053,0.971830985915493,0.9387755102040817,0.9832951195545365,"worst concave points, worst perimeter, mean concave points, worst radius, mean perimeter, mean radius, worst concavity, worst area, mean concavity, mean area"
16,mRMR + DODA,10,Logistic Regression,0.9385964912280702,0.9571428571428572,0.9436619718309859,0.950354609929078,0.9872256796593515,"worst concave points, worst perimeter, worst radius, mean concave points, worst concavity, mean perimeter, worst area, mean radius, mean concavity, mean area"
16,mRMR + DODA,10,Random Forest,0.9385964912280702,0.9324324324324325,0.971830985915493,0.9517241379310345,0.9816573861775303,"worst concave points, worst perimeter, worst radius, mean concave points, worst concavity, mean perimeter, worst area, mean radius, mean concavity, mean area"
16,mRMR + DODA,10,XGBoost,0.9210526315789473,0.9078947368421053,0.971830985915493,0.9387755102040817,0.9806747461513265,"worst concave points, worst perimeter, worst radius, mean concave points, worst concavity, mean perimeter, worst area, mean radius, mean concavity, mean area"
16,mRMR,15,Logistic Regression,0.956140350877193,0.9583333333333334,0.971830985915493,0.965034965034965,0.9967245332459875,"worst concave points, worst perimeter, mean concave points, worst radius, mean perimeter, mean radius, worst concavity, worst area, mean concavity, mean area, worst compactness, radius error, worst texture, mean compactness, perimeter error"
16,mRMR,15,Random Forest,0.956140350877193,0.9459459459459459,0.9859154929577465,0.9655172413793104,0.9914837864395677,"worst concave points, worst perimeter, mean concave points, worst radius, mean perimeter, mean radius, worst concavity, worst area, mean concavity, mean area, worst compactness, radius error, worst texture, mean compactness, perimeter error"
16,mRMR,15,XGBoost,0.956140350877193,0.9459459459459459,0.9859154929577465,0.9655172413793104,0.9950867998689813,"worst concave points, worst perimeter, mean concave points, worst radius, mean perimeter, mean radius, worst concavity, worst area, mean concavity, mean area, worst compactness, radius error, worst texture, mean compactness, perimeter error"
16,mRMR + DODA,15,Logistic Regression,0.956140350877193,0.9583333333333334,0.971830985915493,0.965034965034965,0.9970520799213888,"worst concave points, worst perimeter, worst radius, mean concave points, worst concavity, mean perimeter, worst area, mean radius, mean concavity, mean area, worst compactness, mean compactness, worst texture, radius error, worst symmetry"
16,mRMR + DODA,15,Random Forest,0.9473684210526315,0.9452054794520548,0.971830985915493,0.9583333333333334,0.9896822797248608,"worst concave points, worst perimeter, worst radius, mean concave points, worst concavity, mean perimeter, worst area, mean radius, mean concavity, mean area, worst compactness, mean compactness, worst texture, radius error, worst symmetry"
16,mRMR + DODA,15,XGBoost,0.9473684210526315,0.9333333333333333,0.9859154929577465,0.958904109589041,0.9934490664919752,"worst concave points, worst perimeter, worst radius, mean concave points, worst concavity, mean perimeter, worst area, mean radius, mean concavity, mean area, worst compactness, mean compactness, worst texture, radius error, worst symmetry"
16,mRMR,20,Logistic Regression,0.9912280701754386,0.9861111111111112,1.0,0.993006993006993,0.9977071732721913,"worst concave points, worst perimeter, mean concave points, worst radius, mean perimeter, mean radius, worst concavity, worst area, mean concavity, mean area, worst compactness, radius error, worst texture, mean compactness, perimeter error, area error, worst symmetry, worst smoothness, mean texture, concave points error"
16,mRMR,20,Random Forest,0.9473684210526315,0.9452054794520548,0.971830985915493,0.9583333333333334,0.9895185063871602,"worst concave points, worst perimeter, mean concave points, worst radius, mean perimeter, mean radius, worst concavity, worst area, mean concavity, mean area, worst compactness, radius error, worst texture, mean compactness, perimeter error, area error, worst symmetry, worst smoothness, mean texture, concave points error"
16,mRMR,20,XGBoost,0.956140350877193,0.9583333333333334,0.971830985915493,0.965034965034965,0.9937766131673764,"worst concave points, worst perimeter, mean concave points, worst radius, mean perimeter, mean radius, worst concavity, worst area, mean concavity, mean area, worst compactness, radius error, worst texture, mean compactness, perimeter error, area error, worst symmetry, worst smoothness, mean texture, concave points error"
16,mRMR + DODA,20,Logistic Regression,0.9912280701754386,0.9861111111111112,1.0,0.993006993006993,0.9977071732721913,"worst concave points, worst perimeter, worst radius, mean concave points, worst concavity, mean perimeter, worst area, mean radius, mean concavity, mean area, worst compactness, mean compactness, worst texture, radius error, worst symmetry, perimeter error, area error, worst smoothness, mean texture, concave points error"
16,mRMR + DODA,20,Random Forest,0.956140350877193,0.9583333333333334,0.971830985915493,0.965034965034965,0.9926301998034719,"worst concave points, worst perimeter, worst radius, mean concave points, worst concavity, mean perimeter, worst area, mean radius, mean concavity, mean area, worst compactness, mean compactness, worst texture, radius error, worst symmetry, perimeter error, area error, worst smoothness, mean texture, concave points error"
16,mRMR + DODA,20,XGBoost,0.956140350877193,0.9583333333333334,0.971830985915493,0.965034965034965,0.9937766131673764,"worst concave points, worst perimeter, worst radius, mean concave points, worst concavity, mean perimeter, worst area, mean radius, mean concavity, mean area, worst compactness, mean compactness, worst texture, radius error, worst symmetry, perimeter error, area error, worst smoothness, mean texture, concave points error"
17,mRMR,5,Logistic Regression,0.9035087719298246,0.9838709677419355,0.8591549295774648,0.9172932330827067,0.9918113331149689,"worst concave points, worst perimeter, worst radius, mean concave points, mean perimeter"
17,mRMR,5,Random Forest,0.9210526315789473,0.984375,0.8873239436619719,0.9333333333333333,0.9836226662299379,"worst concave points, worst perimeter, worst radius, mean concave points, mean perimeter"
17,mRMR,5,XGBoost,0.9122807017543859,0.9692307692307692,0.8873239436619719,0.9264705882352942,0.9836226662299378,"worst concave points, worst perimeter, worst radius, mean concave points, mean perimeter"
17,mRMR + DODA,5,Logistic Regression,0.9122807017543859,0.9841269841269841,0.8732394366197183,0.9253731343283582,0.9908286930887652,"worst concave points, worst perimeter, worst radius, worst area, mean concave points"
17,mRMR + DODA,5,Random Forest,0.9210526315789473,0.984375,0.8873239436619719,0.9333333333333333,0.981329839502129,"worst concave points, worst perimeter, worst radius, worst area, mean concave points"
17,mRMR + DODA,5,XGBoost,0.9122807017543859,0.9692307692307692,0.8873239436619719,0.9264705882352942,0.9823124795283328,"worst concave points, worst perimeter, worst radius, worst area, mean concave points"
17,mRMR,10,Logistic Regression,0.9035087719298246,0.96875,0.8732394366197183,0.9185185185185185,0.9921388797903702,"worst concave points, worst perimeter, worst radius, mean concave points, mean perimeter, worst area, mean radius, mean concavity, mean area, worst concavity"
17,mRMR,10,Random Forest,0.9298245614035088,0.9846153846153847,0.9014084507042254,0.9411764705882353,0.9885358663609565,"worst concave points, worst perimeter, worst radius, mean concave points, mean perimeter, worst area, mean radius, mean concavity, mean area, worst concavity"
17,mRMR,10,XGBoost,0.9385964912280702,0.9848484848484849,0.9154929577464789,0.948905109489051,0.987880773010154,"worst concave points, worst perimeter, worst radius, mean concave points, mean perimeter, worst area, mean radius, mean concavity, mean area, worst concavity"
17,mRMR + DODA,10,Logistic Regression,0.9035087719298246,0.96875,0.8732394366197183,0.9185185185185185,0.9921388797903702,"worst concave points, worst perimeter, worst radius, worst area, mean concave points, mean perimeter, mean radius, worst concavity, mean concavity, mean area"
17,mRMR + DODA,10,Random Forest,0.9298245614035088,0.9846153846153847,0.9014084507042254,0.9411764705882353,0.9893547330494595,"worst concave points, worst perimeter, worst radius, worst area, mean concave points, mean perimeter, mean radius, worst concavity, mean concavity, mean area"
17,mRMR + DODA,10,XGBoost,0.9385964912280702,0.9848484848484849,0.9154929577464789,0.948905109489051,0.987880773010154,"worst concave points, worst perimeter, worst radius, worst area, mean concave points, mean perimeter, mean radius, worst concavity, mean concavity, mean area"
17,mRMR,15,Logistic Regression,0.9649122807017544,1.0,0.9436619718309859,0.9710144927536232,0.9993449066491975,"worst concave points, worst perimeter, worst radius, mean concave points, mean perimeter, worst area, mean radius, mean concavity, mean area, worst concavity, worst compactness, mean compactness, worst texture, radius error, perimeter error"
17,mRMR,15,Random Forest,0.9298245614035088,0.9846153846153847,0.9014084507042254,0.9411764705882353,0.9926301998034719,"worst concave points, worst perimeter, worst radius, mean concave points, mean perimeter, worst area, mean radius, mean concavity, mean area, worst concavity, worst compactness, mean compactness, worst texture, radius error, perimeter error"
17,mRMR,15,XGBoost,0.9210526315789473,1.0,0.8732394366197183,0.9323308270676691,0.9993449066491975,"worst concave points, worst perimeter, worst radius, mean concave points, mean perimeter, worst area, mean radius, mean concavity, mean area, worst concavity, worst compactness, mean compactness, worst texture, radius error, perimeter error"
17,mRMR + DODA,15,Logistic Regression,0.9824561403508771,1.0,0.971830985915493,0.9857142857142858,0.9993449066491975,"worst concave points, worst perimeter, worst radius, worst area, mean concave points, mean perimeter, mean radius, worst concavity, mean concavity, mean area, worst compactness, mean compactness, worst texture, worst symmetry, radius error"
17,mRMR + DODA,15,Random Forest,0.9298245614035088,0.9846153846153847,0.9014084507042254,0.9411764705882353,0.9950867998689812,"worst concave points, worst perimeter, worst radius, worst area, mean concave points, mean perimeter, mean radius, worst concavity, mean concavity, mean area, worst compactness, mean compactness, worst texture, worst symmetry, radius error"
17,mRMR + DODA,15,XGBoost,0.9298245614035088,1.0,0.8873239436619719,0.9402985074626866,0.998689813298395,"worst concave points, worst perimeter, worst radius, worst area, mean concave points, mean perimeter, mean radius, worst concavity, mean concavity, mean area, worst compactness, mean compactness, worst texture, worst symmetry, radius error"
17,mRMR,20,Logistic Regression,0.9649122807017544,0.9855072463768116,0.9577464788732394,0.9714285714285714,0.9990173599737963,"worst concave points, worst perimeter, worst radius, mean concave points, mean perimeter, worst area, mean radius, mean concavity, mean area, worst concavity, worst compactness, mean compactness, worst texture, radius error, perimeter error, worst symmetry, worst smoothness, area error, mean texture, concave points error"
17,mRMR,20,Random Forest,0.9298245614035088,0.9846153846153847,0.9014084507042254,0.9411764705882353,0.995250573206682,"worst concave points, worst perimeter, worst radius, mean concave points, mean perimeter, worst area, mean radius, mean concavity, mean area, worst concavity, worst compactness, mean compactness, worst texture, radius error, perimeter error, worst symmetry, worst smoothness, area error, mean texture, concave points error"
17,mRMR,20,XGBoost,0.9385964912280702,0.9848484848484849,0.9154929577464789,0.948905109489051,0.9963969865705864,"worst concave points, worst perimeter, worst radius, mean concave points, mean perimeter, worst area, mean radius, mean concavity, mean area, worst concavity, worst compactness, mean compactness, worst texture, radius error, perimeter error, worst symmetry, worst smoothness, area error, mean texture, concave points error"
17,mRMR + DODA,20,Logistic Regression,0.9649122807017544,0.9855072463768116,0.9577464788732394,0.9714285714285714,0.9990173599737963,"worst concave points, worst perimeter, worst radius, worst area, mean concave points, mean perimeter, mean radius, worst concavity, mean concavity, mean area, worst compactness, mean compactness, worst texture, worst symmetry, radius error, perimeter error, worst smoothness, area error, mean texture, mean symmetry"
17,mRMR + DODA,20,Random Forest,0.9298245614035088,0.9846153846153847,0.9014084507042254,0.9411764705882353,0.99475925319358,"worst concave points, worst perimeter, worst radius, worst area, mean concave points, mean perimeter, mean radius, worst concavity, mean concavity, mean area, worst compactness, mean compactness, worst texture, worst symmetry, radius error, perimeter error, worst smoothness, area error, mean texture, mean symmetry"
17,mRMR + DODA,20,XGBoost,0.9210526315789473,0.984375,0.8873239436619719,0.9333333333333333,0.9957418932197838,"worst concave points, worst perimeter, worst radius, worst area, mean concave points, mean perimeter, mean radius, worst concavity, mean concavity, mean area, worst compactness, mean compactness, worst texture, worst symmetry, radius error, perimeter error, worst smoothness, area error, mean texture, mean symmetry"
18,mRMR,5,Logistic Regression,0.9649122807017544,0.9594594594594594,0.9861111111111112,0.9726027397260274,0.9818121693121694,"worst concave points, worst perimeter, mean concave points, worst radius, mean perimeter"
18,mRMR,5,Random Forest,0.9473684210526315,0.9583333333333334,0.9583333333333334,0.9583333333333334,0.9839616402116402,"worst concave points, worst perimeter, mean concave points, worst radius, mean perimeter"
18,mRMR,5,XGBoost,0.956140350877193,0.958904109589041,0.9722222222222222,0.9655172413793104,0.9791666666666667,"worst concave points, worst perimeter, mean concave points, worst radius, mean perimeter"
18,mRMR + DODA,5,Logistic Regression,0.9649122807017544,0.9722222222222222,0.9722222222222222,0.9722222222222222,0.9834656084656085,"worst concave points, worst perimeter, worst radius, mean concave points, worst area"
18,mRMR + DODA,5,Random Forest,0.956140350877193,0.958904109589041,0.9722222222222222,0.9655172413793104,0.9837962962962963,"worst concave points, worst perimeter, worst radius, mean concave points, worst area"
18,mRMR + DODA,5,XGBoost,0.956140350877193,0.9466666666666667,0.9861111111111112,0.9659863945578231,0.976521164021164,"worst concave points, worst perimeter, worst radius, mean concave points, worst area"
18,mRMR,10,Logistic Regression,0.956140350877193,0.958904109589041,0.9722222222222222,0.9655172413793104,0.9791666666666667,"worst concave points, worst perimeter, mean concave points, worst radius, mean perimeter, worst area, worst concavity, mean radius, mean concavity, mean area"
18,mRMR,10,Random Forest,0.956140350877193,0.971830985915493,0.9583333333333334,0.965034965034965,0.992559523809524,"worst concave points, worst perimeter, mean concave points, worst radius, mean perimeter, worst area, worst concavity, mean radius, mean concavity, mean area"
18,mRMR,10,XGBoost,0.9649122807017544,0.9594594594594594,0.9861111111111112,0.9726027397260274,0.9847883597883599,"worst concave points, worst perimeter, mean concave points, worst radius, mean perimeter, worst area, worst concavity, mean radius, mean concavity, mean area"
18,mRMR + DODA,10,Logistic Regression,0.956140350877193,0.958904109589041,0.9722222222222222,0.9655172413793104,0.9791666666666667,"worst concave points, worst perimeter, worst radius, mean concave points, worst area, worst concavity, mean perimeter, mean radius, mean concavity, mean area"
18,mRMR + DODA,10,Random Forest,0.9649122807017544,0.9722222222222222,0.9722222222222222,0.9722222222222222,0.992559523809524,"worst concave points, worst perimeter, worst radius, mean concave points, worst area, worst concavity, mean perimeter, mean radius, mean concavity, mean area"
18,mRMR + DODA,10,XGBoost,0.9649122807017544,0.9594594594594594,0.9861111111111112,0.9726027397260274,0.9847883597883599,"worst concave points, worst perimeter, worst radius, mean concave points, worst area, worst concavity, mean perimeter, mean radius, mean concavity, mean area"
18,mRMR,15,Logistic Regression,0.9473684210526315,0.9342105263157895,0.9861111111111112,0.9594594594594594,0.9940476190476191,"worst concave points, worst perimeter, mean concave points, worst radius, mean perimeter, worst area, worst concavity, mean radius, mean concavity, mean area, worst compactness, mean compactness, worst texture, radius error, worst smoothness"
18,mRMR,15,Random Forest,0.9736842105263158,0.9726027397260274,0.9861111111111112,0.9793103448275862,0.9966931216931216,"worst concave points, worst perimeter, mean concave points, worst radius, mean perimeter, worst area, worst concavity, mean radius, mean concavity, mean area, worst compactness, mean compactness, worst texture, radius error, worst smoothness"
18,mRMR,15,XGBoost,0.9473684210526315,0.9583333333333334,0.9583333333333334,0.9583333333333334,0.992063492063492,"worst concave points, worst perimeter, mean concave points, worst radius, mean perimeter, worst area, worst concavity, mean radius, mean concavity, mean area, worst compactness, mean compactness, worst texture, radius error, worst smoothness"
18,mRMR + DODA,15,Logistic Regression,0.9473684210526315,0.9342105263157895,0.9861111111111112,0.9594594594594594,0.9940476190476191,"worst concave points, worst perimeter, worst radius, mean concave points, worst area, worst concavity, mean perimeter, mean radius, mean concavity, mean area, worst compactness, mean compactness, worst texture, radius error, worst smoothness"
18,mRMR + DODA,15,Random Forest,0.9736842105263158,0.9726027397260274,0.9861111111111112,0.9793103448275862,0.996362433862434,"worst concave points, worst perimeter, worst radius, mean concave points, worst area, worst concavity, mean perimeter, mean radius, mean concavity, mean area, worst compactness, mean compactness, worst texture, radius error, worst smoothness"
18,mRMR + DODA,15,XGBoost,0.9473684210526315,0.9583333333333334,0.9583333333333334,0.9583333333333334,0.992063492063492,"worst concave points, worst perimeter, worst radius, mean concave points, worst area, worst concavity, mean perimeter, mean radius, mean concavity, mean area, worst compactness, mean compactness, worst texture, radius error, worst smoothness"
18,mRMR,20,Logistic Regression,0.9736842105263158,0.9726027397260274,0.9861111111111112,0.9793103448275862,0.9963624338624338,"worst concave points, worst perimeter, mean concave points, worst radius, mean perimeter, worst area, worst concavity, mean radius, mean concavity, mean area, worst compactness, mean compactness, worst texture, radius error, worst smoothness, perimeter error, area error, worst symmetry, mean texture, mean smoothness"
18,mRMR,20,Random Forest,0.9736842105263158,0.9726027397260274,0.9861111111111112,0.9793103448275862,0.9991732804232804,"worst concave points, worst perimeter, mean concave points, worst radius, mean perimeter, worst area, worst concavity, mean radius, mean concavity, mean area, worst compactness, mean compactness, worst texture, radius error, worst smoothness, perimeter error, area error, worst symmetry, mean texture, mean smoothness"
18,mRMR,20,XGBoost,0.956140350877193,0.958904109589041,0.9722222222222222,0.9655172413793104,0.9937169312169313,"worst concave points, worst perimeter, mean concave points, worst radius, mean perimeter, worst area, worst concavity, mean radius, mean concavity, mean area, worst compactness, mean compactness, worst texture, radius error, worst smoothness, perimeter error, area error, worst symmetry, mean texture, mean smoothness"
18,mRMR + DODA,20,Logistic Regression,0.9736842105263158,0.9726027397260274,0.9861111111111112,0.9793103448275862,0.9963624338624338,"worst concave points, worst perimeter, worst radius, mean concave points, worst area, worst concavity, mean perimeter, mean radius, mean concavity, mean area, worst compactness, mean compactness, worst texture, radius error, worst smoothness, worst symmetry, perimeter error, area error, mean texture, mean smoothness"
18,mRMR + DODA,20,Random Forest,0.9736842105263158,0.9726027397260274,0.9861111111111112,0.9793103448275862,0.9978505291005291,"worst concave points, worst perimeter, worst radius, mean concave points, worst area, worst concavity, mean perimeter, mean radius, mean concavity, mean area, worst compactness, mean compactness, worst texture, radius error, worst smoothness, worst symmetry, perimeter error, area error, mean texture, mean smoothness"
18,mRMR + DODA,20,XGBoost,0.956140350877193,0.971830985915493,0.9583333333333334,0.965034965034965,0.9927248677248677,"worst concave points, worst perimeter, worst radius, mean concave points, worst area, worst concavity, mean perimeter, mean radius, mean concavity, mean area, worst compactness, mean compactness, worst texture, radius error, worst smoothness, worst symmetry, perimeter error, area error, mean texture, mean smoothness"
19,mRMR,5,Logistic Regression,0.9649122807017544,0.9722222222222222,0.9722222222222222,0.9722222222222222,0.9923941798941799,"worst concave points, worst perimeter, worst radius, mean concave points, mean perimeter"
19,mRMR,5,Random Forest,0.9736842105263158,0.9726027397260274,0.9861111111111112,0.9793103448275862,0.9803240740740742,"worst concave points, worst perimeter, worst radius, mean concave points, mean perimeter"
19,mRMR,5,XGBoost,0.9649122807017544,0.9594594594594594,0.9861111111111112,0.9726027397260274,0.9756944444444445,"worst concave points, worst perimeter, worst radius, mean concave points, mean perimeter"
19,mRMR + DODA,5,Logistic Regression,0.9649122807017544,0.9722222222222222,0.9722222222222222,0.9722222222222222,0.9927248677248677,"worst concave points, worst perimeter, worst radius, worst area, mean concave points"
19,mRMR + DODA,5,Random Forest,0.9473684210526315,0.9583333333333334,0.9583333333333334,0.9583333333333334,0.9776785714285714,"worst concave points, worst perimeter, worst radius, worst area, mean concave points"
19,mRMR + DODA,5,XGBoost,0.9473684210526315,0.9583333333333334,0.9583333333333334,0.9583333333333334,0.9738756613756614,"worst concave points, worst perimeter, worst radius, worst area, mean concave points"
19,mRMR,10,Logistic Regression,0.9649122807017544,0.9722222222222222,0.9722222222222222,0.9722222222222222,0.9937169312169312,"worst concave points, worst perimeter, worst radius, mean concave points, mean perimeter, worst area, mean radius, mean concavity, mean area, worst concavity"
19,mRMR,10,Random Forest,0.9824561403508771,0.972972972972973,1.0,0.9863013698630136,0.9818121693121693,"worst concave points, worst perimeter, worst radius, mean concave points, mean perimeter, worst area, mean radius, mean concavity, mean area, worst concavity"
19,mRMR,10,XGBoost,0.956140350877193,0.9466666666666667,0.9861111111111112,0.9659863945578231,0.9768518518518519,"worst concave points, worst perimeter, worst radius, mean concave points, mean perimeter, worst area, mean radius, mean concavity, mean area, worst concavity"
19,mRMR + DODA,10,Logistic Regression,0.9649122807017544,0.9722222222222222,0.9722222222222222,0.9722222222222222,0.9937169312169312,"worst concave points, worst perimeter, worst radius, worst area, mean concave points, mean perimeter, mean radius, worst concavity, mean concavity, mean area"
19,mRMR + DODA,10,Random Forest,0.9736842105263158,0.9726027397260274,0.9861111111111112,0.9793103448275862,0.9814814814814814,"worst concave points, worst perimeter, worst radius, worst area, mean concave points, mean perimeter, mean radius, worst concavity, mean concavity, mean area"
19,mRMR + DODA,10,XGBoost,0.956140350877193,0.9466666666666667,0.9861111111111112,0.9659863945578231,0.9768518518518519,"worst concave points, worst perimeter, worst radius, worst area, mean concave points, mean perimeter, mean radius, worst concavity, mean concavity, mean area"
19,mRMR,15,Logistic Regression,0.956140350877193,0.971830985915493,0.9583333333333334,0.965034965034965,0.9957010582010583,"worst concave points, worst perimeter, worst radius, mean concave points, mean perimeter, worst area, mean radius, mean concavity, mean area, worst concavity, worst compactness, radius error, mean compactness, worst texture, area error"
19,mRMR,15,Random Forest,0.9824561403508771,0.972972972972973,1.0,0.9863013698630136,0.982638888888889,"worst concave points, worst perimeter, worst radius, mean concave points, mean perimeter, worst area, mean radius, mean concavity, mean area, worst concavity, worst compactness, radius error, mean compactness, worst texture, area error"
19,mRMR,15,XGBoost,0.9912280701754386,0.9863013698630136,1.0,0.993103448275862,0.9966931216931216,"worst concave points, worst perimeter, worst radius, mean concave points, mean perimeter, worst area, mean radius, mean concavity, mean area, worst concavity, worst compactness, radius error, mean compactness, worst texture, area error"
19,mRMR + DODA,15,Logistic Regression,0.9473684210526315,0.9714285714285714,0.9444444444444444,0.9577464788732394,0.9960317460317459,"worst concave points, worst perimeter, worst radius, worst area, mean concave points, mean perimeter, mean radius, worst concavity, mean concavity, mean area, worst compactness, mean compactness, worst texture, radius error, worst symmetry"
19,mRMR + DODA,15,Random Forest,0.9824561403508771,0.972972972972973,1.0,0.9863013698630136,0.9819775132275133,"worst concave points, worst perimeter, worst radius, worst area, mean concave points, mean perimeter, mean radius, worst concavity, mean concavity, mean area, worst compactness, mean compactness, worst texture, radius error, worst symmetry"
19,mRMR + DODA,15,XGBoost,0.9912280701754386,0.9863013698630136,1.0,0.993103448275862,0.9963624338624338,"worst concave points, worst perimeter, worst radius, worst area, mean concave points, mean perimeter, mean radius, worst concavity, mean concavity, mean area, worst compactness, mean compactness, worst texture, radius error, worst symmetry"
19,mRMR,20,Logistic Regression,0.9736842105263158,0.9859154929577465,0.9722222222222222,0.9790209790209791,0.998015873015873,"worst concave points, worst perimeter, worst radius, mean concave points, mean perimeter, worst area, mean radius, mean concavity, mean area, worst concavity, worst compactness, radius error, mean compactness, worst texture, area error, perimeter error, worst symmetry, mean texture, worst smoothness, concave points error"
19,mRMR,20,Random Forest,0.9824561403508771,0.9861111111111112,0.9861111111111112,0.9861111111111112,0.9938822751322751,"worst concave points, worst perimeter, worst radius, mean concave points, mean perimeter, worst area, mean radius, mean concavity, mean area, worst concavity, worst compactness, radius error, mean compactness, worst texture, area error, perimeter error, worst symmetry, mean texture, worst smoothness, concave points error"
19,mRMR,20,XGBoost,0.9912280701754386,0.9863013698630136,1.0,0.993103448275862,0.9976851851851851,"worst concave points, worst perimeter, worst radius, mean concave points, mean perimeter, worst area, mean radius, mean concavity, mean area, worst concavity, worst compactness, radius error, mean compactness, worst texture, area error, perimeter error, worst symmetry, mean texture, worst smoothness, concave points error"
19,mRMR + DODA,20,Logistic Regression,0.9736842105263158,0.9859154929577465,0.9722222222222222,0.9790209790209791,0.998015873015873,"worst concave points, worst perimeter, worst radius, worst area, mean concave points, mean perimeter, mean radius, worst concavity, mean concavity, mean area, worst compactness, mean compactness, worst texture, radius error, worst symmetry, area error, perimeter error, mean texture, worst smoothness, concave points error"
19,mRMR + DODA,20,Random Forest,0.9912280701754386,0.9863013698630136,1.0,0.993103448275862,0.9942129629629628,"worst concave points, worst perimeter, worst radius, worst area, mean concave points, mean perimeter, mean radius, worst concavity, mean concavity, mean area, worst compactness, mean compactness, worst texture, radius error, worst symmetry, area error, perimeter error, mean texture, worst smoothness, concave points error"
19,mRMR + DODA,20,XGBoost,0.9912280701754386,0.9863013698630136,1.0,0.993103448275862,0.9976851851851851,"worst concave points, worst perimeter, worst radius, worst area, mean concave points, mean perimeter, mean radius, worst concavity, mean concavity, mean area, worst compactness, mean compactness, worst texture, radius error, worst symmetry, area error, perimeter error, mean texture, worst smoothness, concave points error"
20,mRMR,5,Logistic Regression,0.9734513274336283,0.9857142857142858,0.971830985915493,0.9787234042553191,0.98859825620389,"worst perimeter, worst concave points, worst radius, mean concave points, mean perimeter"
20,mRMR,5,Random Forest,0.9469026548672567,0.9710144927536232,0.9436619718309859,0.9571428571428572,0.9810529845741113,"worst perimeter, worst concave points, worst radius, mean concave points, mean perimeter"
20,mRMR,5,XGBoost,0.9469026548672567,0.9710144927536232,0.9436619718309859,0.9571428571428572,0.971495640509725,"worst perimeter, worst concave points, worst radius, mean concave points, mean perimeter"
20,mRMR + DODA,5,Logistic Regression,0.9557522123893806,0.9714285714285714,0.9577464788732394,0.9645390070921985,0.9885982562038901,"worst perimeter, worst concave points, worst radius, worst area, mean concave points"
20,mRMR + DODA,5,Random Forest,0.9380530973451328,0.9705882352941176,0.9295774647887324,0.9496402877697842,0.9797116029510395,"worst perimeter, worst concave points, worst radius, worst area, mean concave points"
20,mRMR + DODA,5,XGBoost,0.9469026548672567,0.9710144927536232,0.9436619718309859,0.9571428571428572,0.9698189134808853,"worst perimeter, worst concave points, worst radius, worst area, mean concave points"
20,mRMR,10,Logistic Regression,0.9557522123893806,0.9852941176470589,0.9436619718309859,0.9640287769784173,0.9862508383635145,"worst perimeter, worst concave points, worst radius, mean concave points, mean perimeter, worst area, mean radius, mean concavity, worst concavity, mean area"
20,mRMR,10,Random Forest,0.9469026548672567,0.9710144927536232,0.9436619718309859,0.9571428571428572,0.9805499664654594,"worst perimeter, worst concave points, worst radius, mean concave points, mean perimeter, worst area, mean radius, mean concavity, worst concavity, mean area"
20,mRMR,10,XGBoost,0.9557522123893806,0.9714285714285714,0.9577464788732394,0.9645390070921985,0.9751844399731724,"worst perimeter, worst concave points, worst radius, mean concave points, mean perimeter, worst area, mean radius, mean concavity, worst concavity, mean area"
20,mRMR + DODA,10,Logistic Regression,0.9557522123893806,0.9852941176470589,0.9436619718309859,0.9640287769784173,0.9862508383635145,"worst perimeter, worst concave points, worst radius, worst area, mean concave points, mean perimeter, worst concavity, mean radius, mean concavity, mean area"
20,mRMR + DODA,10,Random Forest,0.9557522123893806,0.9714285714285714,0.9577464788732394,0.9645390070921985,0.9803822937625755,"worst perimeter, worst concave points, worst radius, worst area, mean concave points, mean perimeter, worst concavity, mean radius, mean concavity, mean area"
20,mRMR + DODA,10,XGBoost,0.9557522123893806,0.9714285714285714,0.9577464788732394,0.9645390070921985,0.9751844399731724,"worst perimeter, worst concave points, worst radius, worst area, mean concave points, mean perimeter, worst concavity, mean radius, mean concavity, mean area"
20,mRMR,15,Logistic Regression,0.9734513274336283,0.9857142857142858,0.971830985915493,0.9787234042553191,0.9922870556673373,"worst perimeter, worst concave points, worst radius, mean concave points, mean perimeter, worst area, mean radius, mean concavity, worst concavity, mean area, worst compactness, mean compactness, worst texture, radius error, worst symmetry"
20,mRMR,15,Random Forest,0.9734513274336283,0.9857142857142858,0.971830985915493,0.9787234042553191,0.9817236753856472,"worst perimeter, worst concave points, worst radius, mean concave points, mean perimeter, worst area, mean radius, mean concavity, worst concavity, mean area, worst compactness, mean compactness, worst texture, radius error, worst symmetry"
20,mRMR,15,XGBoost,0.9734513274336283,0.9857142857142858,0.971830985915493,0.9787234042553191,0.9859154929577465,"worst perimeter, worst concave points, worst radius, mean concave points, mean perimeter, worst area, mean radius, mean concavity, worst concavity, mean area, worst compactness, mean compactness, worst texture, radius error, worst symmetry"
20,mRMR + DODA,15,Logistic Regression,0.9734513274336283,0.9857142857142858,0.971830985915493,0.9787234042553191,0.9922870556673373,"worst perimeter, worst concave points, worst radius, worst area, mean concave points, mean perimeter, worst concavity, mean radius, mean concavity, mean area, worst compactness, mean compactness, worst texture, worst symmetry, radius error"
20,mRMR + DODA,15,Random Forest,0.9734513274336283,0.9857142857142858,0.971830985915493,0.9787234042553191,0.9813883299798793,"worst perimeter, worst concave points, worst radius, worst area, mean concave points, mean perimeter, worst concavity, mean radius, mean concavity, mean area, worst compactness, mean compactness, worst texture, worst symmetry, radius error"
20,mRMR + DODA,15,XGBoost,0.9734513274336283,0.9857142857142858,0.971830985915493,0.9787234042553191,0.9859154929577465,"worst perimeter, worst concave points, worst radius, worst area, mean concave points, mean perimeter, worst concavity, mean radius, mean concavity, mean area, worst compactness, mean compactness, worst texture, worst symmetry, radius error"
20,mRMR,20,Logistic Regression,0.9823008849557522,0.9859154929577465,0.9859154929577465,0.9859154929577465,0.9916163648558014,"worst perimeter, worst concave points, worst radius, mean concave points, mean perimeter, worst area, mean radius, mean concavity, worst concavity, mean area, worst compactness, mean compactness, worst texture, radius error, worst symmetry, perimeter error, mean texture, worst smoothness, area error, concave points error"
20,mRMR,20,Random Forest,0.9734513274336283,0.9857142857142858,0.971830985915493,0.9787234042553191,0.9897719651240777,"worst perimeter, worst concave points, worst radius, mean concave points, mean perimeter, worst area, mean radius, mean concavity, worst concavity, mean area, worst compactness, mean compactness, worst texture, radius error, worst symmetry, perimeter error, mean texture, worst smoothness, area error, concave points error"
20,mRMR,20,XGBoost,0.9734513274336283,0.9857142857142858,0.971830985915493,0.9787234042553191,0.9818913480885313,"worst perimeter, worst concave points, worst radius, mean concave points, mean perimeter, worst area, mean radius, mean concavity, worst concavity, mean area, worst compactness, mean compactness, worst texture, radius error, worst symmetry, perimeter error, mean texture, worst smoothness, area error, concave points error"
20,mRMR + DODA,20,Logistic Regression,0.9823008849557522,0.9859154929577465,0.9859154929577465,0.9859154929577465,0.9916163648558014,"worst perimeter, worst concave points, worst radius, worst area, mean concave points, mean perimeter, worst concavity, mean radius, mean concavity, mean area, worst compactness, mean compactness, worst texture, worst symmetry, radius error, perimeter error, mean texture, worst smoothness, area error, concave points error"
20,mRMR + DODA,20,Random Forest,0.9734513274336283,0.9857142857142858,0.971830985915493,0.9787234042553191,0.9815560026827633,"worst perimeter, worst concave points, worst radius, worst area, mean concave points, mean perimeter, worst concavity, mean radius, mean concavity, mean area, worst compactness, mean compactness, worst texture, worst symmetry, radius error, perimeter error, mean texture, worst smoothness, area error, concave points error"
20,mRMR + DODA,20,XGBoost,0.9734513274336283,0.9857142857142858,0.971830985915493,0.9787234042553191,0.9818913480885313,"worst perimeter, worst concave points, worst radius, worst area, mean concave points, mean perimeter, worst concavity, mean radius, mean concavity, mean area, worst compactness, mean compactness, worst texture, worst symmetry, radius error, perimeter error, mean texture, worst smoothness, area error, concave points error"
21,mRMR,5,Logistic Regression,0.9298245614035088,0.92,0.971830985915493,0.9452054794520548,0.9859154929577465,"worst concave points, worst perimeter, worst radius, mean concave points, mean perimeter"
21,mRMR,5,Random Forest,0.9210526315789473,0.9078947368421053,0.971830985915493,0.9387755102040817,0.9669177857844743,"worst concave points, worst perimeter, worst radius, mean concave points, mean perimeter"
21,mRMR,5,XGBoost,0.9298245614035088,0.92,0.971830985915493,0.9452054794520548,0.9651162790697675,"worst concave points, worst perimeter, worst radius, mean concave points, mean perimeter"
21,mRMR + DODA,5,Logistic Regression,0.9210526315789473,0.918918918918919,0.9577464788732394,0.9379310344827586,0.9849328529315426,"worst concave points, worst perimeter, worst radius, worst area, mean concave points"
21,mRMR + DODA,5,Random Forest,0.9122807017543859,0.8961038961038961,0.971830985915493,0.9324324324324325,0.9651162790697674,"worst concave points, worst perimeter, worst radius, worst area, mean concave points"
21,mRMR + DODA,5,XGBoost,0.9298245614035088,0.92,0.971830985915493,0.9452054794520548,0.9536521454307239,"worst concave points, worst perimeter, worst radius, worst area, mean concave points"
21,mRMR,10,Logistic Regression,0.9122807017543859,0.9178082191780822,0.9436619718309859,0.9305555555555556,0.9855879462823451,"worst concave points, worst perimeter, worst radius, mean concave points, mean perimeter, worst area, mean radius, mean concavity, mean area, worst concavity"
21,mRMR,10,Random Forest,0.9122807017543859,0.9066666666666666,0.9577464788732394,0.9315068493150684,0.9687192924991812,"worst concave points, worst perimeter, worst radius, mean concave points, mean perimeter, worst area, mean radius, mean concavity, mean area, worst concavity"
21,mRMR,10,XGBoost,0.9298245614035088,0.92,0.971830985915493,0.9452054794520548,0.966590239109073,"worst concave points, worst perimeter, worst radius, mean concave points, mean perimeter, worst area, mean radius, mean concavity, mean area, worst concavity"
21,mRMR + DODA,10,Logistic Regression,0.9122807017543859,0.9178082191780822,0.9436619718309859,0.9305555555555556,0.9855879462823451,"worst concave points, worst perimeter, worst radius, worst area, mean concave points, mean perimeter, mean radius, worst concavity, mean concavity, mean area"
21,mRMR + DODA,10,Random Forest,0.9210526315789473,0.9078947368421053,0.971830985915493,0.9387755102040817,0.9672453324598755,"worst concave points, worst perimeter, worst radius, worst area, mean concave points, mean perimeter, mean radius, worst concavity, mean concavity, mean area"
21,mRMR + DODA,10,XGBoost,0.9298245614035088,0.92,0.971830985915493,0.9452054794520548,0.966590239109073,"worst concave points, worst perimeter, worst radius, worst area, mean concave points, mean perimeter, mean radius, worst concavity, mean concavity, mean area"
21,mRMR,15,Logistic Regression,0.9649122807017544,0.958904109589041,0.9859154929577465,0.9722222222222222,0.9941041598427776,"worst concave points, worst perimeter, worst radius, mean concave points, mean perimeter, worst area, mean radius, mean concavity, mean area, worst concavity, worst compactness, mean compactness, radius error, worst texture, perimeter error"
21,mRMR,15,Random Forest,0.9210526315789473,0.9078947368421053,0.971830985915493,0.9387755102040817,0.9711758925646905,"worst concave points, worst perimeter, worst radius, mean concave points, mean perimeter, worst area, mean radius, mean concavity, mean area, worst concavity, worst compactness, mean compactness, radius error, worst texture, perimeter error"
21,mRMR,15,XGBoost,0.9298245614035088,0.92,0.971830985915493,0.9452054794520548,0.9906649197510644,"worst concave points, worst perimeter, worst radius, mean concave points, mean perimeter, worst area, mean radius, mean concavity, mean area, worst concavity, worst compactness, mean compactness, radius error, worst texture, perimeter error"
21,mRMR + DODA,15,Logistic Regression,0.9736842105263158,0.9722222222222222,0.9859154929577465,0.9790209790209791,0.9957418932197839,"worst concave points, worst perimeter, worst radius, worst area, mean concave points, mean perimeter, mean radius, worst concavity, mean concavity, mean area, worst compactness, mean compactness, worst texture, radius error, worst symmetry"
21,mRMR + DODA,15,Random Forest,0.9298245614035088,0.92,0.971830985915493,0.9452054794520548,0.9754339993449066,"worst concave points, worst perimeter, worst radius, worst area, mean concave points, mean perimeter, mean radius, worst concavity, mean concavity, mean area, worst compactness, mean compactness, worst texture, radius error, worst symmetry"
21,mRMR + DODA,15,XGBoost,0.9385964912280702,0.9324324324324325,0.971830985915493,0.9517241379310345,0.9914837864395676,"worst concave points, worst perimeter, worst radius, worst area, mean concave points, mean perimeter, mean radius, worst concavity, mean concavity, mean area, worst compactness, mean compactness, worst texture, radius error, worst symmetry"
21,mRMR,20,Logistic Regression,0.9824561403508771,0.9859154929577465,0.9859154929577465,0.9859154929577465,0.9980347199475925,"worst concave points, worst perimeter, worst radius, mean concave points, mean perimeter, worst area, mean radius, mean concavity, mean area, worst concavity, worst compactness, mean compactness, radius error, worst texture, perimeter error, worst symmetry, area error, worst smoothness, mean texture, concave points error"
21,mRMR,20,Random Forest,0.9385964912280702,0.9444444444444444,0.9577464788732394,0.951048951048951,0.985260399606944,"worst concave points, worst perimeter, worst radius, mean concave points, mean perimeter, worst area, mean radius, mean concavity, mean area, worst concavity, worst compactness, mean compactness, radius error, worst texture, perimeter error, worst symmetry, area error, worst smoothness, mean texture, concave points error"
21,mRMR,20,XGBoost,0.9473684210526315,0.9333333333333333,0.9859154929577465,0.958904109589041,0.9908286930887651,"worst concave points, worst perimeter, worst radius, mean concave points, mean perimeter, worst area, mean radius, mean concavity, mean area, worst concavity, worst compactness, mean compactness, radius error, worst texture, perimeter error, worst symmetry, area error, worst smoothness, mean texture, concave points error"
21,mRMR + DODA,20,Logistic Regression,0.9736842105263158,0.9722222222222222,0.9859154929577465,0.9790209790209791,0.9977071732721913,"worst concave points, worst perimeter, worst radius, worst area, mean concave points, mean perimeter, mean radius, worst concavity, mean concavity, mean area, worst compactness, mean compactness, worst texture, radius error, worst symmetry, perimeter error, area error, worst smoothness, mean texture, mean symmetry"
21,mRMR + DODA,20,Random Forest,0.9298245614035088,0.9090909090909091,0.9859154929577465,0.9459459459459459,0.974451359318703,"worst concave points, worst perimeter, worst radius, worst area, mean concave points, mean perimeter, mean radius, worst concavity, mean concavity, mean area, worst compactness, mean compactness, worst texture, radius error, worst symmetry, perimeter error, area error, worst smoothness, mean texture, mean symmetry"
21,mRMR + DODA,20,XGBoost,0.9473684210526315,0.9333333333333333,0.9859154929577465,0.958904109589041,0.9911562397641664,"worst concave points, worst perimeter, worst radius, worst area, mean concave points, mean perimeter, mean radius, worst concavity, mean concavity, mean area, worst compactness, mean compactness, worst texture, radius error, worst symmetry, perimeter error, area error, worst smoothness, mean texture, mean symmetry"
22,mRMR,5,Logistic Regression,0.9649122807017544,0.9855072463768116,0.9577464788732394,0.9714285714285714,0.9882083196855552,"worst concave points, worst perimeter, worst radius, mean concave points, mean perimeter"
22,mRMR,5,Random Forest,0.956140350877193,0.9714285714285714,0.9577464788732394,0.9645390070921985,0.9808385194890272,"worst concave points, worst perimeter, worst radius, mean concave points, mean perimeter"
22,mRMR,5,XGBoost,0.9473684210526315,0.9710144927536232,0.9436619718309859,0.9571428571428572,0.9736324926301998,"worst concave points, worst perimeter, worst radius, mean concave points, mean perimeter"
22,mRMR + DODA,5,Logistic Regression,0.9649122807017544,0.9855072463768116,0.9577464788732394,0.9714285714285714,0.987880773010154,"worst concave points, worst perimeter, worst radius, worst area, mean concave points"
22,mRMR + DODA,5,Random Forest,0.956140350877193,0.9714285714285714,0.9577464788732394,0.9645390070921985,0.9795283327874222,"worst concave points, worst perimeter, worst radius, worst area, mean concave points"
22,mRMR + DODA,5,XGBoost,0.9473684210526315,0.9452054794520548,0.971830985915493,0.9583333333333334,0.9726498526039961,"worst concave points, worst perimeter, worst radius, worst area, mean concave points"
22,mRMR,10,Logistic Regression,0.9473684210526315,0.9850746268656716,0.9295774647887324,0.9565217391304348,0.9868981329839502,"worst concave points, worst perimeter, worst radius, mean concave points, mean perimeter, worst area, mean radius, worst concavity, mean concavity, mean area"
22,mRMR,10,Random Forest,0.9473684210526315,0.9710144927536232,0.9436619718309859,0.9571428571428572,0.980510972813626,"worst concave points, worst perimeter, worst radius, mean concave points, mean perimeter, worst area, mean radius, worst concavity, mean concavity, mean area"
22,mRMR,10,XGBoost,0.9649122807017544,0.9855072463768116,0.9577464788732394,0.9714285714285714,0.9754339993449066,"worst concave points, worst perimeter, worst radius, mean concave points, mean perimeter, worst area, mean radius, worst concavity, mean concavity, mean area"
22,mRMR + DODA,10,Logistic Regression,0.9473684210526315,0.9850746268656716,0.9295774647887324,0.9565217391304348,0.9868981329839502,"worst concave points, worst perimeter, worst radius, worst area, mean concave points, mean perimeter, worst concavity, mean radius, mean concavity, mean area"
22,mRMR + DODA,10,Random Forest,0.9649122807017544,0.971830985915493,0.971830985915493,0.971830985915493,0.981329839502129,"worst concave points, worst perimeter, worst radius, worst area, mean concave points, mean perimeter, worst concavity, mean radius, mean concavity, mean area"
22,mRMR + DODA,10,XGBoost,0.9649122807017544,0.9855072463768116,0.9577464788732394,0.9714285714285714,0.9754339993449066,"worst concave points, worst perimeter, worst radius, worst area, mean concave points, mean perimeter, worst concavity, mean radius, mean concavity, mean area"
22,mRMR,15,Logistic Regression,0.956140350877193,0.9714285714285714,0.9577464788732394,0.9645390070921985,0.9901735997379626,"worst concave points, worst perimeter, worst radius, mean concave points, mean perimeter, worst area, mean radius, worst concavity, mean concavity, mean area, worst compactness, worst texture, mean compactness, radius error, perimeter error"
22,mRMR,15,Random Forest,0.9649122807017544,0.971830985915493,0.971830985915493,0.971830985915493,0.9849328529315426,"worst concave points, worst perimeter, worst radius, mean concave points, mean perimeter, worst area, mean radius, worst concavity, mean concavity, mean area, worst compactness, worst texture, mean compactness, radius error, perimeter error"
22,mRMR,15,XGBoost,0.9649122807017544,0.958904109589041,0.9859154929577465,0.9722222222222222,0.9895185063871601,"worst concave points, worst perimeter, worst radius, mean concave points, mean perimeter, worst area, mean radius, worst concavity, mean concavity, mean area, worst compactness, worst texture, mean compactness, radius error, perimeter error"
22,mRMR + DODA,15,Logistic Regression,0.9736842105263158,0.9722222222222222,0.9859154929577465,0.9790209790209791,0.9872256796593515,"worst concave points, worst perimeter, worst radius, worst area, mean concave points, mean perimeter, worst concavity, mean radius, mean concavity, mean area, worst compactness, mean compactness, worst texture, radius error, worst symmetry"
22,mRMR + DODA,15,Random Forest,0.9649122807017544,0.971830985915493,0.971830985915493,0.971830985915493,0.9793645594497216,"worst concave points, worst perimeter, worst radius, worst area, mean concave points, mean perimeter, worst concavity, mean radius, mean concavity, mean area, worst compactness, mean compactness, worst texture, radius error, worst symmetry"
22,mRMR + DODA,15,XGBoost,0.9736842105263158,0.9722222222222222,0.9859154929577465,0.9790209790209791,0.9895185063871602,"worst concave points, worst perimeter, worst radius, worst area, mean concave points, mean perimeter, worst concavity, mean radius, mean concavity, mean area, worst compactness, mean compactness, worst texture, radius error, worst symmetry"
22,mRMR,20,Logistic Regression,0.9649122807017544,0.971830985915493,0.971830985915493,0.971830985915493,0.9872256796593515,"worst concave points, worst perimeter, worst radius, mean concave points, mean perimeter, worst area, mean radius, worst concavity, mean concavity, mean area, worst compactness, worst texture, mean compactness, radius error, perimeter error, area error, worst symmetry, mean texture, worst smoothness, concave points error"
22,mRMR,20,Random Forest,0.9736842105263158,0.9722222222222222,0.9859154929577465,0.9790209790209791,0.9798558794628235,"worst concave points, worst perimeter, worst radius, mean concave points, mean perimeter, worst area, mean radius, worst concavity, mean concavity, mean area, worst compactness, worst texture, mean compactness, radius error, perimeter error, area error, worst symmetry, mean texture, worst smoothness, concave points error"
22,mRMR,20,XGBoost,0.9649122807017544,0.958904109589041,0.9859154929577465,0.9722222222222222,0.9882083196855551,"worst concave points, worst perimeter, worst radius, mean concave points, mean perimeter, worst area, mean radius, worst concavity, mean concavity, mean area, worst compactness, worst texture, mean compactness, radius error, perimeter error, area error, worst symmetry, mean texture, worst smoothness, concave points error"
22,mRMR + DODA,20,Logistic Regression,0.9649122807017544,0.971830985915493,0.971830985915493,0.971830985915493,0.9872256796593515,"worst concave points, worst perimeter, worst radius, worst area, mean concave points, mean perimeter, worst concavity, mean radius, mean concavity, mean area, worst compactness, mean compactness, worst texture, radius error, worst symmetry, perimeter error, area error, mean texture, worst smoothness, concave points error"
22,mRMR + DODA,20,Random Forest,0.9649122807017544,0.971830985915493,0.971830985915493,0.971830985915493,0.9906649197510645,"worst concave points, worst perimeter, worst radius, worst area, mean concave points, mean perimeter, worst concavity, mean radius, mean concavity, mean area, worst compactness, mean compactness, worst texture, radius error, worst symmetry, perimeter error, area error, mean texture, worst smoothness, concave points error"
22,mRMR + DODA,20,XGBoost,0.9649122807017544,0.958904109589041,0.9859154929577465,0.9722222222222222,0.9882083196855551,"worst concave points, worst perimeter, worst radius, worst area, mean concave points, mean perimeter, worst concavity, mean radius, mean concavity, mean area, worst compactness, mean compactness, worst texture, radius error, worst symmetry, perimeter error, area error, mean texture, worst smoothness, concave points error"
23,mRMR,5,Logistic Regression,0.956140350877193,0.971830985915493,0.9583333333333334,0.965034965034965,0.9801587301587302,"worst concave points, worst perimeter, mean concave points, worst radius, mean concavity"
23,mRMR,5,Random Forest,0.9385964912280702,0.922077922077922,0.9861111111111112,0.9530201342281879,0.970734126984127,"worst concave points, worst perimeter, mean concave points, worst radius, mean concavity"
23,mRMR,5,XGBoost,0.9385964912280702,0.9452054794520548,0.9583333333333334,0.9517241379310345,0.9867724867724867,"worst concave points, worst perimeter, mean concave points, worst radius, mean concavity"
23,mRMR + DODA,5,Logistic Regression,0.956140350877193,0.971830985915493,0.9583333333333334,0.965034965034965,0.9828042328042328,"worst concave points, worst perimeter, worst radius, mean concave points, worst concavity"
23,mRMR + DODA,5,Random Forest,0.956140350877193,0.935064935064935,1.0,0.9664429530201343,0.9869378306878307,"worst concave points, worst perimeter, worst radius, mean concave points, worst concavity"
23,mRMR + DODA,5,XGBoost,0.9385964912280702,0.922077922077922,0.9861111111111112,0.9530201342281879,0.9821428571428572,"worst concave points, worst perimeter, worst radius, mean concave points, worst concavity"
23,mRMR,10,Logistic Regression,0.9649122807017544,0.9722222222222222,0.9722222222222222,0.9722222222222222,0.9801587301587302,"worst concave points, worst perimeter, mean concave points, worst radius, mean concavity, mean perimeter, worst concavity, worst area, mean radius, mean area"
23,mRMR,10,Random Forest,0.956140350877193,0.935064935064935,1.0,0.9664429530201343,0.9862764550264551,"worst concave points, worst perimeter, mean concave points, worst radius, mean concavity, mean perimeter, worst concavity, worst area, mean radius, mean area"
23,mRMR,10,XGBoost,0.9385964912280702,0.9333333333333333,0.9722222222222222,0.9523809523809523,0.9775132275132274,"worst concave points, worst perimeter, mean concave points, worst radius, mean concavity, mean perimeter, worst concavity, worst area, mean radius, mean area"
23,mRMR + DODA,10,Logistic Regression,0.9649122807017544,0.9722222222222222,0.9722222222222222,0.9722222222222222,0.9801587301587302,"worst concave points, worst perimeter, worst radius, mean concave points, worst concavity, mean concavity, worst area, mean perimeter, mean radius, mean area"
23,mRMR + DODA,10,Random Forest,0.9473684210526315,0.9342105263157895,0.9861111111111112,0.9594594594594594,0.9899140211640212,"worst concave points, worst perimeter, worst radius, mean concave points, worst concavity, mean concavity, worst area, mean perimeter, mean radius, mean area"
23,mRMR + DODA,10,XGBoost,0.9385964912280702,0.9333333333333333,0.9722222222222222,0.9523809523809523,0.9775132275132274,"worst concave points, worst perimeter, worst radius, mean concave points, worst concavity, mean concavity, worst area, mean perimeter, mean radius, mean area"
23,mRMR,15,Logistic Regression,0.956140350877193,0.971830985915493,0.9583333333333334,0.965034965034965,0.9917328042328043,"worst concave points, worst perimeter, mean concave points, worst radius, mean concavity, mean perimeter, worst concavity, worst area, mean radius, mean area, worst compactness, mean compactness, worst texture, radius error, worst smoothness"
23,mRMR,15,Random Forest,0.9649122807017544,0.9473684210526315,1.0,0.972972972972973,0.9958664021164021,"worst concave points, worst perimeter, mean concave points, worst radius, mean concavity, mean perimeter, worst concavity, worst area, mean radius, mean area, worst compactness, mean compactness, worst texture, radius error, worst smoothness"
23,mRMR,15,XGBoost,0.9473684210526315,0.9459459459459459,0.9722222222222222,0.958904109589041,0.994378306878307,"worst concave points, worst perimeter, mean concave points, worst radius, mean concavity, mean perimeter, worst concavity, worst area, mean radius, mean area, worst compactness, mean compactness, worst texture, radius error, worst smoothness"
23,mRMR + DODA,15,Logistic Regression,0.9298245614035088,0.9571428571428572,0.9305555555555556,0.9436619718309859,0.9880952380952381,"worst concave points, worst perimeter, worst radius, mean concave points, worst concavity, mean concavity, worst area, mean perimeter, mean radius, mean area, worst compactness, mean compactness, worst texture, worst symmetry, radius error"
23,mRMR + DODA,15,Random Forest,0.956140350877193,0.9466666666666667,0.9861111111111112,0.9659863945578231,0.9940476190476191,"worst concave points, worst perimeter, worst radius, mean concave points, worst concavity, mean concavity, worst area, mean perimeter, mean radius, mean area, worst compactness, mean compactness, worst texture, worst symmetry, radius error"
23,mRMR + DODA,15,XGBoost,0.9649122807017544,0.9473684210526315,1.0,0.972972972972973,0.9970238095238095,"worst concave points, worst perimeter, worst radius, mean concave points, worst concavity, mean concavity, worst area, mean perimeter, mean radius, mean area, worst compactness, mean compactness, worst texture, worst symmetry, radius error"
23,mRMR,20,Logistic Regression,0.9473684210526315,0.9714285714285714,0.9444444444444444,0.9577464788732394,0.9917328042328042,"worst concave points, worst perimeter, mean concave points, worst radius, mean concavity, mean perimeter, worst concavity, worst area, mean radius, mean area, worst compactness, mean compactness, worst texture, radius error, worst smoothness, worst symmetry, perimeter error, area error, mean texture, concave points error"
23,mRMR,20,Random Forest,0.9736842105263158,0.96,1.0,0.9795918367346939,0.9965277777777779,"worst concave points, worst perimeter, mean concave points, worst radius, mean concavity, mean perimeter, worst concavity, worst area, mean radius, mean area, worst compactness, mean compactness, worst texture, radius error, worst smoothness, worst symmetry, perimeter error, area error, mean texture, concave points error"
23,mRMR,20,XGBoost,0.9473684210526315,0.9342105263157895,0.9861111111111112,0.9594594594594594,0.9953703703703703,"worst concave points, worst perimeter, mean concave points, worst radius, mean concavity, mean perimeter, worst concavity, worst area, mean radius, mean area, worst compactness, mean compactness, worst texture, radius error, worst smoothness, worst symmetry, perimeter error, area error, mean texture, concave points error"
23,mRMR + DODA,20,Logistic Regression,0.9473684210526315,0.9714285714285714,0.9444444444444444,0.9577464788732394,0.9917328042328042,"worst concave points, worst perimeter, worst radius, mean concave points, worst concavity, mean concavity, worst area, mean perimeter, mean radius, mean area, worst compactness, mean compactness, worst texture, worst symmetry, radius error, worst smoothness, perimeter error, area error, mean texture, concave points error"
23,mRMR + DODA,20,Random Forest,0.956140350877193,0.9466666666666667,0.9861111111111112,0.9659863945578231,0.9938822751322751,"worst concave points, worst perimeter, worst radius, mean concave points, worst concavity, mean concavity, worst area, mean perimeter, mean radius, mean area, worst compactness, mean compactness, worst texture, worst symmetry, radius error, worst smoothness, perimeter error, area error, mean texture, concave points error"
23,mRMR + DODA,20,XGBoost,0.9473684210526315,0.9342105263157895,0.9861111111111112,0.9594594594594594,0.9953703703703703,"worst concave points, worst perimeter, worst radius, mean concave points, worst concavity, mean concavity, worst area, mean perimeter, mean radius, mean area, worst compactness, mean compactness, worst texture, worst symmetry, radius error, worst smoothness, perimeter error, area error, mean texture, concave points error"
24,mRMR,5,Logistic Regression,0.9210526315789473,0.9846153846153847,0.8888888888888888,0.9343065693430657,0.9897486772486772,"worst perimeter, worst concave points, worst radius, mean concave points, mean perimeter"
24,mRMR,5,Random Forest,0.9210526315789473,0.9846153846153847,0.8888888888888888,0.9343065693430657,0.9804894179894179,"worst perimeter, worst concave points, worst radius, mean concave points, mean perimeter"
24,mRMR,5,XGBoost,0.9298245614035088,0.9848484848484849,0.9027777777777778,0.9420289855072463,0.9821428571428572,"worst perimeter, worst concave points, worst radius, mean concave points, mean perimeter"
24,mRMR + DODA,5,Logistic Regression,0.9210526315789473,0.9846153846153847,0.8888888888888888,0.9343065693430657,0.9897486772486772,"worst perimeter, worst concave points, worst radius, worst area, mean concave points"
24,mRMR + DODA,5,Random Forest,0.9210526315789473,0.9846153846153847,0.8888888888888888,0.9343065693430657,0.9833002645502646,"worst perimeter, worst concave points, worst radius, worst area, mean concave points"
24,mRMR + DODA,5,XGBoost,0.9210526315789473,0.9846153846153847,0.8888888888888888,0.9343065693430657,0.9834656084656086,"worst perimeter, worst concave points, worst radius, worst area, mean concave points"
24,mRMR,10,Logistic Regression,0.9210526315789473,0.9846153846153847,0.8888888888888888,0.9343065693430657,0.9907407407407407,"worst perimeter, worst concave points, worst radius, mean concave points, mean perimeter, worst area, mean radius, mean area, mean concavity, worst concavity"
24,mRMR,10,Random Forest,0.9298245614035088,0.9848484848484849,0.9027777777777778,0.9420289855072463,0.9904100529100528,"worst perimeter, worst concave points, worst radius, mean concave points, mean perimeter, worst area, mean radius, mean area, mean concavity, worst concavity"
24,mRMR,10,XGBoost,0.9385964912280702,0.9850746268656716,0.9166666666666666,0.9496402877697842,0.990079365079365,"worst perimeter, worst concave points, worst radius, mean concave points, mean perimeter, worst area, mean radius, mean area, mean concavity, worst concavity"
24,mRMR + DODA,10,Logistic Regression,0.9210526315789473,0.9846153846153847,0.8888888888888888,0.9343065693430657,0.9907407407407407,"worst perimeter, worst concave points, worst radius, worst area, mean concave points, mean perimeter, mean radius, worst concavity, mean area, mean concavity"
24,mRMR + DODA,10,Random Forest,0.9385964912280702,0.9850746268656716,0.9166666666666666,0.9496402877697842,0.9917328042328041,"worst perimeter, worst concave points, worst radius, worst area, mean concave points, mean perimeter, mean radius, worst concavity, mean area, mean concavity"
24,mRMR + DODA,10,XGBoost,0.9385964912280702,0.9850746268656716,0.9166666666666666,0.9496402877697842,0.990079365079365,"worst perimeter, worst concave points, worst radius, worst area, mean concave points, mean perimeter, mean radius, worst concavity, mean area, mean concavity"
24,mRMR,15,Logistic Regression,0.9824561403508771,0.9861111111111112,0.9861111111111112,0.9861111111111112,0.9986772486772486,"worst perimeter, worst concave points, worst radius, mean concave points, mean perimeter, worst area, mean radius, mean area, mean concavity, worst concavity, worst compactness, radius error, worst texture, mean compactness, perimeter error"
24,mRMR,15,Random Forest,0.9385964912280702,0.9850746268656716,0.9166666666666666,0.9496402877697842,0.9938822751322751,"worst perimeter, worst concave points, worst radius, mean concave points, mean perimeter, worst area, mean radius, mean area, mean concavity, worst concavity, worst compactness, radius error, worst texture, mean compactness, perimeter error"
24,mRMR,15,XGBoost,0.956140350877193,0.9855072463768116,0.9444444444444444,0.9645390070921985,0.9963624338624338,"worst perimeter, worst concave points, worst radius, mean concave points, mean perimeter, worst area, mean radius, mean area, mean concavity, worst concavity, worst compactness, radius error, worst texture, mean compactness, perimeter error"
24,mRMR + DODA,15,Logistic Regression,0.9824561403508771,0.9861111111111112,0.9861111111111112,0.9861111111111112,0.9986772486772486,"worst perimeter, worst concave points, worst radius, worst area, mean concave points, mean perimeter, mean radius, worst concavity, mean area, mean concavity, worst compactness, mean compactness, worst texture, radius error, perimeter error"
24,mRMR + DODA,15,Random Forest,0.9210526315789473,0.9846153846153847,0.8888888888888888,0.9343065693430657,0.9937169312169312,"worst perimeter, worst concave points, worst radius, worst area, mean concave points, mean perimeter, mean radius, worst concavity, mean area, mean concavity, worst compactness, mean compactness, worst texture, radius error, perimeter error"
24,mRMR + DODA,15,XGBoost,0.956140350877193,0.9855072463768116,0.9444444444444444,0.9645390070921985,0.9963624338624338,"worst perimeter, worst concave points, worst radius, worst area, mean concave points, mean perimeter, mean radius, worst concavity, mean area, mean concavity, worst compactness, mean compactness, worst texture, radius error, perimeter error"
24,mRMR,20,Logistic Regression,0.9912280701754386,0.9863013698630136,1.0,0.993103448275862,0.9963624338624338,"worst perimeter, worst concave points, worst radius, mean concave points, mean perimeter, worst area, mean radius, mean area, mean concavity, worst concavity, worst compactness, radius error, worst texture, mean compactness, perimeter error, worst smoothness, area error, worst symmetry, mean texture, concave points error"
24,mRMR,20,Random Forest,0.9385964912280702,0.9850746268656716,0.9166666666666666,0.9496402877697842,0.9930555555555556,"worst perimeter, worst concave points, worst radius, mean concave points, mean perimeter, worst area, mean radius, mean area, mean concavity, worst concavity, worst compactness, radius error, worst texture, mean compactness, perimeter error, worst smoothness, area error, worst symmetry, mean texture, concave points error"
24,mRMR,20,XGBoost,0.9473684210526315,0.9852941176470589,0.9305555555555556,0.9571428571428572,0.9947089947089947,"worst perimeter, worst concave points, worst radius, mean concave points, mean perimeter, worst area, mean radius, mean area, mean concavity, worst concavity, worst compactness, radius error, worst texture, mean compactness, perimeter error, worst smoothness, area error, worst symmetry, mean texture, concave points error"
24,mRMR + DODA,20,Logistic Regression,0.9912280701754386,0.9863013698630136,1.0,0.993103448275862,0.9966931216931216,"worst perimeter, worst concave points, worst radius, worst area, mean concave points, mean perimeter, mean radius, worst concavity, mean area, mean concavity, worst compactness, mean compactness, worst texture, radius error, perimeter error, worst symmetry, worst smoothness, area error, mean texture, mean symmetry"
24,mRMR + DODA,20,Random Forest,0.9298245614035088,0.9848484848484849,0.9027777777777778,0.9420289855072463,0.9927248677248677,"worst perimeter, worst concave points, worst radius, worst area, mean concave points, mean perimeter, mean radius, worst concavity, mean area, mean concavity, worst compactness, mean compactness, worst texture, radius error, perimeter error, worst symmetry, worst smoothness, area error, mean texture, mean symmetry"
24,mRMR + DODA,20,XGBoost,0.9736842105263158,0.9859154929577465,0.9722222222222222,0.9790209790209791,0.9947089947089947,"worst perimeter, worst concave points, worst radius, worst area, mean concave points, mean perimeter, mean radius, worst concavity, mean area, mean concavity, worst compactness, mean compactness, worst texture, radius error, perimeter error, worst symmetry, worst smoothness, area error, mean texture, mean symmetry"
25,mRMR,5,Logistic Regression,0.9557522123893806,0.9852941176470589,0.9436619718309859,0.9640287769784173,0.9932930918846412,"worst concave points, worst radius, mean concave points, worst perimeter, worst area"
25,mRMR,5,Random Forest,0.9469026548672567,0.9850746268656716,0.9295774647887324,0.9565217391304348,0.9914486921529175,"worst concave points, worst radius, mean concave points, worst perimeter, worst area"
25,mRMR,5,XGBoost,0.9380530973451328,0.9848484848484849,0.9154929577464789,0.948905109489051,0.9966465459423206,"worst concave points, worst radius, mean concave points, worst perimeter, worst area"
25,mRMR + DODA,5,Logistic Regression,0.9557522123893806,0.9852941176470589,0.9436619718309859,0.9640287769784173,0.9932930918846412,"worst concave points, worst radius, worst perimeter, worst area, mean concave points"
25,mRMR + DODA,5,Random Forest,0.9469026548672567,0.9850746268656716,0.9295774647887324,0.9565217391304348,0.9922870556673373,"worst concave points, worst radius, worst perimeter, worst area, mean concave points"
25,mRMR + DODA,5,XGBoost,0.9380530973451328,0.9848484848484849,0.9154929577464789,0.948905109489051,0.9966465459423206,"worst concave points, worst radius, worst perimeter, worst area, mean concave points"
25,mRMR,10,Logistic Regression,0.9557522123893806,0.9852941176470589,0.9436619718309859,0.9640287769784173,0.9942991281019451,"worst concave points, worst radius, mean concave points, worst perimeter, worst area, mean perimeter, mean radius, mean concavity, mean area, worst concavity"
25,mRMR,10,Random Forest,0.9469026548672567,0.9850746268656716,0.9295774647887324,0.9565217391304348,0.9946344735077131,"worst concave points, worst radius, mean concave points, worst perimeter, worst area, mean perimeter, mean radius, mean concavity, mean area, worst concavity"
25,mRMR,10,XGBoost,0.9557522123893806,0.9852941176470589,0.9436619718309859,0.9640287769784173,0.9949698189134809,"worst concave points, worst radius, mean concave points, worst perimeter, worst area, mean perimeter, mean radius, mean concavity, mean area, worst concavity"
25,mRMR + DODA,10,Logistic Regression,0.9557522123893806,0.9852941176470589,0.9436619718309859,0.9640287769784173,0.9942991281019451,"worst concave points, worst radius, worst perimeter, worst area, mean concave points, mean perimeter, mean radius, worst concavity, mean concavity, mean area"
25,mRMR + DODA,10,Random Forest,0.9557522123893806,0.9852941176470589,0.9436619718309859,0.9640287769784173,0.9931254191817572,"worst concave points, worst radius, worst perimeter, worst area, mean concave points, mean perimeter, mean radius, worst concavity, mean concavity, mean area"
25,mRMR + DODA,10,XGBoost,0.9557522123893806,0.9852941176470589,0.9436619718309859,0.9640287769784173,0.9979879275653923,"worst concave points, worst radius, worst perimeter, worst area, mean concave points, mean perimeter, mean radius, worst concavity, mean concavity, mean area"
25,mRMR,15,Logistic Regression,0.9734513274336283,0.9857142857142858,0.971830985915493,0.9787234042553191,0.9989939637826961,"worst concave points, worst radius, mean concave points, worst perimeter, worst area, mean perimeter, mean radius, mean concavity, mean area, worst concavity, worst compactness, worst texture, radius error, mean compactness, area error"
25,mRMR,15,Random Forest,0.9646017699115044,0.9855072463768116,0.9577464788732394,0.9714285714285714,0.9976525821596244,"worst concave points, worst radius, mean concave points, worst perimeter, worst area, mean perimeter, mean radius, mean concavity, mean area, worst concavity, worst compactness, worst texture, radius error, mean compactness, area error"
25,mRMR,15,XGBoost,0.9823008849557522,1.0,0.971830985915493,0.9857142857142858,0.9986586183769282,"worst concave points, worst radius, mean concave points, worst perimeter, worst area, mean perimeter, mean radius, mean concavity, mean area, worst concavity, worst compactness, worst texture, radius error, mean compactness, area error"
25,mRMR + DODA,15,Logistic Regression,0.9734513274336283,0.9857142857142858,0.971830985915493,0.9787234042553191,0.9989939637826961,"worst concave points, worst radius, worst perimeter, worst area, mean concave points, mean perimeter, mean radius, worst concavity, mean concavity, mean area, worst compactness, mean compactness, worst texture, radius error, area error"
25,mRMR + DODA,15,Random Forest,0.9734513274336283,0.9857142857142858,0.971830985915493,0.9787234042553191,0.9964788732394366,"worst concave points, worst radius, worst perimeter, worst area, mean concave points, mean perimeter, mean radius, worst concavity, mean concavity, mean area, worst compactness, mean compactness, worst texture, radius error, area error"
25,mRMR + DODA,15,XGBoost,0.9823008849557522,1.0,0.971830985915493,0.9857142857142858,0.9986586183769282,"worst concave points, worst radius, worst perimeter, worst area, mean concave points, mean perimeter, mean radius, worst concavity, mean concavity, mean area, worst compactness, mean compactness, worst texture, radius error, area error"
25,mRMR,20,Logistic Regression,1.0,1.0,1.0,1.0,1.0,"worst concave points, worst radius, mean concave points, worst perimeter, worst area, mean perimeter, mean radius, mean concavity, mean area, worst concavity, worst compactness, worst texture, radius error, mean compactness, area error, perimeter error, worst smoothness, mean texture, worst symmetry, concave points error"
25,mRMR,20,Random Forest,0.9734513274336283,1.0,0.9577464788732394,0.9784172661870504,0.9991616364855801,"worst concave points, worst radius, mean concave points, worst perimeter, worst area, mean perimeter, mean radius, mean concavity, mean area, worst concavity, worst compactness, worst texture, radius error, mean compactness, area error, perimeter error, worst smoothness, mean texture, worst symmetry, concave points error"
25,mRMR,20,XGBoost,0.9823008849557522,1.0,0.971830985915493,0.9857142857142858,0.9993293091884641,"worst concave points, worst radius, mean concave points, worst perimeter, worst area, mean perimeter, mean radius, mean concavity, mean area, worst concavity, worst compactness, worst texture, radius error, mean compactness, area error, perimeter error, worst smoothness, mean texture, worst symmetry, concave points error"
25,mRMR + DODA,20,Logistic Regression,1.0,1.0,1.0,1.0,1.0,"worst concave points, worst radius, worst perimeter, worst area, mean concave points, mean perimeter, mean radius, worst concavity, mean concavity, mean area, worst compactness, mean compactness, worst texture, radius error, area error, perimeter error, worst symmetry, worst smoothness, mean texture, concave points error"
25,mRMR + DODA,20,Random Forest,0.9823008849557522,1.0,0.971830985915493,0.9857142857142858,0.9993293091884641,"worst concave points, worst radius, worst perimeter, worst area, mean concave points, mean perimeter, mean radius, worst concavity, mean concavity, mean area, worst compactness, mean compactness, worst texture, radius error, area error, perimeter error, worst symmetry, worst smoothness, mean texture, concave points error"
25,mRMR + DODA,20,XGBoost,0.9823008849557522,1.0,0.971830985915493,0.9857142857142858,0.9993293091884641,"worst concave points, worst radius, worst perimeter, worst area, mean concave points, mean perimeter, mean radius, worst concavity, mean concavity, mean area, worst compactness, mean compactness, worst texture, radius error, area error, perimeter error, worst symmetry, worst smoothness, mean texture, concave points error"
