Run,Method,Top_K,Model,Accuracy,Precision,Recall,F1,ROC_AUC,Selected_Features
1,RF,5,Logistic Regression,0.9385964912280702,1.0,0.9014084507042254,0.9481481481481482,0.9977071732721913,"worst area, worst concave points, mean concave points, worst perimeter, worst radius"
1,RF,5,Random Forest,0.9385964912280702,0.9848484848484849,0.9154929577464789,0.948905109489051,0.9963969865705864,"worst area, worst concave points, mean concave points, worst perimeter, worst radius"
1,RF,5,XGBoost,0.9385964912280702,0.9848484848484849,0.9154929577464789,0.948905109489051,0.9967245332459875,"worst area, worst concave points, mean concave points, worst perimeter, worst radius"
1,RF + DODA,5,Logistic Regression,0.9385964912280702,1.0,0.9014084507042254,0.9481481481481482,0.9977071732721913,"worst area, worst concave points, worst perimeter, mean concave points, worst radius"
1,RF + DODA,5,Random Forest,0.9473684210526315,0.9850746268656716,0.9295774647887324,0.9565217391304348,0.9959056665574845,"worst area, worst concave points, worst perimeter, mean concave points, worst radius"
1,RF + DODA,5,XGBoost,0.9385964912280702,0.9848484848484849,0.9154929577464789,0.948905109489051,0.9967245332459875,"worst area, worst concave points, worst perimeter, mean concave points, worst radius"
1,RF,10,Logistic Regression,0.9473684210526315,1.0,0.9154929577464789,0.9558823529411765,0.9990173599737963,"worst area, worst concave points, mean concave points, worst perimeter, worst radius, mean perimeter, mean radius, mean area, mean concavity, area error"
1,RF,10,Random Forest,0.956140350877193,0.9852941176470589,0.9436619718309859,0.9640287769784173,0.9970520799213888,"worst area, worst concave points, mean concave points, worst perimeter, worst radius, mean perimeter, mean radius, mean area, mean concavity, area error"
1,RF,10,XGBoost,0.9473684210526315,0.9850746268656716,0.9295774647887324,0.9565217391304348,0.9973796265967901,"worst area, worst concave points, mean concave points, worst perimeter, worst radius, mean perimeter, mean radius, mean area, mean concavity, area error"
1,RF + DODA,10,Logistic Regression,0.9298245614035088,1.0,0.8873239436619719,0.9402985074626866,0.99737962659679,"worst area, worst concave points, worst perimeter, mean concave points, worst radius, mean perimeter, mean radius, mean area, worst concavity, mean concavity"
1,RF + DODA,10,Random Forest,0.956140350877193,0.9852941176470589,0.9436619718309859,0.9640287769784173,0.9975433999344907,"worst area, worst concave points, worst perimeter, mean concave points, worst radius, mean perimeter, mean radius, mean area, worst concavity, mean concavity"
1,RF + DODA,10,XGBoost,0.956140350877193,0.9852941176470589,0.9436619718309859,0.9640287769784173,0.9963969865705863,"worst area, worst concave points, worst perimeter, mean concave points, worst radius, mean perimeter, mean radius, mean area, worst concavity, mean concavity"
1,RF,15,Logistic Regression,0.9385964912280702,0.9848484848484849,0.9154929577464789,0.948905109489051,0.99737962659679,"worst area, worst concave points, mean concave points, worst perimeter, worst radius, mean perimeter, mean radius, mean area, mean concavity, area error, worst concavity, mean texture, worst texture, radius error, worst compactness"
1,RF,15,Random Forest,0.956140350877193,1.0,0.9295774647887324,0.9635036496350365,0.9970520799213888,"worst area, worst concave points, mean concave points, worst perimeter, worst radius, mean perimeter, mean radius, mean area, mean concavity, area error, worst concavity, mean texture, worst texture, radius error, worst compactness"
1,RF,15,XGBoost,0.9649122807017544,0.9855072463768116,0.9577464788732394,0.9714285714285714,0.9967245332459875,"worst area, worst concave points, mean concave points, worst perimeter, worst radius, mean perimeter, mean radius, mean area, mean concavity, area error, worst concavity, mean texture, worst texture, radius error, worst compactness"
1,RF + DODA,15,Logistic Regression,0.9385964912280702,0.9848484848484849,0.9154929577464789,0.948905109489051,0.99737962659679,"worst area, worst concave points, worst perimeter, mean concave points, worst radius, mean perimeter, mean radius, mean area, worst concavity, mean concavity, area error, worst compactness, worst texture, mean texture, mean compactness"
1,RF + DODA,15,Random Forest,0.956140350877193,1.0,0.9295774647887324,0.9635036496350365,0.9981984932852932,"worst area, worst concave points, worst perimeter, mean concave points, worst radius, mean perimeter, mean radius, mean area, worst concavity, mean concavity, area error, worst compactness, worst texture, mean texture, mean compactness"
1,RF + DODA,15,XGBoost,0.956140350877193,0.9852941176470589,0.9436619718309859,0.9640287769784173,0.9970520799213888,"worst area, worst concave points, worst perimeter, mean concave points, worst radius, mean perimeter, mean radius, mean area, worst concavity, mean concavity, area error, worst compactness, worst texture, mean texture, mean compactness"
1,RF,20,Logistic Regression,0.9649122807017544,1.0,0.9436619718309859,0.9710144927536232,0.9993449066491975,"worst area, worst concave points, mean concave points, worst perimeter, worst radius, mean perimeter, mean radius, mean area, mean concavity, area error, worst concavity, mean texture, worst texture, radius error, worst compactness, mean compactness, worst smoothness, perimeter error, mean smoothness, worst symmetry"
1,RF,20,Random Forest,0.9649122807017544,1.0,0.9436619718309859,0.9710144927536232,0.9983622666229938,"worst area, worst concave points, mean concave points, worst perimeter, worst radius, mean perimeter, mean radius, mean area, mean concavity, area error, worst concavity, mean texture, worst texture, radius error, worst compactness, mean compactness, worst smoothness, perimeter error, mean smoothness, worst symmetry"
1,RF,20,XGBoost,0.9736842105263158,0.9857142857142858,0.971830985915493,0.9787234042553191,0.9980347199475925,"worst area, worst concave points, mean concave points, worst perimeter, worst radius, mean perimeter, mean radius, mean area, mean concavity, area error, worst concavity, mean texture, worst texture, radius error, worst compactness, mean compactness, worst smoothness, perimeter error, mean smoothness, worst symmetry"
1,RF + DODA,20,Logistic Regression,0.9649122807017544,1.0,0.9436619718309859,0.9710144927536232,0.9993449066491975,"worst area, worst concave points, worst perimeter, mean concave points, worst radius, mean perimeter, mean radius, mean area, worst concavity, mean concavity, area error, worst compactness, worst texture, mean texture, mean compactness, radius error, worst smoothness, perimeter error, worst symmetry, mean smoothness"
1,RF + DODA,20,Random Forest,0.9649122807017544,1.0,0.9436619718309859,0.9710144927536232,0.998689813298395,"worst area, worst concave points, worst perimeter, mean concave points, worst radius, mean perimeter, mean radius, mean area, worst concavity, mean concavity, area error, worst compactness, worst texture, mean texture, mean compactness, radius error, worst smoothness, perimeter error, worst symmetry, mean smoothness"
1,RF + DODA,20,XGBoost,0.9736842105263158,0.9857142857142858,0.971830985915493,0.9787234042553191,0.9983622666229938,"worst area, worst concave points, worst perimeter, mean concave points, worst radius, mean perimeter, mean radius, mean area, worst concavity, mean concavity, area error, worst compactness, worst texture, mean texture, mean compactness, radius error, worst smoothness, perimeter error, worst symmetry, mean smoothness"
2,RF,5,Logistic Regression,0.9210526315789473,0.918918918918919,0.9577464788732394,0.9379310344827586,0.9777268260727154,"worst area, worst concave points, worst perimeter, mean concave points, mean perimeter"
2,RF,5,Random Forest,0.9122807017543859,0.9066666666666666,0.9577464788732394,0.9315068493150684,0.9695381591876842,"worst area, worst concave points, worst perimeter, mean concave points, mean perimeter"
2,RF,5,XGBoost,0.9122807017543859,0.9178082191780822,0.9436619718309859,0.9305555555555556,0.9503766786767114,"worst area, worst concave points, worst perimeter, mean concave points, mean perimeter"
2,RF + DODA,5,Logistic Regression,0.9210526315789473,0.918918918918919,0.9577464788732394,0.9379310344827586,0.9777268260727154,"worst area, worst concave points, worst perimeter, mean concave points, mean perimeter"
2,RF + DODA,5,Random Forest,0.9122807017543859,0.9066666666666666,0.9577464788732394,0.9315068493150684,0.9695381591876842,"worst area, worst concave points, worst perimeter, mean concave points, mean perimeter"
2,RF + DODA,5,XGBoost,0.9122807017543859,0.9178082191780822,0.9436619718309859,0.9305555555555556,0.9503766786767114,"worst area, worst concave points, worst perimeter, mean concave points, mean perimeter"
2,RF,10,Logistic Regression,0.9385964912280702,0.9444444444444444,0.9577464788732394,0.951048951048951,0.9796921061251228,"worst area, worst concave points, worst perimeter, mean concave points, mean perimeter, mean area, worst radius, mean concavity, mean radius, worst concavity"
2,RF,10,Random Forest,0.9210526315789473,0.918918918918919,0.9577464788732394,0.9379310344827586,0.9710121192269898,"worst area, worst concave points, worst perimeter, mean concave points, mean perimeter, mean area, worst radius, mean concavity, mean radius, worst concavity"
2,RF,10,XGBoost,0.9122807017543859,0.9178082191780822,0.9436619718309859,0.9305555555555556,0.951850638716017,"worst area, worst concave points, worst perimeter, mean concave points, mean perimeter, mean area, worst radius, mean concavity, mean radius, worst concavity"
2,RF + DODA,10,Logistic Regression,0.9385964912280702,0.9444444444444444,0.9577464788732394,0.951048951048951,0.9796921061251228,"worst area, worst concave points, worst perimeter, mean concave points, mean perimeter, worst radius, mean area, mean concavity, mean radius, worst concavity"
2,RF + DODA,10,Random Forest,0.9298245614035088,0.9315068493150684,0.9577464788732394,0.9444444444444444,0.9710121192269898,"worst area, worst concave points, worst perimeter, mean concave points, mean perimeter, worst radius, mean area, mean concavity, mean radius, worst concavity"
2,RF + DODA,10,XGBoost,0.9122807017543859,0.9178082191780822,0.9436619718309859,0.9305555555555556,0.951850638716017,"worst area, worst concave points, worst perimeter, mean concave points, mean perimeter, worst radius, mean area, mean concavity, mean radius, worst concavity"
2,RF,15,Logistic Regression,0.9649122807017544,0.958904109589041,0.9859154929577465,0.9722222222222222,0.99475925319358,"worst area, worst concave points, worst perimeter, mean concave points, mean perimeter, mean area, worst radius, mean concavity, mean radius, worst concavity, area error, worst texture, radius error, worst compactness, mean compactness"
2,RF,15,Random Forest,0.9473684210526315,0.9452054794520548,0.971830985915493,0.9583333333333334,0.9780543727481167,"worst area, worst concave points, worst perimeter, mean concave points, mean perimeter, mean area, worst radius, mean concavity, mean radius, worst concavity, area error, worst texture, radius error, worst compactness, mean compactness"
2,RF,15,XGBoost,0.9298245614035088,0.9315068493150684,0.9577464788732394,0.9444444444444444,0.9901735997379626,"worst area, worst concave points, worst perimeter, mean concave points, mean perimeter, mean area, worst radius, mean concavity, mean radius, worst concavity, area error, worst texture, radius error, worst compactness, mean compactness"
2,RF + DODA,15,Logistic Regression,0.9649122807017544,0.958904109589041,0.9859154929577465,0.9722222222222222,0.99475925319358,"worst area, worst concave points, worst perimeter, mean concave points, mean perimeter, worst radius, mean area, mean concavity, mean radius, worst concavity, area error, worst compactness, mean compactness, worst texture, radius error"
2,RF + DODA,15,Random Forest,0.956140350877193,0.9583333333333334,0.971830985915493,0.965034965034965,0.9870619063216509,"worst area, worst concave points, worst perimeter, mean concave points, mean perimeter, worst radius, mean area, mean concavity, mean radius, worst concavity, area error, worst compactness, mean compactness, worst texture, radius error"
2,RF + DODA,15,XGBoost,0.9298245614035088,0.9315068493150684,0.9577464788732394,0.9444444444444444,0.9901735997379626,"worst area, worst concave points, worst perimeter, mean concave points, mean perimeter, worst radius, mean area, mean concavity, mean radius, worst concavity, area error, worst compactness, mean compactness, worst texture, radius error"
2,RF,20,Logistic Regression,0.9736842105263158,0.9594594594594594,1.0,0.9793103448275862,0.9970520799213888,"worst area, worst concave points, worst perimeter, mean concave points, mean perimeter, mean area, worst radius, mean concavity, mean radius, worst concavity, area error, worst texture, radius error, worst compactness, mean compactness, perimeter error, worst smoothness, worst symmetry, mean texture, mean smoothness"
2,RF,20,Random Forest,0.956140350877193,0.9583333333333334,0.971830985915493,0.965034965034965,0.9875532263347527,"worst area, worst concave points, worst perimeter, mean concave points, mean perimeter, mean area, worst radius, mean concavity, mean radius, worst concavity, area error, worst texture, radius error, worst compactness, mean compactness, perimeter error, worst smoothness, worst symmetry, mean texture, mean smoothness"
2,RF,20,XGBoost,0.9473684210526315,0.9452054794520548,0.971830985915493,0.9583333333333334,0.9924664264657713,"worst area, worst concave points, worst perimeter, mean concave points, mean perimeter, mean area, worst radius, mean concavity, mean radius, worst concavity, area error, worst texture, radius error, worst compactness, mean compactness, perimeter error, worst smoothness, worst symmetry, mean texture, mean smoothness"
2,RF + DODA,20,Logistic Regression,0.9736842105263158,0.9594594594594594,1.0,0.9793103448275862,0.9970520799213888,"worst area, worst concave points, worst perimeter, mean concave points, mean perimeter, worst radius, mean area, mean concavity, mean radius, worst concavity, area error, worst compactness, mean compactness, worst texture, radius error, worst symmetry, perimeter error, worst smoothness, mean texture, mean smoothness"
2,RF + DODA,20,Random Forest,0.9473684210526315,0.9452054794520548,0.971830985915493,0.9583333333333334,0.9886996396986572,"worst area, worst concave points, worst perimeter, mean concave points, mean perimeter, worst radius, mean area, mean concavity, mean radius, worst concavity, area error, worst compactness, mean compactness, worst texture, radius error, worst symmetry, perimeter error, worst smoothness, mean texture, mean smoothness"
2,RF + DODA,20,XGBoost,0.9473684210526315,0.9452054794520548,0.971830985915493,0.9583333333333334,0.9924664264657713,"worst area, worst concave points, worst perimeter, mean concave points, mean perimeter, worst radius, mean area, mean concavity, mean radius, worst concavity, area error, worst compactness, mean compactness, worst texture, radius error, worst symmetry, perimeter error, worst smoothness, mean texture, mean smoothness"
3,RF,5,Logistic Regression,0.9473684210526315,0.9583333333333334,0.9583333333333334,0.9583333333333334,0.9791666666666666,"worst area, worst concave points, worst perimeter, mean concave points, worst radius"
3,RF,5,Random Forest,0.956140350877193,0.958904109589041,0.9722222222222222,0.9655172413793104,0.9740410052910053,"worst area, worst concave points, worst perimeter, mean concave points, worst radius"
3,RF,5,XGBoost,0.9210526315789473,0.9315068493150684,0.9444444444444444,0.9379310344827586,0.957010582010582,"worst area, worst concave points, worst perimeter, mean concave points, worst radius"
3,RF + DODA,5,Logistic Regression,0.9473684210526315,0.9583333333333334,0.9583333333333334,0.9583333333333334,0.9791666666666666,"worst area, worst concave points, worst perimeter, worst radius, mean concave points"
3,RF + DODA,5,Random Forest,0.9649122807017544,0.9594594594594594,0.9861111111111112,0.9726027397260274,0.9728835978835979,"worst area, worst concave points, worst perimeter, worst radius, mean concave points"
3,RF + DODA,5,XGBoost,0.9210526315789473,0.9315068493150684,0.9444444444444444,0.9379310344827586,0.957010582010582,"worst area, worst concave points, worst perimeter, worst radius, mean concave points"
3,RF,10,Logistic Regression,0.9473684210526315,0.9583333333333334,0.9583333333333334,0.9583333333333334,0.9814814814814815,"worst area, worst concave points, worst perimeter, mean concave points, worst radius, mean perimeter, mean concavity, mean area, area error, mean radius"
3,RF,10,Random Forest,0.9649122807017544,0.9594594594594594,0.9861111111111112,0.9726027397260274,0.9818121693121693,"worst area, worst concave points, worst perimeter, mean concave points, worst radius, mean perimeter, mean concavity, mean area, area error, mean radius"
3,RF,10,XGBoost,0.9385964912280702,0.9452054794520548,0.9583333333333334,0.9517241379310345,0.9675925925925926,"worst area, worst concave points, worst perimeter, mean concave points, worst radius, mean perimeter, mean concavity, mean area, area error, mean radius"
3,RF + DODA,10,Logistic Regression,0.9473684210526315,0.9583333333333334,0.9583333333333334,0.9583333333333334,0.9781746031746031,"worst area, worst concave points, worst perimeter, worst radius, mean concave points, mean perimeter, mean concavity, mean area, worst concavity, mean radius"
3,RF + DODA,10,Random Forest,0.956140350877193,0.958904109589041,0.9722222222222222,0.9655172413793104,0.9747023809523809,"worst area, worst concave points, worst perimeter, worst radius, mean concave points, mean perimeter, mean concavity, mean area, worst concavity, mean radius"
3,RF + DODA,10,XGBoost,0.9385964912280702,0.9333333333333333,0.9722222222222222,0.9523809523809523,0.9699074074074073,"worst area, worst concave points, worst perimeter, worst radius, mean concave points, mean perimeter, mean concavity, mean area, worst concavity, mean radius"
3,RF,15,Logistic Regression,0.9649122807017544,0.9594594594594594,0.9861111111111112,0.9726027397260274,0.9871031746031746,"worst area, worst concave points, worst perimeter, mean concave points, worst radius, mean perimeter, mean concavity, mean area, area error, mean radius, worst concavity, mean texture, worst texture, radius error, worst compactness"
3,RF,15,Random Forest,0.9736842105263158,0.96,1.0,0.9795918367346939,0.9867724867724867,"worst area, worst concave points, worst perimeter, mean concave points, worst radius, mean perimeter, mean concavity, mean area, area error, mean radius, worst concavity, mean texture, worst texture, radius error, worst compactness"
3,RF,15,XGBoost,0.956140350877193,0.958904109589041,0.9722222222222222,0.9655172413793104,0.986441798941799,"worst area, worst concave points, worst perimeter, mean concave points, worst radius, mean perimeter, mean concavity, mean area, area error, mean radius, worst concavity, mean texture, worst texture, radius error, worst compactness"
3,RF + DODA,15,Logistic Regression,0.9649122807017544,0.9594594594594594,0.9861111111111112,0.9726027397260274,0.9857804232804233,"worst area, worst concave points, worst perimeter, worst radius, mean concave points, mean perimeter, mean concavity, mean area, worst concavity, mean radius, area error, worst compactness, worst texture, mean compactness, mean texture"
3,RF + DODA,15,Random Forest,0.9736842105263158,0.96,1.0,0.9795918367346939,0.9834656084656085,"worst area, worst concave points, worst perimeter, worst radius, mean concave points, mean perimeter, mean concavity, mean area, worst concavity, mean radius, area error, worst compactness, worst texture, mean compactness, mean texture"
3,RF + DODA,15,XGBoost,0.9736842105263158,0.96,1.0,0.9795918367346939,0.9890873015873016,"worst area, worst concave points, worst perimeter, worst radius, mean concave points, mean perimeter, mean concavity, mean area, worst concavity, mean radius, area error, worst compactness, worst texture, mean compactness, mean texture"
3,RF,20,Logistic Regression,0.9736842105263158,0.9726027397260274,0.9861111111111112,0.9793103448275862,0.986111111111111,"worst area, worst concave points, worst perimeter, mean concave points, worst radius, mean perimeter, mean concavity, mean area, area error, mean radius, worst concavity, mean texture, worst texture, radius error, worst compactness, perimeter error, mean compactness, worst smoothness, worst symmetry, compactness error"
3,RF,20,Random Forest,0.9736842105263158,0.96,1.0,0.9795918367346939,0.986441798941799,"worst area, worst concave points, worst perimeter, mean concave points, worst radius, mean perimeter, mean concavity, mean area, area error, mean radius, worst concavity, mean texture, worst texture, radius error, worst compactness, perimeter error, mean compactness, worst smoothness, worst symmetry, compactness error"
3,RF,20,XGBoost,0.9473684210526315,0.9459459459459459,0.9722222222222222,0.958904109589041,0.9857804232804233,"worst area, worst concave points, worst perimeter, mean concave points, worst radius, mean perimeter, mean concavity, mean area, area error, mean radius, worst concavity, mean texture, worst texture, radius error, worst compactness, perimeter error, mean compactness, worst smoothness, worst symmetry, compactness error"
3,RF + DODA,20,Logistic Regression,0.9824561403508771,0.972972972972973,1.0,0.9863013698630136,0.9854497354497354,"worst area, worst concave points, worst perimeter, worst radius, mean concave points, mean perimeter, mean concavity, mean area, worst concavity, mean radius, area error, worst compactness, worst texture, mean compactness, mean texture, radius error, perimeter error, worst smoothness, worst symmetry, concavity error"
3,RF + DODA,20,Random Forest,0.9736842105263158,0.9726027397260274,0.9861111111111112,0.9793103448275862,0.9849537037037037,"worst area, worst concave points, worst perimeter, worst radius, mean concave points, mean perimeter, mean concavity, mean area, worst concavity, mean radius, area error, worst compactness, worst texture, mean compactness, mean texture, radius error, perimeter error, worst smoothness, worst symmetry, concavity error"
3,RF + DODA,20,XGBoost,0.956140350877193,0.9466666666666667,0.9861111111111112,0.9659863945578231,0.9871031746031746,"worst area, worst concave points, worst perimeter, worst radius, mean concave points, mean perimeter, mean concavity, mean area, worst concavity, mean radius, area error, worst compactness, worst texture, mean compactness, mean texture, radius error, perimeter error, worst smoothness, worst symmetry, concavity error"
4,RF,5,Logistic Regression,0.9473684210526315,1.0,0.9166666666666666,0.9565217391304348,0.9937169312169312,"worst area, mean concave points, worst concave points, worst perimeter, mean concavity"
4,RF,5,Random Forest,0.9385964912280702,0.9850746268656716,0.9166666666666666,0.9496402877697842,0.9877645502645502,"worst area, mean concave points, worst concave points, worst perimeter, mean concavity"
4,RF,5,XGBoost,0.9385964912280702,0.9850746268656716,0.9166666666666666,0.9496402877697842,0.9874338624338624,"worst area, mean concave points, worst concave points, worst perimeter, mean concavity"
4,RF + DODA,5,Logistic Regression,0.956140350877193,1.0,0.9305555555555556,0.9640287769784173,0.9937169312169312,"worst area, worst concave points, mean concave points, worst perimeter, worst radius"
4,RF + DODA,5,Random Forest,0.9298245614035088,0.9848484848484849,0.9027777777777778,0.9420289855072463,0.9892526455026455,"worst area, worst concave points, mean concave points, worst perimeter, worst radius"
4,RF + DODA,5,XGBoost,0.9298245614035088,0.9848484848484849,0.9027777777777778,0.9420289855072463,0.9837962962962963,"worst area, worst concave points, mean concave points, worst perimeter, worst radius"
4,RF,10,Logistic Regression,0.9210526315789473,0.9701492537313433,0.9027777777777778,0.935251798561151,0.9923941798941799,"worst area, mean concave points, worst concave points, worst perimeter, mean concavity, worst radius, mean perimeter, mean area, mean radius, area error"
4,RF,10,Random Forest,0.9298245614035088,0.9848484848484849,0.9027777777777778,0.9420289855072463,0.9910714285714286,"worst area, mean concave points, worst concave points, worst perimeter, mean concavity, worst radius, mean perimeter, mean area, mean radius, area error"
4,RF,10,XGBoost,0.9210526315789473,0.9701492537313433,0.9027777777777778,0.935251798561151,0.9894179894179894,"worst area, mean concave points, worst concave points, worst perimeter, mean concavity, worst radius, mean perimeter, mean area, mean radius, area error"
4,RF + DODA,10,Logistic Regression,0.9385964912280702,1.0,0.9027777777777778,0.948905109489051,0.9953703703703703,"worst area, worst concave points, mean concave points, worst perimeter, worst radius, mean concavity, mean perimeter, mean area, mean radius, worst concavity"
4,RF + DODA,10,Random Forest,0.9298245614035088,0.9848484848484849,0.9027777777777778,0.9420289855072463,0.9927248677248677,"worst area, worst concave points, mean concave points, worst perimeter, worst radius, mean concavity, mean perimeter, mean area, mean radius, worst concavity"
4,RF + DODA,10,XGBoost,0.9122807017543859,0.9696969696969697,0.8888888888888888,0.927536231884058,0.9867724867724866,"worst area, worst concave points, mean concave points, worst perimeter, worst radius, mean concavity, mean perimeter, mean area, mean radius, worst concavity"
4,RF,15,Logistic Regression,0.956140350877193,1.0,0.9305555555555556,0.9640287769784173,0.9986772486772486,"worst area, mean concave points, worst concave points, worst perimeter, mean concavity, worst radius, mean perimeter, mean area, mean radius, area error, worst concavity, worst compactness, radius error, worst texture, perimeter error"
4,RF,15,Random Forest,0.9473684210526315,1.0,0.9166666666666666,0.9565217391304348,0.9945436507936508,"worst area, mean concave points, worst concave points, worst perimeter, mean concavity, worst radius, mean perimeter, mean area, mean radius, area error, worst concavity, worst compactness, radius error, worst texture, perimeter error"
4,RF,15,XGBoost,0.956140350877193,0.9855072463768116,0.9444444444444444,0.9645390070921985,0.9970238095238095,"worst area, mean concave points, worst concave points, worst perimeter, mean concavity, worst radius, mean perimeter, mean area, mean radius, area error, worst concavity, worst compactness, radius error, worst texture, perimeter error"
4,RF + DODA,15,Logistic Regression,0.9649122807017544,1.0,0.9444444444444444,0.9714285714285714,0.9986772486772486,"worst area, worst concave points, mean concave points, worst perimeter, worst radius, mean concavity, mean perimeter, mean area, mean radius, worst concavity, area error, worst compactness, worst texture, mean compactness, radius error"
4,RF + DODA,15,Random Forest,0.9473684210526315,0.9852941176470589,0.9305555555555556,0.9571428571428572,0.9953703703703705,"worst area, worst concave points, mean concave points, worst perimeter, worst radius, mean concavity, mean perimeter, mean area, mean radius, worst concavity, area error, worst compactness, worst texture, mean compactness, radius error"
4,RF + DODA,15,XGBoost,0.9473684210526315,0.9852941176470589,0.9305555555555556,0.9571428571428572,0.9953703703703705,"worst area, worst concave points, mean concave points, worst perimeter, worst radius, mean concavity, mean perimeter, mean area, mean radius, worst concavity, area error, worst compactness, worst texture, mean compactness, radius error"
4,RF,20,Logistic Regression,0.9736842105263158,1.0,0.9583333333333334,0.9787234042553191,0.9996693121693121,"worst area, mean concave points, worst concave points, worst perimeter, mean concavity, worst radius, mean perimeter, mean area, mean radius, area error, worst concavity, worst compactness, radius error, worst texture, perimeter error, mean compactness, mean texture, mean smoothness, worst symmetry, worst smoothness"
4,RF,20,Random Forest,0.9473684210526315,1.0,0.9166666666666666,0.9565217391304348,0.9971891534391535,"worst area, mean concave points, worst concave points, worst perimeter, mean concavity, worst radius, mean perimeter, mean area, mean radius, area error, worst concavity, worst compactness, radius error, worst texture, perimeter error, mean compactness, mean texture, mean smoothness, worst symmetry, worst smoothness"
4,RF,20,XGBoost,0.9649122807017544,1.0,0.9444444444444444,0.9714285714285714,0.998015873015873,"worst area, mean concave points, worst concave points, worst perimeter, mean concavity, worst radius, mean perimeter, mean area, mean radius, area error, worst concavity, worst compactness, radius error, worst texture, perimeter error, mean compactness, mean texture, mean smoothness, worst symmetry, worst smoothness"
4,RF + DODA,20,Logistic Regression,0.9736842105263158,1.0,0.9583333333333334,0.9787234042553191,0.9996693121693121,"worst area, worst concave points, mean concave points, worst perimeter, worst radius, mean concavity, mean perimeter, mean area, mean radius, worst concavity, area error, worst compactness, worst texture, mean compactness, radius error, perimeter error, mean texture, worst symmetry, worst smoothness, mean smoothness"
4,RF + DODA,20,Random Forest,0.9385964912280702,1.0,0.9027777777777778,0.948905109489051,0.9950396825396826,"worst area, worst concave points, mean concave points, worst perimeter, worst radius, mean concavity, mean perimeter, mean area, mean radius, worst concavity, area error, worst compactness, worst texture, mean compactness, radius error, perimeter error, mean texture, worst symmetry, worst smoothness, mean smoothness"
4,RF + DODA,20,XGBoost,0.9649122807017544,1.0,0.9444444444444444,0.9714285714285714,0.998015873015873,"worst area, worst concave points, mean concave points, worst perimeter, worst radius, mean concavity, mean perimeter, mean area, mean radius, worst concavity, area error, worst compactness, worst texture, mean compactness, radius error, perimeter error, mean texture, worst symmetry, worst smoothness, mean smoothness"
5,RF,5,Logistic Regression,0.9734513274336283,0.9722222222222222,0.9859154929577465,0.9790209790209791,0.9969818913480886,"worst area, worst concave points, mean concave points, worst perimeter, mean concavity"
5,RF,5,Random Forest,0.9557522123893806,0.9583333333333334,0.971830985915493,0.965034965034965,0.983568075117371,"worst area, worst concave points, mean concave points, worst perimeter, mean concavity"
5,RF,5,XGBoost,0.9646017699115044,0.958904109589041,0.9859154929577465,0.9722222222222222,0.9825620389000671,"worst area, worst concave points, mean concave points, worst perimeter, mean concavity"
5,RF + DODA,5,Logistic Regression,0.9734513274336283,0.9722222222222222,0.9859154929577465,0.9790209790209791,0.9969818913480886,"worst area, worst concave points, worst perimeter, mean concave points, mean concavity"
5,RF + DODA,5,Random Forest,0.9646017699115044,0.958904109589041,0.9859154929577465,0.9722222222222222,0.977867203219316,"worst area, worst concave points, worst perimeter, mean concave points, mean concavity"
5,RF + DODA,5,XGBoost,0.9646017699115044,0.958904109589041,0.9859154929577465,0.9722222222222222,0.9825620389000671,"worst area, worst concave points, worst perimeter, mean concave points, mean concavity"
5,RF,10,Logistic Regression,0.9646017699115044,0.958904109589041,0.9859154929577465,0.9722222222222222,0.9969818913480886,"worst area, worst concave points, mean concave points, worst perimeter, mean concavity, worst radius, mean perimeter, mean area, worst concavity, mean radius"
5,RF,10,Random Forest,0.9557522123893806,0.9583333333333334,0.971830985915493,0.965034965034965,0.9854124748490946,"worst area, worst concave points, mean concave points, worst perimeter, mean concavity, worst radius, mean perimeter, mean area, worst concavity, mean radius"
5,RF,10,XGBoost,0.9646017699115044,0.958904109589041,0.9859154929577465,0.9722222222222222,0.9788732394366197,"worst area, worst concave points, mean concave points, worst perimeter, mean concavity, worst radius, mean perimeter, mean area, worst concavity, mean radius"
5,RF + DODA,10,Logistic Regression,0.9646017699115044,0.958904109589041,0.9859154929577465,0.9722222222222222,0.9969818913480886,"worst area, worst concave points, worst perimeter, mean concave points, mean concavity, worst radius, mean perimeter, mean area, worst concavity, mean radius"
5,RF + DODA,10,Random Forest,0.9557522123893806,0.9583333333333334,0.971830985915493,0.965034965034965,0.9867538564721663,"worst area, worst concave points, worst perimeter, mean concave points, mean concavity, worst radius, mean perimeter, mean area, worst concavity, mean radius"
5,RF + DODA,10,XGBoost,0.9646017699115044,0.958904109589041,0.9859154929577465,0.9722222222222222,0.9788732394366197,"worst area, worst concave points, worst perimeter, mean concave points, mean concavity, worst radius, mean perimeter, mean area, worst concavity, mean radius"
5,RF,15,Logistic Regression,0.9823008849557522,0.9726027397260274,1.0,0.9861111111111112,0.999664654594232,"worst area, worst concave points, mean concave points, worst perimeter, mean concavity, worst radius, mean perimeter, mean area, worst concavity, mean radius, area error, worst compactness, worst texture, radius error, mean compactness"
5,RF,15,Random Forest,0.9646017699115044,0.971830985915493,0.971830985915493,0.971830985915493,0.9902749832327298,"worst area, worst concave points, mean concave points, worst perimeter, mean concavity, worst radius, mean perimeter, mean area, worst concavity, mean radius, area error, worst compactness, worst texture, radius error, mean compactness"
5,RF,15,XGBoost,0.9646017699115044,0.971830985915493,0.971830985915493,0.971830985915493,0.9932930918846412,"worst area, worst concave points, mean concave points, worst perimeter, mean concavity, worst radius, mean perimeter, mean area, worst concavity, mean radius, area error, worst compactness, worst texture, radius error, mean compactness"
5,RF + DODA,15,Logistic Regression,0.9823008849557522,0.9726027397260274,1.0,0.9861111111111112,0.999664654594232,"worst area, worst concave points, worst perimeter, mean concave points, mean concavity, worst radius, mean perimeter, mean area, worst concavity, mean radius, worst compactness, area error, worst texture, mean compactness, radius error"
5,RF + DODA,15,Random Forest,0.9734513274336283,0.9722222222222222,0.9859154929577465,0.9790209790209791,0.9906103286384976,"worst area, worst concave points, worst perimeter, mean concave points, mean concavity, worst radius, mean perimeter, mean area, worst concavity, mean radius, worst compactness, area error, worst texture, mean compactness, radius error"
5,RF + DODA,15,XGBoost,0.9646017699115044,0.971830985915493,0.971830985915493,0.971830985915493,0.9932930918846412,"worst area, worst concave points, worst perimeter, mean concave points, mean concavity, worst radius, mean perimeter, mean area, worst concavity, mean radius, worst compactness, area error, worst texture, mean compactness, radius error"
5,RF,20,Logistic Regression,0.9911504424778761,0.9861111111111112,1.0,0.993006993006993,0.9986586183769282,"worst area, worst concave points, mean concave points, worst perimeter, mean concavity, worst radius, mean perimeter, mean area, worst concavity, mean radius, area error, worst compactness, worst texture, radius error, mean compactness, worst smoothness, mean texture, concavity error, perimeter error, worst symmetry"
5,RF,20,Random Forest,0.9646017699115044,0.971830985915493,0.971830985915493,0.971830985915493,0.9931254191817572,"worst area, worst concave points, mean concave points, worst perimeter, mean concavity, worst radius, mean perimeter, mean area, worst concavity, mean radius, area error, worst compactness, worst texture, radius error, mean compactness, worst smoothness, mean texture, concavity error, perimeter error, worst symmetry"
5,RF,20,XGBoost,0.9646017699115044,0.958904109589041,0.9859154929577465,0.9722222222222222,0.9936284372904092,"worst area, worst concave points, mean concave points, worst perimeter, mean concavity, worst radius, mean perimeter, mean area, worst concavity, mean radius, area error, worst compactness, worst texture, radius error, mean compactness, worst smoothness, mean texture, concavity error, perimeter error, worst symmetry"
5,RF + DODA,20,Logistic Regression,0.9911504424778761,0.9861111111111112,1.0,0.993006993006993,0.9986586183769282,"worst area, worst concave points, worst perimeter, mean concave points, mean concavity, worst radius, mean perimeter, mean area, worst concavity, mean radius, worst compactness, area error, worst texture, mean compactness, radius error, worst smoothness, mean texture, worst symmetry, perimeter error, concavity error"
5,RF + DODA,20,Random Forest,0.9646017699115044,0.971830985915493,0.971830985915493,0.971830985915493,0.9929577464788732,"worst area, worst concave points, worst perimeter, mean concave points, mean concavity, worst radius, mean perimeter, mean area, worst concavity, mean radius, worst compactness, area error, worst texture, mean compactness, radius error, worst smoothness, mean texture, worst symmetry, perimeter error, concavity error"
5,RF + DODA,20,XGBoost,0.9646017699115044,0.958904109589041,0.9859154929577465,0.9722222222222222,0.9936284372904092,"worst area, worst concave points, worst perimeter, mean concave points, mean concavity, worst radius, mean perimeter, mean area, worst concavity, mean radius, worst compactness, area error, worst texture, mean compactness, radius error, worst smoothness, mean texture, worst symmetry, perimeter error, concavity error"
6,RF,5,Logistic Regression,0.9736842105263158,1.0,0.9577464788732394,0.9784172661870504,0.9996724533245988,"worst area, worst concave points, mean concave points, worst perimeter, mean concavity"
6,RF,5,Random Forest,0.9824561403508771,1.0,0.971830985915493,0.9857142857142858,1.0,"worst area, worst concave points, mean concave points, worst perimeter, mean concavity"
6,RF,5,XGBoost,0.9736842105263158,1.0,0.9577464788732394,0.9784172661870504,0.9970520799213889,"worst area, worst concave points, mean concave points, worst perimeter, mean concavity"
6,RF + DODA,5,Logistic Regression,0.9736842105263158,1.0,0.9577464788732394,0.9784172661870504,0.9996724533245988,"worst area, worst concave points, mean concave points, worst perimeter, mean concavity"
6,RF + DODA,5,Random Forest,0.9824561403508771,1.0,0.971830985915493,0.9857142857142858,1.0,"worst area, worst concave points, mean concave points, worst perimeter, mean concavity"
6,RF + DODA,5,XGBoost,0.9736842105263158,1.0,0.9577464788732394,0.9784172661870504,0.9970520799213889,"worst area, worst concave points, mean concave points, worst perimeter, mean concavity"
6,RF,10,Logistic Regression,0.9649122807017544,1.0,0.9436619718309859,0.9710144927536232,1.0,"worst area, worst concave points, mean concave points, worst perimeter, mean concavity, worst radius, mean radius, worst concavity, mean perimeter, mean area"
6,RF,10,Random Forest,0.9649122807017544,0.971830985915493,0.971830985915493,0.971830985915493,0.9981984932852932,"worst area, worst concave points, mean concave points, worst perimeter, mean concavity, worst radius, mean radius, worst concavity, mean perimeter, mean area"
6,RF,10,XGBoost,0.956140350877193,0.9714285714285714,0.9577464788732394,0.9645390070921985,0.9957418932197838,"worst area, worst concave points, mean concave points, worst perimeter, mean concavity, worst radius, mean radius, worst concavity, mean perimeter, mean area"
6,RF + DODA,10,Logistic Regression,0.9649122807017544,1.0,0.9436619718309859,0.9710144927536232,1.0,"worst area, worst concave points, mean concave points, worst perimeter, mean concavity, worst radius, worst concavity, mean radius, mean perimeter, mean area"
6,RF + DODA,10,Random Forest,0.9824561403508771,1.0,0.971830985915493,0.9857142857142858,0.998689813298395,"worst area, worst concave points, mean concave points, worst perimeter, mean concavity, worst radius, worst concavity, mean radius, mean perimeter, mean area"
6,RF + DODA,10,XGBoost,0.956140350877193,0.9714285714285714,0.9577464788732394,0.9645390070921985,0.9947592531935802,"worst area, worst concave points, mean concave points, worst perimeter, mean concavity, worst radius, worst concavity, mean radius, mean perimeter, mean area"
6,RF,15,Logistic Regression,0.956140350877193,0.9714285714285714,0.9577464788732394,0.9645390070921985,0.996069439895185,"worst area, worst concave points, mean concave points, worst perimeter, mean concavity, worst radius, mean radius, worst concavity, mean perimeter, mean area, area error, worst texture, worst compactness, radius error, mean texture"
6,RF,15,Random Forest,0.9912280701754386,1.0,0.9859154929577465,0.9929078014184397,0.9983622666229938,"worst area, worst concave points, mean concave points, worst perimeter, mean concavity, worst radius, mean radius, worst concavity, mean perimeter, mean area, area error, worst texture, worst compactness, radius error, mean texture"
6,RF,15,XGBoost,0.9649122807017544,0.9855072463768116,0.9577464788732394,0.9714285714285714,0.9967245332459875,"worst area, worst concave points, mean concave points, worst perimeter, mean concavity, worst radius, mean radius, worst concavity, mean perimeter, mean area, area error, worst texture, worst compactness, radius error, mean texture"
6,RF + DODA,15,Logistic Regression,0.9473684210526315,0.9710144927536232,0.9436619718309859,0.9571428571428572,0.9963969865705863,"worst area, worst concave points, mean concave points, worst perimeter, mean concavity, worst radius, worst concavity, mean radius, mean perimeter, mean area, worst compactness, area error, worst texture, mean compactness, radius error"
6,RF + DODA,15,Random Forest,0.9912280701754386,1.0,0.9859154929577465,0.9929078014184397,0.9983622666229938,"worst area, worst concave points, mean concave points, worst perimeter, mean concavity, worst radius, worst concavity, mean radius, mean perimeter, mean area, worst compactness, area error, worst texture, mean compactness, radius error"
6,RF + DODA,15,XGBoost,0.9736842105263158,0.9857142857142858,0.971830985915493,0.9787234042553191,0.9963969865705864,"worst area, worst concave points, mean concave points, worst perimeter, mean concavity, worst radius, worst concavity, mean radius, mean perimeter, mean area, worst compactness, area error, worst texture, mean compactness, radius error"
6,RF,20,Logistic Regression,0.9824561403508771,1.0,0.971830985915493,0.9857142857142858,0.9980347199475925,"worst area, worst concave points, mean concave points, worst perimeter, mean concavity, worst radius, mean radius, worst concavity, mean perimeter, mean area, area error, worst texture, worst compactness, radius error, mean texture, worst smoothness, mean compactness, perimeter error, concavity error, worst symmetry"
6,RF,20,Random Forest,0.9912280701754386,1.0,0.9859154929577465,0.9929078014184397,0.998689813298395,"worst area, worst concave points, mean concave points, worst perimeter, mean concavity, worst radius, mean radius, worst concavity, mean perimeter, mean area, area error, worst texture, worst compactness, radius error, mean texture, worst smoothness, mean compactness, perimeter error, concavity error, worst symmetry"
6,RF,20,XGBoost,0.9736842105263158,0.9857142857142858,0.971830985915493,0.9787234042553191,0.9977071732721913,"worst area, worst concave points, mean concave points, worst perimeter, mean concavity, worst radius, mean radius, worst concavity, mean perimeter, mean area, area error, worst texture, worst compactness, radius error, mean texture, worst smoothness, mean compactness, perimeter error, concavity error, worst symmetry"
6,RF + DODA,20,Logistic Regression,0.9824561403508771,1.0,0.971830985915493,0.9857142857142858,0.9980347199475925,"worst area, worst concave points, mean concave points, worst perimeter, mean concavity, worst radius, worst concavity, mean radius, mean perimeter, mean area, worst compactness, area error, worst texture, mean compactness, radius error, mean texture, worst smoothness, perimeter error, worst symmetry, concavity error"
6,RF + DODA,20,Random Forest,0.9824561403508771,1.0,0.971830985915493,0.9857142857142858,0.9980347199475925,"worst area, worst concave points, mean concave points, worst perimeter, mean concavity, worst radius, worst concavity, mean radius, mean perimeter, mean area, worst compactness, area error, worst texture, mean compactness, radius error, mean texture, worst smoothness, perimeter error, worst symmetry, concavity error"
6,RF + DODA,20,XGBoost,0.9736842105263158,0.9857142857142858,0.971830985915493,0.9787234042553191,0.9977071732721913,"worst area, worst concave points, mean concave points, worst perimeter, mean concavity, worst radius, worst concavity, mean radius, mean perimeter, mean area, worst compactness, area error, worst texture, mean compactness, radius error, mean texture, worst smoothness, perimeter error, worst symmetry, concavity error"
7,RF,5,Logistic Regression,0.9385964912280702,0.9444444444444444,0.9577464788732394,0.951048951048951,0.9823124795283328,"worst area, worst concave points, mean concave points, worst perimeter, worst radius"
7,RF,5,Random Forest,0.9385964912280702,0.9444444444444444,0.9577464788732394,0.951048951048951,0.9746151326564035,"worst area, worst concave points, mean concave points, worst perimeter, worst radius"
7,RF,5,XGBoost,0.9210526315789473,0.9305555555555556,0.9436619718309859,0.9370629370629371,0.9764166393711105,"worst area, worst concave points, mean concave points, worst perimeter, worst radius"
7,RF + DODA,5,Logistic Regression,0.9385964912280702,0.9444444444444444,0.9577464788732394,0.951048951048951,0.9823124795283328,"worst area, worst concave points, mean concave points, worst perimeter, worst radius"
7,RF + DODA,5,Random Forest,0.9385964912280702,0.9444444444444444,0.9577464788732394,0.951048951048951,0.9746151326564035,"worst area, worst concave points, mean concave points, worst perimeter, worst radius"
7,RF + DODA,5,XGBoost,0.9210526315789473,0.9305555555555556,0.9436619718309859,0.9370629370629371,0.9764166393711105,"worst area, worst concave points, mean concave points, worst perimeter, worst radius"
7,RF,10,Logistic Regression,0.9473684210526315,0.9577464788732394,0.9577464788732394,0.9577464788732394,0.982640026203734,"worst area, worst concave points, mean concave points, worst perimeter, worst radius, mean radius, mean perimeter, mean concavity, mean area, worst concavity"
7,RF,10,Random Forest,0.9473684210526315,0.9452054794520548,0.971830985915493,0.9583333333333334,0.9898460530625615,"worst area, worst concave points, mean concave points, worst perimeter, worst radius, mean radius, mean perimeter, mean concavity, mean area, worst concavity"
7,RF,10,XGBoost,0.9385964912280702,0.9324324324324325,0.971830985915493,0.9517241379310345,0.9829675728791353,"worst area, worst concave points, mean concave points, worst perimeter, worst radius, mean radius, mean perimeter, mean concavity, mean area, worst concavity"
7,RF + DODA,10,Logistic Regression,0.9473684210526315,0.9577464788732394,0.9577464788732394,0.9577464788732394,0.982640026203734,"worst area, worst concave points, mean concave points, worst perimeter, worst radius, mean radius, mean perimeter, mean concavity, mean area, worst concavity"
7,RF + DODA,10,Random Forest,0.9473684210526315,0.9452054794520548,0.971830985915493,0.9583333333333334,0.9898460530625615,"worst area, worst concave points, mean concave points, worst perimeter, worst radius, mean radius, mean perimeter, mean concavity, mean area, worst concavity"
7,RF + DODA,10,XGBoost,0.9385964912280702,0.9324324324324325,0.971830985915493,0.9517241379310345,0.9829675728791353,"worst area, worst concave points, mean concave points, worst perimeter, worst radius, mean radius, mean perimeter, mean concavity, mean area, worst concavity"
7,RF,15,Logistic Regression,0.9824561403508771,0.9859154929577465,0.9859154929577465,0.9859154929577465,0.996069439895185,"worst area, worst concave points, mean concave points, worst perimeter, worst radius, mean radius, mean perimeter, mean concavity, mean area, worst concavity, area error, worst compactness, radius error, mean texture, worst texture"
7,RF,15,Random Forest,0.9473684210526315,0.9452054794520548,0.971830985915493,0.9583333333333334,0.99475925319358,"worst area, worst concave points, mean concave points, worst perimeter, worst radius, mean radius, mean perimeter, mean concavity, mean area, worst concavity, area error, worst compactness, radius error, mean texture, worst texture"
7,RF,15,XGBoost,0.9473684210526315,0.9577464788732394,0.9577464788732394,0.9577464788732394,0.996069439895185,"worst area, worst concave points, mean concave points, worst perimeter, worst radius, mean radius, mean perimeter, mean concavity, mean area, worst concavity, area error, worst compactness, radius error, mean texture, worst texture"
7,RF + DODA,15,Logistic Regression,0.9649122807017544,0.9855072463768116,0.9577464788732394,0.9714285714285714,0.9963969865705863,"worst area, worst concave points, mean concave points, worst perimeter, worst radius, mean radius, mean perimeter, mean concavity, mean area, worst concavity, area error, worst compactness, mean compactness, radius error, worst texture"
7,RF + DODA,15,Random Forest,0.9473684210526315,0.9452054794520548,0.971830985915493,0.9583333333333334,0.9949230265312807,"worst area, worst concave points, mean concave points, worst perimeter, worst radius, mean radius, mean perimeter, mean concavity, mean area, worst concavity, area error, worst compactness, mean compactness, radius error, worst texture"
7,RF + DODA,15,XGBoost,0.9649122807017544,0.971830985915493,0.971830985915493,0.971830985915493,0.9967245332459875,"worst area, worst concave points, mean concave points, worst perimeter, worst radius, mean radius, mean perimeter, mean concavity, mean area, worst concavity, area error, worst compactness, mean compactness, radius error, worst texture"
7,RF,20,Logistic Regression,0.9912280701754386,0.9861111111111112,1.0,0.993006993006993,0.9977071732721913,"worst area, worst concave points, mean concave points, worst perimeter, worst radius, mean radius, mean perimeter, mean concavity, mean area, worst concavity, area error, worst compactness, radius error, mean texture, worst texture, mean compactness, perimeter error, worst symmetry, worst smoothness, mean smoothness"
7,RF,20,Random Forest,0.956140350877193,0.9583333333333334,0.971830985915493,0.965034965034965,0.9963969865705864,"worst area, worst concave points, mean concave points, worst perimeter, worst radius, mean radius, mean perimeter, mean concavity, mean area, worst concavity, area error, worst compactness, radius error, mean texture, worst texture, mean compactness, perimeter error, worst symmetry, worst smoothness, mean smoothness"
7,RF,20,XGBoost,0.956140350877193,0.9583333333333334,0.971830985915493,0.965034965034965,0.9967245332459875,"worst area, worst concave points, mean concave points, worst perimeter, worst radius, mean radius, mean perimeter, mean concavity, mean area, worst concavity, area error, worst compactness, radius error, mean texture, worst texture, mean compactness, perimeter error, worst symmetry, worst smoothness, mean smoothness"
7,RF + DODA,20,Logistic Regression,0.9912280701754386,0.9861111111111112,1.0,0.993006993006993,0.9977071732721913,"worst area, worst concave points, mean concave points, worst perimeter, worst radius, mean radius, mean perimeter, mean concavity, mean area, worst concavity, area error, worst compactness, mean compactness, radius error, worst texture, mean texture, worst symmetry, perimeter error, worst smoothness, mean smoothness"
7,RF + DODA,20,Random Forest,0.9473684210526315,0.9452054794520548,0.971830985915493,0.9583333333333334,0.9960694398951851,"worst area, worst concave points, mean concave points, worst perimeter, worst radius, mean radius, mean perimeter, mean concavity, mean area, worst concavity, area error, worst compactness, mean compactness, radius error, worst texture, mean texture, worst symmetry, perimeter error, worst smoothness, mean smoothness"
7,RF + DODA,20,XGBoost,0.956140350877193,0.9583333333333334,0.971830985915493,0.965034965034965,0.9967245332459875,"worst area, worst concave points, mean concave points, worst perimeter, worst radius, mean radius, mean perimeter, mean concavity, mean area, worst concavity, area error, worst compactness, mean compactness, radius error, worst texture, mean texture, worst symmetry, perimeter error, worst smoothness, mean smoothness"
8,RF,5,Logistic Regression,0.9473684210526315,0.9714285714285714,0.9444444444444444,0.9577464788732394,0.9821428571428572,"worst area, worst concave points, worst perimeter, mean concave points, mean perimeter"
8,RF,5,Random Forest,0.9298245614035088,0.9444444444444444,0.9444444444444444,0.9444444444444444,0.9737103174603174,"worst area, worst concave points, worst perimeter, mean concave points, mean perimeter"
8,RF,5,XGBoost,0.956140350877193,0.9466666666666667,0.9861111111111112,0.9659863945578231,0.9662698412698413,"worst area, worst concave points, worst perimeter, mean concave points, mean perimeter"
8,RF + DODA,5,Logistic Regression,0.9473684210526315,0.9714285714285714,0.9444444444444444,0.9577464788732394,0.9824735449735451,"worst area, worst concave points, worst perimeter, mean concave points, worst radius"
8,RF + DODA,5,Random Forest,0.9210526315789473,0.92,0.9583333333333334,0.9387755102040817,0.9737103174603176,"worst area, worst concave points, worst perimeter, mean concave points, worst radius"
8,RF + DODA,5,XGBoost,0.9385964912280702,0.9333333333333333,0.9722222222222222,0.9523809523809523,0.9626322751322751,"worst area, worst concave points, worst perimeter, mean concave points, worst radius"
8,RF,10,Logistic Regression,0.9298245614035088,0.9705882352941176,0.9166666666666666,0.9428571428571428,0.9794973544973545,"worst area, worst concave points, worst perimeter, mean concave points, mean perimeter, worst radius, mean concavity, mean radius, mean area, worst concavity"
8,RF,10,Random Forest,0.9473684210526315,0.9583333333333334,0.9583333333333334,0.9583333333333334,0.9753637566137565,"worst area, worst concave points, worst perimeter, mean concave points, mean perimeter, worst radius, mean concavity, mean radius, mean area, worst concavity"
8,RF,10,XGBoost,0.9473684210526315,0.9459459459459459,0.9722222222222222,0.958904109589041,0.9692460317460317,"worst area, worst concave points, worst perimeter, mean concave points, mean perimeter, worst radius, mean concavity, mean radius, mean area, worst concavity"
8,RF + DODA,10,Logistic Regression,0.9298245614035088,0.9705882352941176,0.9166666666666666,0.9428571428571428,0.9794973544973545,"worst area, worst concave points, worst perimeter, mean concave points, worst radius, mean perimeter, mean concavity, mean radius, mean area, worst concavity"
8,RF + DODA,10,Random Forest,0.9473684210526315,0.9583333333333334,0.9583333333333334,0.9583333333333334,0.9760251322751323,"worst area, worst concave points, worst perimeter, mean concave points, worst radius, mean perimeter, mean concavity, mean radius, mean area, worst concavity"
8,RF + DODA,10,XGBoost,0.9473684210526315,0.9459459459459459,0.9722222222222222,0.958904109589041,0.9692460317460317,"worst area, worst concave points, worst perimeter, mean concave points, worst radius, mean perimeter, mean concavity, mean radius, mean area, worst concavity"
8,RF,15,Logistic Regression,0.9473684210526315,0.9714285714285714,0.9444444444444444,0.9577464788732394,0.986441798941799,"worst area, worst concave points, worst perimeter, mean concave points, mean perimeter, worst radius, mean concavity, mean radius, mean area, worst concavity, area error, worst texture, worst compactness, mean texture, radius error"
8,RF,15,Random Forest,0.956140350877193,0.971830985915493,0.9583333333333334,0.965034965034965,0.9890873015873016,"worst area, worst concave points, worst perimeter, mean concave points, mean perimeter, worst radius, mean concavity, mean radius, mean area, worst concavity, area error, worst texture, worst compactness, mean texture, radius error"
8,RF,15,XGBoost,0.9385964912280702,0.9577464788732394,0.9444444444444444,0.951048951048951,0.9857804232804233,"worst area, worst concave points, worst perimeter, mean concave points, mean perimeter, worst radius, mean concavity, mean radius, mean area, worst concavity, area error, worst texture, worst compactness, mean texture, radius error"
8,RF + DODA,15,Logistic Regression,0.9473684210526315,0.9714285714285714,0.9444444444444444,0.9577464788732394,0.9861111111111112,"worst area, worst concave points, worst perimeter, mean concave points, worst radius, mean perimeter, mean concavity, mean radius, mean area, worst concavity, area error, worst compactness, worst texture, mean texture, mean compactness"
8,RF + DODA,15,Random Forest,0.956140350877193,0.971830985915493,0.9583333333333334,0.965034965034965,0.990410052910053,"worst area, worst concave points, worst perimeter, mean concave points, worst radius, mean perimeter, mean concavity, mean radius, mean area, worst concavity, area error, worst compactness, worst texture, mean texture, mean compactness"
8,RF + DODA,15,XGBoost,0.9473684210526315,0.9583333333333334,0.9583333333333334,0.9583333333333334,0.986441798941799,"worst area, worst concave points, worst perimeter, mean concave points, worst radius, mean perimeter, mean concavity, mean radius, mean area, worst concavity, area error, worst compactness, worst texture, mean texture, mean compactness"
8,RF,20,Logistic Regression,0.956140350877193,0.971830985915493,0.9583333333333334,0.965034965034965,0.986441798941799,"worst area, worst concave points, worst perimeter, mean concave points, mean perimeter, worst radius, mean concavity, mean radius, mean area, worst concavity, area error, worst texture, worst compactness, mean texture, radius error, perimeter error, worst symmetry, mean compactness, worst smoothness, compactness error"
8,RF,20,Random Forest,0.956140350877193,0.971830985915493,0.9583333333333334,0.965034965034965,0.9884259259259259,"worst area, worst concave points, worst perimeter, mean concave points, mean perimeter, worst radius, mean concavity, mean radius, mean area, worst concavity, area error, worst texture, worst compactness, mean texture, radius error, perimeter error, worst symmetry, mean compactness, worst smoothness, compactness error"
8,RF,20,XGBoost,0.956140350877193,0.958904109589041,0.9722222222222222,0.9655172413793104,0.9880952380952381,"worst area, worst concave points, worst perimeter, mean concave points, mean perimeter, worst radius, mean concavity, mean radius, mean area, worst concavity, area error, worst texture, worst compactness, mean texture, radius error, perimeter error, worst symmetry, mean compactness, worst smoothness, compactness error"
8,RF + DODA,20,Logistic Regression,0.9736842105263158,0.9726027397260274,0.9861111111111112,0.9793103448275862,0.9844576719576721,"worst area, worst concave points, worst perimeter, mean concave points, worst radius, mean perimeter, mean concavity, mean radius, mean area, worst concavity, area error, worst compactness, worst texture, mean texture, mean compactness, radius error, worst symmetry, perimeter error, worst smoothness, mean smoothness"
8,RF + DODA,20,Random Forest,0.9473684210526315,0.9583333333333334,0.9583333333333334,0.9583333333333334,0.9904100529100529,"worst area, worst concave points, worst perimeter, mean concave points, worst radius, mean perimeter, mean concavity, mean radius, mean area, worst concavity, area error, worst compactness, worst texture, mean texture, mean compactness, radius error, worst symmetry, perimeter error, worst smoothness, mean smoothness"
8,RF + DODA,20,XGBoost,0.9649122807017544,0.9594594594594594,0.9861111111111112,0.9726027397260274,0.986441798941799,"worst area, worst concave points, worst perimeter, mean concave points, worst radius, mean perimeter, mean concavity, mean radius, mean area, worst concavity, area error, worst compactness, worst texture, mean texture, mean compactness, radius error, worst symmetry, perimeter error, worst smoothness, mean smoothness"
9,RF,5,Logistic Regression,0.9385964912280702,0.9452054794520548,0.9583333333333334,0.9517241379310345,0.9933862433862435,"worst area, worst concave points, mean concave points, worst perimeter, mean perimeter"
9,RF,5,Random Forest,0.9298245614035088,0.9444444444444444,0.9444444444444444,0.9444444444444444,0.9887566137566137,"worst area, worst concave points, mean concave points, worst perimeter, mean perimeter"
9,RF,5,XGBoost,0.9385964912280702,0.9452054794520548,0.9583333333333334,0.9517241379310345,0.9937169312169313,"worst area, worst concave points, mean concave points, worst perimeter, mean perimeter"
9,RF + DODA,5,Logistic Regression,0.9385964912280702,0.9452054794520548,0.9583333333333334,0.9517241379310345,0.9933862433862435,"worst area, worst concave points, mean concave points, worst perimeter, worst radius"
9,RF + DODA,5,Random Forest,0.9298245614035088,0.9444444444444444,0.9444444444444444,0.9444444444444444,0.9811507936507937,"worst area, worst concave points, mean concave points, worst perimeter, worst radius"
9,RF + DODA,5,XGBoost,0.9210526315789473,0.9315068493150684,0.9444444444444444,0.9379310344827586,0.9854497354497354,"worst area, worst concave points, mean concave points, worst perimeter, worst radius"
9,RF,10,Logistic Regression,0.9385964912280702,0.9452054794520548,0.9583333333333334,0.9517241379310345,0.9940476190476191,"worst area, worst concave points, mean concave points, worst perimeter, mean perimeter, worst radius, mean concavity, area error, mean area, mean radius"
9,RF,10,Random Forest,0.9473684210526315,0.9459459459459459,0.9722222222222222,0.958904109589041,0.9867724867724867,"worst area, worst concave points, mean concave points, worst perimeter, mean perimeter, worst radius, mean concavity, area error, mean area, mean radius"
9,RF,10,XGBoost,0.9298245614035088,0.9324324324324325,0.9583333333333334,0.9452054794520548,0.9861111111111112,"worst area, worst concave points, mean concave points, worst perimeter, mean perimeter, worst radius, mean concavity, area error, mean area, mean radius"
9,RF + DODA,10,Logistic Regression,0.956140350877193,0.958904109589041,0.9722222222222222,0.9655172413793104,0.9937169312169313,"worst area, worst concave points, mean concave points, worst perimeter, worst radius, mean perimeter, mean concavity, mean area, worst concavity, mean radius"
9,RF + DODA,10,Random Forest,0.9473684210526315,0.9459459459459459,0.9722222222222222,0.958904109589041,0.9859457671957672,"worst area, worst concave points, mean concave points, worst perimeter, worst radius, mean perimeter, mean concavity, mean area, worst concavity, mean radius"
9,RF + DODA,10,XGBoost,0.9473684210526315,0.9583333333333334,0.9583333333333334,0.9583333333333334,0.9771825396825397,"worst area, worst concave points, mean concave points, worst perimeter, worst radius, mean perimeter, mean concavity, mean area, worst concavity, mean radius"
9,RF,15,Logistic Regression,0.9649122807017544,0.9722222222222222,0.9722222222222222,0.9722222222222222,0.9986772486772486,"worst area, worst concave points, mean concave points, worst perimeter, mean perimeter, worst radius, mean concavity, area error, mean area, mean radius, worst concavity, radius error, worst texture, worst compactness, mean compactness"
9,RF,15,Random Forest,0.9385964912280702,0.9452054794520548,0.9583333333333334,0.9517241379310345,0.9920634920634921,"worst area, worst concave points, mean concave points, worst perimeter, mean perimeter, worst radius, mean concavity, area error, mean area, mean radius, worst concavity, radius error, worst texture, worst compactness, mean compactness"
9,RF,15,XGBoost,0.956140350877193,0.971830985915493,0.9583333333333334,0.965034965034965,0.9933862433862434,"worst area, worst concave points, mean concave points, worst perimeter, mean perimeter, worst radius, mean concavity, area error, mean area, mean radius, worst concavity, radius error, worst texture, worst compactness, mean compactness"
9,RF + DODA,15,Logistic Regression,0.9649122807017544,0.9722222222222222,0.9722222222222222,0.9722222222222222,0.9986772486772486,"worst area, worst concave points, mean concave points, worst perimeter, worst radius, mean perimeter, mean concavity, mean area, worst concavity, mean radius, area error, worst compactness, worst texture, mean compactness, radius error"
9,RF + DODA,15,Random Forest,0.9385964912280702,0.9452054794520548,0.9583333333333334,0.9517241379310345,0.9923941798941799,"worst area, worst concave points, mean concave points, worst perimeter, worst radius, mean perimeter, mean concavity, mean area, worst concavity, mean radius, area error, worst compactness, worst texture, mean compactness, radius error"
9,RF + DODA,15,XGBoost,0.956140350877193,0.971830985915493,0.9583333333333334,0.965034965034965,0.9933862433862434,"worst area, worst concave points, mean concave points, worst perimeter, worst radius, mean perimeter, mean concavity, mean area, worst concavity, mean radius, area error, worst compactness, worst texture, mean compactness, radius error"
9,RF,20,Logistic Regression,0.9736842105263158,0.9726027397260274,0.9861111111111112,0.9793103448275862,0.9950396825396824,"worst area, worst concave points, mean concave points, worst perimeter, mean perimeter, worst radius, mean concavity, area error, mean area, mean radius, worst concavity, radius error, worst texture, worst compactness, mean compactness, mean texture, perimeter error, worst smoothness, mean smoothness, worst symmetry"
9,RF,20,Random Forest,0.9385964912280702,0.9452054794520548,0.9583333333333334,0.9517241379310345,0.9905753968253969,"worst area, worst concave points, mean concave points, worst perimeter, mean perimeter, worst radius, mean concavity, area error, mean area, mean radius, worst concavity, radius error, worst texture, worst compactness, mean compactness, mean texture, perimeter error, worst smoothness, mean smoothness, worst symmetry"
9,RF,20,XGBoost,0.9736842105263158,0.9726027397260274,0.9861111111111112,0.9793103448275862,0.990079365079365,"worst area, worst concave points, mean concave points, worst perimeter, mean perimeter, worst radius, mean concavity, area error, mean area, mean radius, worst concavity, radius error, worst texture, worst compactness, mean compactness, mean texture, perimeter error, worst smoothness, mean smoothness, worst symmetry"
9,RF + DODA,20,Logistic Regression,0.9736842105263158,0.9726027397260274,0.9861111111111112,0.9793103448275862,0.9950396825396824,"worst area, worst concave points, mean concave points, worst perimeter, worst radius, mean perimeter, mean concavity, mean area, worst concavity, mean radius, area error, worst compactness, worst texture, mean compactness, radius error, mean texture, perimeter error, worst smoothness, worst symmetry, mean smoothness"
9,RF + DODA,20,Random Forest,0.956140350877193,0.971830985915493,0.9583333333333334,0.965034965034965,0.9899140211640212,"worst area, worst concave points, mean concave points, worst perimeter, worst radius, mean perimeter, mean concavity, mean area, worst concavity, mean radius, area error, worst compactness, worst texture, mean compactness, radius error, mean texture, perimeter error, worst smoothness, worst symmetry, mean smoothness"
9,RF + DODA,20,XGBoost,0.9736842105263158,0.9726027397260274,0.9861111111111112,0.9793103448275862,0.990079365079365,"worst area, worst concave points, mean concave points, worst perimeter, worst radius, mean perimeter, mean concavity, mean area, worst concavity, mean radius, area error, worst compactness, worst texture, mean compactness, radius error, mean texture, perimeter error, worst smoothness, worst symmetry, mean smoothness"
10,RF,5,Logistic Regression,0.9380530973451328,0.9848484848484849,0.9154929577464789,0.948905109489051,0.9859154929577465,"worst area, worst concave points, mean concave points, worst perimeter, mean concavity"
10,RF,5,Random Forest,0.911504424778761,0.9552238805970149,0.9014084507042254,0.927536231884058,0.9740107310529846,"worst area, worst concave points, mean concave points, worst perimeter, mean concavity"
10,RF,5,XGBoost,0.9292035398230089,0.9701492537313433,0.9154929577464789,0.9420289855072463,0.9671361502347418,"worst area, worst concave points, mean concave points, worst perimeter, mean concavity"
10,RF + DODA,5,Logistic Regression,0.911504424778761,0.9692307692307692,0.8873239436619719,0.9264705882352942,0.9845741113346748,"worst area, worst concave points, worst perimeter, mean concave points, worst radius"
10,RF + DODA,5,Random Forest,0.9203539823008849,0.9558823529411765,0.9154929577464789,0.935251798561151,0.9709926224010731,"worst area, worst concave points, worst perimeter, mean concave points, worst radius"
10,RF + DODA,5,XGBoost,0.9292035398230089,0.9701492537313433,0.9154929577464789,0.9420289855072463,0.9679745137491615,"worst area, worst concave points, worst perimeter, mean concave points, worst radius"
10,RF,10,Logistic Regression,0.9292035398230089,0.9846153846153847,0.9014084507042254,0.9411764705882353,0.9869215291750504,"worst area, worst concave points, mean concave points, worst perimeter, mean concavity, worst radius, mean perimeter, mean radius, worst concavity, mean area"
10,RF,10,Random Forest,0.9380530973451328,0.9705882352941176,0.9295774647887324,0.9496402877697842,0.9776995305164319,"worst area, worst concave points, mean concave points, worst perimeter, mean concavity, worst radius, mean perimeter, mean radius, worst concavity, mean area"
10,RF,10,XGBoost,0.9380530973451328,0.9705882352941176,0.9295774647887324,0.9496402877697842,0.9674714956405097,"worst area, worst concave points, mean concave points, worst perimeter, mean concavity, worst radius, mean perimeter, mean radius, worst concavity, mean area"
10,RF + DODA,10,Logistic Regression,0.9292035398230089,0.9846153846153847,0.9014084507042254,0.9411764705882353,0.9869215291750504,"worst area, worst concave points, worst perimeter, mean concave points, worst radius, mean concavity, mean perimeter, mean radius, worst concavity, mean area"
10,RF + DODA,10,Random Forest,0.9380530973451328,0.9705882352941176,0.9295774647887324,0.9496402877697842,0.9756874580818242,"worst area, worst concave points, worst perimeter, mean concave points, worst radius, mean concavity, mean perimeter, mean radius, worst concavity, mean area"
10,RF + DODA,10,XGBoost,0.9380530973451328,0.9705882352941176,0.9295774647887324,0.9496402877697842,0.9674714956405097,"worst area, worst concave points, worst perimeter, mean concave points, worst radius, mean concavity, mean perimeter, mean radius, worst concavity, mean area"
10,RF,15,Logistic Regression,0.9646017699115044,0.958904109589041,0.9859154929577465,0.9722222222222222,0.994634473507713,"worst area, worst concave points, mean concave points, worst perimeter, mean concavity, worst radius, mean perimeter, mean radius, worst concavity, mean area, area error, worst compactness, worst smoothness, worst texture, radius error"
10,RF,15,Random Forest,0.9557522123893806,0.9714285714285714,0.9577464788732394,0.9645390070921985,0.9776995305164319,"worst area, worst concave points, mean concave points, worst perimeter, mean concavity, worst radius, mean perimeter, mean radius, worst concavity, mean area, area error, worst compactness, worst smoothness, worst texture, radius error"
10,RF,15,XGBoost,0.9469026548672567,0.9452054794520548,0.971830985915493,0.9583333333333334,0.9899396378269618,"worst area, worst concave points, mean concave points, worst perimeter, mean concavity, worst radius, mean perimeter, mean radius, worst concavity, mean area, area error, worst compactness, worst smoothness, worst texture, radius error"
10,RF + DODA,15,Logistic Regression,0.9646017699115044,0.958904109589041,0.9859154929577465,0.9722222222222222,0.9959758551307847,"worst area, worst concave points, worst perimeter, mean concave points, worst radius, mean concavity, mean perimeter, mean radius, worst concavity, mean area, area error, worst compactness, worst texture, worst smoothness, mean compactness"
10,RF + DODA,15,Random Forest,0.9469026548672567,0.9710144927536232,0.9436619718309859,0.9571428571428572,0.982729711602951,"worst area, worst concave points, worst perimeter, mean concave points, worst radius, mean concavity, mean perimeter, mean radius, worst concavity, mean area, area error, worst compactness, worst texture, worst smoothness, mean compactness"
10,RF + DODA,15,XGBoost,0.9557522123893806,0.9459459459459459,0.9859154929577465,0.9655172413793104,0.9916163648558015,"worst area, worst concave points, worst perimeter, mean concave points, worst radius, mean concavity, mean perimeter, mean radius, worst concavity, mean area, area error, worst compactness, worst texture, worst smoothness, mean compactness"
10,RF,20,Logistic Regression,0.9734513274336283,0.9722222222222222,0.9859154929577465,0.9790209790209791,0.9969818913480886,"worst area, worst concave points, mean concave points, worst perimeter, mean concavity, worst radius, mean perimeter, mean radius, worst concavity, mean area, area error, worst compactness, worst smoothness, worst texture, radius error, perimeter error, mean texture, mean compactness, mean smoothness, worst symmetry"
10,RF,20,Random Forest,0.9557522123893806,0.9852941176470589,0.9436619718309859,0.9640287769784173,0.9825620389000671,"worst area, worst concave points, mean concave points, worst perimeter, mean concavity, worst radius, mean perimeter, mean radius, worst concavity, mean area, area error, worst compactness, worst smoothness, worst texture, radius error, perimeter error, mean texture, mean compactness, mean smoothness, worst symmetry"
10,RF,20,XGBoost,0.9469026548672567,0.9577464788732394,0.9577464788732394,0.9577464788732394,0.9916163648558015,"worst area, worst concave points, mean concave points, worst perimeter, mean concavity, worst radius, mean perimeter, mean radius, worst concavity, mean area, area error, worst compactness, worst smoothness, worst texture, radius error, perimeter error, mean texture, mean compactness, mean smoothness, worst symmetry"
10,RF + DODA,20,Logistic Regression,0.9734513274336283,0.9722222222222222,0.9859154929577465,0.9790209790209791,0.9969818913480886,"worst area, worst concave points, worst perimeter, mean concave points, worst radius, mean concavity, mean perimeter, mean radius, worst concavity, mean area, area error, worst compactness, worst texture, worst smoothness, mean compactness, radius error, perimeter error, mean texture, worst symmetry, mean smoothness"
10,RF + DODA,20,Random Forest,0.9646017699115044,0.9855072463768116,0.9577464788732394,0.9714285714285714,0.9860831656606305,"worst area, worst concave points, worst perimeter, mean concave points, worst radius, mean concavity, mean perimeter, mean radius, worst concavity, mean area, area error, worst compactness, worst texture, worst smoothness, mean compactness, radius error, perimeter error, mean texture, worst symmetry, mean smoothness"
10,RF + DODA,20,XGBoost,0.9469026548672567,0.9577464788732394,0.9577464788732394,0.9577464788732394,0.9919517102615694,"worst area, worst concave points, worst perimeter, mean concave points, worst radius, mean concavity, mean perimeter, mean radius, worst concavity, mean area, area error, worst compactness, worst texture, worst smoothness, mean compactness, radius error, perimeter error, mean texture, worst symmetry, mean smoothness"
11,RF,5,Logistic Regression,0.9210526315789473,0.918918918918919,0.9577464788732394,0.9379310344827586,0.9754339993449066,"worst area, worst concave points, mean concave points, worst perimeter, mean concavity"
11,RF,5,Random Forest,0.9122807017543859,0.9066666666666666,0.9577464788732394,0.9315068493150684,0.9654438257451686,"worst area, worst concave points, mean concave points, worst perimeter, mean concavity"
11,RF,5,XGBoost,0.9122807017543859,0.9066666666666666,0.9577464788732394,0.9315068493150684,0.9564362921716345,"worst area, worst concave points, mean concave points, worst perimeter, mean concavity"
11,RF + DODA,5,Logistic Regression,0.9210526315789473,0.918918918918919,0.9577464788732394,0.9379310344827586,0.9754339993449066,"worst area, worst concave points, mean concave points, worst perimeter, mean concavity"
11,RF + DODA,5,Random Forest,0.9122807017543859,0.9066666666666666,0.9577464788732394,0.9315068493150684,0.9654438257451686,"worst area, worst concave points, mean concave points, worst perimeter, mean concavity"
11,RF + DODA,5,XGBoost,0.9122807017543859,0.9066666666666666,0.9577464788732394,0.9315068493150684,0.9564362921716345,"worst area, worst concave points, mean concave points, worst perimeter, mean concavity"
11,RF,10,Logistic Regression,0.956140350877193,0.9583333333333334,0.971830985915493,0.965034965034965,0.983950212905339,"worst area, worst concave points, mean concave points, worst perimeter, mean concavity, mean perimeter, worst radius, worst concavity, mean radius, area error"
11,RF,10,Random Forest,0.9298245614035088,0.9315068493150684,0.9577464788732394,0.9444444444444444,0.9726498526039961,"worst area, worst concave points, mean concave points, worst perimeter, mean concavity, mean perimeter, worst radius, worst concavity, mean radius, area error"
11,RF,10,XGBoost,0.9210526315789473,0.9305555555555556,0.9436619718309859,0.9370629370629371,0.9662626924336718,"worst area, worst concave points, mean concave points, worst perimeter, mean concavity, mean perimeter, worst radius, worst concavity, mean radius, area error"
11,RF + DODA,10,Logistic Regression,0.9385964912280702,0.9444444444444444,0.9577464788732394,0.951048951048951,0.9760890926957091,"worst area, worst concave points, mean concave points, worst perimeter, mean concavity, worst radius, mean perimeter, worst concavity, mean radius, mean area"
11,RF + DODA,10,Random Forest,0.9298245614035088,0.9315068493150684,0.9577464788732394,0.9444444444444444,0.9706845725515886,"worst area, worst concave points, mean concave points, worst perimeter, mean concavity, worst radius, mean perimeter, worst concavity, mean radius, mean area"
11,RF + DODA,10,XGBoost,0.9298245614035088,0.92,0.971830985915493,0.9452054794520548,0.9593842122502457,"worst area, worst concave points, mean concave points, worst perimeter, mean concavity, worst radius, mean perimeter, worst concavity, mean radius, mean area"
11,RF,15,Logistic Regression,0.9649122807017544,0.9466666666666667,1.0,0.9726027397260274,0.9937766131673763,"worst area, worst concave points, mean concave points, worst perimeter, mean concavity, mean perimeter, worst radius, worst concavity, mean radius, area error, mean area, worst compactness, radius error, mean texture, mean compactness"
11,RF,15,Random Forest,0.9298245614035088,0.92,0.971830985915493,0.9452054794520548,0.9746151326564034,"worst area, worst concave points, mean concave points, worst perimeter, mean concavity, mean perimeter, worst radius, worst concavity, mean radius, area error, mean area, worst compactness, radius error, mean texture, mean compactness"
11,RF,15,XGBoost,0.9385964912280702,0.9444444444444444,0.9577464788732394,0.951048951048951,0.9911562397641663,"worst area, worst concave points, mean concave points, worst perimeter, mean concavity, mean perimeter, worst radius, worst concavity, mean radius, area error, mean area, worst compactness, radius error, mean texture, mean compactness"
11,RF + DODA,15,Logistic Regression,0.9649122807017544,0.9466666666666667,1.0,0.9726027397260274,0.9934490664919752,"worst area, worst concave points, mean concave points, worst perimeter, mean concavity, worst radius, mean perimeter, worst concavity, mean radius, mean area, area error, worst compactness, mean compactness, radius error, worst texture"
11,RF + DODA,15,Random Forest,0.9385964912280702,0.9324324324324325,0.971830985915493,0.9517241379310345,0.9842777595807403,"worst area, worst concave points, mean concave points, worst perimeter, mean concavity, worst radius, mean perimeter, worst concavity, mean radius, mean area, area error, worst compactness, mean compactness, radius error, worst texture"
11,RF + DODA,15,XGBoost,0.9473684210526315,0.9452054794520548,0.971830985915493,0.9583333333333334,0.9921388797903701,"worst area, worst concave points, mean concave points, worst perimeter, mean concavity, worst radius, mean perimeter, worst concavity, mean radius, mean area, area error, worst compactness, mean compactness, radius error, worst texture"
11,RF,20,Logistic Regression,0.9824561403508771,0.9726027397260274,1.0,0.9861111111111112,0.9967245332459875,"worst area, worst concave points, mean concave points, worst perimeter, mean concavity, mean perimeter, worst radius, worst concavity, mean radius, area error, mean area, worst compactness, radius error, mean texture, mean compactness, worst smoothness, perimeter error, worst texture, worst fractal dimension, mean smoothness"
11,RF,20,Random Forest,0.9385964912280702,0.9324324324324325,0.971830985915493,0.9517241379310345,0.9798558794628234,"worst area, worst concave points, mean concave points, worst perimeter, mean concavity, mean perimeter, worst radius, worst concavity, mean radius, area error, mean area, worst compactness, radius error, mean texture, mean compactness, worst smoothness, perimeter error, worst texture, worst fractal dimension, mean smoothness"
11,RF,20,XGBoost,0.9473684210526315,0.9452054794520548,0.971830985915493,0.9583333333333334,0.9901735997379627,"worst area, worst concave points, mean concave points, worst perimeter, mean concavity, mean perimeter, worst radius, worst concavity, mean radius, area error, mean area, worst compactness, radius error, mean texture, mean compactness, worst smoothness, perimeter error, worst texture, worst fractal dimension, mean smoothness"
11,RF + DODA,20,Logistic Regression,0.9824561403508771,0.9726027397260274,1.0,0.9861111111111112,0.9980347199475925,"worst area, worst concave points, mean concave points, worst perimeter, mean concavity, worst radius, mean perimeter, worst concavity, mean radius, mean area, area error, worst compactness, mean compactness, radius error, worst texture, mean texture, worst smoothness, perimeter error, worst symmetry, mean smoothness"
11,RF + DODA,20,Random Forest,0.9473684210526315,0.9333333333333333,0.9859154929577465,0.958904109589041,0.9875532263347527,"worst area, worst concave points, mean concave points, worst perimeter, mean concavity, worst radius, mean perimeter, worst concavity, mean radius, mean area, area error, worst compactness, mean compactness, radius error, worst texture, mean texture, worst smoothness, perimeter error, worst symmetry, mean smoothness"
11,RF + DODA,20,XGBoost,0.956140350877193,0.9583333333333334,0.971830985915493,0.965034965034965,0.9941041598427776,"worst area, worst concave points, mean concave points, worst perimeter, mean concavity, worst radius, mean perimeter, worst concavity, mean radius, mean area, area error, worst compactness, mean compactness, radius error, worst texture, mean texture, worst smoothness, perimeter error, worst symmetry, mean smoothness"
12,RF,5,Logistic Regression,0.9736842105263158,1.0,0.9577464788732394,0.9784172661870504,0.99737962659679,"worst area, worst concave points, mean concave points, worst perimeter, mean concavity"
12,RF,5,Random Forest,0.956140350877193,1.0,0.9295774647887324,0.9635036496350365,0.9934490664919751,"worst area, worst concave points, mean concave points, worst perimeter, mean concavity"
12,RF,5,XGBoost,0.9824561403508771,1.0,0.971830985915493,0.9857142857142858,0.9944317065181789,"worst area, worst concave points, mean concave points, worst perimeter, mean concavity"
12,RF + DODA,5,Logistic Regression,0.9736842105263158,1.0,0.9577464788732394,0.9784172661870504,0.99737962659679,"worst area, worst concave points, mean concave points, worst perimeter, mean concavity"
12,RF + DODA,5,Random Forest,0.956140350877193,1.0,0.9295774647887324,0.9635036496350365,0.9934490664919751,"worst area, worst concave points, mean concave points, worst perimeter, mean concavity"
12,RF + DODA,5,XGBoost,0.9824561403508771,1.0,0.971830985915493,0.9857142857142858,0.9944317065181789,"worst area, worst concave points, mean concave points, worst perimeter, mean concavity"
12,RF,10,Logistic Regression,0.9473684210526315,1.0,0.9154929577464789,0.9558823529411765,0.9983622666229938,"worst area, worst concave points, mean concave points, worst perimeter, mean concavity, worst radius, mean perimeter, mean area, mean radius, worst concavity"
12,RF,10,Random Forest,0.956140350877193,1.0,0.9295774647887324,0.9635036496350365,0.9965607599082871,"worst area, worst concave points, mean concave points, worst perimeter, mean concavity, worst radius, mean perimeter, mean area, mean radius, worst concavity"
12,RF,10,XGBoost,0.956140350877193,0.9852941176470589,0.9436619718309859,0.9640287769784173,0.9944317065181789,"worst area, worst concave points, mean concave points, worst perimeter, mean concavity, worst radius, mean perimeter, mean area, mean radius, worst concavity"
12,RF + DODA,10,Logistic Regression,0.9473684210526315,1.0,0.9154929577464789,0.9558823529411765,0.9983622666229938,"worst area, worst concave points, mean concave points, worst perimeter, mean concavity, worst radius, mean perimeter, mean area, mean radius, worst concavity"
12,RF + DODA,10,Random Forest,0.956140350877193,1.0,0.9295774647887324,0.9635036496350365,0.9965607599082871,"worst area, worst concave points, mean concave points, worst perimeter, mean concavity, worst radius, mean perimeter, mean area, mean radius, worst concavity"
12,RF + DODA,10,XGBoost,0.956140350877193,0.9852941176470589,0.9436619718309859,0.9640287769784173,0.9944317065181789,"worst area, worst concave points, mean concave points, worst perimeter, mean concavity, worst radius, mean perimeter, mean area, mean radius, worst concavity"
12,RF,15,Logistic Regression,0.9736842105263158,0.9857142857142858,0.971830985915493,0.9787234042553191,0.9973796265967901,"worst area, worst concave points, mean concave points, worst perimeter, mean concavity, worst radius, mean perimeter, mean area, mean radius, worst concavity, area error, worst texture, mean texture, worst compactness, radius error"
12,RF,15,Random Forest,0.9824561403508771,1.0,0.971830985915493,0.9857142857142858,0.998689813298395,"worst area, worst concave points, mean concave points, worst perimeter, mean concavity, worst radius, mean perimeter, mean area, mean radius, worst concavity, area error, worst texture, mean texture, worst compactness, radius error"
12,RF,15,XGBoost,0.956140350877193,0.9852941176470589,0.9436619718309859,0.9640287769784173,0.996069439895185,"worst area, worst concave points, mean concave points, worst perimeter, mean concavity, worst radius, mean perimeter, mean area, mean radius, worst concavity, area error, worst texture, mean texture, worst compactness, radius error"
12,RF + DODA,15,Logistic Regression,0.9649122807017544,0.9855072463768116,0.9577464788732394,0.9714285714285714,0.9977071732721914,"worst area, worst concave points, mean concave points, worst perimeter, mean concavity, worst radius, mean perimeter, mean area, mean radius, worst concavity, area error, worst texture, worst compactness, mean texture, mean compactness"
12,RF + DODA,15,Random Forest,0.9824561403508771,1.0,0.971830985915493,0.9857142857142858,0.9996724533245988,"worst area, worst concave points, mean concave points, worst perimeter, mean concavity, worst radius, mean perimeter, mean area, mean radius, worst concavity, area error, worst texture, worst compactness, mean texture, mean compactness"
12,RF + DODA,15,XGBoost,0.9649122807017544,0.9855072463768116,0.9577464788732394,0.9714285714285714,0.9977071732721913,"worst area, worst concave points, mean concave points, worst perimeter, mean concavity, worst radius, mean perimeter, mean area, mean radius, worst concavity, area error, worst texture, worst compactness, mean texture, mean compactness"
12,RF,20,Logistic Regression,0.9912280701754386,1.0,0.9859154929577465,0.9929078014184397,0.9993449066491975,"worst area, worst concave points, mean concave points, worst perimeter, mean concavity, worst radius, mean perimeter, mean area, mean radius, worst concavity, area error, worst texture, mean texture, worst compactness, radius error, perimeter error, mean compactness, worst smoothness, concavity error, worst fractal dimension"
12,RF,20,Random Forest,0.9736842105263158,1.0,0.9577464788732394,0.9784172661870504,0.9996724533245988,"worst area, worst concave points, mean concave points, worst perimeter, mean concavity, worst radius, mean perimeter, mean area, mean radius, worst concavity, area error, worst texture, mean texture, worst compactness, radius error, perimeter error, mean compactness, worst smoothness, concavity error, worst fractal dimension"
12,RF,20,XGBoost,0.9824561403508771,1.0,0.971830985915493,0.9857142857142858,0.9983622666229938,"worst area, worst concave points, mean concave points, worst perimeter, mean concavity, worst radius, mean perimeter, mean area, mean radius, worst concavity, area error, worst texture, mean texture, worst compactness, radius error, perimeter error, mean compactness, worst smoothness, concavity error, worst fractal dimension"
12,RF + DODA,20,Logistic Regression,0.9912280701754386,1.0,0.9859154929577465,0.9929078014184397,0.9990173599737963,"worst area, worst concave points, mean concave points, worst perimeter, mean concavity, worst radius, mean perimeter, mean area, mean radius, worst concavity, area error, worst texture, worst compactness, mean texture, mean compactness, radius error, perimeter error, worst smoothness, worst symmetry, concavity error"
12,RF + DODA,20,Random Forest,0.9736842105263158,1.0,0.9577464788732394,0.9784172661870504,1.0,"worst area, worst concave points, mean concave points, worst perimeter, mean concavity, worst radius, mean perimeter, mean area, mean radius, worst concavity, area error, worst texture, worst compactness, mean texture, mean compactness, radius error, perimeter error, worst smoothness, worst symmetry, concavity error"
12,RF + DODA,20,XGBoost,0.9736842105263158,1.0,0.9577464788732394,0.9784172661870504,0.9983622666229938,"worst area, worst concave points, mean concave points, worst perimeter, mean concavity, worst radius, mean perimeter, mean area, mean radius, worst concavity, area error, worst texture, worst compactness, mean texture, mean compactness, radius error, perimeter error, worst smoothness, worst symmetry, concavity error"
13,RF,5,Logistic Regression,0.956140350877193,0.9855072463768116,0.9444444444444444,0.9645390070921985,0.9973544973544973,"worst area, worst concave points, worst perimeter, worst radius, mean concave points"
13,RF,5,Random Forest,0.9736842105263158,0.9859154929577465,0.9722222222222222,0.9790209790209791,0.9963624338624338,"worst area, worst concave points, worst perimeter, worst radius, mean concave points"
13,RF,5,XGBoost,0.956140350877193,0.971830985915493,0.9583333333333334,0.965034965034965,0.9937169312169312,"worst area, worst concave points, worst perimeter, worst radius, mean concave points"
13,RF + DODA,5,Logistic Regression,0.956140350877193,0.9855072463768116,0.9444444444444444,0.9645390070921985,0.9973544973544973,"worst area, worst concave points, worst perimeter, worst radius, mean concave points"
13,RF + DODA,5,Random Forest,0.9736842105263158,0.9859154929577465,0.9722222222222222,0.9790209790209791,0.9963624338624338,"worst area, worst concave points, worst perimeter, worst radius, mean concave points"
13,RF + DODA,5,XGBoost,0.956140350877193,0.971830985915493,0.9583333333333334,0.965034965034965,0.9937169312169312,"worst area, worst concave points, worst perimeter, worst radius, mean concave points"
13,RF,10,Logistic Regression,0.956140350877193,0.9855072463768116,0.9444444444444444,0.9645390070921985,0.9970238095238094,"worst area, worst concave points, worst perimeter, worst radius, mean concave points, mean perimeter, mean area, mean concavity, mean radius, worst concavity"
13,RF,10,Random Forest,0.9824561403508771,0.9861111111111112,0.9861111111111112,0.9861111111111112,0.9976851851851852,"worst area, worst concave points, worst perimeter, worst radius, mean concave points, mean perimeter, mean area, mean concavity, mean radius, worst concavity"
13,RF,10,XGBoost,0.9649122807017544,0.9857142857142858,0.9583333333333334,0.971830985915493,0.9933862433862434,"worst area, worst concave points, worst perimeter, worst radius, mean concave points, mean perimeter, mean area, mean concavity, mean radius, worst concavity"
13,RF + DODA,10,Logistic Regression,0.956140350877193,0.9855072463768116,0.9444444444444444,0.9645390070921985,0.9970238095238094,"worst area, worst concave points, worst perimeter, worst radius, mean concave points, mean perimeter, mean area, mean concavity, mean radius, worst concavity"
13,RF + DODA,10,Random Forest,0.9824561403508771,0.9861111111111112,0.9861111111111112,0.9861111111111112,0.9976851851851852,"worst area, worst concave points, worst perimeter, worst radius, mean concave points, mean perimeter, mean area, mean concavity, mean radius, worst concavity"
13,RF + DODA,10,XGBoost,0.9649122807017544,0.9857142857142858,0.9583333333333334,0.971830985915493,0.9933862433862434,"worst area, worst concave points, worst perimeter, worst radius, mean concave points, mean perimeter, mean area, mean concavity, mean radius, worst concavity"
13,RF,15,Logistic Regression,0.9649122807017544,1.0,0.9444444444444444,0.9714285714285714,0.9996693121693121,"worst area, worst concave points, worst perimeter, worst radius, mean concave points, mean perimeter, mean area, mean concavity, mean radius, worst concavity, area error, worst texture, worst compactness, mean texture, radius error"
13,RF,15,Random Forest,0.9736842105263158,0.9859154929577465,0.9722222222222222,0.9790209790209791,0.9990079365079365,"worst area, worst concave points, worst perimeter, worst radius, mean concave points, mean perimeter, mean area, mean concavity, mean radius, worst concavity, area error, worst texture, worst compactness, mean texture, radius error"
13,RF,15,XGBoost,0.9736842105263158,1.0,0.9583333333333334,0.9787234042553191,0.9996693121693122,"worst area, worst concave points, worst perimeter, worst radius, mean concave points, mean perimeter, mean area, mean concavity, mean radius, worst concavity, area error, worst texture, worst compactness, mean texture, radius error"
13,RF + DODA,15,Logistic Regression,0.9736842105263158,1.0,0.9583333333333334,0.9787234042553191,1.0,"worst area, worst concave points, worst perimeter, worst radius, mean concave points, mean perimeter, mean area, mean concavity, mean radius, worst concavity, area error, worst compactness, worst texture, mean compactness, mean texture"
13,RF + DODA,15,Random Forest,0.9736842105263158,0.9859154929577465,0.9722222222222222,0.9790209790209791,0.9988425925925926,"worst area, worst concave points, worst perimeter, worst radius, mean concave points, mean perimeter, mean area, mean concavity, mean radius, worst concavity, area error, worst compactness, worst texture, mean compactness, mean texture"
13,RF + DODA,15,XGBoost,0.9824561403508771,1.0,0.9722222222222222,0.9859154929577465,0.9996693121693121,"worst area, worst concave points, worst perimeter, worst radius, mean concave points, mean perimeter, mean area, mean concavity, mean radius, worst concavity, area error, worst compactness, worst texture, mean compactness, mean texture"
13,RF,20,Logistic Regression,0.9912280701754386,1.0,0.9861111111111112,0.993006993006993,0.9996693121693121,"worst area, worst concave points, worst perimeter, worst radius, mean concave points, mean perimeter, mean area, mean concavity, mean radius, worst concavity, area error, worst texture, worst compactness, mean texture, radius error, mean compactness, worst smoothness, perimeter error, worst symmetry, mean smoothness"
13,RF,20,Random Forest,0.9736842105263158,0.9859154929577465,0.9722222222222222,0.9790209790209791,0.9993386243386243,"worst area, worst concave points, worst perimeter, worst radius, mean concave points, mean perimeter, mean area, mean concavity, mean radius, worst concavity, area error, worst texture, worst compactness, mean texture, radius error, mean compactness, worst smoothness, perimeter error, worst symmetry, mean smoothness"
13,RF,20,XGBoost,0.9912280701754386,1.0,0.9861111111111112,0.993006993006993,1.0,"worst area, worst concave points, worst perimeter, worst radius, mean concave points, mean perimeter, mean area, mean concavity, mean radius, worst concavity, area error, worst texture, worst compactness, mean texture, radius error, mean compactness, worst smoothness, perimeter error, worst symmetry, mean smoothness"
13,RF + DODA,20,Logistic Regression,0.9912280701754386,1.0,0.9861111111111112,0.993006993006993,0.9996693121693121,"worst area, worst concave points, worst perimeter, worst radius, mean concave points, mean perimeter, mean area, mean concavity, mean radius, worst concavity, area error, worst compactness, worst texture, mean compactness, mean texture, radius error, worst symmetry, worst smoothness, perimeter error, mean smoothness"
13,RF + DODA,20,Random Forest,0.9824561403508771,1.0,0.9722222222222222,0.9859154929577465,1.0,"worst area, worst concave points, worst perimeter, worst radius, mean concave points, mean perimeter, mean area, mean concavity, mean radius, worst concavity, area error, worst compactness, worst texture, mean compactness, mean texture, radius error, worst symmetry, worst smoothness, perimeter error, mean smoothness"
13,RF + DODA,20,XGBoost,0.9912280701754386,1.0,0.9861111111111112,0.993006993006993,1.0,"worst area, worst concave points, worst perimeter, worst radius, mean concave points, mean perimeter, mean area, mean concavity, mean radius, worst concavity, area error, worst compactness, worst texture, mean compactness, mean texture, radius error, worst symmetry, worst smoothness, perimeter error, mean smoothness"
14,RF,5,Logistic Regression,0.9473684210526315,0.9583333333333334,0.9583333333333334,0.9583333333333334,0.9841269841269842,"worst area, mean concave points, worst concave points, worst perimeter, worst radius"
14,RF,5,Random Forest,0.9385964912280702,0.9452054794520548,0.9583333333333334,0.9517241379310345,0.9775132275132274,"worst area, mean concave points, worst concave points, worst perimeter, worst radius"
14,RF,5,XGBoost,0.9385964912280702,0.9452054794520548,0.9583333333333334,0.9517241379310345,0.9708994708994709,"worst area, mean concave points, worst concave points, worst perimeter, worst radius"
14,RF + DODA,5,Logistic Regression,0.9473684210526315,0.9583333333333334,0.9583333333333334,0.9583333333333334,0.9841269841269842,"worst area, worst concave points, mean concave points, worst perimeter, worst radius"
14,RF + DODA,5,Random Forest,0.9298245614035088,0.9324324324324325,0.9583333333333334,0.9452054794520548,0.9786706349206349,"worst area, worst concave points, mean concave points, worst perimeter, worst radius"
14,RF + DODA,5,XGBoost,0.9385964912280702,0.9452054794520548,0.9583333333333334,0.9517241379310345,0.9708994708994709,"worst area, worst concave points, mean concave points, worst perimeter, worst radius"
14,RF,10,Logistic Regression,0.9385964912280702,0.9577464788732394,0.9444444444444444,0.951048951048951,0.9884259259259259,"worst area, mean concave points, worst concave points, worst perimeter, worst radius, mean concavity, mean perimeter, mean area, mean radius, area error"
14,RF,10,Random Forest,0.956140350877193,0.958904109589041,0.9722222222222222,0.9655172413793104,0.9849537037037036,"worst area, mean concave points, worst concave points, worst perimeter, worst radius, mean concavity, mean perimeter, mean area, mean radius, area error"
14,RF,10,XGBoost,0.9473684210526315,0.9459459459459459,0.9722222222222222,0.958904109589041,0.982473544973545,"worst area, mean concave points, worst concave points, worst perimeter, worst radius, mean concavity, mean perimeter, mean area, mean radius, area error"
14,RF + DODA,10,Logistic Regression,0.9385964912280702,0.9577464788732394,0.9444444444444444,0.951048951048951,0.9831349206349206,"worst area, worst concave points, mean concave points, worst perimeter, worst radius, mean concavity, mean perimeter, mean area, worst concavity, mean radius"
14,RF + DODA,10,Random Forest,0.956140350877193,0.9466666666666667,0.9861111111111112,0.9659863945578231,0.9791666666666667,"worst area, worst concave points, mean concave points, worst perimeter, worst radius, mean concavity, mean perimeter, mean area, worst concavity, mean radius"
14,RF + DODA,10,XGBoost,0.956140350877193,0.958904109589041,0.9722222222222222,0.9655172413793104,0.9722222222222222,"worst area, worst concave points, mean concave points, worst perimeter, worst radius, mean concavity, mean perimeter, mean area, worst concavity, mean radius"
14,RF,15,Logistic Regression,0.9736842105263158,0.9726027397260274,0.9861111111111112,0.9793103448275862,0.9933862433862434,"worst area, mean concave points, worst concave points, worst perimeter, worst radius, mean concavity, mean perimeter, mean area, mean radius, area error, worst concavity, worst compactness, radius error, worst texture, mean compactness"
14,RF,15,Random Forest,0.9649122807017544,0.9594594594594594,0.9861111111111112,0.9726027397260274,0.9927248677248678,"worst area, mean concave points, worst concave points, worst perimeter, worst radius, mean concavity, mean perimeter, mean area, mean radius, area error, worst concavity, worst compactness, radius error, worst texture, mean compactness"
14,RF,15,XGBoost,0.9824561403508771,0.972972972972973,1.0,0.9863013698630136,0.9957010582010581,"worst area, mean concave points, worst concave points, worst perimeter, worst radius, mean concavity, mean perimeter, mean area, mean radius, area error, worst concavity, worst compactness, radius error, worst texture, mean compactness"
14,RF + DODA,15,Logistic Regression,0.9736842105263158,0.9726027397260274,0.9861111111111112,0.9793103448275862,0.9933862433862434,"worst area, worst concave points, mean concave points, worst perimeter, worst radius, mean concavity, mean perimeter, mean area, worst concavity, mean radius, area error, worst compactness, worst texture, mean compactness, radius error"
14,RF + DODA,15,Random Forest,0.9649122807017544,0.9594594594594594,0.9861111111111112,0.9726027397260274,0.9935515873015873,"worst area, worst concave points, mean concave points, worst perimeter, worst radius, mean concavity, mean perimeter, mean area, worst concavity, mean radius, area error, worst compactness, worst texture, mean compactness, radius error"
14,RF + DODA,15,XGBoost,0.9824561403508771,0.972972972972973,1.0,0.9863013698630136,0.9957010582010581,"worst area, worst concave points, mean concave points, worst perimeter, worst radius, mean concavity, mean perimeter, mean area, worst concavity, mean radius, area error, worst compactness, worst texture, mean compactness, radius error"
14,RF,20,Logistic Regression,0.9824561403508771,0.972972972972973,1.0,0.9863013698630136,0.9933862433862434,"worst area, mean concave points, worst concave points, worst perimeter, worst radius, mean concavity, mean perimeter, mean area, mean radius, area error, worst concavity, worst compactness, radius error, worst texture, mean compactness, worst smoothness, mean texture, concavity error, perimeter error, mean smoothness"
14,RF,20,Random Forest,0.9736842105263158,0.96,1.0,0.9795918367346939,0.9905753968253967,"worst area, mean concave points, worst concave points, worst perimeter, worst radius, mean concavity, mean perimeter, mean area, mean radius, area error, worst concavity, worst compactness, radius error, worst texture, mean compactness, worst smoothness, mean texture, concavity error, perimeter error, mean smoothness"
14,RF,20,XGBoost,0.9824561403508771,0.972972972972973,1.0,0.9863013698630136,0.9933862433862434,"worst area, mean concave points, worst concave points, worst perimeter, worst radius, mean concavity, mean perimeter, mean area, mean radius, area error, worst concavity, worst compactness, radius error, worst texture, mean compactness, worst smoothness, mean texture, concavity error, perimeter error, mean smoothness"
14,RF + DODA,20,Logistic Regression,0.9824561403508771,0.972972972972973,1.0,0.9863013698630136,0.9890873015873015,"worst area, worst concave points, mean concave points, worst perimeter, worst radius, mean concavity, mean perimeter, mean area, worst concavity, mean radius, area error, worst compactness, worst texture, mean compactness, radius error, worst smoothness, mean texture, perimeter error, concavity error, worst symmetry"
14,RF + DODA,20,Random Forest,0.9649122807017544,0.9594594594594594,0.9861111111111112,0.9726027397260274,0.9922288359788359,"worst area, worst concave points, mean concave points, worst perimeter, worst radius, mean concavity, mean perimeter, mean area, worst concavity, mean radius, area error, worst compactness, worst texture, mean compactness, radius error, worst smoothness, mean texture, perimeter error, concavity error, worst symmetry"
14,RF + DODA,20,XGBoost,0.9736842105263158,0.96,1.0,0.9795918367346939,0.9927248677248677,"worst area, worst concave points, mean concave points, worst perimeter, worst radius, mean concavity, mean perimeter, mean area, worst concavity, mean radius, area error, worst compactness, worst texture, mean compactness, radius error, worst smoothness, mean texture, perimeter error, concavity error, worst symmetry"
15,RF,5,Logistic Regression,0.911504424778761,0.9552238805970149,0.9014084507042254,0.927536231884058,0.9849094567404426,"worst area, worst concave points, mean concave points, worst perimeter, worst radius"
15,RF,5,Random Forest,0.9026548672566371,0.9411764705882353,0.9014084507042254,0.920863309352518,0.9686452045606976,"worst area, worst concave points, mean concave points, worst perimeter, worst radius"
15,RF,5,XGBoost,0.911504424778761,0.9552238805970149,0.9014084507042254,0.927536231884058,0.9691482226693494,"worst area, worst concave points, mean concave points, worst perimeter, worst radius"
15,RF + DODA,5,Logistic Regression,0.911504424778761,0.9552238805970149,0.9014084507042254,0.927536231884058,0.9849094567404426,"worst area, worst concave points, mean concave points, worst perimeter, worst radius"
15,RF + DODA,5,Random Forest,0.9026548672566371,0.9411764705882353,0.9014084507042254,0.920863309352518,0.9686452045606976,"worst area, worst concave points, mean concave points, worst perimeter, worst radius"
15,RF + DODA,5,XGBoost,0.911504424778761,0.9552238805970149,0.9014084507042254,0.927536231884058,0.9691482226693494,"worst area, worst concave points, mean concave points, worst perimeter, worst radius"
15,RF,10,Logistic Regression,0.9203539823008849,0.9558823529411765,0.9154929577464789,0.935251798561151,0.988262910798122,"worst area, worst concave points, mean concave points, worst perimeter, worst radius, mean perimeter, mean concavity, mean radius, mean area, area error"
15,RF,10,Random Forest,0.9292035398230089,0.9436619718309859,0.9436619718309859,0.9436619718309859,0.9832327297116029,"worst area, worst concave points, mean concave points, worst perimeter, worst radius, mean perimeter, mean concavity, mean radius, mean area, area error"
15,RF,10,XGBoost,0.9380530973451328,0.9571428571428572,0.9436619718309859,0.950354609929078,0.9822266934942991,"worst area, worst concave points, mean concave points, worst perimeter, worst radius, mean perimeter, mean concavity, mean radius, mean area, area error"
15,RF + DODA,10,Logistic Regression,0.9203539823008849,0.9696969696969697,0.9014084507042254,0.9343065693430657,0.9865861837692824,"worst area, worst concave points, mean concave points, worst perimeter, worst radius, mean perimeter, mean concavity, mean radius, mean area, worst concavity"
15,RF + DODA,10,Random Forest,0.9380530973451328,0.9571428571428572,0.9436619718309859,0.950354609929078,0.9839034205231388,"worst area, worst concave points, mean concave points, worst perimeter, worst radius, mean perimeter, mean concavity, mean radius, mean area, worst concavity"
15,RF + DODA,10,XGBoost,0.9292035398230089,0.9436619718309859,0.9436619718309859,0.9436619718309859,0.9701542588866533,"worst area, worst concave points, mean concave points, worst perimeter, worst radius, mean perimeter, mean concavity, mean radius, mean area, worst concavity"
15,RF,15,Logistic Regression,0.9469026548672567,0.9452054794520548,0.971830985915493,0.9583333333333334,0.9875922199865863,"worst area, worst concave points, mean concave points, worst perimeter, worst radius, mean perimeter, mean concavity, mean radius, mean area, area error, worst concavity, worst texture, worst compactness, radius error, worst smoothness"
15,RF,15,Random Forest,0.9557522123893806,0.9852941176470589,0.9436619718309859,0.9640287769784173,0.9837357478202549,"worst area, worst concave points, mean concave points, worst perimeter, worst radius, mean perimeter, mean concavity, mean radius, mean area, area error, worst concavity, worst texture, worst compactness, radius error, worst smoothness"
15,RF,15,XGBoost,0.9380530973451328,0.9444444444444444,0.9577464788732394,0.951048951048951,0.9859154929577465,"worst area, worst concave points, mean concave points, worst perimeter, worst radius, mean perimeter, mean concavity, mean radius, mean area, area error, worst concavity, worst texture, worst compactness, radius error, worst smoothness"
15,RF + DODA,15,Logistic Regression,0.9557522123893806,0.9852941176470589,0.9436619718309859,0.9640287769784173,0.994634473507713,"worst area, worst concave points, mean concave points, worst perimeter, worst radius, mean perimeter, mean concavity, mean radius, mean area, worst concavity, area error, worst compactness, worst texture, mean compactness, radius error"
15,RF + DODA,15,Random Forest,0.9557522123893806,0.9852941176470589,0.9436619718309859,0.9640287769784173,0.9867538564721663,"worst area, worst concave points, mean concave points, worst perimeter, worst radius, mean perimeter, mean concavity, mean radius, mean area, worst concavity, area error, worst compactness, worst texture, mean compactness, radius error"
15,RF + DODA,15,XGBoost,0.9646017699115044,0.9855072463768116,0.9577464788732394,0.9714285714285714,0.988933601609658,"worst area, worst concave points, mean concave points, worst perimeter, worst radius, mean perimeter, mean concavity, mean radius, mean area, worst concavity, area error, worst compactness, worst texture, mean compactness, radius error"
15,RF,20,Logistic Regression,0.9557522123893806,0.9459459459459459,0.9859154929577465,0.9655172413793104,0.9865861837692824,"worst area, worst concave points, mean concave points, worst perimeter, worst radius, mean perimeter, mean concavity, mean radius, mean area, area error, worst concavity, worst texture, worst compactness, radius error, worst smoothness, mean compactness, perimeter error, mean texture, worst fractal dimension, mean smoothness"
15,RF,20,Random Forest,0.9557522123893806,0.9852941176470589,0.9436619718309859,0.9640287769784173,0.9864185110663984,"worst area, worst concave points, mean concave points, worst perimeter, worst radius, mean perimeter, mean concavity, mean radius, mean area, area error, worst concavity, worst texture, worst compactness, radius error, worst smoothness, mean compactness, perimeter error, mean texture, worst fractal dimension, mean smoothness"
15,RF,20,XGBoost,0.9469026548672567,0.9577464788732394,0.9577464788732394,0.9577464788732394,0.9865861837692824,"worst area, worst concave points, mean concave points, worst perimeter, worst radius, mean perimeter, mean concavity, mean radius, mean area, area error, worst concavity, worst texture, worst compactness, radius error, worst smoothness, mean compactness, perimeter error, mean texture, worst fractal dimension, mean smoothness"
15,RF + DODA,20,Logistic Regression,0.9557522123893806,0.9459459459459459,0.9859154929577465,0.9655172413793104,0.9896042924211939,"worst area, worst concave points, mean concave points, worst perimeter, worst radius, mean perimeter, mean concavity, mean radius, mean area, worst concavity, area error, worst compactness, worst texture, mean compactness, radius error, worst smoothness, perimeter error, mean texture, worst symmetry, mean smoothness"
15,RF + DODA,20,Random Forest,0.9557522123893806,0.9852941176470589,0.9436619718309859,0.9640287769784173,0.9834004024144869,"worst area, worst concave points, mean concave points, worst perimeter, worst radius, mean perimeter, mean concavity, mean radius, mean area, worst concavity, area error, worst compactness, worst texture, mean compactness, radius error, worst smoothness, perimeter error, mean texture, worst symmetry, mean smoothness"
15,RF + DODA,20,XGBoost,0.9469026548672567,0.9577464788732394,0.9577464788732394,0.9577464788732394,0.9875922199865862,"worst area, worst concave points, mean concave points, worst perimeter, worst radius, mean perimeter, mean concavity, mean radius, mean area, worst concavity, area error, worst compactness, worst texture, mean compactness, radius error, worst smoothness, perimeter error, mean texture, worst symmetry, mean smoothness"
16,RF,5,Logistic Regression,0.9298245614035088,0.9436619718309859,0.9436619718309859,0.9436619718309859,0.9872256796593515,"mean concave points, worst area, worst concave points, worst perimeter, mean concavity"
16,RF,5,Random Forest,0.9385964912280702,0.9324324324324325,0.971830985915493,0.9517241379310345,0.9793645594497217,"mean concave points, worst area, worst concave points, worst perimeter, mean concavity"
16,RF,5,XGBoost,0.9385964912280702,0.9324324324324325,0.971830985915493,0.9517241379310345,0.9777268260727153,"mean concave points, worst area, worst concave points, worst perimeter, mean concavity"
16,RF + DODA,5,Logistic Regression,0.9298245614035088,0.9436619718309859,0.9436619718309859,0.9436619718309859,0.9872256796593515,"worst area, worst concave points, mean concave points, worst perimeter, mean concavity"
16,RF + DODA,5,Random Forest,0.9385964912280702,0.9324324324324325,0.971830985915493,0.9517241379310345,0.9751064526695055,"worst area, worst concave points, mean concave points, worst perimeter, mean concavity"
16,RF + DODA,5,XGBoost,0.9385964912280702,0.9324324324324325,0.971830985915493,0.9517241379310345,0.9777268260727153,"worst area, worst concave points, mean concave points, worst perimeter, mean concavity"
16,RF,10,Logistic Regression,0.9385964912280702,0.9571428571428572,0.9436619718309859,0.950354609929078,0.9872256796593515,"mean concave points, worst area, worst concave points, worst perimeter, mean concavity, worst radius, mean area, mean perimeter, worst concavity, mean radius"
16,RF,10,Random Forest,0.9298245614035088,0.9315068493150684,0.9577464788732394,0.9444444444444444,0.9832951195545365,"mean concave points, worst area, worst concave points, worst perimeter, mean concavity, worst radius, mean area, mean perimeter, worst concavity, mean radius"
16,RF,10,XGBoost,0.9298245614035088,0.92,0.971830985915493,0.9452054794520548,0.9806747461513265,"mean concave points, worst area, worst concave points, worst perimeter, mean concavity, worst radius, mean area, mean perimeter, worst concavity, mean radius"
16,RF + DODA,10,Logistic Regression,0.9385964912280702,0.9571428571428572,0.9436619718309859,0.950354609929078,0.9872256796593515,"worst area, worst concave points, mean concave points, worst perimeter, mean concavity, worst radius, mean area, mean perimeter, worst concavity, mean radius"
16,RF + DODA,10,Random Forest,0.9298245614035088,0.9315068493150684,0.9577464788732394,0.9444444444444444,0.9836226662299378,"worst area, worst concave points, mean concave points, worst perimeter, mean concavity, worst radius, mean area, mean perimeter, worst concavity, mean radius"
16,RF + DODA,10,XGBoost,0.9298245614035088,0.92,0.971830985915493,0.9452054794520548,0.9806747461513265,"worst area, worst concave points, mean concave points, worst perimeter, mean concavity, worst radius, mean area, mean perimeter, worst concavity, mean radius"
16,RF,15,Logistic Regression,0.9649122807017544,0.958904109589041,0.9859154929577465,0.9722222222222222,0.9967245332459875,"mean concave points, worst area, worst concave points, worst perimeter, mean concavity, worst radius, mean area, mean perimeter, worst concavity, mean radius, area error, radius error, worst texture, mean compactness, worst compactness"
16,RF,15,Random Forest,0.9473684210526315,0.9452054794520548,0.971830985915493,0.9583333333333334,0.9901735997379627,"mean concave points, worst area, worst concave points, worst perimeter, mean concavity, worst radius, mean area, mean perimeter, worst concavity, mean radius, area error, radius error, worst texture, mean compactness, worst compactness"
16,RF,15,XGBoost,0.956140350877193,0.9459459459459459,0.9859154929577465,0.9655172413793104,0.9967245332459875,"mean concave points, worst area, worst concave points, worst perimeter, mean concavity, worst radius, mean area, mean perimeter, worst concavity, mean radius, area error, radius error, worst texture, mean compactness, worst compactness"
16,RF + DODA,15,Logistic Regression,0.9649122807017544,0.958904109589041,0.9859154929577465,0.9722222222222222,0.9967245332459875,"worst area, worst concave points, mean concave points, worst perimeter, mean concavity, worst radius, mean area, mean perimeter, worst concavity, mean radius, area error, mean compactness, worst compactness, worst texture, radius error"
16,RF + DODA,15,Random Forest,0.9385964912280702,0.9324324324324325,0.971830985915493,0.9517241379310345,0.9890271863740583,"worst area, worst concave points, mean concave points, worst perimeter, mean concavity, worst radius, mean area, mean perimeter, worst concavity, mean radius, area error, mean compactness, worst compactness, worst texture, radius error"
16,RF + DODA,15,XGBoost,0.956140350877193,0.9459459459459459,0.9859154929577465,0.9655172413793104,0.9967245332459875,"worst area, worst concave points, mean concave points, worst perimeter, mean concavity, worst radius, mean area, mean perimeter, worst concavity, mean radius, area error, mean compactness, worst compactness, worst texture, radius error"
16,RF,20,Logistic Regression,0.9912280701754386,0.9861111111111112,1.0,0.993006993006993,0.9980347199475925,"mean concave points, worst area, worst concave points, worst perimeter, mean concavity, worst radius, mean area, mean perimeter, worst concavity, mean radius, area error, radius error, worst texture, mean compactness, worst compactness, mean texture, perimeter error, worst smoothness, worst symmetry, concavity error"
16,RF,20,Random Forest,0.9473684210526315,0.9452054794520548,0.971830985915493,0.9583333333333334,0.9919751064526695,"mean concave points, worst area, worst concave points, worst perimeter, mean concavity, worst radius, mean area, mean perimeter, worst concavity, mean radius, area error, radius error, worst texture, mean compactness, worst compactness, mean texture, perimeter error, worst smoothness, worst symmetry, concavity error"
16,RF,20,XGBoost,0.9736842105263158,0.9722222222222222,0.9859154929577465,0.9790209790209791,0.9924664264657714,"mean concave points, worst area, worst concave points, worst perimeter, mean concavity, worst radius, mean area, mean perimeter, worst concavity, mean radius, area error, radius error, worst texture, mean compactness, worst compactness, mean texture, perimeter error, worst smoothness, worst symmetry, concavity error"
16,RF + DODA,20,Logistic Regression,0.9912280701754386,0.9861111111111112,1.0,0.993006993006993,0.9980347199475925,"worst area, worst concave points, mean concave points, worst perimeter, mean concavity, worst radius, mean area, mean perimeter, worst concavity, mean radius, area error, mean compactness, worst compactness, worst texture, radius error, mean texture, worst symmetry, perimeter error, worst smoothness, concavity error"
16,RF + DODA,20,Random Forest,0.956140350877193,0.9583333333333334,0.971830985915493,0.965034965034965,0.9906649197510645,"worst area, worst concave points, mean concave points, worst perimeter, mean concavity, worst radius, mean area, mean perimeter, worst concavity, mean radius, area error, mean compactness, worst compactness, worst texture, radius error, mean texture, worst symmetry, perimeter error, worst smoothness, concavity error"
16,RF + DODA,20,XGBoost,0.9736842105263158,0.9722222222222222,0.9859154929577465,0.9790209790209791,0.9924664264657714,"worst area, worst concave points, mean concave points, worst perimeter, mean concavity, worst radius, mean area, mean perimeter, worst concavity, mean radius, area error, mean compactness, worst compactness, worst texture, radius error, mean texture, worst symmetry, perimeter error, worst smoothness, concavity error"
17,RF,5,Logistic Regression,0.9035087719298246,0.9838709677419355,0.8591549295774648,0.9172932330827067,0.9911562397641664,"worst area, worst concave points, worst perimeter, mean concave points, mean perimeter"
17,RF,5,Random Forest,0.9210526315789473,0.984375,0.8873239436619719,0.9333333333333333,0.982640026203734,"worst area, worst concave points, worst perimeter, mean concave points, mean perimeter"
17,RF,5,XGBoost,0.9210526315789473,0.984375,0.8873239436619719,0.9333333333333333,0.9895185063871602,"worst area, worst concave points, worst perimeter, mean concave points, mean perimeter"
17,RF + DODA,5,Logistic Regression,0.9122807017543859,0.9841269841269841,0.8732394366197183,0.9253731343283582,0.9908286930887652,"worst area, worst concave points, worst perimeter, mean concave points, worst radius"
17,RF + DODA,5,Random Forest,0.9210526315789473,0.984375,0.8873239436619719,0.9333333333333333,0.9796921061251229,"worst area, worst concave points, worst perimeter, mean concave points, worst radius"
17,RF + DODA,5,XGBoost,0.9122807017543859,0.9692307692307692,0.8873239436619719,0.9264705882352942,0.9823124795283328,"worst area, worst concave points, worst perimeter, mean concave points, worst radius"
17,RF,10,Logistic Regression,0.9210526315789473,0.984375,0.8873239436619719,0.9333333333333333,0.9924664264657713,"worst area, worst concave points, worst perimeter, mean concave points, mean perimeter, worst radius, mean concavity, mean area, mean radius, area error"
17,RF,10,Random Forest,0.9122807017543859,0.9841269841269841,0.8732394366197183,0.9253731343283582,0.9882083196855553,"worst area, worst concave points, worst perimeter, mean concave points, mean perimeter, worst radius, mean concavity, mean area, mean radius, area error"
17,RF,10,XGBoost,0.9210526315789473,0.9696969696969697,0.9014084507042254,0.9343065693430657,0.9855879462823453,"worst area, worst concave points, worst perimeter, mean concave points, mean perimeter, worst radius, mean concavity, mean area, mean radius, area error"
17,RF + DODA,10,Logistic Regression,0.9035087719298246,0.96875,0.8732394366197183,0.9185185185185185,0.9921388797903702,"worst area, worst concave points, worst perimeter, mean concave points, worst radius, mean perimeter, mean concavity, mean area, mean radius, worst concavity"
17,RF + DODA,10,Random Forest,0.9298245614035088,0.9846153846153847,0.9014084507042254,0.9411764705882353,0.9870619063216508,"worst area, worst concave points, worst perimeter, mean concave points, worst radius, mean perimeter, mean concavity, mean area, mean radius, worst concavity"
17,RF + DODA,10,XGBoost,0.9385964912280702,0.9848484848484849,0.9154929577464789,0.948905109489051,0.9868981329839502,"worst area, worst concave points, worst perimeter, mean concave points, worst radius, mean perimeter, mean concavity, mean area, mean radius, worst concavity"
17,RF,15,Logistic Regression,0.9649122807017544,1.0,0.9436619718309859,0.9710144927536232,0.9993449066491975,"worst area, worst concave points, worst perimeter, mean concave points, mean perimeter, worst radius, mean concavity, mean area, mean radius, area error, worst concavity, worst compactness, worst texture, radius error, mean compactness"
17,RF,15,Random Forest,0.9210526315789473,0.984375,0.8873239436619719,0.9333333333333333,0.9937766131673764,"worst area, worst concave points, worst perimeter, mean concave points, mean perimeter, worst radius, mean concavity, mean area, mean radius, area error, worst concavity, worst compactness, worst texture, radius error, mean compactness"
17,RF,15,XGBoost,0.9210526315789473,1.0,0.8732394366197183,0.9323308270676691,0.9990173599737963,"worst area, worst concave points, worst perimeter, mean concave points, mean perimeter, worst radius, mean concavity, mean area, mean radius, area error, worst concavity, worst compactness, worst texture, radius error, mean compactness"
17,RF + DODA,15,Logistic Regression,0.9649122807017544,1.0,0.9436619718309859,0.9710144927536232,0.9993449066491975,"worst area, worst concave points, worst perimeter, mean concave points, worst radius, mean perimeter, mean concavity, mean area, mean radius, worst concavity, area error, worst compactness, worst texture, mean compactness, radius error"
17,RF + DODA,15,Random Forest,0.9298245614035088,0.9846153846153847,0.9014084507042254,0.9411764705882353,0.9955781198820832,"worst area, worst concave points, worst perimeter, mean concave points, worst radius, mean perimeter, mean concavity, mean area, mean radius, worst concavity, area error, worst compactness, worst texture, mean compactness, radius error"
17,RF + DODA,15,XGBoost,0.9210526315789473,1.0,0.8732394366197183,0.9323308270676691,0.9990173599737963,"worst area, worst concave points, worst perimeter, mean concave points, worst radius, mean perimeter, mean concavity, mean area, mean radius, worst concavity, area error, worst compactness, worst texture, mean compactness, radius error"
17,RF,20,Logistic Regression,0.9649122807017544,0.9855072463768116,0.9577464788732394,0.9714285714285714,0.9990173599737963,"worst area, worst concave points, worst perimeter, mean concave points, mean perimeter, worst radius, mean concavity, mean area, mean radius, area error, worst concavity, worst compactness, worst texture, radius error, mean compactness, perimeter error, mean texture, worst smoothness, worst symmetry, mean smoothness"
17,RF,20,Random Forest,0.9210526315789473,0.984375,0.8873239436619719,0.9333333333333333,0.9944317065181788,"worst area, worst concave points, worst perimeter, mean concave points, mean perimeter, worst radius, mean concavity, mean area, mean radius, area error, worst concavity, worst compactness, worst texture, radius error, mean compactness, perimeter error, mean texture, worst smoothness, worst symmetry, mean smoothness"
17,RF,20,XGBoost,0.9210526315789473,0.9696969696969697,0.9014084507042254,0.9343065693430657,0.9941041598427777,"worst area, worst concave points, worst perimeter, mean concave points, mean perimeter, worst radius, mean concavity, mean area, mean radius, area error, worst concavity, worst compactness, worst texture, radius error, mean compactness, perimeter error, mean texture, worst smoothness, worst symmetry, mean smoothness"
17,RF + DODA,20,Logistic Regression,0.9649122807017544,0.9855072463768116,0.9577464788732394,0.9714285714285714,0.9990173599737963,"worst area, worst concave points, worst perimeter, mean concave points, worst radius, mean perimeter, mean concavity, mean area, mean radius, worst concavity, area error, worst compactness, worst texture, mean compactness, radius error, perimeter error, worst symmetry, mean texture, worst smoothness, mean smoothness"
17,RF + DODA,20,Random Forest,0.9298245614035088,0.9846153846153847,0.9014084507042254,0.9411764705882353,0.9947592531935802,"worst area, worst concave points, worst perimeter, mean concave points, worst radius, mean perimeter, mean concavity, mean area, mean radius, worst concavity, area error, worst compactness, worst texture, mean compactness, radius error, perimeter error, worst symmetry, mean texture, worst smoothness, mean smoothness"
17,RF + DODA,20,XGBoost,0.9210526315789473,0.9696969696969697,0.9014084507042254,0.9343065693430657,0.9941041598427777,"worst area, worst concave points, worst perimeter, mean concave points, worst radius, mean perimeter, mean concavity, mean area, mean radius, worst concavity, area error, worst compactness, worst texture, mean compactness, radius error, perimeter error, worst symmetry, mean texture, worst smoothness, mean smoothness"
18,RF,5,Logistic Regression,0.9736842105263158,0.9859154929577465,0.9722222222222222,0.9790209790209791,0.982473544973545,"worst concave points, worst area, mean concave points, mean concavity, worst perimeter"
18,RF,5,Random Forest,0.9473684210526315,0.9459459459459459,0.9722222222222222,0.958904109589041,0.9851190476190477,"worst concave points, worst area, mean concave points, mean concavity, worst perimeter"
18,RF,5,XGBoost,0.956140350877193,0.9466666666666667,0.9861111111111112,0.9659863945578231,0.988095238095238,"worst concave points, worst area, mean concave points, mean concavity, worst perimeter"
18,RF + DODA,5,Logistic Regression,0.9736842105263158,0.9859154929577465,0.9722222222222222,0.9790209790209791,0.982473544973545,"worst concave points, worst area, mean concave points, worst perimeter, mean concavity"
18,RF + DODA,5,Random Forest,0.956140350877193,0.958904109589041,0.9722222222222222,0.9655172413793104,0.9867724867724867,"worst concave points, worst area, mean concave points, worst perimeter, mean concavity"
18,RF + DODA,5,XGBoost,0.956140350877193,0.9466666666666667,0.9861111111111112,0.9659863945578231,0.988095238095238,"worst concave points, worst area, mean concave points, worst perimeter, mean concavity"
18,RF,10,Logistic Regression,0.9473684210526315,0.9583333333333334,0.9583333333333334,0.9583333333333334,0.9910714285714286,"worst concave points, worst area, mean concave points, mean concavity, worst perimeter, mean perimeter, worst radius, mean area, area error, worst concavity"
18,RF,10,Random Forest,0.9649122807017544,0.9722222222222222,0.9722222222222222,0.9722222222222222,0.9958664021164021,"worst concave points, worst area, mean concave points, mean concavity, worst perimeter, mean perimeter, worst radius, mean area, area error, worst concavity"
18,RF,10,XGBoost,0.9473684210526315,0.9459459459459459,0.9722222222222222,0.958904109589041,0.9914021164021164,"worst concave points, worst area, mean concave points, mean concavity, worst perimeter, mean perimeter, worst radius, mean area, area error, worst concavity"
18,RF + DODA,10,Logistic Regression,0.956140350877193,0.958904109589041,0.9722222222222222,0.9655172413793104,0.9791666666666667,"worst concave points, worst area, mean concave points, worst perimeter, mean concavity, mean perimeter, worst radius, mean area, worst concavity, mean radius"
18,RF + DODA,10,Random Forest,0.9736842105263158,0.9726027397260274,0.9861111111111112,0.9793103448275862,0.9917328042328042,"worst concave points, worst area, mean concave points, worst perimeter, mean concavity, mean perimeter, worst radius, mean area, worst concavity, mean radius"
18,RF + DODA,10,XGBoost,0.9649122807017544,0.9594594594594594,0.9861111111111112,0.9726027397260274,0.9844576719576721,"worst concave points, worst area, mean concave points, worst perimeter, mean concavity, mean perimeter, worst radius, mean area, worst concavity, mean radius"
18,RF,15,Logistic Regression,0.9649122807017544,0.9594594594594594,0.9861111111111112,0.9726027397260274,0.9953703703703705,"worst concave points, worst area, mean concave points, mean concavity, worst perimeter, mean perimeter, worst radius, mean area, area error, worst concavity, mean radius, radius error, worst texture, worst compactness, mean compactness"
18,RF,15,Random Forest,0.9736842105263158,0.9726027397260274,0.9861111111111112,0.9793103448275862,0.9968584656084656,"worst concave points, worst area, mean concave points, mean concavity, worst perimeter, mean perimeter, worst radius, mean area, area error, worst concavity, mean radius, radius error, worst texture, worst compactness, mean compactness"
18,RF,15,XGBoost,0.956140350877193,0.971830985915493,0.9583333333333334,0.965034965034965,0.9947089947089947,"worst concave points, worst area, mean concave points, mean concavity, worst perimeter, mean perimeter, worst radius, mean area, area error, worst concavity, mean radius, radius error, worst texture, worst compactness, mean compactness"
18,RF + DODA,15,Logistic Regression,0.9649122807017544,0.9594594594594594,0.9861111111111112,0.9726027397260274,0.9953703703703705,"worst concave points, worst area, mean concave points, worst perimeter, mean concavity, mean perimeter, worst radius, mean area, worst concavity, mean radius, area error, worst compactness, worst texture, radius error, mean compactness"
18,RF + DODA,15,Random Forest,0.9736842105263158,0.9726027397260274,0.9861111111111112,0.9793103448275862,0.9971891534391534,"worst concave points, worst area, mean concave points, worst perimeter, mean concavity, mean perimeter, worst radius, mean area, worst concavity, mean radius, area error, worst compactness, worst texture, radius error, mean compactness"
18,RF + DODA,15,XGBoost,0.956140350877193,0.971830985915493,0.9583333333333334,0.965034965034965,0.9947089947089947,"worst concave points, worst area, mean concave points, worst perimeter, mean concavity, mean perimeter, worst radius, mean area, worst concavity, mean radius, area error, worst compactness, worst texture, radius error, mean compactness"
18,RF,20,Logistic Regression,0.9824561403508771,0.9861111111111112,0.9861111111111112,0.9861111111111112,0.9970238095238094,"worst concave points, worst area, mean concave points, mean concavity, worst perimeter, mean perimeter, worst radius, mean area, area error, worst concavity, mean radius, radius error, worst texture, worst compactness, mean compactness, worst smoothness, mean texture, perimeter error, worst symmetry, concavity error"
18,RF,20,Random Forest,0.9736842105263158,0.9726027397260274,0.9861111111111112,0.9793103448275862,0.9968584656084656,"worst concave points, worst area, mean concave points, mean concavity, worst perimeter, mean perimeter, worst radius, mean area, area error, worst concavity, mean radius, radius error, worst texture, worst compactness, mean compactness, worst smoothness, mean texture, perimeter error, worst symmetry, concavity error"
18,RF,20,XGBoost,0.956140350877193,0.958904109589041,0.9722222222222222,0.9655172413793104,0.9943783068783069,"worst concave points, worst area, mean concave points, mean concavity, worst perimeter, mean perimeter, worst radius, mean area, area error, worst concavity, mean radius, radius error, worst texture, worst compactness, mean compactness, worst smoothness, mean texture, perimeter error, worst symmetry, concavity error"
18,RF + DODA,20,Logistic Regression,0.9824561403508771,0.9861111111111112,0.9861111111111112,0.9861111111111112,0.9970238095238094,"worst concave points, worst area, mean concave points, worst perimeter, mean concavity, mean perimeter, worst radius, mean area, worst concavity, mean radius, area error, worst compactness, worst texture, radius error, mean compactness, worst smoothness, mean texture, worst symmetry, perimeter error, concavity error"
18,RF + DODA,20,Random Forest,0.9824561403508771,0.972972972972973,1.0,0.9863013698630136,0.998181216931217,"worst concave points, worst area, mean concave points, worst perimeter, mean concavity, mean perimeter, worst radius, mean area, worst concavity, mean radius, area error, worst compactness, worst texture, radius error, mean compactness, worst smoothness, mean texture, worst symmetry, perimeter error, concavity error"
18,RF + DODA,20,XGBoost,0.956140350877193,0.958904109589041,0.9722222222222222,0.9655172413793104,0.9943783068783069,"worst concave points, worst area, mean concave points, worst perimeter, mean concavity, mean perimeter, worst radius, mean area, worst concavity, mean radius, area error, worst compactness, worst texture, radius error, mean compactness, worst smoothness, mean texture, worst symmetry, perimeter error, concavity error"
19,RF,5,Logistic Regression,0.9736842105263158,0.9859154929577465,0.9722222222222222,0.9790209790209791,0.9923941798941799,"worst area, worst concave points, mean concave points, worst perimeter, mean concavity"
19,RF,5,Random Forest,0.9736842105263158,0.9726027397260274,0.9861111111111112,0.9793103448275862,0.9813161375661374,"worst area, worst concave points, mean concave points, worst perimeter, mean concavity"
19,RF,5,XGBoost,0.956140350877193,0.958904109589041,0.9722222222222222,0.9655172413793104,0.9798280423280423,"worst area, worst concave points, mean concave points, worst perimeter, mean concavity"
19,RF + DODA,5,Logistic Regression,0.9736842105263158,0.9859154929577465,0.9722222222222222,0.9790209790209791,0.9923941798941799,"worst area, worst concave points, mean concave points, worst perimeter, mean concavity"
19,RF + DODA,5,Random Forest,0.9736842105263158,0.9726027397260274,0.9861111111111112,0.9793103448275862,0.9813161375661374,"worst area, worst concave points, mean concave points, worst perimeter, mean concavity"
19,RF + DODA,5,XGBoost,0.956140350877193,0.958904109589041,0.9722222222222222,0.9655172413793104,0.9798280423280423,"worst area, worst concave points, mean concave points, worst perimeter, mean concavity"
19,RF,10,Logistic Regression,0.9649122807017544,0.9722222222222222,0.9722222222222222,0.9722222222222222,0.9937169312169312,"worst area, worst concave points, mean concave points, worst perimeter, mean concavity, worst radius, mean perimeter, mean area, mean radius, worst concavity"
19,RF,10,Random Forest,0.9824561403508771,0.972972972972973,1.0,0.9863013698630136,0.9819775132275133,"worst area, worst concave points, mean concave points, worst perimeter, mean concavity, worst radius, mean perimeter, mean area, mean radius, worst concavity"
19,RF,10,XGBoost,0.956140350877193,0.9466666666666667,0.9861111111111112,0.9659863945578231,0.9765211640211641,"worst area, worst concave points, mean concave points, worst perimeter, mean concavity, worst radius, mean perimeter, mean area, mean radius, worst concavity"
19,RF + DODA,10,Logistic Regression,0.9649122807017544,0.9722222222222222,0.9722222222222222,0.9722222222222222,0.9937169312169312,"worst area, worst concave points, mean concave points, worst perimeter, mean concavity, worst radius, mean perimeter, mean area, mean radius, worst concavity"
19,RF + DODA,10,Random Forest,0.9824561403508771,0.972972972972973,1.0,0.9863013698630136,0.9819775132275133,"worst area, worst concave points, mean concave points, worst perimeter, mean concavity, worst radius, mean perimeter, mean area, mean radius, worst concavity"
19,RF + DODA,10,XGBoost,0.956140350877193,0.9466666666666667,0.9861111111111112,0.9659863945578231,0.9765211640211641,"worst area, worst concave points, mean concave points, worst perimeter, mean concavity, worst radius, mean perimeter, mean area, mean radius, worst concavity"
19,RF,15,Logistic Regression,0.956140350877193,0.971830985915493,0.9583333333333334,0.965034965034965,0.9957010582010583,"worst area, worst concave points, mean concave points, worst perimeter, mean concavity, worst radius, mean perimeter, mean area, mean radius, worst concavity, area error, worst texture, radius error, mean compactness, worst compactness"
19,RF,15,Random Forest,0.9824561403508771,0.9861111111111112,0.9861111111111112,0.9861111111111112,0.9935515873015872,"worst area, worst concave points, mean concave points, worst perimeter, mean concavity, worst radius, mean perimeter, mean area, mean radius, worst concavity, area error, worst texture, radius error, mean compactness, worst compactness"
19,RF,15,XGBoost,0.9912280701754386,0.9863013698630136,1.0,0.993103448275862,0.9970238095238095,"worst area, worst concave points, mean concave points, worst perimeter, mean concavity, worst radius, mean perimeter, mean area, mean radius, worst concavity, area error, worst texture, radius error, mean compactness, worst compactness"
19,RF + DODA,15,Logistic Regression,0.956140350877193,0.971830985915493,0.9583333333333334,0.965034965034965,0.9957010582010583,"worst area, worst concave points, mean concave points, worst perimeter, mean concavity, worst radius, mean perimeter, mean area, mean radius, worst concavity, area error, worst texture, worst compactness, mean compactness, radius error"
19,RF + DODA,15,Random Forest,0.9824561403508771,0.972972972972973,1.0,0.9863013698630136,0.9824735449735449,"worst area, worst concave points, mean concave points, worst perimeter, mean concavity, worst radius, mean perimeter, mean area, mean radius, worst concavity, area error, worst texture, worst compactness, mean compactness, radius error"
19,RF + DODA,15,XGBoost,0.9912280701754386,0.9863013698630136,1.0,0.993103448275862,0.9970238095238095,"worst area, worst concave points, mean concave points, worst perimeter, mean concavity, worst radius, mean perimeter, mean area, mean radius, worst concavity, area error, worst texture, worst compactness, mean compactness, radius error"
19,RF,20,Logistic Regression,0.9736842105263158,0.9859154929577465,0.9722222222222222,0.9790209790209791,0.9973544973544973,"worst area, worst concave points, mean concave points, worst perimeter, mean concavity, worst radius, mean perimeter, mean area, mean radius, worst concavity, area error, worst texture, radius error, mean compactness, worst compactness, worst smoothness, perimeter error, mean texture, worst symmetry, worst fractal dimension"
19,RF,20,Random Forest,0.9736842105263158,0.9726027397260274,0.9861111111111112,0.9793103448275862,0.9930555555555556,"worst area, worst concave points, mean concave points, worst perimeter, mean concavity, worst radius, mean perimeter, mean area, mean radius, worst concavity, area error, worst texture, radius error, mean compactness, worst compactness, worst smoothness, perimeter error, mean texture, worst symmetry, worst fractal dimension"
19,RF,20,XGBoost,0.9824561403508771,0.9861111111111112,0.9861111111111112,0.9861111111111112,0.9973544973544973,"worst area, worst concave points, mean concave points, worst perimeter, mean concavity, worst radius, mean perimeter, mean area, mean radius, worst concavity, area error, worst texture, radius error, mean compactness, worst compactness, worst smoothness, perimeter error, mean texture, worst symmetry, worst fractal dimension"
19,RF + DODA,20,Logistic Regression,0.9736842105263158,0.9859154929577465,0.9722222222222222,0.9790209790209791,0.9976851851851851,"worst area, worst concave points, mean concave points, worst perimeter, mean concavity, worst radius, mean perimeter, mean area, mean radius, worst concavity, area error, worst texture, worst compactness, mean compactness, radius error, worst smoothness, worst symmetry, perimeter error, mean texture, mean smoothness"
19,RF + DODA,20,Random Forest,0.9649122807017544,0.9722222222222222,0.9722222222222222,0.9722222222222222,0.9833002645502646,"worst area, worst concave points, mean concave points, worst perimeter, mean concavity, worst radius, mean perimeter, mean area, mean radius, worst concavity, area error, worst texture, worst compactness, mean compactness, radius error, worst smoothness, worst symmetry, perimeter error, mean texture, mean smoothness"
19,RF + DODA,20,XGBoost,0.9912280701754386,0.9863013698630136,1.0,0.993103448275862,0.9973544973544973,"worst area, worst concave points, mean concave points, worst perimeter, mean concavity, worst radius, mean perimeter, mean area, mean radius, worst concavity, area error, worst texture, worst compactness, mean compactness, radius error, worst smoothness, worst symmetry, perimeter error, mean texture, mean smoothness"
20,RF,5,Logistic Regression,0.9734513274336283,0.9857142857142858,0.971830985915493,0.9787234042553191,0.9885982562038901,"worst area, worst concave points, worst perimeter, mean perimeter, mean concave points"
20,RF,5,Random Forest,0.9469026548672567,0.9710144927536232,0.9436619718309859,0.9571428571428572,0.9810529845741114,"worst area, worst concave points, worst perimeter, mean perimeter, mean concave points"
20,RF,5,XGBoost,0.9469026548672567,0.9710144927536232,0.9436619718309859,0.9571428571428572,0.9731723675385647,"worst area, worst concave points, worst perimeter, mean perimeter, mean concave points"
20,RF + DODA,5,Logistic Regression,0.9734513274336283,0.9857142857142858,0.971830985915493,0.9787234042553191,0.9885982562038901,"worst area, worst concave points, worst perimeter, mean perimeter, mean concave points"
20,RF + DODA,5,Random Forest,0.9469026548672567,0.9710144927536232,0.9436619718309859,0.9571428571428572,0.9810529845741114,"worst area, worst concave points, worst perimeter, mean perimeter, mean concave points"
20,RF + DODA,5,XGBoost,0.9469026548672567,0.9710144927536232,0.9436619718309859,0.9571428571428572,0.9731723675385647,"worst area, worst concave points, worst perimeter, mean perimeter, mean concave points"
20,RF,10,Logistic Regression,0.9557522123893806,0.9852941176470589,0.9436619718309859,0.9640287769784173,0.9862508383635145,"worst area, worst concave points, worst perimeter, mean perimeter, mean concave points, worst radius, mean area, mean concavity, mean radius, worst concavity"
20,RF,10,Random Forest,0.9469026548672567,0.9710144927536232,0.9436619718309859,0.9571428571428572,0.9808853118712274,"worst area, worst concave points, worst perimeter, mean perimeter, mean concave points, worst radius, mean area, mean concavity, mean radius, worst concavity"
20,RF,10,XGBoost,0.9557522123893806,0.9714285714285714,0.9577464788732394,0.9645390070921985,0.9751844399731724,"worst area, worst concave points, worst perimeter, mean perimeter, mean concave points, worst radius, mean area, mean concavity, mean radius, worst concavity"
20,RF + DODA,10,Logistic Regression,0.9557522123893806,0.9852941176470589,0.9436619718309859,0.9640287769784173,0.9862508383635145,"worst area, worst concave points, worst perimeter, mean perimeter, mean concave points, worst radius, mean area, mean concavity, mean radius, worst concavity"
20,RF + DODA,10,Random Forest,0.9469026548672567,0.9710144927536232,0.9436619718309859,0.9571428571428572,0.9808853118712274,"worst area, worst concave points, worst perimeter, mean perimeter, mean concave points, worst radius, mean area, mean concavity, mean radius, worst concavity"
20,RF + DODA,10,XGBoost,0.9557522123893806,0.9714285714285714,0.9577464788732394,0.9645390070921985,0.9751844399731724,"worst area, worst concave points, worst perimeter, mean perimeter, mean concave points, worst radius, mean area, mean concavity, mean radius, worst concavity"
20,RF,15,Logistic Regression,0.9646017699115044,0.9855072463768116,0.9577464788732394,0.9714285714285714,0.9929577464788732,"worst area, worst concave points, worst perimeter, mean perimeter, mean concave points, worst radius, mean area, mean concavity, mean radius, worst concavity, area error, mean texture, worst texture, worst compactness, radius error"
20,RF,15,Random Forest,0.9734513274336283,0.9857142857142858,0.971830985915493,0.9787234042553191,0.9874245472837022,"worst area, worst concave points, worst perimeter, mean perimeter, mean concave points, worst radius, mean area, mean concavity, mean radius, worst concavity, area error, mean texture, worst texture, worst compactness, radius error"
20,RF,15,XGBoost,0.9734513274336283,0.9857142857142858,0.971830985915493,0.9787234042553191,0.9842387659289067,"worst area, worst concave points, worst perimeter, mean perimeter, mean concave points, worst radius, mean area, mean concavity, mean radius, worst concavity, area error, mean texture, worst texture, worst compactness, radius error"
20,RF + DODA,15,Logistic Regression,0.9646017699115044,0.9855072463768116,0.9577464788732394,0.9714285714285714,0.9926224010731053,"worst area, worst concave points, worst perimeter, mean perimeter, mean concave points, worst radius, mean area, mean concavity, mean radius, worst concavity, worst compactness, area error, worst texture, mean texture, mean compactness"
20,RF + DODA,15,Random Forest,0.9646017699115044,0.971830985915493,0.971830985915493,0.971830985915493,0.9800469483568075,"worst area, worst concave points, worst perimeter, mean perimeter, mean concave points, worst radius, mean area, mean concavity, mean radius, worst concavity, worst compactness, area error, worst texture, mean texture, mean compactness"
20,RF + DODA,15,XGBoost,0.9734513274336283,0.9857142857142858,0.971830985915493,0.9787234042553191,0.987927565392354,"worst area, worst concave points, worst perimeter, mean perimeter, mean concave points, worst radius, mean area, mean concavity, mean radius, worst concavity, worst compactness, area error, worst texture, mean texture, mean compactness"
20,RF,20,Logistic Regression,0.9823008849557522,0.9859154929577465,0.9859154929577465,0.9859154929577465,0.9926224010731053,"worst area, worst concave points, worst perimeter, mean perimeter, mean concave points, worst radius, mean area, mean concavity, mean radius, worst concavity, area error, mean texture, worst texture, worst compactness, radius error, mean compactness, perimeter error, worst smoothness, mean smoothness, worst fractal dimension"
20,RF,20,Random Forest,0.9734513274336283,0.9857142857142858,0.971830985915493,0.9787234042553191,0.98859825620389,"worst area, worst concave points, worst perimeter, mean perimeter, mean concave points, worst radius, mean area, mean concavity, mean radius, worst concavity, area error, mean texture, worst texture, worst compactness, radius error, mean compactness, perimeter error, worst smoothness, mean smoothness, worst fractal dimension"
20,RF,20,XGBoost,0.9734513274336283,0.9857142857142858,0.971830985915493,0.9787234042553191,0.9906103286384976,"worst area, worst concave points, worst perimeter, mean perimeter, mean concave points, worst radius, mean area, mean concavity, mean radius, worst concavity, area error, mean texture, worst texture, worst compactness, radius error, mean compactness, perimeter error, worst smoothness, mean smoothness, worst fractal dimension"
20,RF + DODA,20,Logistic Regression,0.9823008849557522,0.9859154929577465,0.9859154929577465,0.9859154929577465,0.9916163648558014,"worst area, worst concave points, worst perimeter, mean perimeter, mean concave points, worst radius, mean area, mean concavity, mean radius, worst concavity, worst compactness, area error, worst texture, mean texture, mean compactness, radius error, perimeter error, worst smoothness, worst symmetry, mean smoothness"
20,RF + DODA,20,Random Forest,0.9734513274336283,0.9857142857142858,0.971830985915493,0.9787234042553191,0.9803822937625755,"worst area, worst concave points, worst perimeter, mean perimeter, mean concave points, worst radius, mean area, mean concavity, mean radius, worst concavity, worst compactness, area error, worst texture, mean texture, mean compactness, radius error, perimeter error, worst smoothness, worst symmetry, mean smoothness"
20,RF + DODA,20,XGBoost,0.9734513274336283,0.9857142857142858,0.971830985915493,0.9787234042553191,0.98859825620389,"worst area, worst concave points, worst perimeter, mean perimeter, mean concave points, worst radius, mean area, mean concavity, mean radius, worst concavity, worst compactness, area error, worst texture, mean texture, mean compactness, radius error, perimeter error, worst smoothness, worst symmetry, mean smoothness"
21,RF,5,Logistic Regression,0.9210526315789473,0.918918918918919,0.9577464788732394,0.9379310344827586,0.9849328529315426,"worst area, worst perimeter, worst concave points, mean concave points, worst radius"
21,RF,5,Random Forest,0.9122807017543859,0.8961038961038961,0.971830985915493,0.9324324324324325,0.9677366524729774,"worst area, worst perimeter, worst concave points, mean concave points, worst radius"
21,RF,5,XGBoost,0.9298245614035088,0.92,0.971830985915493,0.9452054794520548,0.9556174254831313,"worst area, worst perimeter, worst concave points, mean concave points, worst radius"
21,RF + DODA,5,Logistic Regression,0.9210526315789473,0.918918918918919,0.9577464788732394,0.9379310344827586,0.9849328529315426,"worst area, worst perimeter, worst concave points, mean concave points, worst radius"
21,RF + DODA,5,Random Forest,0.9122807017543859,0.8961038961038961,0.971830985915493,0.9324324324324325,0.9677366524729774,"worst area, worst perimeter, worst concave points, mean concave points, worst radius"
21,RF + DODA,5,XGBoost,0.9298245614035088,0.92,0.971830985915493,0.9452054794520548,0.9556174254831313,"worst area, worst perimeter, worst concave points, mean concave points, worst radius"
21,RF,10,Logistic Regression,0.9210526315789473,0.9305555555555556,0.9436619718309859,0.9370629370629371,0.9855879462823451,"worst area, worst perimeter, worst concave points, mean concave points, worst radius, mean perimeter, mean radius, area error, mean area, mean concavity"
21,RF,10,Random Forest,0.9298245614035088,0.92,0.971830985915493,0.9452054794520548,0.967900425810678,"worst area, worst perimeter, worst concave points, mean concave points, worst radius, mean perimeter, mean radius, area error, mean area, mean concavity"
21,RF,10,XGBoost,0.9298245614035088,0.92,0.971830985915493,0.9452054794520548,0.9534883720930233,"worst area, worst perimeter, worst concave points, mean concave points, worst radius, mean perimeter, mean radius, area error, mean area, mean concavity"
21,RF + DODA,10,Logistic Regression,0.9122807017543859,0.9178082191780822,0.9436619718309859,0.9305555555555556,0.9855879462823451,"worst area, worst perimeter, worst concave points, mean concave points, worst radius, mean perimeter, mean radius, mean area, worst concavity, mean concavity"
21,RF + DODA,10,Random Forest,0.9210526315789473,0.9078947368421053,0.971830985915493,0.9387755102040817,0.971830985915493,"worst area, worst perimeter, worst concave points, mean concave points, worst radius, mean perimeter, mean radius, mean area, worst concavity, mean concavity"
21,RF + DODA,10,XGBoost,0.9298245614035088,0.92,0.971830985915493,0.9452054794520548,0.9698657058630855,"worst area, worst perimeter, worst concave points, mean concave points, worst radius, mean perimeter, mean radius, mean area, worst concavity, mean concavity"
21,RF,15,Logistic Regression,0.956140350877193,0.9583333333333334,0.971830985915493,0.965034965034965,0.9944317065181788,"worst area, worst perimeter, worst concave points, mean concave points, worst radius, mean perimeter, mean radius, area error, mean area, mean concavity, worst concavity, worst compactness, radius error, worst texture, perimeter error"
21,RF,15,Random Forest,0.9035087719298246,0.9054054054054054,0.9436619718309859,0.9241379310344827,0.9721585325908942,"worst area, worst perimeter, worst concave points, mean concave points, worst radius, mean perimeter, mean radius, area error, mean area, mean concavity, worst concavity, worst compactness, radius error, worst texture, perimeter error"
21,RF,15,XGBoost,0.9385964912280702,0.9444444444444444,0.9577464788732394,0.951048951048951,0.9872256796593515,"worst area, worst perimeter, worst concave points, mean concave points, worst radius, mean perimeter, mean radius, area error, mean area, mean concavity, worst concavity, worst compactness, radius error, worst texture, perimeter error"
21,RF + DODA,15,Logistic Regression,0.9649122807017544,0.958904109589041,0.9859154929577465,0.9722222222222222,0.9941041598427776,"worst area, worst perimeter, worst concave points, mean concave points, worst radius, mean perimeter, mean radius, mean area, worst concavity, mean concavity, area error, worst compactness, radius error, worst texture, mean compactness"
21,RF + DODA,15,Random Forest,0.9122807017543859,0.9066666666666666,0.9577464788732394,0.9315068493150684,0.9721585325908941,"worst area, worst perimeter, worst concave points, mean concave points, worst radius, mean perimeter, mean radius, mean area, worst concavity, mean concavity, area error, worst compactness, radius error, worst texture, mean compactness"
21,RF + DODA,15,XGBoost,0.956140350877193,0.9459459459459459,0.9859154929577465,0.9655172413793104,0.9908286930887652,"worst area, worst perimeter, worst concave points, mean concave points, worst radius, mean perimeter, mean radius, mean area, worst concavity, mean concavity, area error, worst compactness, radius error, worst texture, mean compactness"
21,RF,20,Logistic Regression,0.9824561403508771,0.9859154929577465,0.9859154929577465,0.9859154929577465,0.99737962659679,"worst area, worst perimeter, worst concave points, mean concave points, worst radius, mean perimeter, mean radius, area error, mean area, mean concavity, worst concavity, worst compactness, radius error, worst texture, perimeter error, mean compactness, worst smoothness, worst symmetry, mean texture, worst fractal dimension"
21,RF,20,Random Forest,0.9122807017543859,0.9066666666666666,0.9577464788732394,0.9315068493150684,0.9742875859810023,"worst area, worst perimeter, worst concave points, mean concave points, worst radius, mean perimeter, mean radius, area error, mean area, mean concavity, worst concavity, worst compactness, radius error, worst texture, perimeter error, mean compactness, worst smoothness, worst symmetry, mean texture, worst fractal dimension"
21,RF,20,XGBoost,0.9473684210526315,0.9333333333333333,0.9859154929577465,0.958904109589041,0.9905011464133638,"worst area, worst perimeter, worst concave points, mean concave points, worst radius, mean perimeter, mean radius, area error, mean area, mean concavity, worst concavity, worst compactness, radius error, worst texture, perimeter error, mean compactness, worst smoothness, worst symmetry, mean texture, worst fractal dimension"
21,RF + DODA,20,Logistic Regression,0.9824561403508771,0.9859154929577465,0.9859154929577465,0.9859154929577465,0.9977071732721913,"worst area, worst perimeter, worst concave points, mean concave points, worst radius, mean perimeter, mean radius, mean area, worst concavity, mean concavity, area error, worst compactness, radius error, worst texture, mean compactness, perimeter error, worst symmetry, worst smoothness, mean texture, concavity error"
21,RF + DODA,20,Random Forest,0.9122807017543859,0.9066666666666666,0.9577464788732394,0.9315068493150684,0.9811660661644285,"worst area, worst perimeter, worst concave points, mean concave points, worst radius, mean perimeter, mean radius, mean area, worst concavity, mean concavity, area error, worst compactness, radius error, worst texture, mean compactness, perimeter error, worst symmetry, worst smoothness, mean texture, concavity error"
21,RF + DODA,20,XGBoost,0.9473684210526315,0.9333333333333333,0.9859154929577465,0.958904109589041,0.9885358663609565,"worst area, worst perimeter, worst concave points, mean concave points, worst radius, mean perimeter, mean radius, mean area, worst concavity, mean concavity, area error, worst compactness, radius error, worst texture, mean compactness, perimeter error, worst symmetry, worst smoothness, mean texture, concavity error"
22,RF,5,Logistic Regression,0.9649122807017544,0.9855072463768116,0.9577464788732394,0.9714285714285714,0.9882083196855552,"worst area, worst concave points, worst perimeter, mean concave points, mean perimeter"
22,RF,5,Random Forest,0.9473684210526315,0.9710144927536232,0.9436619718309859,0.9571428571428572,0.9806747461513265,"worst area, worst concave points, worst perimeter, mean concave points, mean perimeter"
22,RF,5,XGBoost,0.956140350877193,0.9714285714285714,0.9577464788732394,0.9645390070921985,0.9759253193580084,"worst area, worst concave points, worst perimeter, mean concave points, mean perimeter"
22,RF + DODA,5,Logistic Regression,0.9649122807017544,0.9855072463768116,0.9577464788732394,0.9714285714285714,0.9882083196855552,"worst area, worst concave points, worst perimeter, mean concave points, mean perimeter"
22,RF + DODA,5,Random Forest,0.9473684210526315,0.9710144927536232,0.9436619718309859,0.9571428571428572,0.9806747461513265,"worst area, worst concave points, worst perimeter, mean concave points, mean perimeter"
22,RF + DODA,5,XGBoost,0.956140350877193,0.9714285714285714,0.9577464788732394,0.9645390070921985,0.9759253193580084,"worst area, worst concave points, worst perimeter, mean concave points, mean perimeter"
22,RF,10,Logistic Regression,0.9473684210526315,0.9850746268656716,0.9295774647887324,0.9565217391304348,0.9868981329839502,"worst area, worst concave points, worst perimeter, mean concave points, mean perimeter, mean concavity, worst radius, mean area, mean radius, worst concavity"
22,RF,10,Random Forest,0.956140350877193,0.9714285714285714,0.9577464788732394,0.9645390070921985,0.980510972813626,"worst area, worst concave points, worst perimeter, mean concave points, mean perimeter, mean concavity, worst radius, mean area, mean radius, worst concavity"
22,RF,10,XGBoost,0.9649122807017544,0.9855072463768116,0.9577464788732394,0.9714285714285714,0.9754339993449066,"worst area, worst concave points, worst perimeter, mean concave points, mean perimeter, mean concavity, worst radius, mean area, mean radius, worst concavity"
22,RF + DODA,10,Logistic Regression,0.9473684210526315,0.9850746268656716,0.9295774647887324,0.9565217391304348,0.9868981329839502,"worst area, worst concave points, worst perimeter, mean concave points, mean perimeter, mean concavity, worst radius, mean area, worst concavity, mean radius"
22,RF + DODA,10,Random Forest,0.956140350877193,0.9714285714285714,0.9577464788732394,0.9645390070921985,0.9801834261382247,"worst area, worst concave points, worst perimeter, mean concave points, mean perimeter, mean concavity, worst radius, mean area, worst concavity, mean radius"
22,RF + DODA,10,XGBoost,0.9649122807017544,0.9855072463768116,0.9577464788732394,0.9714285714285714,0.9754339993449066,"worst area, worst concave points, worst perimeter, mean concave points, mean perimeter, mean concavity, worst radius, mean area, worst concavity, mean radius"
22,RF,15,Logistic Regression,0.956140350877193,0.9714285714285714,0.9577464788732394,0.9645390070921985,0.987880773010154,"worst area, worst concave points, worst perimeter, mean concave points, mean perimeter, mean concavity, worst radius, mean area, mean radius, worst concavity, area error, worst texture, worst compactness, mean texture, mean compactness"
22,RF,15,Random Forest,0.9649122807017544,0.971830985915493,0.971830985915493,0.971830985915493,0.9888634130363576,"worst area, worst concave points, worst perimeter, mean concave points, mean perimeter, mean concavity, worst radius, mean area, mean radius, worst concavity, area error, worst texture, worst compactness, mean texture, mean compactness"
22,RF,15,XGBoost,0.9649122807017544,0.958904109589041,0.9859154929577465,0.9722222222222222,0.9895185063871602,"worst area, worst concave points, worst perimeter, mean concave points, mean perimeter, mean concavity, worst radius, mean area, mean radius, worst concavity, area error, worst texture, worst compactness, mean texture, mean compactness"
22,RF + DODA,15,Logistic Regression,0.956140350877193,0.9714285714285714,0.9577464788732394,0.9645390070921985,0.987880773010154,"worst area, worst concave points, worst perimeter, mean concave points, mean perimeter, mean concavity, worst radius, mean area, worst concavity, mean radius, area error, worst compactness, worst texture, mean compactness, mean texture"
22,RF + DODA,15,Random Forest,0.9649122807017544,0.971830985915493,0.971830985915493,0.971830985915493,0.9903373730756633,"worst area, worst concave points, worst perimeter, mean concave points, mean perimeter, mean concavity, worst radius, mean area, worst concavity, mean radius, area error, worst compactness, worst texture, mean compactness, mean texture"
22,RF + DODA,15,XGBoost,0.9649122807017544,0.958904109589041,0.9859154929577465,0.9722222222222222,0.9895185063871602,"worst area, worst concave points, worst perimeter, mean concave points, mean perimeter, mean concavity, worst radius, mean area, worst concavity, mean radius, area error, worst compactness, worst texture, mean compactness, mean texture"
22,RF,20,Logistic Regression,0.9649122807017544,0.971830985915493,0.971830985915493,0.971830985915493,0.9872256796593515,"worst area, worst concave points, worst perimeter, mean concave points, mean perimeter, mean concavity, worst radius, mean area, mean radius, worst concavity, area error, worst texture, worst compactness, mean texture, mean compactness, radius error, worst symmetry, perimeter error, worst smoothness, mean smoothness"
22,RF,20,Random Forest,0.9736842105263158,0.9722222222222222,0.9859154929577465,0.9790209790209791,0.9888634130363576,"worst area, worst concave points, worst perimeter, mean concave points, mean perimeter, mean concavity, worst radius, mean area, mean radius, worst concavity, area error, worst texture, worst compactness, mean texture, mean compactness, radius error, worst symmetry, perimeter error, worst smoothness, mean smoothness"
22,RF,20,XGBoost,0.9736842105263158,0.9722222222222222,0.9859154929577465,0.9790209790209791,0.9882083196855551,"worst area, worst concave points, worst perimeter, mean concave points, mean perimeter, mean concavity, worst radius, mean area, mean radius, worst concavity, area error, worst texture, worst compactness, mean texture, mean compactness, radius error, worst symmetry, perimeter error, worst smoothness, mean smoothness"
22,RF + DODA,20,Logistic Regression,0.9649122807017544,0.971830985915493,0.971830985915493,0.971830985915493,0.9872256796593515,"worst area, worst concave points, worst perimeter, mean concave points, mean perimeter, mean concavity, worst radius, mean area, worst concavity, mean radius, area error, worst compactness, worst texture, mean compactness, mean texture, radius error, worst symmetry, perimeter error, worst smoothness, mean smoothness"
22,RF + DODA,20,Random Forest,0.9736842105263158,0.9722222222222222,0.9859154929577465,0.9790209790209791,0.9870619063216508,"worst area, worst concave points, worst perimeter, mean concave points, mean perimeter, mean concavity, worst radius, mean area, worst concavity, mean radius, area error, worst compactness, worst texture, mean compactness, mean texture, radius error, worst symmetry, perimeter error, worst smoothness, mean smoothness"
22,RF + DODA,20,XGBoost,0.9736842105263158,0.9722222222222222,0.9859154929577465,0.9790209790209791,0.9882083196855551,"worst area, worst concave points, worst perimeter, mean concave points, mean perimeter, mean concavity, worst radius, mean area, worst concavity, mean radius, area error, worst compactness, worst texture, mean compactness, mean texture, radius error, worst symmetry, perimeter error, worst smoothness, mean smoothness"
23,RF,5,Logistic Regression,0.9473684210526315,0.9583333333333334,0.9583333333333334,0.9583333333333334,0.9801587301587301,"worst concave points, mean concave points, worst area, mean concavity, worst perimeter"
23,RF,5,Random Forest,0.9298245614035088,0.9324324324324325,0.9583333333333334,0.9452054794520548,0.9793320105820106,"worst concave points, mean concave points, worst area, mean concavity, worst perimeter"
23,RF,5,XGBoost,0.9385964912280702,0.9333333333333333,0.9722222222222222,0.9523809523809523,0.9790013227513228,"worst concave points, mean concave points, worst area, mean concavity, worst perimeter"
23,RF + DODA,5,Logistic Regression,0.9473684210526315,0.9583333333333334,0.9583333333333334,0.9583333333333334,0.9801587301587301,"worst concave points, worst area, mean concave points, mean concavity, worst perimeter"
23,RF + DODA,5,Random Forest,0.9473684210526315,0.9342105263157895,0.9861111111111112,0.9594594594594594,0.9770171957671958,"worst concave points, worst area, mean concave points, mean concavity, worst perimeter"
23,RF + DODA,5,XGBoost,0.9473684210526315,0.9459459459459459,0.9722222222222222,0.958904109589041,0.9786706349206349,"worst concave points, worst area, mean concave points, mean concavity, worst perimeter"
23,RF,10,Logistic Regression,0.9649122807017544,0.9722222222222222,0.9722222222222222,0.9722222222222222,0.9877645502645502,"worst concave points, mean concave points, worst area, mean concavity, worst perimeter, mean perimeter, worst radius, area error, worst concavity, mean area"
23,RF,10,Random Forest,0.9473684210526315,0.9342105263157895,0.9861111111111112,0.9594594594594594,0.9905753968253967,"worst concave points, mean concave points, worst area, mean concavity, worst perimeter, mean perimeter, worst radius, area error, worst concavity, mean area"
23,RF,10,XGBoost,0.9298245614035088,0.9210526315789473,0.9722222222222222,0.9459459459459459,0.9914021164021164,"worst concave points, mean concave points, worst area, mean concavity, worst perimeter, mean perimeter, worst radius, area error, worst concavity, mean area"
23,RF + DODA,10,Logistic Regression,0.9649122807017544,0.9722222222222222,0.9722222222222222,0.9722222222222222,0.9801587301587302,"worst concave points, worst area, mean concave points, mean concavity, worst perimeter, worst radius, mean perimeter, worst concavity, mean area, mean radius"
23,RF + DODA,10,Random Forest,0.9473684210526315,0.9230769230769231,1.0,0.96,0.9867724867724867,"worst concave points, worst area, mean concave points, mean concavity, worst perimeter, worst radius, mean perimeter, worst concavity, mean area, mean radius"
23,RF + DODA,10,XGBoost,0.956140350877193,0.935064935064935,1.0,0.9664429530201343,0.9890873015873016,"worst concave points, worst area, mean concave points, mean concavity, worst perimeter, worst radius, mean perimeter, worst concavity, mean area, mean radius"
23,RF,15,Logistic Regression,0.9385964912280702,0.9577464788732394,0.9444444444444444,0.951048951048951,0.9880952380952381,"worst concave points, mean concave points, worst area, mean concavity, worst perimeter, mean perimeter, worst radius, area error, worst concavity, mean area, mean radius, worst compactness, worst texture, mean texture, mean compactness"
23,RF,15,Random Forest,0.956140350877193,0.9466666666666667,0.9861111111111112,0.9659863945578231,0.9945436507936508,"worst concave points, mean concave points, worst area, mean concavity, worst perimeter, mean perimeter, worst radius, area error, worst concavity, mean area, mean radius, worst compactness, worst texture, mean texture, mean compactness"
23,RF,15,XGBoost,0.9649122807017544,0.9594594594594594,0.9861111111111112,0.9726027397260274,0.9943783068783069,"worst concave points, mean concave points, worst area, mean concavity, worst perimeter, mean perimeter, worst radius, area error, worst concavity, mean area, mean radius, worst compactness, worst texture, mean texture, mean compactness"
23,RF + DODA,15,Logistic Regression,0.9385964912280702,0.9577464788732394,0.9444444444444444,0.951048951048951,0.9880952380952381,"worst concave points, worst area, mean concave points, mean concavity, worst perimeter, worst radius, mean perimeter, worst concavity, mean area, mean radius, area error, worst compactness, worst texture, mean compactness, mean texture"
23,RF + DODA,15,Random Forest,0.956140350877193,0.9466666666666667,0.9861111111111112,0.9659863945578231,0.9937169312169312,"worst concave points, worst area, mean concave points, mean concavity, worst perimeter, worst radius, mean perimeter, worst concavity, mean area, mean radius, area error, worst compactness, worst texture, mean compactness, mean texture"
23,RF + DODA,15,XGBoost,0.9649122807017544,0.9594594594594594,0.9861111111111112,0.9726027397260274,0.9943783068783069,"worst concave points, worst area, mean concave points, mean concavity, worst perimeter, worst radius, mean perimeter, worst concavity, mean area, mean radius, area error, worst compactness, worst texture, mean compactness, mean texture"
23,RF,20,Logistic Regression,0.9649122807017544,0.9722222222222222,0.9722222222222222,0.9722222222222222,0.996031746031746,"worst concave points, mean concave points, worst area, mean concavity, worst perimeter, mean perimeter, worst radius, area error, worst concavity, mean area, mean radius, worst compactness, worst texture, mean texture, mean compactness, radius error, worst smoothness, concavity error, worst symmetry, perimeter error"
23,RF,20,Random Forest,0.9649122807017544,0.9473684210526315,1.0,0.972972972972973,0.998015873015873,"worst concave points, mean concave points, worst area, mean concavity, worst perimeter, mean perimeter, worst radius, area error, worst concavity, mean area, mean radius, worst compactness, worst texture, mean texture, mean compactness, radius error, worst smoothness, concavity error, worst symmetry, perimeter error"
23,RF,20,XGBoost,0.956140350877193,0.9466666666666667,0.9861111111111112,0.9659863945578231,0.9966931216931216,"worst concave points, mean concave points, worst area, mean concavity, worst perimeter, mean perimeter, worst radius, area error, worst concavity, mean area, mean radius, worst compactness, worst texture, mean texture, mean compactness, radius error, worst smoothness, concavity error, worst symmetry, perimeter error"
23,RF + DODA,20,Logistic Regression,0.9649122807017544,0.9722222222222222,0.9722222222222222,0.9722222222222222,0.996031746031746,"worst concave points, worst area, mean concave points, mean concavity, worst perimeter, worst radius, mean perimeter, worst concavity, mean area, mean radius, area error, worst compactness, worst texture, mean compactness, mean texture, radius error, worst smoothness, worst symmetry, perimeter error, concavity error"
23,RF + DODA,20,Random Forest,0.956140350877193,0.935064935064935,1.0,0.9664429530201343,0.996362433862434,"worst concave points, worst area, mean concave points, mean concavity, worst perimeter, worst radius, mean perimeter, worst concavity, mean area, mean radius, area error, worst compactness, worst texture, mean compactness, mean texture, radius error, worst smoothness, worst symmetry, perimeter error, concavity error"
23,RF + DODA,20,XGBoost,0.956140350877193,0.9466666666666667,0.9861111111111112,0.9659863945578231,0.9966931216931216,"worst concave points, worst area, mean concave points, mean concavity, worst perimeter, worst radius, mean perimeter, worst concavity, mean area, mean radius, area error, worst compactness, worst texture, mean compactness, mean texture, radius error, worst smoothness, worst symmetry, perimeter error, concavity error"
24,RF,5,Logistic Regression,0.9210526315789473,0.9846153846153847,0.8888888888888888,0.9343065693430657,0.9894179894179894,"worst area, worst concave points, worst radius, mean concave points, mean perimeter"
24,RF,5,Random Forest,0.9298245614035088,0.9848484848484849,0.9027777777777778,0.9420289855072463,0.9831349206349206,"worst area, worst concave points, worst radius, mean concave points, mean perimeter"
24,RF,5,XGBoost,0.9385964912280702,0.9710144927536232,0.9305555555555556,0.950354609929078,0.9851190476190476,"worst area, worst concave points, worst radius, mean concave points, mean perimeter"
24,RF + DODA,5,Logistic Regression,0.9210526315789473,0.9846153846153847,0.8888888888888888,0.9343065693430657,0.9897486772486772,"worst area, worst concave points, worst radius, mean concave points, worst perimeter"
24,RF + DODA,5,Random Forest,0.9210526315789473,0.9846153846153847,0.8888888888888888,0.9343065693430657,0.9788359788359788,"worst area, worst concave points, worst radius, mean concave points, worst perimeter"
24,RF + DODA,5,XGBoost,0.9210526315789473,0.9846153846153847,0.8888888888888888,0.9343065693430657,0.9841269841269842,"worst area, worst concave points, worst radius, mean concave points, worst perimeter"
24,RF,10,Logistic Regression,0.9210526315789473,0.9846153846153847,0.8888888888888888,0.9343065693430657,0.9907407407407407,"worst area, worst concave points, worst radius, mean concave points, mean perimeter, worst perimeter, mean radius, mean concavity, mean area, worst concavity"
24,RF,10,Random Forest,0.9298245614035088,0.9848484848484849,0.9027777777777778,0.9420289855072463,0.9912367724867726,"worst area, worst concave points, worst radius, mean concave points, mean perimeter, worst perimeter, mean radius, mean concavity, mean area, worst concavity"
24,RF,10,XGBoost,0.9385964912280702,0.9850746268656716,0.9166666666666666,0.9496402877697842,0.9904100529100529,"worst area, worst concave points, worst radius, mean concave points, mean perimeter, worst perimeter, mean radius, mean concavity, mean area, worst concavity"
24,RF + DODA,10,Logistic Regression,0.9210526315789473,0.9846153846153847,0.8888888888888888,0.9343065693430657,0.9907407407407407,"worst area, worst concave points, worst radius, mean concave points, worst perimeter, mean perimeter, mean radius, mean concavity, mean area, worst concavity"
24,RF + DODA,10,Random Forest,0.9298245614035088,0.9848484848484849,0.9027777777777778,0.9420289855072463,0.9897486772486772,"worst area, worst concave points, worst radius, mean concave points, worst perimeter, mean perimeter, mean radius, mean concavity, mean area, worst concavity"
24,RF + DODA,10,XGBoost,0.9385964912280702,0.9850746268656716,0.9166666666666666,0.9496402877697842,0.9904100529100529,"worst area, worst concave points, worst radius, mean concave points, worst perimeter, mean perimeter, mean radius, mean concavity, mean area, worst concavity"
24,RF,15,Logistic Regression,0.9824561403508771,0.9861111111111112,0.9861111111111112,0.9861111111111112,0.9957010582010581,"worst area, worst concave points, worst radius, mean concave points, mean perimeter, worst perimeter, mean radius, mean concavity, mean area, worst concavity, area error, radius error, worst compactness, worst texture, worst smoothness"
24,RF,15,Random Forest,0.9298245614035088,0.9848484848484849,0.9027777777777778,0.9420289855072463,0.9935515873015873,"worst area, worst concave points, worst radius, mean concave points, mean perimeter, worst perimeter, mean radius, mean concavity, mean area, worst concavity, area error, radius error, worst compactness, worst texture, worst smoothness"
24,RF,15,XGBoost,0.9649122807017544,0.9857142857142858,0.9583333333333334,0.971830985915493,0.994047619047619,"worst area, worst concave points, worst radius, mean concave points, mean perimeter, worst perimeter, mean radius, mean concavity, mean area, worst concavity, area error, radius error, worst compactness, worst texture, worst smoothness"
24,RF + DODA,15,Logistic Regression,0.9824561403508771,0.9861111111111112,0.9861111111111112,0.9861111111111112,0.9986772486772486,"worst area, worst concave points, worst radius, mean concave points, worst perimeter, mean perimeter, mean radius, mean concavity, mean area, worst concavity, worst compactness, area error, radius error, worst texture, mean compactness"
24,RF + DODA,15,Random Forest,0.9210526315789473,0.9846153846153847,0.8888888888888888,0.9343065693430657,0.9928902116402116,"worst area, worst concave points, worst radius, mean concave points, worst perimeter, mean perimeter, mean radius, mean concavity, mean area, worst concavity, worst compactness, area error, radius error, worst texture, mean compactness"
24,RF + DODA,15,XGBoost,0.956140350877193,0.9855072463768116,0.9444444444444444,0.9645390070921985,0.9973544973544974,"worst area, worst concave points, worst radius, mean concave points, worst perimeter, mean perimeter, mean radius, mean concavity, mean area, worst concavity, worst compactness, area error, radius error, worst texture, mean compactness"
24,RF,20,Logistic Regression,0.9912280701754386,0.9863013698630136,1.0,0.993103448275862,0.9963624338624338,"worst area, worst concave points, worst radius, mean concave points, mean perimeter, worst perimeter, mean radius, mean concavity, mean area, worst concavity, area error, radius error, worst compactness, worst texture, worst smoothness, mean compactness, mean smoothness, mean texture, perimeter error, worst symmetry"
24,RF,20,Random Forest,0.9298245614035088,0.9848484848484849,0.9027777777777778,0.9420289855072463,0.9933862433862433,"worst area, worst concave points, worst radius, mean concave points, mean perimeter, worst perimeter, mean radius, mean concavity, mean area, worst concavity, area error, radius error, worst compactness, worst texture, worst smoothness, mean compactness, mean smoothness, mean texture, perimeter error, worst symmetry"
24,RF,20,XGBoost,0.9385964912280702,0.9850746268656716,0.9166666666666666,0.9496402877697842,0.9947089947089947,"worst area, worst concave points, worst radius, mean concave points, mean perimeter, worst perimeter, mean radius, mean concavity, mean area, worst concavity, area error, radius error, worst compactness, worst texture, worst smoothness, mean compactness, mean smoothness, mean texture, perimeter error, worst symmetry"
24,RF + DODA,20,Logistic Regression,0.9912280701754386,0.9863013698630136,1.0,0.993103448275862,0.9963624338624338,"worst area, worst concave points, worst radius, mean concave points, worst perimeter, mean perimeter, mean radius, mean concavity, mean area, worst concavity, worst compactness, area error, radius error, worst texture, mean compactness, worst smoothness, mean texture, perimeter error, mean smoothness, worst symmetry"
24,RF + DODA,20,Random Forest,0.9298245614035088,0.9848484848484849,0.9027777777777778,0.9420289855072463,0.9922288359788358,"worst area, worst concave points, worst radius, mean concave points, worst perimeter, mean perimeter, mean radius, mean concavity, mean area, worst concavity, worst compactness, area error, radius error, worst texture, mean compactness, worst smoothness, mean texture, perimeter error, mean smoothness, worst symmetry"
24,RF + DODA,20,XGBoost,0.9385964912280702,0.9850746268656716,0.9166666666666666,0.9496402877697842,0.9947089947089947,"worst area, worst concave points, worst radius, mean concave points, worst perimeter, mean perimeter, mean radius, mean concavity, mean area, worst concavity, worst compactness, area error, radius error, worst texture, mean compactness, worst smoothness, mean texture, perimeter error, mean smoothness, worst symmetry"
25,RF,5,Logistic Regression,0.9557522123893806,0.9852941176470589,0.9436619718309859,0.9640287769784173,0.9939637826961771,"worst area, worst concave points, mean concave points, worst radius, mean perimeter"
25,RF,5,Random Forest,0.9557522123893806,0.9852941176470589,0.9436619718309859,0.9640287769784173,0.9953051643192488,"worst area, worst concave points, mean concave points, worst radius, mean perimeter"
25,RF,5,XGBoost,0.9646017699115044,0.9855072463768116,0.9577464788732394,0.9714285714285714,0.9976525821596244,"worst area, worst concave points, mean concave points, worst radius, mean perimeter"
25,RF + DODA,5,Logistic Regression,0.9557522123893806,0.9852941176470589,0.9436619718309859,0.9640287769784173,0.9939637826961771,"worst area, worst concave points, mean concave points, worst radius, mean perimeter"
25,RF + DODA,5,Random Forest,0.9557522123893806,0.9852941176470589,0.9436619718309859,0.9640287769784173,0.9953051643192488,"worst area, worst concave points, mean concave points, worst radius, mean perimeter"
25,RF + DODA,5,XGBoost,0.9646017699115044,0.9855072463768116,0.9577464788732394,0.9714285714285714,0.9976525821596244,"worst area, worst concave points, mean concave points, worst radius, mean perimeter"
25,RF,10,Logistic Regression,0.9557522123893806,0.9852941176470589,0.9436619718309859,0.9640287769784173,0.9942991281019451,"worst area, worst concave points, mean concave points, worst radius, mean perimeter, worst perimeter, mean concavity, mean area, mean radius, worst concavity"
25,RF,10,Random Forest,0.9557522123893806,0.9852941176470589,0.9436619718309859,0.9640287769784173,0.995305164319249,"worst area, worst concave points, mean concave points, worst radius, mean perimeter, worst perimeter, mean concavity, mean area, mean radius, worst concavity"
25,RF,10,XGBoost,0.9557522123893806,0.9852941176470589,0.9436619718309859,0.9640287769784173,0.9949698189134809,"worst area, worst concave points, mean concave points, worst radius, mean perimeter, worst perimeter, mean concavity, mean area, mean radius, worst concavity"
25,RF + DODA,10,Logistic Regression,0.9557522123893806,0.9852941176470589,0.9436619718309859,0.9640287769784173,0.9942991281019451,"worst area, worst concave points, mean concave points, worst radius, mean perimeter, worst perimeter, mean concavity, mean area, mean radius, worst concavity"
25,RF + DODA,10,Random Forest,0.9557522123893806,0.9852941176470589,0.9436619718309859,0.9640287769784173,0.995305164319249,"worst area, worst concave points, mean concave points, worst radius, mean perimeter, worst perimeter, mean concavity, mean area, mean radius, worst concavity"
25,RF + DODA,10,XGBoost,0.9557522123893806,0.9852941176470589,0.9436619718309859,0.9640287769784173,0.9949698189134809,"worst area, worst concave points, mean concave points, worst radius, mean perimeter, worst perimeter, mean concavity, mean area, mean radius, worst concavity"
25,RF,15,Logistic Regression,0.9646017699115044,0.9855072463768116,0.9577464788732394,0.9714285714285714,0.9986586183769282,"worst area, worst concave points, mean concave points, worst radius, mean perimeter, worst perimeter, mean concavity, mean area, mean radius, worst concavity, area error, worst compactness, worst texture, mean texture, radius error"
25,RF,15,Random Forest,0.9823008849557522,1.0,0.971830985915493,0.9857142857142858,0.9984909456740443,"worst area, worst concave points, mean concave points, worst radius, mean perimeter, worst perimeter, mean concavity, mean area, mean radius, worst concavity, area error, worst compactness, worst texture, mean texture, radius error"
25,RF,15,XGBoost,0.9823008849557522,1.0,0.971830985915493,0.9857142857142858,0.9979879275653923,"worst area, worst concave points, mean concave points, worst radius, mean perimeter, worst perimeter, mean concavity, mean area, mean radius, worst concavity, area error, worst compactness, worst texture, mean texture, radius error"
25,RF + DODA,15,Logistic Regression,0.9646017699115044,0.9855072463768116,0.9577464788732394,0.9714285714285714,0.9986586183769282,"worst area, worst concave points, mean concave points, worst radius, mean perimeter, worst perimeter, mean concavity, mean area, mean radius, worst concavity, worst compactness, area error, worst texture, mean texture, radius error"
25,RF + DODA,15,Random Forest,0.9823008849557522,1.0,0.971830985915493,0.9857142857142858,0.9983232729711602,"worst area, worst concave points, mean concave points, worst radius, mean perimeter, worst perimeter, mean concavity, mean area, mean radius, worst concavity, worst compactness, area error, worst texture, mean texture, radius error"
25,RF + DODA,15,XGBoost,0.9823008849557522,1.0,0.971830985915493,0.9857142857142858,0.9979879275653923,"worst area, worst concave points, mean concave points, worst radius, mean perimeter, worst perimeter, mean concavity, mean area, mean radius, worst concavity, worst compactness, area error, worst texture, mean texture, radius error"
25,RF,20,Logistic Regression,0.9911504424778761,1.0,0.9859154929577465,0.9929078014184397,1.0,"worst area, worst concave points, mean concave points, worst radius, mean perimeter, worst perimeter, mean concavity, mean area, mean radius, worst concavity, area error, worst compactness, worst texture, mean texture, radius error, mean compactness, worst smoothness, perimeter error, concavity error, worst symmetry"
25,RF,20,Random Forest,0.9823008849557522,1.0,0.971830985915493,0.9857142857142858,0.9993293091884641,"worst area, worst concave points, mean concave points, worst radius, mean perimeter, worst perimeter, mean concavity, mean area, mean radius, worst concavity, area error, worst compactness, worst texture, mean texture, radius error, mean compactness, worst smoothness, perimeter error, concavity error, worst symmetry"
25,RF,20,XGBoost,0.9823008849557522,1.0,0.971830985915493,0.9857142857142858,0.999664654594232,"worst area, worst concave points, mean concave points, worst radius, mean perimeter, worst perimeter, mean concavity, mean area, mean radius, worst concavity, area error, worst compactness, worst texture, mean texture, radius error, mean compactness, worst smoothness, perimeter error, concavity error, worst symmetry"
25,RF + DODA,20,Logistic Regression,0.9911504424778761,1.0,0.9859154929577465,0.9929078014184397,1.0,"worst area, worst concave points, mean concave points, worst radius, mean perimeter, worst perimeter, mean concavity, mean area, mean radius, worst concavity, worst compactness, area error, worst texture, mean texture, radius error, mean compactness, worst smoothness, perimeter error, worst symmetry, concavity error"
25,RF + DODA,20,Random Forest,0.9734513274336283,0.9857142857142858,0.971830985915493,0.9787234042553191,0.9989939637826962,"worst area, worst concave points, mean concave points, worst radius, mean perimeter, worst perimeter, mean concavity, mean area, mean radius, worst concavity, worst compactness, area error, worst texture, mean texture, radius error, mean compactness, worst smoothness, perimeter error, worst symmetry, concavity error"
25,RF + DODA,20,XGBoost,0.9823008849557522,1.0,0.971830985915493,0.9857142857142858,0.999664654594232,"worst area, worst concave points, mean concave points, worst radius, mean perimeter, worst perimeter, mean concavity, mean area, mean radius, worst concavity, worst compactness, area error, worst texture, mean texture, radius error, mean compactness, worst smoothness, perimeter error, worst symmetry, concavity error"
